depth_m,T_s,Hc_m
2.000000000000e+00,3.000000000000e+00,1.092223288576e+00
2.000000000000e+00,3.200000000000e+00,1.020081434184e+00
2.000000000000e+00,3.400000000000e+00,9.622395324226e-01
2.000000000000e+00,3.600000000000e+00,9.144294570739e-01
2.000000000000e+00,3.800000000000e+00,8.739189462941e-01
2.000000000000e+00,4.000000000000e+00,8.388883426884e-01
2.000000000000e+00,4.200000000000e+00,8.080439994371e-01
2.000000000000e+00,4.400000000000e+00,7.805374845145e-01
2.000000000000e+00,4.600000000000e+00,7.557266370228e-01
2.000000000000e+00,4.800000000000e+00,7.331295609482e-01
2.000000000000e+00,5.000000000000e+00,7.123803773145e-01
2.000000000000e+00,5.200000000000e+00,6.931961990768e-01
2.000000000000e+00,5.400000000000e+00,6.753546667469e-01
2.000000000000e+00,5.600000000000e+00,6.586783430180e-01
2.000000000000e+00,5.800000000000e+00,6.430236655075e-01
2.000000000000e+00,6.000000000000e+00,6.282729915504e-01
2.000000000000e+00,6.200000000000e+00,6.143287798300e-01
2.000000000000e+00,6.400000000000e+00,6.011092738156e-01
2.000000000000e+00,6.600000000000e+00,5.885452570432e-01
2.000000000000e+00,6.800000000000e+00,5.765775842341e-01
2.000000000000e+00,7.000000000000e+00,5.651552813337e-01
2.000000000000e+00,7.200000000000e+00,5.542340677860e-01
2.000000000000e+00,7.400000000000e+00,5.437751957068e-01
2.000000000000e+00,7.600000000000e+00,5.337445293949e-01
2.000000000000e+00,7.800000000000e+00,5.241118089144e-01
2.000000000000e+00,8.000000000000e+00,5.148500559604e-01
2.000000000000e+00,8.200000000000e+00,5.059350906707e-01
2.000000000000e+00,8.400000000000e+00,4.973451356661e-01
2.000000000000e+00,8.600000000000e+00,4.890604892113e-01
2.000000000000e+00,8.800000000000e+00,4.810632535604e-01
2.000000000000e+00,9.000000000000e+00,4.733371076748e-01
2.000000000000e+00,9.200000000000e+00,4.658671158655e-01
2.000000000000e+00,9.400000000000e+00,4.586395657101e-01
2.000000000000e+00,9.600000000000e+00,4.516418299762e-01
2.000000000000e+00,9.800000000000e+00,4.448622483505e-01
2.000000000000e+00,1.000000000000e+01,4.382900256017e-01
2.000000000000e+00,1.020000000000e+01,4.319151434563e-01
2.000000000000e+00,1.040000000000e+01,4.257282839782e-01
2.000000000000e+00,1.060000000000e+01,4.197207626493e-01
2.000000000000e+00,1.080000000000e+01,4.138844696695e-01
2.000000000000e+00,1.100000000000e+01,4.082118182567e-01
2.000000000000e+00,1.120000000000e+01,4.026956989340e-01
2.000000000000e+00,1.140000000000e+01,3.973294389615e-01
2.000000000000e+00,1.160000000000e+01,3.921067662055e-01
2.000000000000e+00,1.180000000000e+01,3.870217768545e-01
2.000000000000e+00,1.200000000000e+01,3.820689064789e-01
2.000000000000e+00,1.220000000000e+01,3.772406437657e-01
2.000000000000e+00,1.240000000000e+01,3.725334960048e-01
2.000000000000e+00,1.260000000000e+01,3.679437195065e-01
2.000000000000e+00,1.280000000000e+01,3.634668623222e-01
2.000000000000e+00,1.300000000000e+01,3.590987050861e-01
2.000000000000e+00,1.320000000000e+01,3.548352450561e-01
2.000000000000e+00,1.340000000000e+01,3.506726815467e-01
2.000000000000e+00,1.360000000000e+01,3.466074026043e-01
2.000000000000e+00,1.380000000000e+01,3.426359727959e-01
2.000000000000e+00,1.400000000000e+01,3.387551219945e-01
2.000000000000e+00,1.420000000000e+01,3.349617350645e-01
2.000000000000e+00,1.440000000000e+01,3.312528423556e-01
2.000000000000e+00,1.460000000000e+01,3.276256109297e-01
2.000000000000e+00,1.480000000000e+01,3.240773364505e-01
2.000000000000e+00,1.500000000000e+01,3.206054356752e-01
2.000000000000e+00,1.520000000000e+01,3.172074394925e-01
2.000000000000e+00,1.540000000000e+01,3.138809864610e-01
2.000000000000e+00,1.560000000000e+01,3.106238168012e-01
2.000000000000e+00,1.580000000000e+01,3.074337668041e-01
2.000000000000e+00,1.600000000000e+01,3.043087636217e-01
2.200000000000e+00,3.000000000000e+00,1.214993207545e+00
2.200000000000e+00,3.200000000000e+00,1.128861490442e+00
2.200000000000e+00,3.400000000000e+00,1.060920991433e+00
2.200000000000e+00,3.600000000000e+00,1.005552105972e+00
2.200000000000e+00,3.800000000000e+00,9.592061901811e-01
2.200000000000e+00,4.000000000000e+00,9.195482264650e-01
2.200000000000e+00,4.200000000000e+00,8.849440701253e-01
2.200000000000e+00,4.400000000000e+00,8.543199014506e-01
2.200000000000e+00,4.600000000000e+00,8.268751905823e-01
2.200000000000e+00,4.800000000000e+00,8.020151914646e-01
2.200000000000e+00,5.000000000000e+00,7.792921558436e-01
2.200000000000e+00,5.200000000000e+00,7.583627449352e-01
2.200000000000e+00,5.400000000000e+00,7.389592606177e-01
2.200000000000e+00,5.600000000000e+00,7.208697859986e-01
2.200000000000e+00,5.800000000000e+00,7.039242076248e-01
2.200000000000e+00,6.000000000000e+00,6.879842039136e-01
2.200000000000e+00,6.200000000000e+00,6.729359598250e-01
2.200000000000e+00,6.400000000000e+00,6.586847881866e-01
2.200000000000e+00,6.600000000000e+00,6.451511056464e-01
2.200000000000e+00,6.800000000000e+00,6.322673850063e-01
2.200000000000e+00,7.000000000000e+00,6.199758206711e-01
2.200000000000e+00,7.200000000000e+00,6.082265213251e-01
2.200000000000e+00,7.400000000000e+00,5.969760968318e-01
2.200000000000e+00,7.600000000000e+00,5.861865430246e-01
2.200000000000e+00,7.800000000000e+00,5.758243538166e-01
2.200000000000e+00,8.000000000000e+00,5.658598083859e-01
2.200000000000e+00,8.200000000000e+00,5.562663943730e-01
2.200000000000e+00,8.400000000000e+00,5.470203376150e-01
2.200000000000e+00,8.600000000000e+00,5.381002159783e-01
2.200000000000e+00,8.800000000000e+00,5.294866400713e-01
2.200000000000e+00,9.000000000000e+00,5.211619875181e-01
2.200000000000e+00,9.200000000000e+00,5.131101804181e-01
2.200000000000e+00,9.400000000000e+00,5.053164978495e-01
2.200000000000e+00,9.600000000000e+00,4.977674169868e-01
2.200000000000e+00,9.800000000000e+00,4.904504777203e-01
2.200000000000e+00,1.000000000000e+01,4.833541666911e-01
2.200000000000e+00,1.020000000000e+01,4.764678174522e-01
2.200000000000e+00,1.040000000000e+01,4.697815240955e-01
2.200000000000e+00,1.060000000000e+01,4.632860661814e-01
2.200000000000e+00,1.080000000000e+01,4.569728432013e-01
2.200000000000e+00,1.100000000000e+01,4.508338171192e-01
2.200000000000e+00,1.120000000000e+01,4.448614617921e-01
2.200000000000e+00,1.140000000000e+01,4.390487182721e-01
2.200000000000e+00,1.160000000000e+01,4.333889551610e-01
2.200000000000e+00,1.180000000000e+01,4.278759333216e-01
2.200000000000e+00,1.200000000000e+01,4.225037743611e-01
2.200000000000e+00,1.220000000000e+01,4.172644592260e-01
2.200000000000e+00,1.240000000000e+01,4.121543560303e-01
2.200000000000e+00,1.260000000000e+01,4.071695457119e-01
2.200000000000e+00,1.280000000000e+01,4.023053278805e-01
2.200000000000e+00,1.300000000000e+01,3.975572476190e-01
2.200000000000e+00,1.320000000000e+01,3.929210784167e-01
2.200000000000e+00,1.340000000000e+01,3.883928066284e-01
2.200000000000e+00,1.360000000000e+01,3.839686172906e-01
2.200000000000e+00,1.380000000000e+01,3.796448811473e-01
2.200000000000e+00,1.400000000000e+01,3.754181427603e-01
2.200000000000e+00,1.420000000000e+01,3.712851095889e-01
2.200000000000e+00,1.440000000000e+01,3.672426419442e-01
2.200000000000e+00,1.460000000000e+01,3.632877437298e-01
2.200000000000e+00,1.480000000000e+01,3.594175538937e-01
2.200000000000e+00,1.500000000000e+01,3.556293385236e-01
2.200000000000e+00,1.520000000000e+01,3.519204835268e-01
2.200000000000e+00,1.540000000000e+01,3.482884878401e-01
2.200000000000e+00,1.560000000000e+01,3.447309571243e-01
2.200000000000e+00,1.580000000000e+01,3.412455978992e-01
2.200000000000e+00,1.600000000000e+01,3.378302120825e-01
2.400000000000e+00,3.000000000000e+00,1.344105598400e+00
2.400000000000e+00,3.200000000000e+00,1.241611421617e+00
2.400000000000e+00,3.400000000000e+00,1.162031339101e+00
2.400000000000e+00,3.600000000000e+00,1.098066881972e+00
2.400000000000e+00,3.800000000000e+00,1.045169085832e+00
2.400000000000e+00,4.000000000000e+00,1.000378880486e+00
2.400000000000e+00,4.200000000000e+00,9.616545735914e-01
2.400000000000e+00,4.400000000000e+00,9.276538583721e-01
2.400000000000e+00,4.600000000000e+00,8.973892459018e-01
2.400000000000e+00,4.800000000000e+00,8.701336074849e-01
2.400000000000e+00,5.000000000000e+00,8.453436357446e-01
2.400000000000e+00,5.200000000000e+00,8.226057300127e-01
2.400000000000e+00,5.400000000000e+00,8.015996869713e-01
2.400000000000e+00,5.600000000000e+00,7.820737869572e-01
2.400000000000e+00,5.800000000000e+00,7.638273544389e-01
2.400000000000e+00,6.000000000000e+00,7.466983292972e-01
2.400000000000e+00,6.200000000000e+00,7.305542643350e-01
2.400000000000e+00,6.400000000000e+00,7.152857076597e-01
2.400000000000e+00,6.600000000000e+00,7.008012721593e-01
2.400000000000e+00,6.800000000000e+00,6.870239161867e-01
2.400000000000e+00,7.000000000000e+00,6.738881056286e-01
2.400000000000e+00,7.200000000000e+00,6.613376253660e-01
2.400000000000e+00,7.400000000000e+00,6.493238747191e-01
2.400000000000e+00,7.600000000000e+00,6.378045274617e-01
2.400000000000e+00,7.800000000000e+00,6.267424691864e-01
2.400000000000e+00,8.000000000000e+00,6.161049476349e-01
2.400000000000e+00,8.200000000000e+00,6.058628879793e-01
2.400000000000e+00,8.400000000000e+00,5.959903369177e-01
2.400000000000e+00,8.600000000000e+00,5.864640081438e-01
2.400000000000e+00,8.800000000000e+00,5.772629081834e-01
2.400000000000e+00,9.000000000000e+00,5.683680263894e-01
2.400000000000e+00,9.200000000000e+00,5.597620764952e-01
2.400000000000e+00,9.400000000000e+00,5.514292798684e-01
2.400000000000e+00,9.600000000000e+00,5.433551826937e-01
2.400000000000e+00,9.800000000000e+00,5.355265009260e-01
2.400000000000e+00,1.000000000000e+01,5.279309880993e-01
2.400000000000e+00,1.020000000000e+01,5.205573220487e-01
2.400000000000e+00,1.040000000000e+01,5.133950073660e-01
2.400000000000e+00,1.060000000000e+01,5.064342910076e-01
2.400000000000e+00,1.080000000000e+01,4.996660889527e-01
2.400000000000e+00,1.100000000000e+01,4.930819221882e-01
2.400000000000e+00,1.120000000000e+01,4.866738606007e-01
2.400000000000e+00,1.140000000000e+01,4.804344736049e-01
2.400000000000e+00,1.160000000000e+01,4.743567865307e-01
2.400000000000e+00,1.180000000000e+01,4.684342419576e-01
2.400000000000e+00,1.200000000000e+01,4.626606653151e-01
2.400000000000e+00,1.220000000000e+01,4.570275537646e-01
2.400000000000e+00,1.240000000000e+01,4.515311510330e-01
2.400000000000e+00,1.260000000000e+01,4.461673787417e-01
2.400000000000e+00,1.280000000000e+01,4.409313067550e-01
2.400000000000e+00,1.300000000000e+01,4.358182631589e-01
2.400000000000e+00,1.320000000000e+01,4.308238159989e-01
2.400000000000e+00,1.340000000000e+01,4.259437566930e-01
2.400000000000e+00,1.360000000000e+01,4.211740849330e-01
2.400000000000e+00,1.380000000000e+01,4.165109949055e-01
2.400000000000e+00,1.400000000000e+01,4.119508626922e-01
2.400000000000e+00,1.420000000000e+01,4.074902347223e-01
2.400000000000e+00,1.440000000000e+01,4.031258171698e-01
2.400000000000e+00,1.460000000000e+01,3.988544661979e-01
2.400000000000e+00,1.480000000000e+01,3.946731789678e-01
2.400000000000e+00,1.500000000000e+01,3.905790853371e-01
2.400000000000e+00,1.520000000000e+01,3.865694401820e-01
2.400000000000e+00,1.540000000000e+01,3.826416162857e-01
2.400000000000e+00,1.560000000000e+01,3.787930977409e-01
2.400000000000e+00,1.580000000000e+01,3.750214738204e-01
2.400000000000e+00,1.600000000000e+01,3.713244332749e-01
2.600000000000e+00,3.000000000000e+00,1.480732344496e+00
2.600000000000e+00,3.200000000000e+00,1.359158442017e+00
2.600000000000e+00,3.400000000000e+00,1.266189274992e+00
2.600000000000e+00,3.600000000000e+00,1.192458339107e+00
2.600000000000e+00,3.800000000000e+00,1.132200770581e+00
2.600000000000e+00,4.000000000000e+00,1.081707753131e+00
2.600000000000e+00,4.200000000000e+00,1.038453439555e+00
2.600000000000e+00,4.400000000000e+00,1.000778415400e+00
2.600000000000e+00,4.600000000000e+00,9.674762969349e-01
2.600000000000e+00,4.800000000000e+00,9.376659523759e-01
2.600000000000e+00,5.000000000000e+00,9.106934811450e-01
2.600000000000e+00,5.200000000000e+00,8.860643171174e-01
2.600000000000e+00,5.400000000000e+00,8.633979721892e-01
2.600000000000e+00,5.600000000000e+00,8.423971664645e-01
2.600000000000e+00,5.800000000000e+00,8.228263337801e-01
2.600000000000e+00,6.000000000000e+00,8.044963764170e-01
2.600000000000e+00,6.200000000000e+00,7.872536707085e-01
2.600000000000e+00,6.400000000000e+00,7.709720177633e-01
2.600000000000e+00,6.600000000000e+00,7.555466688422e-01
2.600000000000e+00,6.800000000000e+00,7.408898344895e-01
2.600000000000e+00,7.000000000000e+00,7.269272696030e-01
2.600000000000e+00,7.200000000000e+00,7.135956486848e-01
2.600000000000e+00,7.400000000000e+00,7.008405282374e-01
2.600000000000e+00,7.600000000000e+00,6.886147501827e-01
2.600000000000e+00,7.800000000000e+00,6.768771798931e-01
2.600000000000e+00,8.000000000000e+00,6.655917004835e-01
2.600000000000e+00,8.200000000000e+00,6.547264050869e-01
2.600000000000e+00,8.400000000000e+00,6.442529433506e-01
2.600000000000e+00,8.600000000000e+00,6.341459889959e-01
2.600000000000e+00,8.800000000000e+00,6.243828031115e-01
2.600000000000e+00,9.000000000000e+00,6.149428736767e-01
2.600000000000e+00,9.200000000000e+00,6.058076161835e-01
2.600000000000e+00,9.400000000000e+00,5.969601235423e-01
2.600000000000e+00,9.600000000000e+00,5.883849559744e-01
2.600000000000e+00,9.800000000000e+00,5.800679635417e-01
2.600000000000e+00,1.000000000000e+01,5.719961354565e-01
2.600000000000e+00,1.020000000000e+01,5.641574714863e-01
2.600000000000e+00,1.040000000000e+01,5.565408716793e-01
2.600000000000e+00,1.060000000000e+01,5.491360413581e-01
2.600000000000e+00,1.080000000000e+01,5.419334088961e-01
2.600000000000e+00,1.100000000000e+01,5.349240542485e-01
2.600000000000e+00,1.120000000000e+01,5.280996465680e-01
2.600000000000e+00,1.140000000000e+01,5.214523895321e-01
2.600000000000e+00,1.160000000000e+01,5.149749732412e-01
2.600000000000e+00,1.180000000000e+01,5.086605317388e-01
2.600000000000e+00,1.200000000000e+01,5.025026053621e-01
2.600000000000e+00,1.220000000000e+01,4.964922252571e-01
2.600000000000e+00,1.240000000000e+01,4.906255199067e-01
2.600000000000e+00,1.260000000000e+01,4.848982625208e-01
2.600000000000e+00,1.280000000000e+01,4.793053071122e-01
2.600000000000e+00,1.300000000000e+01,4.738417789027e-01
2.600000000000e+00,1.320000000000e+01,4.685030547418e-01
2.600000000000e+00,1.340000000000e+01,4.632847453746e-01
2.600000000000e+00,1.360000000000e+01,4.581826793438e-01
2.600000000000e+00,1.380000000000e+01,4.531928883400e-01
2.600000000000e+00,1.400000000000e+01,4.483115938367e-01
2.600000000000e+00,1.420000000000e+01,4.435351948723e-01
2.600000000000e+00,1.440000000000e+01,4.388602568547e-01
2.600000000000e+00,1.460000000000e+01,4.342835012833e-01
2.600000000000e+00,1.480000000000e+01,4.298017962938e-01
2.600000000000e+00,1.500000000000e+01,4.254121479447e-01
2.600000000000e+00,1.520000000000e+01,4.211116921713e-01
2.600000000000e+00,1.540000000000e+01,4.168976873457e-01
2.600000000000e+00,1.560000000000e+01,4.127675073839e-01
2.600000000000e+00,1.580000000000e+01,4.087186353507e-01
2.600000000000e+00,1.600000000000e+01,4.047486575181e-01
2.800000000000e+00,3.000000000000e+00,1.626094356621e+00
2.800000000000e+00,3.200000000000e+00,1.482343421785e+00
2.800000000000e+00,3.400000000000e+00,1.374010537715e+00
2.800000000000e+00,3.600000000000e+00,1.289200760571e+00
2.800000000000e+00,3.800000000000e+00,1.220681559296e+00
2.800000000000e+00,4.000000000000e+00,1.163849377071e+00
2.800000000000e+00,4.200000000000e+00,1.115606842540e+00
2.800000000000e+00,4.400000000000e+00,1.073922633318e+00
2.800000000000e+00,4.600000000000e+00,1.037335828777e+00
2.800000000000e+00,4.800000000000e+00,1.004787386646e+00
2.800000000000e+00,5.000000000000e+00,9.754963264874e-01
2.800000000000e+00,5.200000000000e+00,9.488754635671e-01
2.800000000000e+00,5.400000000000e+00,9.244756066175e-01
2.800000000000e+00,5.600000000000e+00,9.019477157309e-01
2.800000000000e+00,5.800000000000e+00,8.810166901810e-01
2.800000000000e+00,6.000000000000e+00,8.614628639876e-01
2.800000000000e+00,6.200000000000e+00,8.431087175938e-01
2.800000000000e+00,6.400000000000e+00,8.258091866596e-01
2.800000000000e+00,6.600000000000e+00,8.094444942332e-01
2.800000000000e+00,6.800000000000e+00,7.939147807907e-01
2.800000000000e+00,7.000000000000e+00,7.791360335328e-01
2.800000000000e+00,7.200000000000e+00,7.650369668880e-01
2.800000000000e+00,7.400000000000e+00,7.515566077856e-01
2.800000000000e+00,7.600000000000e+00,7.386424088961e-01
2.800000000000e+00,7.800000000000e+00,7.262487614520e-01
2.800000000000e+00,8.000000000000e+00,7.143358133672e-01
2.800000000000e+00,8.200000000000e+00,7.028685226943e-01
2.800000000000e+00,8.400000000000e+00,6.918158939989e-01
2.800000000000e+00,8.600000000000e+00,6.811503580190e-01
2.800000000000e+00,8.800000000000e+00,6.708472643893e-01
2.800000000000e+00,9.000000000000e+00,6.608844642046e-01
2.800000000000e+00,9.200000000000e+00,6.512419644369e-01
2.800000000000e+00,9.400000000000e+00,6.419016401825e-01
2.800000000000e+00,9.600000000000e+00,6.328469937287e-01
2.800000000000e+00,9.800000000000e+00,6.240629517435e-01
2.800000000000e+00,1.000000000000e+01,6.155356936747e-01
2.800000000000e+00,1.020000000000e+01,6.072525058350e-01
2.800000000000e+00,1.040000000000e+01,5.992016567309e-01
2.800000000000e+00,1.060000000000e+01,5.913722900494e-01
2.800000000000e+00,1.080000000000e+01,5.837543323891e-01
2.800000000000e+00,1.100000000000e+01,5.763384133599e-01
2.800000000000e+00,1.120000000000e+01,5.691157961020e-01
2.800000000000e+00,1.140000000000e+01,5.620783166224e-01
2.800000000000e+00,1.160000000000e+01,5.552183306214e-01
2.800000000000e+00,1.180000000000e+01,5.485286667087e-01
2.800000000000e+00,1.200000000000e+01,5.420025850910e-01
2.800000000000e+00,1.220000000000e+01,5.356306629385e-01
2.800000000000e+00,1.240000000000e+01,5.294089174748e-01
2.800000000000e+00,1.260000000000e+01,5.233329796619e-01
2.800000000000e+00,1.280000000000e+01,5.173974971054e-01
2.800000000000e+00,1.300000000000e+01,5.115974021820e-01
2.800000000000e+00,1.320000000000e+01,5.059278909899e-01
2.800000000000e+00,1.340000000000e+01,5.003844043450e-01
2.800000000000e+00,1.360000000000e+01,4.949626105801e-01
2.800000000000e+00,1.380000000000e+01,4.896583899335e-01
2.800000000000e+00,1.400000000000e+01,4.844678203473e-01
2.800000000000e+00,1.420000000000e+01,4.793871645160e-01
2.800000000000e+00,1.440000000000e+01,4.744128580486e-01
2.800000000000e+00,1.460000000000e+01,4.695414986265e-01
2.800000000000e+00,1.480000000000e+01,4.647698360501e-01
2.800000000000e+00,1.500000000000e+01,4.600947630857e-01
2.800000000000e+00,1.520000000000e+01,4.555133070303e-01
2.800000000000e+00,1.540000000000e+01,4.510226219250e-01
2.800000000000e+00,1.560000000000e+01,4.466199813542e-01
2.800000000000e+00,1.580000000000e+01,4.423027717756e-01
2.800000000000e+00,1.600000000000e+01,4.380684863313e-01
3.000000000000e+00,3.000000000000e+00,1.781476464553e+00
3.000000000000e+00,3.200000000000e+00,1.612030593550e+00
3.000000000000e+00,3.400000000000e+00,1.486114420177e+00
3.000000000000e+00,3.600000000000e+00,1.388762497862e+00
3.000000000000e+00,3.800000000000e+00,1.310981689954e+00
3.000000000000e+00,4.000000000000e+00,1.247106892619e+00
3.000000000000e+00,4.200000000000e+00,1.193369760729e+00
3.000000000000e+00,4.400000000000e+00,1.147305360478e+00
3.000000000000e+00,4.600000000000e+00,1.107158482696e+00
3.000000000000e+00,4.800000000000e+00,1.071665751300e+00
3.000000000000e+00,5.000000000000e+00,1.039901036044e+00
3.000000000000e+00,5.200000000000e+00,1.011171857191e+00
3.000000000000e+00,5.400000000000e+00,9.849512232669e-01
3.000000000000e+00,5.600000000000e+00,9.608316726532e-01
3.000000000000e+00,5.800000000000e+00,9.384936033606e-01
3.000000000000e+00,6.000000000000e+00,9.176830188070e-01
3.000000000000e+00,6.200000000000e+00,8.981956132076e-01
3.000000000000e+00,6.400000000000e+00,8.798652087137e-01
3.000000000000e+00,6.600000000000e+00,8.625552325957e-01
3.000000000000e+00,6.800000000000e+00,8.461523522750e-01
3.000000000000e+00,7.000000000000e+00,8.305616644516e-01
3.000000000000e+00,7.200000000000e+00,8.157030185031e-01
3.000000000000e+00,7.400000000000e+00,8.015081779250e-01
3.000000000000e+00,7.600000000000e+00,7.879186079618e-01
3.000000000000e+00,7.800000000000e+00,7.748837360295e-01
3.000000000000e+00,8.000000000000e+00,7.623595725764e-01
3.000000000000e+00,8.200000000000e+00,7.503076092056e-01
3.000000000000e+00,8.400000000000e+00,7.386939318787e-01
3.000000000000e+00,8.600000000000e+00,7.274885022769e-01
3.000000000000e+00,8.800000000000e+00,7.166645716114e-01
3.000000000000e+00,9.000000000000e+00,7.061981994833e-01
3.000000000000e+00,9.200000000000e+00,6.960678566116e-01
3.000000000000e+00,9.400000000000e+00,6.862540949388e-01
3.000000000000e+00,9.600000000000e+00,6.767392721861e-01
3.000000000000e+00,9.800000000000e+00,6.675073206596e-01
3.000000000000e+00,1.000000000000e+01,6.585435522169e-01
3.000000000000e+00,1.020000000000e+01,6.498344929315e-01
3.000000000000e+00,1.040000000000e+01,6.413677422714e-01
3.000000000000e+00,1.060000000000e+01,6.331318526096e-01
3.000000000000e+00,1.080000000000e+01,6.251162256755e-01
3.000000000000e+00,1.100000000000e+01,6.173110231828e-01
3.000000000000e+00,1.120000000000e+01,6.097070893752e-01
3.000000000000e+00,1.140000000000e+01,6.022958836290e-01
3.000000000000e+00,1.160000000000e+01,5.950694215798e-01
3.000000000000e+00,1.180000000000e+01,5.880202235006e-01
3.000000000000e+00,1.200000000000e+01,5.811412688727e-01
3.000000000000e+00,1.220000000000e+01,5.744226876699e-01
3.000000000000e+00,1.240000000000e+01,5.678603851575e-01
3.000000000000e+00,1.260000000000e+01,5.614498518856e-01
3.000000000000e+00,1.280000000000e+01,5.551855344029e-01
3.000000000000e+00,1.300000000000e+01,5.490621784649e-01
3.000000000000e+00,1.320000000000e+01,5.430748063418e-01
3.000000000000e+00,1.340000000000e+01,5.372186963977e-01
3.000000000000e+00,1.360000000000e+01,5.314893646599e-01
3.000000000000e+00,1.380000000000e+01,5.258825481415e-01
3.000000000000e+00,1.400000000000e+01,5.203941897109e-01
3.000000000000e+00,1.420000000000e+01,5.150204243315e-01
3.000000000000e+00,1.440000000000e+01,5.097575665171e-01
3.000000000000e+00,1.460000000000e+01,5.046020988697e-01
3.000000000000e+00,1.480000000000e+01,4.995506615837e-01
3.000000000000e+00,1.500000000000e+01,4.946000428140e-01
3.000000000000e+00,1.520000000000e+01,4.897471698200e-01
3.000000000000e+00,1.540000000000e+01,4.849891008064e-01
3.000000000000e+00,1.560000000000e+01,4.803230173928e-01
3.000000000000e+00,1.580000000000e+01,4.757462176506e-01
3.000000000000e+00,1.600000000000e+01,4.712561096538e-01
3.200000000000e+00,3.000000000000e+00,1.948241635005e+00
3.200000000000e+00,3.200000000000e+00,1.749116810009e+00
3.200000000000e+00,3.400000000000e+00,1.603130135120e+00
3.200000000000e+00,3.600000000000e+00,1.491610438200e+00
3.200000000000e+00,3.800000000000e+00,1.403464432169e+00
3.200000000000e+00,4.000000000000e+00,1.331774123281e+00
3.200000000000e+00,4.200000000000e+00,1.271987234902e+00
3.200000000000e+00,4.400000000000e+00,1.221135831955e+00
3.200000000000e+00,4.600000000000e+00,1.177126115849e+00
3.200000000000e+00,4.800000000000e+00,1.138461184208e+00
3.200000000000e+00,5.000000000000e+00,1.104049955593e+00
3.200000000000e+00,5.200000000000e+00,1.073080868596e+00
3.200000000000e+00,5.400000000000e+00,1.044939305250e+00
3.200000000000e+00,5.600000000000e+00,1.019152230192e+00
3.200000000000e+00,5.800000000000e+00,9.953502359564e-01
3.200000000000e+00,6.000000000000e+00,9.732409950622e-01
3.200000000000e+00,6.200000000000e+00,9.525903531997e-01
3.200000000000e+00,6.400000000000e+00,9.332086434805e-01
3.200000000000e+00,6.600000000000e+00,9.149406328598e-01
3.200000000000e+00,6.800000000000e+00,8.976580370124e-01
3.200000000000e+00,7.000000000000e+00,8.812538787312e-01
3.200000000000e+00,7.200000000000e+00,8.656381876910e-01
3.200000000000e+00,7.400000000000e+00,8.507346884909e-01
3.200000000000e+00,7.600000000000e+00,8.364782252647e-01
3.200000000000e+00,7.800000000000e+00,8.228127411270e-01
3.200000000000e+00,8.000000000000e+00,8.096896796969e-01
3.200000000000e+00,8.200000000000e+00,7.970667106575e-01
3.200000000000e+00,8.400000000000e+00,7.849067062115e-01
3.200000000000e+00,8.600000000000e+00,7.731769133547e-01
3.200000000000e+00,8.800000000000e+00,7.618482801278e-01
3.200000000000e+00,9.000000000000e+00,7.508949037950e-01
3.200000000000e+00,9.200000000000e+00,7.402935762154e-01
3.200000000000e+00,9.400000000000e+00,7.300234071717e-01
3.200000000000e+00,9.600000000000e+00,7.200655106043e-01
3.200000000000e+00,9.800000000000e+00,7.104027418874e-01
3.200000000000e+00,1.000000000000e+01,7.010194767487e-01
3.200000000000e+00,1.020000000000e+01,6.919014243349e-01
3.200000000000e+00,1.040000000000e+01,6.830354684179e-01
3.200000000000e+00,1.060000000000e+01,6.744095318977e-01
3.200000000000e+00,1.080000000000e+01,6.660124606841e-01
3.200000000000e+00,1.100000000000e+01,6.578339237644e-01
3.200000000000e+00,1.120000000000e+01,6.498643268515e-01
3.200000000000e+00,1.140000000000e+01,6.420947374705e-01
3.200000000000e+00,1.160000000000e+01,6.345168197185e-01
3.200000000000e+00,1.180000000000e+01,6.271227772362e-01
3.200000000000e+00,1.200000000000e+01,6.199053031778e-01
3.200000000000e+00,1.220000000000e+01,6.128540823036e-01
3.200000000000e+00,1.240000000000e+01,6.059649029987e-01
3.200000000000e+00,1.260000000000e+01,5.992331133077e-01
3.200000000000e+00,1.280000000000e+01,5.926529603334e-01
3.200000000000e+00,1.300000000000e+01,5.862190059538e-01
3.200000000000e+00,1.320000000000e+01,5.799261022985e-01
3.200000000000e+00,1.340000000000e+01,5.737693697428e-01
3.200000000000e+00,1.360000000000e+01,5.677441771079e-01
3.200000000000e+00,1.380000000000e+01,5.618461237941e-01
3.200000000000e+00,1.400000000000e+01,5.560710236187e-01
3.200000000000e+00,1.420000000000e+01,5.504148901566e-01
3.200000000000e+00,1.440000000000e+01,5.448739234120e-01
3.200000000000e+00,1.460000000000e+01,5.394444976716e-01
3.200000000000e+00,1.480000000000e+01,5.341231504093e-01
3.200000000000e+00,1.500000000000e+01,5.289065721288e-01
3.200000000000e+00,1.520000000000e+01,5.237915970454e-01
3.200000000000e+00,1.540000000000e+01,5.187751945203e-01
3.200000000000e+00,1.560000000000e+01,5.138544611714e-01
3.200000000000e+00,1.580000000000e+01,5.090266135927e-01
3.200000000000e+00,1.600000000000e+01,5.042889816247e-01
3.400000000000e+00,3.000000000000e+00,2.127844624106e+00
3.400000000000e+00,3.200000000000e+00,1.894540272526e+00
3.400000000000e+00,3.400000000000e+00,1.725702837964e+00
3.400000000000e+00,3.600000000000e+00,1.598214330639e+00
3.400000000000e+00,3.800000000000e+00,1.498489236453e+00
3.400000000000e+00,4.000000000000e+00,1.418137846437e+00
3.400000000000e+00,4.200000000000e+00,1.351695949002e+00
3.400000000000e+00,4.400000000000e+00,1.295614691131e+00
3.400000000000e+00,4.600000000000e+00,1.247412361833e+00
3.400000000000e+00,4.800000000000e+00,1.205326296787e+00
3.400000000000e+00,5.000000000000e+00,1.168078768230e+00
3.400000000000e+00,5.200000000000e+00,1.134724138674e+00
3.400000000000e+00,5.400000000000e+00,1.104549549364e+00
3.400000000000e+00,5.600000000000e+00,1.077008713738e+00
3.400000000000e+00,5.800000000000e+00,1.051676756771e+00
3.400000000000e+00,6.000000000000e+00,1.028218770784e+00
3.400000000000e+00,6.200000000000e+00,1.006367513566e+00
3.400000000000e+00,6.400000000000e+00,9.859073248220e-01
3.400000000000e+00,6.600000000000e+00,9.666623506827e-01
3.400000000000e+00,6.800000000000e+00,9.484878031264e-01
3.400000000000e+00,7.000000000000e+00,9.312633903156e-01
3.400000000000e+00,7.200000000000e+00,9.148883216224e-01
3.400000000000e+00,7.400000000000e+00,8.992774695844e-01
3.400000000000e+00,7.600000000000e+00,8.843583919298e-01
3.400000000000e+00,7.800000000000e+00,8.700689999658e-01
3.400000000000e+00,8.000000000000e+00,8.563557176320e-01
3.400000000000e+00,8.200000000000e+00,8.431720165098e-01
3.400000000000e+00,8.400000000000e+00,8.304772414106e-01
3.400000000000e+00,8.600000000000e+00,8.182356623729e-01
3.400000000000e+00,8.800000000000e+00,8.064157044127e-01
3.400000000000e+00,9.000000000000e+00,7.949893178211e-01
3.400000000000e+00,9.200000000000e+00,7.839314603352e-01
3.400000000000e+00,9.400000000000e+00,7.732196689214e-01
3.400000000000e+00,9.600000000000e+00,7.628337037676e-01
3.400000000000e+00,9.800000000000e+00,7.527552507925e-01
3.400000000000e+00,1.000000000000e+01,7.429676718295e-01
3.400000000000e+00,1.020000000000e+01,7.334557938517e-01
3.400000000000e+00,1.040000000000e+01,7.242057303260e-01
3.400000000000e+00,1.060000000000e+01,7.152047291294e-01
3.400000000000e+00,1.080000000000e+01,7.064410425276e-01
3.400000000000e+00,1.100000000000e+01,6.979038155540e-01
3.400000000000e+00,1.120000000000e+01,6.895829898017e-01
3.400000000000e+00,1.140000000000e+01,6.814692201784e-01
3.400000000000e+00,1.160000000000e+01,6.735538026022e-01
3.400000000000e+00,1.180000000000e+01,6.658286109729e-01
3.400000000000e+00,1.200000000000e+01,6.582860420294e-01
3.400000000000e+00,1.220000000000e+01,6.509153329561e-01
3.400000000000e+00,1.240000000000e+01,6.437121465465e-01
3.400000000000e+00,1.260000000000e+01,6.366716827019e-01
3.400000000000e+00,1.280000000000e+01,6.297879872916e-01
3.400000000000e+00,1.300000000000e+01,6.230554378903e-01
3.400000000000e+00,1.320000000000e+01,6.164687172132e-01
3.400000000000e+00,1.340000000000e+01,6.100227893480e-01
3.400000000000e+00,1.360000000000e+01,6.037128784278e-01
3.400000000000e+00,1.380000000000e+01,5.975344494427e-01
3.400000000000e+00,1.400000000000e+01,5.914831909289e-01
3.400000000000e+00,1.420000000000e+01,5.855549993095e-01
3.400000000000e+00,1.440000000000e+01,5.797459646967e-01
3.400000000000e+00,1.460000000000e+01,5.740523579846e-01
3.400000000000e+00,1.480000000000e+01,5.684706190900e-01
3.400000000000e+00,1.500000000000e+01,5.629973462131e-01
3.400000000000e+00,1.520000000000e+01,5.576292860098e-01
3.400000000000e+00,1.540000000000e+01,5.523633245778e-01
3.400000000000e+00,1.560000000000e+01,5.471964791724e-01
3.400000000000e+00,1.580000000000e+01,5.421258905790e-01
3.400000000000e+00,1.600000000000e+01,5.371488160761e-01
3.600000000000e+00,3.000000000000e+00,2.321845280743e+00
3.600000000000e+00,3.200000000000e+00,2.049288776861e+00
3.600000000000e+00,3.400000000000e+00,1.854499258114e+00
3.600000000000e+00,3.600000000000e+00,1.709050858130e+00
3.600000000000e+00,3.800000000000e+00,1.596414765526e+00
3.600000000000e+00,4.000000000000e+00,1.506480067574e+00
3.600000000000e+00,4.200000000000e+00,1.432725918013e+00
3.600000000000e+00,4.400000000000e+00,1.370935204604e+00
3.600000000000e+00,4.600000000000e+00,1.318183454252e+00
3.600000000000e+00,4.800000000000e+00,1.272406669020e+00
3.600000000000e+00,5.000000000000e+00,1.232116711530e+00
3.600000000000e+00,5.200000000000e+00,1.196217560125e+00
3.600000000000e+00,5.400000000000e+00,1.163886647822e+00
3.600000000000e+00,5.600000000000e+00,1.134496193760e+00
3.600000000000e+00,5.800000000000e+00,1.107559810795e+00
3.600000000000e+00,6.000000000000e+00,1.082695498081e+00
3.600000000000e+00,6.200000000000e+00,1.059599500770e+00
3.600000000000e+00,6.400000000000e+00,1.038027527875e+00
3.600000000000e+00,6.600000000000e+00,1.017781046839e+00
3.600000000000e+00,6.800000000000e+00,9.986971411115e-01
3.600000000000e+00,7.000000000000e+00,9.806409076755e-01
3.600000000000e+00,7.200000000000e+00,9.634996912195e-01
3.600000000000e+00,7.400000000000e+00,9.471786639039e-01
3.600000000000e+00,7.600000000000e+00,9.315974028833e-01
3.600000000000e+00,7.800000000000e+00,9.166872159209e-01
3.600000000000e+00,8.000000000000e+00,9.023890336870e-01
3.600000000000e+00,8.200000000000e+00,8.886517354244e-01
3.600000000000e+00,8.400000000000e+00,8.754308089659e-01
3.600000000000e+00,8.600000000000e+00,8.626872708470e-01
3.600000000000e+00,8.800000000000e+00,8.503867903083e-01
3.600000000000e+00,9.000000000000e+00,8.384989742823e-01
3.600000000000e+00,9.200000000000e+00,8.269967803522e-01
3.600000000000e+00,9.400000000000e+00,8.158560320877e-01
3.600000000000e+00,9.600000000000e+00,8.050550167761e-01
3.600000000000e+00,9.800000000000e+00,7.945741498447e-01
3.600000000000e+00,1.000000000000e+01,7.843956935560e-01
3.600000000000e+00,1.020000000000e+01,7.745035200948e-01
3.600000000000e+00,1.040000000000e+01,7.648829111455e-01
3.600000000000e+00,1.060000000000e+01,7.555203876029e-01
3.600000000000e+00,1.080000000000e+01,7.464035642788e-01
3.600000000000e+00,1.100000000000e+01,7.375210254329e-01
3.600000000000e+00,1.120000000000e+01,7.288622177235e-01
3.600000000000e+00,1.140000000000e+01,7.204173577872e-01
3.600000000000e+00,1.160000000000e+01,7.121773521543e-01
3.600000000000e+00,1.180000000000e+01,7.041337276002e-01
3.600000000000e+00,1.200000000000e+01,6.962785703618e-01
3.600000000000e+00,1.220000000000e+01,6.886006637689e-01
3.600000000000e+00,1.240000000000e+01,6.810955329313e-01
3.600000000000e+00,1.260000000000e+01,6.737582207870e-01
3.600000000000e+00,1.280000000000e+01,6.665825671131e-01
3.600000000000e+00,1.300000000000e+01,6.595627618799e-01
3.600000000000e+00,1.320000000000e+01,6.526933164239e-01
3.600000000000e+00,1.340000000000e+01,6.459690377242e-01
3.600000000000e+00,1.360000000000e+01,6.393850053838e-01
3.600000000000e+00,1.380000000000e+01,6.329365509729e-01
3.600000000000e+00,1.400000000000e+01,6.266192394434e-01
3.600000000000e+00,1.420000000000e+01,6.204288523619e-01
3.600000000000e+00,1.440000000000e+01,6.143613727445e-01
3.600000000000e+00,1.460000000000e+01,6.084129713083e-01
3.600000000000e+00,1.480000000000e+01,6.025799939746e-01
3.600000000000e+00,1.500000000000e+01,5.968589504865e-01
3.600000000000e+00,1.520000000000e+01,5.912465040154e-01
3.600000000000e+00,1.540000000000e+01,5.857394616518e-01
3.600000000000e+00,1.560000000000e+01,5.803347656860e-01
3.600000000000e+00,1.580000000000e+01,5.750294855970e-01
3.600000000000e+00,1.600000000000e+01,5.698208106775e-01
3.800000000000e+00,3.000000000000e+00,2.531921764229e+00
3.800000000000e+00,3.200000000000e+00,2.214407579170e+00
3.800000000000e+00,3.400000000000e+00,1.990212960383e+00
3.800000000000e+00,3.600000000000e+00,1.824607424784e+00
3.800000000000e+00,3.800000000000e+00,1.697601738865e+00
3.800000000000e+00,4.000000000000e+00,1.597080200824e+00
3.800000000000e+00,4.200000000000e+00,1.515302164896e+00
3.800000000000e+00,4.400000000000e+00,1.447284537164e+00
3.800000000000e+00,4.600000000000e+00,1.389599169849e+00
3.800000000000e+00,4.800000000000e+00,1.339841512934e+00
3.800000000000e+00,5.000000000000e+00,1.296287002634e+00
3.800000000000e+00,5.200000000000e+00,1.257671498220e+00
3.800000000000e+00,5.400000000000e+00,1.223050333554e+00
3.800000000000e+00,5.600000000000e+00,1.191705380545e+00
3.800000000000e+00,5.800000000000e+00,1.163082285012e+00
3.800000000000e+00,6.000000000000e+00,1.136747158846e+00
3.800000000000e+00,6.200000000000e+00,1.112356113826e+00
3.800000000000e+00,6.400000000000e+00,1.089633451853e+00
3.800000000000e+00,6.600000000000e+00,1.068355803237e+00
3.800000000000e+00,6.800000000000e+00,1.048340423928e+00
3.800000000000e+00,7.000000000000e+00,1.029436447397e+00
3.800000000000e+00,7.200000000000e+00,1.011518266386e+00
3.800000000000e+00,7.400000000000e+00,9.944804706538e-01
3.800000000000e+00,7.600000000000e+00,9.782339355041e-01
3.800000000000e+00,7.800000000000e+00,9.627027711266e-01
3.800000000000e+00,8.000000000000e+00,9.478219226081e-01
3.800000000000e+00,8.200000000000e+00,9.335352665715e-01
3.800000000000e+00,8.400000000000e+00,9.197940902961e-01
3.800000000000e+00,8.600000000000e+00,9.065558678863e-01
3.800000000000e+00,8.800000000000e+00,8.937832689524e-01
3.800000000000e+00,9.000000000000e+00,8.814433506209e-01
3.800000000000e+00,9.200000000000e+00,8.695068950931e-01
3.800000000000e+00,9.400000000000e+00,8.579478635009e-01
3.800000000000e+00,9.600000000000e+00,8.467429432566e-01
3.800000000000e+00,9.800000000000e+00,8.358711709928e-01
3.800000000000e+00,1.000000000000e+01,8.253136169544e-01
3.800000000000e+00,1.020000000000e+01,8.150531196028e-01
3.800000000000e+00,1.040000000000e+01,8.050740614512e-01
3.800000000000e+00,1.060000000000e+01,7.953621789171e-01
3.800000000000e+00,1.080000000000e+01,7.859044003612e-01
3.800000000000e+00,1.100000000000e+01,7.766887075845e-01
3.800000000000e+00,1.120000000000e+01,7.677040169292e-01
3.800000000000e+00,1.140000000000e+01,7.589400768240e-01
3.800000000000e+00,1.160000000000e+01,7.503873791788e-01
3.800000000000e+00,1.180000000000e+01,7.420370824850e-01
3.800000000000e+00,1.200000000000e+01,7.338809448449e-01
3.800000000000e+00,1.220000000000e+01,7.259072859418e-01
3.800000000000e+00,1.240000000000e+01,7.181114781081e-01
3.800000000000e+00,1.260000000000e+01,7.104883956552e-01
3.800000000000e+00,1.280000000000e+01,7.030316646475e-01
3.800000000000e+00,1.300000000000e+01,6.957352815558e-01
3.800000000000e+00,1.320000000000e+01,6.885935819360e-01
3.800000000000e+00,1.340000000000e+01,6.816012125498e-01
3.800000000000e+00,1.360000000000e+01,6.747531064767e-01
3.800000000000e+00,1.380000000000e+01,6.680444608372e-01
3.800000000000e+00,1.400000000000e+01,6.614707167980e-01
3.800000000000e+00,1.420000000000e+01,6.550275415791e-01
3.800000000000e+00,1.440000000000e+01,6.487108122207e-01
3.800000000000e+00,1.460000000000e+01,6.425166009015e-01
3.800000000000e+00,1.480000000000e+01,6.364411616277e-01
3.800000000000e+00,1.500000000000e+01,6.304809181370e-01
3.800000000000e+00,1.520000000000e+01,6.246324528806e-01
3.800000000000e+00,1.540000000000e+01,6.188924969659e-01
3.800000000000e+00,1.560000000000e+01,6.132579209551e-01
3.800000000000e+00,1.580000000000e+01,6.077257264310e-01
3.800000000000e+00,1.600000000000e+01,6.022930382488e-01
4.000000000000e+00,3.000000000000e+00,2.759883958588e+00
4.000000000000e+00,3.200000000000e+00,2.391007009223e+00
4.000000000000e+00,3.400000000000e+00,2.133569290620e+00
4.000000000000e+00,3.600000000000e+00,1.945385669130e+00
4.000000000000e+00,3.800000000000e+00,1.802415570429e+00
4.000000000000e+00,4.000000000000e+00,1.690217112153e+00
4.000000000000e+00,4.200000000000e+00,1.599646324775e+00
4.000000000000e+00,4.400000000000e+00,1.524845011344e+00
4.000000000000e+00,4.600000000000e+00,1.461813805679e+00
4.000000000000e+00,4.800000000000e+00,1.407764411958e+00
4.000000000000e+00,5.000000000000e+00,1.360707374035e+00
4.000000000000e+00,5.200000000000e+00,1.319191150745e+00
4.000000000000e+00,5.400000000000e+00,1.282135587688e+00
4.000000000000e+00,5.600000000000e+00,1.248722699328e+00
4.000000000000e+00,5.800000000000e+00,1.218323268754e+00
4.000000000000e+00,6.000000000000e+00,1.190446425819e+00
4.000000000000e+00,6.200000000000e+00,1.164704319681e+00
4.000000000000e+00,6.400000000000e+00,1.140786921776e+00
4.000000000000e+00,6.600000000000e+00,1.118443761587e+00
4.000000000000e+00,6.800000000000e+00,1.097470491910e+00
4.000000000000e+00,7.000000000000e+00,1.077698873497e+00
4.000000000000e+00,7.200000000000e+00,1.058989216882e+00
4.000000000000e+00,7.400000000000e+00,1.041224614221e+00
4.000000000000e+00,7.600000000000e+00,1.024306491542e+00
4.000000000000e+00,7.800000000000e+00,1.008151146373e+00
4.000000000000e+00,8.000000000000e+00,9.926870285627e-01
4.000000000000e+00,8.200000000000e+00,9.778525872547e-01
4.000000000000e+00,8.400000000000e+00,9.635945530978e-01
4.000000000000e+00,8.600000000000e+00,9.498665579237e-01
4.000000000000e+00,8.800000000000e+00,9.366280181805e-01
4.000000000000e+00,9.000000000000e+00,9.238432260456e-01
4.000000000000e+00,9.200000000000e+00,9.114806052100e-01
4.000000000000e+00,9.400000000000e+00,8.995120980854e-01
4.000000000000e+00,9.600000000000e+00,8.879126585488e-01
4.000000000000e+00,9.800000000000e+00,8.766598299292e-01
4.000000000000e+00,1.000000000000e+01,8.657333922218e-01
4.000000000000e+00,1.020000000000e+01,8.551150658176e-01
4.000000000000e+00,1.040000000000e+01,8.447882615979e-01
4.000000000000e+00,1.060000000000e+01,8.347378692439e-01
4.000000000000e+00,1.080000000000e+01,8.249500771876e-01
4.000000000000e+00,1.100000000000e+01,8.154122188705e-01
4.000000000000e+00,1.120000000000e+01,8.061126409678e-01
4.000000000000e+00,1.140000000000e+01,7.970405900219e-01
4.000000000000e+00,1.160000000000e+01,7.881861145659e-01
4.000000000000e+00,1.180000000000e+01,7.795399803258e-01
4.000000000000e+00,1.200000000000e+01,7.710935965055e-01
4.000000000000e+00,1.220000000000e+01,7.628348062132e-01
4.000000000000e+00,1.240000000000e+01,7.547588112572e-01
4.000000000000e+00,1.260000000000e+01,7.468603031313e-01
4.000000000000e+00,1.280000000000e+01,7.391326840936e-01
4.000000000000e+00,1.300000000000e+01,7.315697488890e-01
4.000000000000e+00,1.320000000000e+01,7.241656506953e-01
4.000000000000e+00,1.340000000000e+01,7.169148708776e-01
4.000000000000e+00,1.360000000000e+01,7.098121920492e-01
4.000000000000e+00,1.380000000000e+01,7.028526740131e-01
4.000000000000e+00,1.400000000000e+01,6.960316322181e-01
4.000000000000e+00,1.420000000000e+01,6.893446184164e-01
4.000000000000e+00,1.440000000000e+01,6.827874032540e-01
4.000000000000e+00,1.460000000000e+01,6.763559605609e-01
4.000000000000e+00,1.480000000000e+01,6.700464531423e-01
4.000000000000e+00,1.500000000000e+01,6.638552198947e-01
4.000000000000e+00,1.520000000000e+01,6.577787640996e-01
4.000000000000e+00,1.540000000000e+01,6.518137427600e-01
4.000000000000e+00,1.560000000000e+01,6.459569568679e-01
4.000000000000e+00,1.580000000000e+01,6.402053425021e-01
4.000000000000e+00,1.600000000000e+01,6.345559626684e-01
4.200000000000e+00,3.000000000000e+00,3.007687370740e+00
4.200000000000e+00,3.200000000000e+00,2.580269966143e+00
4.200000000000e+00,3.400000000000e+00,2.285330073056e+00
4.200000000000e+00,3.600000000000e+00,2.071904733896e+00
4.200000000000e+00,3.800000000000e+00,1.911228805034e+00
4.200000000000e+00,4.000000000000e+00,1.786171011568e+00
4.200000000000e+00,4.200000000000e+00,1.685978147691e+00
4.200000000000e+00,4.400000000000e+00,1.603795311018e+00
4.200000000000e+00,4.600000000000e+00,1.534977140709e+00
4.200000000000e+00,4.800000000000e+00,1.476304079765e+00
4.200000000000e+00,5.000000000000e+00,1.425490658712e+00
4.200000000000e+00,5.200000000000e+00,1.380876982427e+00
4.200000000000e+00,5.400000000000e+00,1.341232942303e+00
4.200000000000e+00,5.600000000000e+00,1.305630477717e+00
4.200000000000e+00,5.800000000000e+00,1.273358140086e+00
4.200000000000e+00,6.000000000000e+00,1.243862660534e+00
4.200000000000e+00,6.200000000000e+00,1.216708173948e+00
4.200000000000e+00,6.400000000000e+00,1.191547241978e+00
4.200000000000e+00,6.600000000000e+00,1.168099918568e+00
4.200000000000e+00,6.800000000000e+00,1.146138397501e+00
4.200000000000e+00,7.000000000000e+00,1.125475598734e+00
4.200000000000e+00,7.200000000000e+00,1.105956576405e+00
4.200000000000e+00,7.400000000000e+00,1.087451976496e+00
4.200000000000e+00,7.600000000000e+00,1.069853002504e+00
4.200000000000e+00,7.800000000000e+00,1.053067503787e+00
4.200000000000e+00,8.000000000000e+00,1.037016908830e+00
4.200000000000e+00,8.200000000000e+00,1.021633800861e+00
4.200000000000e+00,8.400000000000e+00,1.006859986396e+00
4.200000000000e+00,8.600000000000e+00,9.926449453437e-01
4.200000000000e+00,8.800000000000e+00,9.789445788866e-01
4.200000000000e+00,9.000000000000e+00,9.657201914994e-01
4.200000000000e+00,9.200000000000e+00,9.529376583824e-01
4.200000000000e+00,9.400000000000e+00,9.405667407045e-01
4.200000000000e+00,9.600000000000e+00,9.285805194124e-01
4.200000000000e+00,9.800000000000e+00,9.169549247103e-01
4.200000000000e+00,1.000000000000e+01,9.056683431645e-01
4.200000000000e+00,1.020000000000e+01,8.947012881206e-01
4.200000000000e+00,1.040000000000e+01,8.840361220207e-01
4.200000000000e+00,1.060000000000e+01,8.736568214611e-01
4.200000000000e+00,1.080000000000e+01,8.635487776119e-01
4.200000000000e+00,1.100000000000e+01,8.536986260135e-01
4.200000000000e+00,1.120000000000e+01,8.440941008833e-01
4.200000000000e+00,1.140000000000e+01,8.347239099475e-01
4.200000000000e+00,1.160000000000e+01,8.255776265302e-01
4.200000000000e+00,1.180000000000e+01,8.166455962012e-01
4.200000000000e+00,1.200000000000e+01,8.079188557504e-01
4.200000000000e+00,1.220000000000e+01,7.993847559913e-01
4.200000000000e+00,1.240000000000e+01,7.910383081281e-01
4.200000000000e+00,1.260000000000e+01,7.828740044087e-01
4.200000000000e+00,1.280000000000e+01,7.748850109856e-01
4.200000000000e+00,1.300000000000e+01,7.670649105669e-01
4.200000000000e+00,1.320000000000e+01,7.594076653828e-01
4.200000000000e+00,1.340000000000e+01,7.519075843595e-01
4.200000000000e+00,1.360000000000e+01,7.445592939396e-01
4.200000000000e+00,1.380000000000e+01,7.373577120764e-01
4.200000000000e+00,1.400000000000e+01,7.302980249948e-01
4.200000000000e+00,1.420000000000e+01,7.233756663713e-01
4.200000000000e+00,1.440000000000e+01,7.165862986344e-01
4.200000000000e+00,1.460000000000e+01,7.099257961281e-01
4.200000000000e+00,1.480000000000e+01,7.033902299153e-01
4.200000000000e+00,1.500000000000e+01,6.969758540309e-01
4.200000000000e+00,1.520000000000e+01,6.906790930164e-01
4.200000000000e+00,1.540000000000e+01,6.844965305907e-01
4.200000000000e+00,1.560000000000e+01,6.784248993328e-01
4.200000000000e+00,1.580000000000e+01,6.724610712640e-01
4.200000000000e+00,1.600000000000e+01,6.666020492344e-01
4.400000000000e+00,3.000000000000e+00,3.277447797032e+00
4.400000000000e+00,3.200000000000e+00,2.783459433342e+00
4.400000000000e+00,3.400000000000e+00,2.446298130839e+00
4.400000000000e+00,3.600000000000e+00,2.204704331107e+00
4.400000000000e+00,3.800000000000e+00,2.024423371507e+00
4.400000000000e+00,4.000000000000e+00,1.885225197083e+00
4.400000000000e+00,4.200000000000e+00,1.774516890340e+00
4.400000000000e+00,4.400000000000e+00,1.684311609585e+00
4.400000000000e+00,4.600000000000e+00,1.609235354500e+00
4.400000000000e+00,4.800000000000e+00,1.545585105067e+00
4.400000000000e+00,5.000000000000e+00,1.490745386449e+00
4.400000000000e+00,5.200000000000e+00,1.442825192185e+00
4.400000000000e+00,5.400000000000e+00,1.400428834397e+00
4.400000000000e+00,5.600000000000e+00,1.362507199716e+00
4.400000000000e+00,5.800000000000e+00,1.328258731487e+00
4.400000000000e+00,6.000000000000e+00,1.297062000963e+00
4.400000000000e+00,6.200000000000e+00,1.268428839719e+00
4.400000000000e+00,6.400000000000e+00,1.241971154334e+00
4.400000000000e+00,6.600000000000e+00,1.217377030887e+00
4.400000000000e+00,6.800000000000e+00,1.194393263783e+00
4.400000000000e+00,7.000000000000e+00,1.172812402568e+00
4.400000000000e+00,7.200000000000e+00,1.152463025309e+00
4.400000000000e+00,7.400000000000e+00,1.133202349106e+00
4.400000000000e+00,7.600000000000e+00,1.114910555612e+00
4.400000000000e+00,7.800000000000e+00,1.097486390269e+00
4.400000000000e+00,8.000000000000e+00,1.080843718034e+00
4.400000000000e+00,8.200000000000e+00,1.064908804824e+00
4.400000000000e+00,8.400000000000e+00,1.049618154816e+00
4.400000000000e+00,8.600000000000e+00,1.034916777338e+00
4.400000000000e+00,8.800000000000e+00,1.020756788464e+00
4.400000000000e+00,9.000000000000e+00,1.007096275437e+00
4.400000000000e+00,9.200000000000e+00,9.938983689662e-01
4.400000000000e+00,9.400000000000e+00,9.811304810244e-01
4.400000000000e+00,9.600000000000e+00,9.687636752766e-01
4.400000000000e+00,9.800000000000e+00,9.567721444149e-01
4.400000000000e+00,1.000000000000e+01,9.451327741554e-01
4.400000000000e+00,1.020000000000e+01,9.338247778598e-01
4.400000000000e+00,1.040000000000e+01,9.228293890026e-01
4.400000000000e+00,1.060000000000e+01,9.121296012411e-01
4.400000000000e+00,1.080000000000e+01,9.017099478379e-01
4.400000000000e+00,1.100000000000e+01,8.915563137570e-01
4.400000000000e+00,1.120000000000e+01,8.816557749965e-01
4.400000000000e+00,1.140000000000e+01,8.719964607196e-01
4.400000000000e+00,1.160000000000e+01,8.625674345357e-01
4.400000000000e+00,1.180000000000e+01,8.533585919299e-01
4.400000000000e+00,1.200000000000e+01,8.443605713532e-01
4.400000000000e+00,1.220000000000e+01,8.355602131304e-01
4.400000000000e+00,1.240000000000e+01,8.269523157391e-01
4.400000000000e+00,1.260000000000e+01,8.185311537815e-01
4.400000000000e+00,1.280000000000e+01,8.102896430468e-01
4.400000000000e+00,1.300000000000e+01,8.022211420365e-01
4.400000000000e+00,1.320000000000e+01,7.943194117023e-01
4.400000000000e+00,1.340000000000e+01,7.865785798173e-01
4.400000000000e+00,1.360000000000e+01,7.789931093644e-01
4.400000000000e+00,1.380000000000e+01,7.715577704123e-01
4.400000000000e+00,1.400000000000e+01,7.642676150322e-01
4.400000000000e+00,1.420000000000e+01,7.571179548673e-01
4.400000000000e+00,1.440000000000e+01,7.501043410271e-01
4.400000000000e+00,1.460000000000e+01,7.432225460195e-01
4.400000000000e+00,1.480000000000e+01,7.364685474773e-01
4.400000000000e+00,1.500000000000e+01,7.298385134650e-01
4.400000000000e+00,1.520000000000e+01,7.233287891839e-01
4.400000000000e+00,1.540000000000e+01,7.169358849135e-01
4.400000000000e+00,1.560000000000e+01,7.106564650523e-01
4.400000000000e+00,1.580000000000e+01,7.044873381347e-01
4.400000000000e+00,1.600000000000e+01,6.984254477194e-01
4.600000000000e+00,3.000000000000e+00,3.571457034427e+00
4.600000000000e+00,3.200000000000e+00,3.001926147570e+00
4.600000000000e+00,3.400000000000e+00,2.617321701131e+00
4.600000000000e+00,3.600000000000e+00,2.344347643594e+00
4.600000000000e+00,3.800000000000e+00,2.142392676186e+00
4.600000000000e+00,4.000000000000e+00,1.987667661517e+00
4.600000000000e+00,4.200000000000e+00,1.865482597994e+00
4.600000000000e+00,4.400000000000e+00,1.766568615812e+00
4.600000000000e+00,4.600000000000e+00,1.684731889396e+00
4.600000000000e+00,4.800000000000e+00,1.615728663483e+00
4.600000000000e+00,5.000000000000e+00,1.556576368185e+00
4.600000000000e+00,5.200000000000e+00,1.505128186824e+00
4.600000000000e+00,5.400000000000e+00,1.459805982185e+00
4.600000000000e+00,5.600000000000e+00,1.419427795660e+00
4.600000000000e+00,5.800000000000e+00,1.383093542954e+00
4.600000000000e+00,6.000000000000e+00,1.350107506192e+00
4.600000000000e+00,6.200000000000e+00,1.319924671328e+00
4.600000000000e+00,6.400000000000e+00,1.292112867915e+00
4.600000000000e+00,6.600000000000e+00,1.266325596966e+00
4.600000000000e+00,6.800000000000e+00,1.242282223784e+00
4.600000000000e+00,7.000000000000e+00,1.219753333112e+00
4.600000000000e+00,7.200000000000e+00,1.198549759738e+00
4.600000000000e+00,7.400000000000e+00,1.178514273811e+00
4.600000000000e+00,7.600000000000e+00,1.159515209143e+00
4.600000000000e+00,7.800000000000e+00,1.141441531055e+00
4.600000000000e+00,8.000000000000e+00,1.124198982866e+00
4.600000000000e+00,8.200000000000e+00,1.107707049109e+00
4.600000000000e+00,8.400000000000e+00,1.091896543171e+00
4.600000000000e+00,8.600000000000e+00,1.076707676660e+00
4.600000000000e+00,8.800000000000e+00,1.062088503547e+00
4.600000000000e+00,9.000000000000e+00,1.047993658179e+00
4.600000000000e+00,9.200000000000e+00,1.034383325389e+00
4.600000000000e+00,9.400000000000e+00,1.021222395209e+00
4.600000000000e+00,9.600000000000e+00,1.008479765346e+00
4.600000000000e+00,9.800000000000e+00,9.961277626356e-01
4.600000000000e+00,1.000000000000e+01,9.841416608671e-01
4.600000000000e+00,1.020000000000e+01,9.724992770762e-01
4.600000000000e+00,1.040000000000e+01,9.611806320518e-01
4.600000000000e+00,1.060000000000e+01,9.501676636523e-01
4.600000000000e+00,1.080000000000e+01,9.394439837472e-01
4.600000000000e+00,1.100000000000e+01,9.289946713547e-01
4.600000000000e+00,1.120000000000e+01,9.188060959354e-01
4.600000000000e+00,1.140000000000e+01,9.088657659092e-01
4.600000000000e+00,1.160000000000e+01,8.991621983496e-01
4.600000000000e+00,1.180000000000e+01,8.896848065226e-01
4.600000000000e+00,1.200000000000e+01,8.804238025141e-01
4.600000000000e+00,1.220000000000e+01,8.713654957802e-01
4.600000000000e+00,1.240000000000e+01,8.625044481695e-01
4.600000000000e+00,1.260000000000e+01,8.538346965078e-01
4.600000000000e+00,1.280000000000e+01,8.453488902314e-01
4.600000000000e+00,1.300000000000e+01,8.370401498171e-01
4.600000000000e+00,1.320000000000e+01,8.289020230362e-01
4.600000000000e+00,1.340000000000e+01,8.209284463022e-01
4.600000000000e+00,1.360000000000e+01,8.131137104281e-01
4.600000000000e+00,1.380000000000e+01,8.054524302128e-01
4.600000000000e+00,1.400000000000e+01,7.979395173594e-01
4.600000000000e+00,1.420000000000e+01,7.905701562998e-01
4.600000000000e+00,1.440000000000e+01,7.833397825625e-01
4.600000000000e+00,1.460000000000e+01,7.762440633682e-01
4.600000000000e+00,1.480000000000e+01,7.692788801838e-01
4.600000000000e+00,1.500000000000e+01,7.624403130010e-01
4.600000000000e+00,1.520000000000e+01,7.557246261363e-01
4.600000000000e+00,1.540000000000e+01,7.491282553777e-01
4.600000000000e+00,1.560000000000e+01,7.426477963244e-01
4.600000000000e+00,1.580000000000e+01,7.362799937865e-01
4.600000000000e+00,1.600000000000e+01,7.300217321284e-01
4.800000000000e+00,3.000000000000e+00,inf
4.800000000000e+00,3.200000000000e+00,3.237116553671e+00
4.800000000000e+00,3.400000000000e+00,2.799298814249e+00
4.800000000000e+00,3.600000000000e+00,2.491424103617e+00
4.800000000000e+00,3.800000000000e+00,2.265543561993e+00
4.800000000000e+00,4.000000000000e+00,2.093792577046e+00
4.800000000000e+00,4.200000000000e+00,1.959097283514e+00
4.800000000000e+00,4.400000000000e+00,1.850740537649e+00
4.800000000000e+00,4.600000000000e+00,1.761608251079e+00
4.800000000000e+00,4.800000000000e+00,1.686853186757e+00
4.800000000000e+00,5.000000000000e+00,1.623085255013e+00
4.800000000000e+00,5.200000000000e+00,1.567875044801e+00
4.800000000000e+00,5.400000000000e+00,1.519443765078e+00
4.800000000000e+00,5.600000000000e+00,1.476463947675e+00
4.800000000000e+00,5.800000000000e+00,1.437927980803e+00
4.800000000000e+00,6.000000000000e+00,1.403059335453e+00
4.800000000000e+00,6.200000000000e+00,1.371251339803e+00
4.800000000000e+00,6.400000000000e+00,1.342024136437e+00
4.800000000000e+00,6.600000000000e+00,1.314993891487e+00
4.800000000000e+00,6.800000000000e+00,1.289850416733e+00
4.800000000000e+00,7.000000000000e+00,1.266340669338e+00
4.800000000000e+00,7.200000000000e+00,1.244256423632e+00
4.800000000000e+00,7.400000000000e+00,1.223424947807e+00
4.800000000000e+00,7.600000000000e+00,1.203701874186e+00
4.800000000000e+00,7.800000000000e+00,1.184965690789e+00
4.800000000000e+00,8.000000000000e+00,1.167113445039e+00
4.800000000000e+00,8.200000000000e+00,1.150057363387e+00
4.800000000000e+00,8.400000000000e+00,1.133722169912e+00
4.800000000000e+00,8.600000000000e+00,1.118042943205e+00
4.800000000000e+00,8.800000000000e+00,1.102963391399e+00
4.800000000000e+00,9.000000000000e+00,1.088434454573e+00
4.800000000000e+00,9.200000000000e+00,1.074413165399e+00
4.800000000000e+00,9.400000000000e+00,1.060861714931e+00
4.800000000000e+00,9.600000000000e+00,1.047746682409e+00
4.800000000000e+00,9.800000000000e+00,1.035038397002e+00
4.800000000000e+00,1.000000000000e+01,1.022710406324e+00
4.800000000000e+00,1.020000000000e+01,1.010739031804e+00
4.800000000000e+00,1.040000000000e+01,9.991029950824e-01
4.800000000000e+00,1.060000000000e+01,9.877831027798e-01
4.800000000000e+00,1.080000000000e+01,9.767619794500e-01
4.800000000000e+00,1.100000000000e+01,9.660238404853e-01
4.800000000000e+00,1.120000000000e+01,9.555542982910e-01
4.800000000000e+00,1.140000000000e+01,9.453401962682e-01
4.800000000000e+00,1.160000000000e+01,9.353694661329e-01
4.800000000000e+00,1.180000000000e+01,9.256310048876e-01
4.800000000000e+00,1.200000000000e+01,9.161145684006e-01
4.800000000000e+00,1.220000000000e+01,9.068059129528e-01
4.800000000000e+00,1.240000000000e+01,8.976993383173e-01
4.800000000000e+00,1.260000000000e+01,8.887886219015e-01
4.800000000000e+00,1.280000000000e+01,8.800661292726e-01
4.800000000000e+00,1.300000000000e+01,8.715247276060e-01
4.800000000000e+00,1.320000000000e+01,8.631577381993e-01
4.800000000000e+00,1.340000000000e+01,8.549588945693e-01
4.800000000000e+00,1.360000000000e+01,8.469223053810e-01
4.800000000000e+00,1.380000000000e+01,8.390424215677e-01
4.800000000000e+00,1.400000000000e+01,8.313140070961e-01
4.800000000000e+00,1.420000000000e+01,8.237321129083e-01
4.800000000000e+00,1.440000000000e+01,8.162920536417e-01
4.800000000000e+00,1.460000000000e+01,8.089893867789e-01
4.800000000000e+00,1.480000000000e+01,8.018198939344e-01
4.800000000000e+00,1.500000000000e+01,7.947795640179e-01
4.800000000000e+00,1.520000000000e+01,7.878645780542e-01
4.800000000000e+00,1.540000000000e+01,7.810712954663e-01
4.800000000000e+00,1.560000000000e+01,7.743962416538e-01
4.800000000000e+00,1.580000000000e+01,7.678360967210e-01
4.800000000000e+00,1.600000000000e+01,7.613876852271e-01
5.000000000000e+00,3.000000000000e+00,inf
5.000000000000e+00,3.200000000000e+00,3.490581172182e+00
5.000000000000e+00,3.400000000000e+00,2.993181703908e+00
5.000000000000e+00,3.600000000000e+00,2.646552087674e+00
5.000000000000e+00,3.800000000000e+00,2.394298158001e+00
5.000000000000e+00,4.000000000000e+00,2.203901673689e+00
5.000000000000e+00,4.200000000000e+00,2.055586013132e+00
5.000000000000e+00,4.400000000000e+00,1.937001968395e+00
5.000000000000e+00,4.600000000000e+00,1.840004747331e+00
5.000000000000e+00,4.800000000000e+00,1.759074985420e+00
5.000000000000e+00,5.000000000000e+00,1.690371064749e+00
5.000000000000e+00,5.200000000000e+00,1.631151960412e+00
5.000000000000e+00,5.400000000000e+00,1.579418595585e+00
5.000000000000e+00,5.600000000000e+00,1.533684397230e+00
5.000000000000e+00,5.800000000000e+00,1.492824607458e+00
5.000000000000e+00,6.000000000000e+00,1.455974945865e+00
5.000000000000e+00,6.200000000000e+00,1.422461983625e+00
5.000000000000e+00,6.400000000000e+00,1.391754366647e+00
5.000000000000e+00,6.600000000000e+00,1.363428035593e+00
5.000000000000e+00,6.800000000000e+00,1.337141023943e+00
5.000000000000e+00,7.000000000000e+00,1.312614926169e+00
5.000000000000e+00,7.200000000000e+00,1.289621086275e+00
5.000000000000e+00,7.400000000000e+00,1.267970176696e+00
5.000000000000e+00,7.600000000000e+00,1.247504245750e+00
5.000000000000e+00,7.800000000000e+00,1.228090585244e+00
5.000000000000e+00,8.000000000000e+00,1.209616955871e+00
5.000000000000e+00,8.200000000000e+00,1.191987836497e+00
5.000000000000e+00,8.400000000000e+00,1.175121453319e+00
5.000000000000e+00,8.600000000000e+00,1.158947408598e+00
5.000000000000e+00,8.800000000000e+00,1.143404774366e+00
5.000000000000e+00,9.000000000000e+00,1.128440549664e+00
5.000000000000e+00,9.200000000000e+00,1.114008404157e+00
5.000000000000e+00,9.400000000000e+00,1.100067648954e+00
5.000000000000e+00,9.600000000000e+00,1.086582388869e+00
5.000000000000e+00,9.800000000000e+00,1.073520820523e+00
5.000000000000e+00,1.000000000000e+01,1.060854648317e+00
5.000000000000e+00,1.020000000000e+01,1.048558596233e+00
5.000000000000e+00,1.040000000000e+01,1.036609997928e+00
5.000000000000e+00,1.060000000000e+01,1.024988451126e+00
5.000000000000e+00,1.080000000000e+01,1.013675525048e+00
5.000000000000e+00,1.100000000000e+01,1.002654511796e+00
5.000000000000e+00,1.120000000000e+01,9.919102143135e-01
5.000000000000e+00,1.140000000000e+01,9.814287649061e-01
5.000000000000e+00,1.160000000000e+01,9.711974693876e-01
5.000000000000e+00,1.180000000000e+01,9.612046728015e-01
5.000000000000e+00,1.200000000000e+01,9.514396433650e-01
5.000000000000e+00,1.220000000000e+01,9.418875601842e-01
5.000000000000e+00,1.240000000000e+01,9.325424341764e-01
5.000000000000e+00,1.260000000000e+01,9.233977603736e-01
5.000000000000e+00,1.280000000000e+01,9.144456016180e-01
5.000000000000e+00,1.300000000000e+01,9.056785552226e-01
5.000000000000e+00,1.320000000000e+01,8.970897014864e-01
5.000000000000e+00,1.340000000000e+01,8.886725583141e-01
5.000000000000e+00,1.360000000000e+01,8.804210411154e-01
5.000000000000e+00,1.380000000000e+01,8.723294272818e-01
5.000000000000e+00,1.400000000000e+01,8.643923246417e-01
5.000000000000e+00,1.420000000000e+01,8.566046433810e-01
5.000000000000e+00,1.440000000000e+01,8.489615709903e-01
5.000000000000e+00,1.460000000000e+01,8.414585498616e-01
5.000000000000e+00,1.480000000000e+01,8.340912572077e-01
5.000000000000e+00,1.500000000000e+01,8.268555870240e-01
5.000000000000e+00,1.520000000000e+01,8.197476338507e-01
5.000000000000e+00,1.540000000000e+01,8.127636781222e-01
5.000000000000e+00,1.560000000000e+01,8.059001729230e-01
5.000000000000e+00,1.580000000000e+01,7.991537319876e-01
5.000000000000e+00,1.600000000000e+01,7.925211188082e-01
5.200000000000e+00,3.000000000000e+00,inf
5.200000000000e+00,3.200000000000e+00,3.763983501707e+00
5.200000000000e+00,3.400000000000e+00,3.199981313075e+00
5.200000000000e+00,3.600000000000e+00,2.810381564579e+00
5.200000000000e+00,3.800000000000e+00,2.529095643226e+00
5.200000000000e+00,4.000000000000e+00,2.318305527823e+00
5.200000000000e+00,4.200000000000e+00,2.155177909716e+00
5.200000000000e+00,4.400000000000e+00,2.025528701585e+00
5.200000000000e+00,4.600000000000e+00,1.920061167763e+00
5.200000000000e+00,4.800000000000e+00,1.832508824513e+00
5.200000000000e+00,5.000000000000e+00,1.758530673027e+00
5.200000000000e+00,5.200000000000e+00,1.695042663140e+00
5.200000000000e+00,5.400000000000e+00,1.639804276036e+00
5.200000000000e+00,5.600000000000e+00,1.591155246176e+00
5.200000000000e+00,5.800000000000e+00,1.547843392430e+00
5.200000000000e+00,6.000000000000e+00,1.508909298127e+00
5.200000000000e+00,6.200000000000e+00,1.473607373344e+00
5.200000000000e+00,6.400000000000e+00,1.441350745644e+00
5.200000000000e+00,6.600000000000e+00,1.411672090386e+00
5.200000000000e+00,6.800000000000e+00,1.384195331679e+00
5.200000000000e+00,7.000000000000e+00,1.358614889673e+00
5.200000000000e+00,7.200000000000e+00,1.334680252536e+00
5.200000000000e+00,7.400000000000e+00,1.312184362295e+00
5.200000000000e+00,7.600000000000e+00,1.290954770457e+00
5.200000000000e+00,7.800000000000e+00,1.270846831016e+00
5.200000000000e+00,8.000000000000e+00,1.251738409930e+00
5.200000000000e+00,8.200000000000e+00,1.233525735820e+00
5.200000000000e+00,8.400000000000e+00,1.216120118228e+00
5.200000000000e+00,8.600000000000e+00,1.199445331729e+00
5.200000000000e+00,8.800000000000e+00,1.183435515563e+00
5.200000000000e+00,9.000000000000e+00,1.168033475735e+00
5.200000000000e+00,9.200000000000e+00,1.153189303717e+00
5.200000000000e+00,9.400000000000e+00,1.138859246028e+00
5.200000000000e+00,9.600000000000e+00,1.125004773944e+00
5.200000000000e+00,9.800000000000e+00,1.111591813873e+00
5.200000000000e+00,1.000000000000e+01,1.098590107485e+00
5.200000000000e+00,1.020000000000e+01,1.085972677226e+00
5.200000000000e+00,1.040000000000e+01,1.073715377866e+00
5.200000000000e+00,1.060000000000e+01,1.061796518647e+00
5.200000000000e+00,1.080000000000e+01,1.050196543633e+00
5.200000000000e+00,1.100000000000e+01,1.038897760267e+00
5.200000000000e+00,1.120000000000e+01,1.027884108003e+00
5.200000000000e+00,1.140000000000e+01,1.017140960426e+00
5.200000000000e+00,1.160000000000e+01,1.006654955419e+00
5.200000000000e+00,1.180000000000e+01,9.964138489511e-01
5.200000000000e+00,1.200000000000e+01,9.864063887879e-01
5.200000000000e+00,1.220000000000e+01,9.766171513759e-01
5.200000000000e+00,1.240000000000e+01,9.670398308505e-01
5.200000000000e+00,1.260000000000e+01,9.576676157721e-01
5.200000000000e+00,1.280000000000e+01,9.484922462296e-01
5.200000000000e+00,1.300000000000e+01,9.395060319852e-01
5.200000000000e+00,1.320000000000e+01,9.307017967310e-01
5.200000000000e+00,1.340000000000e+01,9.220728290021e-01
5.200000000000e+00,1.360000000000e+01,9.136128388446e-01
5.200000000000e+00,1.380000000000e+01,9.053159194710e-01
5.200000000000e+00,1.400000000000e+01,8.971765132472e-01
5.200000000000e+00,1.420000000000e+01,8.891893814510e-01
5.200000000000e+00,1.440000000000e+01,8.813495773236e-01
5.200000000000e+00,1.460000000000e+01,8.736524219998e-01
5.200000000000e+00,1.480000000000e+01,8.660934829627e-01
5.200000000000e+00,1.500000000000e+01,8.586685547162e-01
5.200000000000e+00,1.520000000000e+01,8.513736414089e-01
5.200000000000e+00,1.540000000000e+01,8.442049411807e-01
5.200000000000e+00,1.560000000000e+01,8.371588320317e-01
5.200000000000e+00,1.580000000000e+01,8.302318590384e-01
5.200000000000e+00,1.600000000000e+01,8.234207227672e-01
5.400000000000e+00,3.000000000000e+00,inf
5.400000000000e+00,3.200000000000e+00,4.059109572062e+00
5.400000000000e+00,3.400000000000e+00,3.420771957375e+00
5.400000000000e+00,3.600000000000e+00,2.983596732031e+00
5.400000000000e+00,3.800000000000e+00,2.670393946920e+00
5.400000000000e+00,4.000000000000e+00,2.437324776034e+00
5.400000000000e+00,4.200000000000e+00,2.258107084296e+00
5.400000000000e+00,4.400000000000e+00,2.116498481854e+00
5.400000000000e+00,4.600000000000e+00,2.001917408775e+00
5.400000000000e+00,4.800000000000e+00,1.907268454071e+00
5.400000000000e+00,5.000000000000e+00,1.827659268436e+00
5.400000000000e+00,5.200000000000e+00,1.759628809755e+00
5.400000000000e+00,5.400000000000e+00,1.700672336122e+00
5.400000000000e+00,5.600000000000e+00,1.648940245959e+00
5.400000000000e+00,5.800000000000e+00,1.603041958082e+00
5.400000000000e+00,6.000000000000e+00,1.561915062878e+00
5.400000000000e+00,6.200000000000e+00,1.524736082051e+00
5.400000000000e+00,6.400000000000e+00,1.490858378614e+00
5.400000000000e+00,6.600000000000e+00,1.459768164798e+00
5.400000000000e+00,6.800000000000e+00,1.431052811808e+00
5.400000000000e+00,7.000000000000e+00,1.404377672944e+00
5.400000000000e+00,7.200000000000e+00,1.379468896269e+00
5.400000000000e+00,7.400000000000e+00,1.356100515674e+00
5.400000000000e+00,7.600000000000e+00,1.334084641184e+00
5.400000000000e+00,7.800000000000e+00,1.313263923592e+00
5.400000000000e+00,8.000000000000e+00,1.293505708209e+00
5.400000000000e+00,8.200000000000e+00,1.274697457109e+00
5.400000000000e+00,8.400000000000e+00,1.256743133919e+00
5.400000000000e+00,8.600000000000e+00,1.239560326005e+00
5.400000000000e+00,8.800000000000e+00,1.223077936678e+00
5.400000000000e+00,9.000000000000e+00,1.207234321733e+00
5.400000000000e+00,9.200000000000e+00,1.191975775045e+00
5.400000000000e+00,9.400000000000e+00,1.177255290406e+00
5.400000000000e+00,9.600000000000e+00,1.163031543470e+00
5.400000000000e+00,9.800000000000e+00,1.149268050212e+00
5.400000000000e+00,1.000000000000e+01,1.135932467811e+00
5.400000000000e+00,1.020000000000e+01,1.122996011076e+00
5.400000000000e+00,1.040000000000e+01,1.110432963160e+00
5.400000000000e+00,1.060000000000e+01,1.098220263558e+00
5.400000000000e+00,1.080000000000e+01,1.086337159791e+00
5.400000000000e+00,1.100000000000e+01,1.074764911795e+00
5.400000000000e+00,1.120000000000e+01,1.063486540114e+00
5.400000000000e+00,1.140000000000e+01,1.052486610653e+00
5.400000000000e+00,1.160000000000e+01,1.041751050069e+00
5.400000000000e+00,1.180000000000e+01,1.031266986914e+00
5.400000000000e+00,1.200000000000e+01,1.021022614525e+00
5.400000000000e+00,1.220000000000e+01,1.011001879903e+00
5.400000000000e+00,1.240000000000e+01,1.001198131494e+00
5.400000000000e+00,1.260000000000e+01,9.916042263088e-01
5.400000000000e+00,1.280000000000e+01,9.822115606329e-01
5.400000000000e+00,1.300000000000e+01,9.730121380040e-01
5.400000000000e+00,1.320000000000e+01,9.639985089474e-01
5.400000000000e+00,1.340000000000e+01,9.551637179535e-01
5.400000000000e+00,1.360000000000e+01,9.465012567127e-01
5.400000000000e+00,1.380000000000e+01,9.380050227694e-01
5.400000000000e+00,1.400000000000e+01,9.296692828822e-01
5.400000000000e+00,1.420000000000e+01,9.214886404802e-01
5.400000000000e+00,1.440000000000e+01,9.134580066924e-01
5.400000000000e+00,1.460000000000e+01,9.055725745007e-01
5.400000000000e+00,1.480000000000e+01,8.978277956300e-01
5.400000000000e+00,1.500000000000e+01,8.902193598410e-01
5.400000000000e+00,1.520000000000e+01,8.827431763383e-01
5.400000000000e+00,1.540000000000e+01,8.753953570412e-01
5.400000000000e+00,1.560000000000e+01,8.681722015022e-01
5.400000000000e+00,1.580000000000e+01,8.610701832815e-01
5.400000000000e+00,1.600000000000e+01,8.540859376153e-01
5.600000000000e+00,3.000000000000e+00,inf
5.600000000000e+00,3.200000000000e+00,inf
5.600000000000e+00,3.400000000000e+00,3.656696205340e+00
5.600000000000e+00,3.600000000000e+00,3.166918675052e+00
5.600000000000e+00,3.800000000000e+00,2.818671406152e+00
5.600000000000e+00,4.000000000000e+00,2.561291268611e+00
5.600000000000e+00,4.200000000000e+00,2.364613506150e+00
5.600000000000e+00,4.400000000000e+00,2.210091699178e+00
5.600000000000e+00,4.600000000000e+00,2.085714048729e+00
5.600000000000e+00,4.800000000000e+00,1.983467097263e+00
5.600000000000e+00,5.000000000000e+00,1.897850772728e+00
5.600000000000e+00,5.200000000000e+00,1.824990348638e+00
5.600000000000e+00,5.400000000000e+00,1.762092349372e+00
5.600000000000e+00,5.600000000000e+00,1.707101071945e+00
5.600000000000e+00,5.800000000000e+00,1.658475816138e+00
5.600000000000e+00,6.000000000000e+00,1.615042822897e+00
5.600000000000e+00,6.200000000000e+00,1.575894656242e+00
5.600000000000e+00,6.400000000000e+00,1.540320430982e+00
5.600000000000e+00,6.600000000000e+00,1.507756531410e+00
5.600000000000e+00,6.800000000000e+00,1.477751213484e+00
5.600000000000e+00,7.000000000000e+00,1.449938785705e+00
5.600000000000e+00,7.200000000000e+00,1.424020509744e+00
5.600000000000e+00,7.400000000000e+00,1.399750288197e+00
5.600000000000e+00,7.600000000000e+00,1.376923811377e+00
5.600000000000e+00,7.800000000000e+00,1.355370236504e+00
5.600000000000e+00,8.000000000000e+00,1.334945743542e+00
5.600000000000e+00,8.200000000000e+00,1.315528497511e+00
5.600000000000e+00,8.400000000000e+00,1.297014675985e+00
5.600000000000e+00,8.600000000000e+00,1.279315311200e+00
5.600000000000e+00,8.800000000000e+00,1.262353760839e+00
5.600000000000e+00,9.000000000000e+00,1.246063668118e+00
5.600000000000e+00,9.200000000000e+00,1.230387305735e+00
5.600000000000e+00,9.400000000000e+00,1.215274223206e+00
5.600000000000e+00,9.600000000000e+00,1.200680135647e+00
5.600000000000e+00,9.800000000000e+00,1.186566005983e+00
5.600000000000e+00,1.000000000000e+01,1.172897283059e+00
5.600000000000e+00,1.020000000000e+01,1.159643266129e+00
5.600000000000e+00,1.040000000000e+01,1.146776572367e+00
5.600000000000e+00,1.060000000000e+01,1.134272688769e+00
5.600000000000e+00,1.080000000000e+01,1.122109593556e+00
5.600000000000e+00,1.100000000000e+01,1.110267435034e+00
5.600000000000e+00,1.120000000000e+01,1.098728258206e+00
5.600000000000e+00,1.140000000000e+01,1.087475771200e+00
5.600000000000e+00,1.160000000000e+01,1.076495145046e+00
5.600000000000e+00,1.180000000000e+01,1.065772841492e+00
5.600000000000e+00,1.200000000000e+01,1.055296464452e+00
5.600000000000e+00,1.220000000000e+01,1.045049303563e+00
5.600000000000e+00,1.240000000000e+01,1.035024331837e+00
5.600000000000e+00,1.260000000000e+01,1.025214048811e+00
5.600000000000e+00,1.280000000000e+01,1.015609485031e+00
5.600000000000e+00,1.300000000000e+01,1.006202318276e+00
5.600000000000e+00,1.320000000000e+01,9.969848085146e-01
5.600000000000e+00,1.340000000000e+01,9.879497407122e-01
5.600000000000e+00,1.360000000000e+01,9.790903744330e-01
5.600000000000e+00,1.380000000000e+01,9.704003993114e-01
5.600000000000e+00,1.400000000000e+01,9.618738956275e-01
5.600000000000e+00,1.420000000000e+01,9.535052993191e-01
5.600000000000e+00,1.440000000000e+01,9.452893708632e-01
5.600000000000e+00,1.460000000000e+01,9.372211675401e-01
5.600000000000e+00,1.480000000000e+01,9.292960186581e-01
5.600000000000e+00,1.500000000000e+01,9.215095033784e-01
5.600000000000e+00,1.520000000000e+01,9.138574308253e-01
5.600000000000e+00,1.540000000000e+01,9.063358222105e-01
5.600000000000e+00,1.560000000000e+01,8.989408947359e-01
5.600000000000e+00,1.580000000000e+01,8.916690470694e-01
5.600000000000e+00,1.600000000000e+01,8.845168462138e-01
5.800000000000e+00,3.000000000000e+00,inf
5.800000000000e+00,3.200000000000e+00,inf
5.800000000000e+00,3.400000000000e+00,3.908970032111e+00
5.800000000000e+00,3.600000000000e+00,3.361108078129e+00
5.800000000000e+00,3.800000000000e+00,2.974428400077e+00
5.800000000000e+00,4.000000000000e+00,2.690549175860e+00
5.800000000000e+00,4.200000000000e+00,2.474943821092e+00
5.800000000000e+00,4.400000000000e+00,2.306492033625e+00
5.800000000000e+00,4.600000000000e+00,2.171592878492e+00
5.800000000000e+00,4.800000000000e+00,2.061217899630e+00
5.800000000000e+00,5.000000000000e+00,1.969198228066e+00
5.800000000000e+00,5.200000000000e+00,1.891205856950e+00
5.800000000000e+00,5.400000000000e+00,1.824132227997e+00
5.800000000000e+00,5.600000000000e+00,1.765697581316e+00
5.800000000000e+00,5.800000000000e+00,1.714198592557e+00
5.800000000000e+00,6.000000000000e+00,1.668341268032e+00
5.800000000000e+00,6.200000000000e+00,1.627127783355e+00
5.800000000000e+00,6.400000000000e+00,1.589778270779e+00
5.800000000000e+00,6.600000000000e+00,1.555675745642e+00
5.800000000000e+00,6.800000000000e+00,1.524326661000e+00
5.800000000000e+00,7.000000000000e+00,1.495332212516e+00
5.800000000000e+00,7.200000000000e+00,1.468367163801e+00
5.800000000000e+00,7.400000000000e+00,1.443164015126e+00
5.800000000000e+00,7.600000000000e+00,1.419501023522e+00
5.800000000000e+00,7.800000000000e+00,1.397193035961e+00
5.800000000000e+00,8.000000000000e+00,1.376084402662e+00
5.800000000000e+00,8.200000000000e+00,1.356043446187e+00
5.800000000000e+00,8.400000000000e+00,1.336958106585e+00
5.800000000000e+00,8.600000000000e+00,1.318732484339e+00
5.800000000000e+00,8.800000000000e+00,1.301284075049e+00
5.800000000000e+00,9.000000000000e+00,1.284541541693e+00
5.800000000000e+00,9.200000000000e+00,1.268442908013e+00
5.800000000000e+00,9.400000000000e+00,1.252934084315e+00
5.800000000000e+00,9.600000000000e+00,1.237967657493e+00
5.800000000000e+00,9.800000000000e+00,1.223501892502e+00
5.800000000000e+00,1.000000000000e+01,1.209499904066e+00
5.800000000000e+00,1.020000000000e+01,1.195928966273e+00
5.800000000000e+00,1.040000000000e+01,1.182759934468e+00
5.800000000000e+00,1.060000000000e+01,1.169966759073e+00
5.800000000000e+00,1.080000000000e+01,1.157526075034e+00
5.800000000000e+00,1.100000000000e+01,1.145416853788e+00
5.800000000000e+00,1.120000000000e+01,1.133620107118e+00
5.800000000000e+00,1.140000000000e+01,1.122118634282e+00
5.800000000000e+00,1.160000000000e+01,1.110896805348e+00
5.800000000000e+00,1.180000000000e+01,1.099940374960e+00
5.800000000000e+00,1.200000000000e+01,1.089236321755e+00
5.800000000000e+00,1.220000000000e+01,1.078767249081e+00
5.800000000000e+00,1.240000000000e+01,1.068525724069e+00
5.800000000000e+00,1.260000000000e+01,1.058503862132e+00
5.800000000000e+00,1.280000000000e+01,1.048692305374e+00
5.800000000000e+00,1.300000000000e+01,1.039082385536e+00
5.800000000000e+00,1.320000000000e+01,1.029666053913e+00
5.800000000000e+00,1.340000000000e+01,1.020435819763e+00
5.800000000000e+00,1.360000000000e+01,1.011384696072e+00
5.800000000000e+00,1.380000000000e+01,1.002506151659e+00
5.800000000000e+00,1.400000000000e+01,9.937940688124e-01
5.800000000000e+00,1.420000000000e+01,9.852427057148e-01
5.800000000000e+00,1.440000000000e+01,9.768466630497e-01
5.800000000000e+00,1.460000000000e+01,9.686008542643e-01
5.800000000000e+00,1.480000000000e+01,9.605004790299e-01
5.800000000000e+00,1.500000000000e+01,9.525409995073e-01
5.800000000000e+00,1.520000000000e+01,9.447181190799e-01
5.800000000000e+00,1.540000000000e+01,9.370277632585e-01
5.800000000000e+00,1.560000000000e+01,9.294660625038e-01
5.800000000000e+00,1.580000000000e+01,9.220293367439e-01
5.800000000000e+00,1.600000000000e+01,9.147140813930e-01
6.000000000000e+00,3.000000000000e+00,inf
6.000000000000e+00,3.200000000000e+00,inf
6.000000000000e+00,3.400000000000e+00,4.178888300406e+00
6.000000000000e+00,3.600000000000e+00,3.566968021385e+00
6.000000000000e+00,3.800000000000e+00,3.138188979136e+00
6.000000000000e+00,4.000000000000e+00,2.825456059402e+00
6.000000000000e+00,4.200000000000e+00,2.589352126827e+00
6.000000000000e+00,4.400000000000e+00,2.405887057360e+00
6.000000000000e+00,4.600000000000e+00,2.259697392427e+00
6.000000000000e+00,4.800000000000e+00,2.140634343088e+00
6.000000000000e+00,5.000000000000e+00,2.041794153702e+00
6.000000000000e+00,5.200000000000e+00,1.958352851953e+00
6.000000000000e+00,5.400000000000e+00,1.886858496481e+00
6.000000000000e+00,5.600000000000e+00,1.824788054027e+00
6.000000000000e+00,5.800000000000e+00,1.770262239520e+00
6.000000000000e+00,6.000000000000e+00,1.721857380986e+00
6.000000000000e+00,6.200000000000e+00,1.678478453586e+00
6.000000000000e+00,6.400000000000e+00,1.639271608383e+00
6.000000000000e+00,6.600000000000e+00,1.603562765106e+00
6.000000000000e+00,6.800000000000e+00,1.570813754269e+00
6.000000000000e+00,7.000000000000e+00,1.540590495814e+00
6.000000000000e+00,7.200000000000e+00,1.512539574787e+00
6.000000000000e+00,7.400000000000e+00,1.486370767708e+00
6.000000000000e+00,7.600000000000e+00,1.461843847557e+00
6.000000000000e+00,7.800000000000e+00,1.438758506727e+00
6.000000000000e+00,8.000000000000e+00,1.416946580577e+00
6.000000000000e+00,8.200000000000e+00,1.396265988188e+00
6.000000000000e+00,8.400000000000e+00,1.376595968752e+00
6.000000000000e+00,8.600000000000e+00,1.357833305293e+00
6.000000000000e+00,8.800000000000e+00,1.339889307880e+00
6.000000000000e+00,9.000000000000e+00,1.322687386144e+00
6.000000000000e+00,9.200000000000e+00,1.306161082809e+00
6.000000000000e+00,9.400000000000e+00,1.290252470629e+00
6.000000000000e+00,9.600000000000e+00,1.274910837849e+00
6.000000000000e+00,9.800000000000e+00,1.260091604279e+00
6.000000000000e+00,1.000000000000e+01,1.245755422854e+00
6.000000000000e+00,1.020000000000e+01,1.231867431299e+00
6.000000000000e+00,1.040000000000e+01,1.218396625908e+00
6.000000000000e+00,1.060000000000e+01,1.205315335233e+00
6.000000000000e+00,1.080000000000e+01,1.192598775888e+00
6.000000000000e+00,1.100000000000e+01,1.180224676205e+00
6.000000000000e+00,1.120000000000e+01,1.168172956154e+00
6.000000000000e+00,1.140000000000e+01,1.156425454170e+00
6.000000000000e+00,1.160000000000e+01,1.144965693203e+00
6.000000000000e+00,1.180000000000e+01,1.133778679722e+00
6.000000000000e+00,1.200000000000e+01,1.122850730473e+00
6.000000000000e+00,1.220000000000e+01,1.112163732732e+00
6.000000000000e+00,1.240000000000e+01,1.101709816694e+00
6.000000000000e+00,1.260000000000e+01,1.091480686387e+00
6.000000000000e+00,1.280000000000e+01,1.081466572103e+00
6.000000000000e+00,1.300000000000e+01,1.071658438621e+00
6.000000000000e+00,1.320000000000e+01,1.062047909819e+00
6.000000000000e+00,1.340000000000e+01,1.052627202452e+00
6.000000000000e+00,1.360000000000e+01,1.043389067875e+00
6.000000000000e+00,1.380000000000e+01,1.034326740610e+00
6.000000000000e+00,1.400000000000e+01,1.025433892876e+00
6.000000000000e+00,1.420000000000e+01,1.016704594285e+00
6.000000000000e+00,1.440000000000e+01,1.008133276053e+00
6.000000000000e+00,1.460000000000e+01,9.997146991470e-01
6.000000000000e+00,1.480000000000e+01,9.914439258770e-01
6.000000000000e+00,1.500000000000e+01,9.833162945175e-01
6.000000000000e+00,1.520000000000e+01,9.753273965793e-01
6.000000000000e+00,1.540000000000e+01,9.674730564234e-01
6.000000000000e+00,1.560000000000e+01,9.597493129383e-01
6.000000000000e+00,1.580000000000e+01,9.521524030400e-01
6.000000000000e+00,1.600000000000e+01,9.446787467874e-01
6.200000000000e+00,3.000000000000e+00,inf
6.200000000000e+00,3.200000000000e+00,inf
6.200000000000e+00,3.400000000000e+00,4.467830619780e+00
6.200000000000e+00,3.600000000000e+00,3.785346889741e+00
6.200000000000e+00,3.800000000000e+00,3.310502506371e+00
6.200000000000e+00,4.000000000000e+00,2.966383919689e+00
6.200000000000e+00,4.200000000000e+00,2.708100713455e+00
6.200000000000e+00,4.400000000000e+00,2.508468800074e+00
6.200000000000e+00,4.600000000000e+00,2.350173244618e+00
6.200000000000e+00,4.800000000000e+00,2.221830628324e+00
6.200000000000e+00,5.000000000000e+00,2.115730874730e+00
6.200000000000e+00,5.200000000000e+00,2.026508078193e+00
6.200000000000e+00,5.400000000000e+00,1.950336544764e+00
6.200000000000e+00,5.600000000000e+00,1.884429416993e+00
6.200000000000e+00,5.800000000000e+00,1.826717234060e+00
6.200000000000e+00,6.000000000000e+00,1.775636612931e+00
6.200000000000e+00,6.200000000000e+00,1.729988114478e+00
6.200000000000e+00,6.400000000000e+00,1.688838631730e+00
6.200000000000e+00,6.600000000000e+00,1.651453066860e+00
6.200000000000e+00,6.800000000000e+00,1.617245669424e+00
6.200000000000e+00,7.000000000000e+00,1.585744821039e+00
6.200000000000e+00,7.200000000000e+00,1.556567175328e+00
6.200000000000e+00,7.400000000000e+00,1.529398410645e+00
6.200000000000e+00,7.600000000000e+00,1.503978726046e+00
6.200000000000e+00,7.800000000000e+00,1.480091785941e+00
6.200000000000e+00,8.000000000000e+00,1.457556203941e+00
6.200000000000e+00,8.200000000000e+00,1.436218918222e+00
6.200000000000e+00,8.400000000000e+00,1.415949991342e+00
6.200000000000e+00,8.600000000000e+00,1.396638493677e+00
6.200000000000e+00,8.800000000000e+00,1.378189219015e+00
6.200000000000e+00,9.000000000000e+00,1.360520044885e+00
6.200000000000e+00,9.200000000000e+00,1.343559796521e+00
6.200000000000e+00,9.400000000000e+00,1.327246507309e+00
6.200000000000e+00,9.600000000000e+00,1.311525993641e+00
6.200000000000e+00,9.800000000000e+00,1.296350680765e+00
6.200000000000e+00,1.000000000000e+01,1.281678630330e+00
6.200000000000e+00,1.020000000000e+01,1.267472730964e+00
6.200000000000e+00,1.040000000000e+01,1.253700021387e+00
6.200000000000e+00,1.060000000000e+01,1.240331121859e+00
6.200000000000e+00,1.080000000000e+01,1.227339754617e+00
6.200000000000e+00,1.100000000000e+01,1.214702337757e+00
6.200000000000e+00,1.120000000000e+01,1.202397640026e+00
6.200000000000e+00,1.140000000000e+01,1.190406486330e+00
6.200000000000e+00,1.160000000000e+01,1.178711505641e+00
6.200000000000e+00,1.180000000000e+01,1.167296914501e+00
6.200000000000e+00,1.200000000000e+01,1.156148330514e+00
6.200000000000e+00,1.220000000000e+01,1.145246894330e+00
6.200000000000e+00,1.240000000000e+01,1.134584267654e+00
6.200000000000e+00,1.260000000000e+01,1.124151715339e+00
6.200000000000e+00,1.280000000000e+01,1.113939031928e+00
6.200000000000e+00,1.300000000000e+01,1.103936793758e+00
6.200000000000e+00,1.320000000000e+01,1.094136277996e+00
6.200000000000e+00,1.340000000000e+01,1.084529391572e+00
6.200000000000e+00,1.360000000000e+01,1.075108608638e+00
6.200000000000e+00,1.380000000000e+01,1.065866915428e+00
6.200000000000e+00,1.400000000000e+01,1.056797761519e+00
6.200000000000e+00,1.420000000000e+01,1.047895016656e+00
6.200000000000e+00,1.440000000000e+01,1.039152932443e+00
6.200000000000e+00,1.460000000000e+01,1.030566108258e+00
6.200000000000e+00,1.480000000000e+01,1.022129460883e+00
6.200000000000e+00,1.500000000000e+01,1.013838197386e+00
6.200000000000e+00,1.520000000000e+01,1.005687790853e+00
6.200000000000e+00,1.540000000000e+01,9.976739586371e-01
6.200000000000e+00,1.560000000000e+01,9.897926428279e-01
6.200000000000e+00,1.580000000000e+01,9.820399926729e-01
6.200000000000e+00,1.600000000000e+01,9.744123487377e-01
6.400000000000e+00,3.000000000000e+00,inf
6.400000000000e+00,3.200000000000e+00,inf
6.400000000000e+00,3.400000000000e+00,4.777267632505e+00
6.400000000000e+00,3.600000000000e+00,4.017141422655e+00
6.400000000000e+00,3.800000000000e+00,3.491945327142e+00
6.400000000000e+00,4.000000000000e+00,3.113720230180e+00
6.400000000000e+00,4.200000000000e+00,2.831460776549e+00
6.400000000000e+00,4.400000000000e+00,2.614434283510e+00
6.400000000000e+00,4.600000000000e+00,2.443168674780e+00
6.400000000000e+00,4.800000000000e+00,2.304922029072e+00
6.400000000000e+00,5.000000000000e+00,2.191100825525e+00
6.400000000000e+00,5.200000000000e+00,2.095747772416e+00
6.400000000000e+00,5.400000000000e+00,2.014630862250e+00
6.400000000000e+00,5.600000000000e+00,1.944677452082e+00
6.400000000000e+00,5.800000000000e+00,1.883612763375e+00
6.400000000000e+00,6.000000000000e+00,1.829723048515e+00
6.400000000000e+00,6.200000000000e+00,1.781696817428e+00
6.400000000000e+00,6.400000000000e+00,1.738516135772e+00
6.400000000000e+00,6.600000000000e+00,1.699380761061e+00
6.400000000000e+00,6.800000000000e+00,1.663654257754e+00
6.400000000000e+00,7.000000000000e+00,1.630825101871e+00
6.400000000000e+00,7.200000000000e+00,1.600478186785e+00
6.400000000000e+00,7.400000000000e+00,1.572273662663e+00
6.400000000000e+00,7.600000000000e+00,1.545931023705e+00
6.400000000000e+00,7.800000000000e+00,1.521217002393e+00
6.400000000000e+00,8.000000000000e+00,1.497936260842e+00
6.400000000000e+00,8.200000000000e+00,1.475924161677e+00
6.400000000000e+00,8.400000000000e+00,1.455041101999e+00
6.400000000000e+00,8.600000000000e+00,1.435168034386e+00
6.400000000000e+00,8.800000000000e+00,1.416202897975e+00
6.400000000000e+00,9.000000000000e+00,1.398057753550e+00
6.400000000000e+00,9.200000000000e+00,1.380656467809e+00
6.400000000000e+00,9.400000000000e+00,1.363932829374e+00
6.400000000000e+00,9.600000000000e+00,1.347829006746e+00
6.400000000000e+00,9.800000000000e+00,1.332294278940e+00
6.400000000000e+00,1.000000000000e+01,1.317283984984e+00
6.400000000000e+00,1.020000000000e+01,1.302758650174e+00
6.400000000000e+00,1.040000000000e+01,1.288683255877e+00
6.400000000000e+00,1.060000000000e+01,1.275026626581e+00
6.400000000000e+00,1.080000000000e+01,1.261760913166e+00
6.400000000000e+00,1.100000000000e+01,1.248861155556e+00
6.400000000000e+00,1.120000000000e+01,1.236304911134e+00
6.400000000000e+00,1.140000000000e+01,1.224071937897e+00
6.400000000000e+00,1.160000000000e+01,1.212143923352e+00
6.400000000000e+00,1.180000000000e+01,1.200504251786e+00
6.400000000000e+00,1.200000000000e+01,1.189137803848e+00
6.400000000000e+00,1.220000000000e+01,1.178024942339e+00
6.400000000000e+00,1.240000000000e+01,1.167156828491e+00
6.400000000000e+00,1.260000000000e+01,1.156524259754e+00
6.400000000000e+00,1.280000000000e+01,1.146116570491e+00
6.400000000000e+00,1.300000000000e+01,1.135923926634e+00
6.400000000000e+00,1.320000000000e+01,1.125937238886e+00
6.400000000000e+00,1.340000000000e+01,1.116148086559e+00
6.400000000000e+00,1.360000000000e+01,1.106548650587e+00
6.400000000000e+00,1.380000000000e+01,1.097131654481e+00
6.400000000000e+00,1.400000000000e+01,1.087890312170e+00
6.400000000000e+00,1.420000000000e+01,1.078818281814e+00
6.400000000000e+00,1.440000000000e+01,1.069909624845e+00
6.400000000000e+00,1.460000000000e+01,1.061158769542e+00
6.400000000000e+00,1.480000000000e+01,1.052560478596e+00
6.400000000000e+00,1.500000000000e+01,1.044109820163e+00
6.400000000000e+00,1.520000000000e+01,1.035802141977e+00
6.400000000000e+00,1.540000000000e+01,1.027633048162e+00
6.400000000000e+00,1.560000000000e+01,1.019598378424e+00
6.400000000000e+00,1.580000000000e+01,1.011694189341e+00
6.400000000000e+00,1.600000000000e+01,1.003916737513e+00
6.600000000000e+00,3.000000000000e+00,inf
6.600000000000e+00,3.200000000000e+00,inf
6.600000000000e+00,3.400000000000e+00,5.108767771970e+00
6.600000000000e+00,3.600000000000e+00,4.263299930716e+00
6.600000000000e+00,3.800000000000e+00,3.683122482753e+00
6.600000000000e+00,4.000000000000e+00,3.267868967911e+00
6.600000000000e+00,4.200000000000e+00,2.959713109584e+00
6.600000000000e+00,4.400000000000e+00,2.723986030224e+00
6.600000000000e+00,4.600000000000e+00,2.538834907941e+00
6.600000000000e+00,4.800000000000e+00,2.390025221539e+00
6.600000000000e+00,5.000000000000e+00,2.267996830454e+00
6.600000000000e+00,5.200000000000e+00,2.166147908163e+00
6.600000000000e+00,5.400000000000e+00,2.079805253981e+00
6.600000000000e+00,5.600000000000e+00,2.005586988771e+00
6.600000000000e+00,5.800000000000e+00,1.940996897211e+00
6.600000000000e+00,6.000000000000e+00,1.884159560249e+00
6.600000000000e+00,6.200000000000e+00,1.833643355737e+00
6.600000000000e+00,6.400000000000e+00,1.788339645504e+00
6.600000000000e+00,6.600000000000e+00,1.747378700047e+00
6.600000000000e+00,6.800000000000e+00,1.710070141789e+00
6.600000000000e+00,7.000000000000e+00,1.675860064149e+00
6.600000000000e+00,7.200000000000e+00,1.644299691823e+00
6.600000000000e+00,7.400000000000e+00,1.615022158462e+00
6.600000000000e+00,7.600000000000e+00,1.587725079432e+00
6.600000000000e+00,7.800000000000e+00,1.562157319319e+00
6.600000000000e+00,8.000000000000e+00,1.538108835016e+00
6.600000000000e+00,8.200000000000e+00,1.515402800872e+00
6.600000000000e+00,8.400000000000e+00,1.493889446013e+00
6.600000000000e+00,8.600000000000e+00,1.473441189643e+00
6.600000000000e+00,8.800000000000e+00,1.453948769881e+00
6.600000000000e+00,9.000000000000e+00,1.435318139972e+00
6.600000000000e+00,9.200000000000e+00,1.417467962266e+00
6.600000000000e+00,9.400000000000e+00,1.400327571507e+00
6.600000000000e+00,9.600000000000e+00,1.383835309356e+00
6.600000000000e+00,9.800000000000e+00,1.367937154606e+00
6.600000000000e+00,1.000000000000e+01,1.352585590484e+00
6.600000000000e+00,1.020000000000e+01,1.337738663217e+00
6.600000000000e+00,1.040000000000e+01,1.323359195812e+00
6.600000000000e+00,1.060000000000e+01,1.309414128470e+00
6.600000000000e+00,1.080000000000e+01,1.295873962868e+00
6.600000000000e+00,1.100000000000e+01,1.282712292056e+00
6.600000000000e+00,1.120000000000e+01,1.269905401242e+00
6.600000000000e+00,1.140000000000e+01,1.257431927536e+00
6.600000000000e+00,1.160000000000e+01,1.245272568943e+00
6.600000000000e+00,1.180000000000e+01,1.233409834647e+00
6.600000000000e+00,1.200000000000e+01,1.221827830047e+00
6.600000000000e+00,1.220000000000e+01,1.210506108280e+00
6.600000000000e+00,1.240000000000e+01,1.199435297770e+00
6.600000000000e+00,1.260000000000e+01,1.188605699953e+00
6.600000000000e+00,1.280000000000e+01,1.178006164163e+00
6.600000000000e+00,1.300000000000e+01,1.167626423554e+00
6.600000000000e+00,1.320000000000e+01,1.157457002202e+00
6.600000000000e+00,1.340000000000e+01,1.147489133620e+00
6.600000000000e+00,1.360000000000e+01,1.137714689113e+00
6.600000000000e+00,1.380000000000e+01,1.128126114656e+00
6.600000000000e+00,1.400000000000e+01,1.118716375146e+00
6.600000000000e+00,1.420000000000e+01,1.109478905072e+00
6.600000000000e+00,1.440000000000e+01,1.100407564770e+00
6.600000000000e+00,1.460000000000e+01,1.091496601555e+00
6.600000000000e+00,1.480000000000e+01,1.082740615117e+00
6.600000000000e+00,1.500000000000e+01,1.074134526653e+00
6.600000000000e+00,1.520000000000e+01,1.065673551284e+00
6.600000000000e+00,1.540000000000e+01,1.057353173357e+00
6.600000000000e+00,1.560000000000e+01,1.049169124297e+00
6.600000000000e+00,1.580000000000e+01,1.041117362700e+00
6.600000000000e+00,1.600000000000e+01,1.033194056426e+00
6.800000000000e+00,3.000000000000e+00,inf
6.800000000000e+00,3.200000000000e+00,inf
6.800000000000e+00,3.400000000000e+00,inf
6.800000000000e+00,3.600000000000e+00,4.524825704051e+00
6.800000000000e+00,3.800000000000e+00,3.884669482725e+00
6.800000000000e+00,4.000000000000e+00,3.429251649648e+00
6.800000000000e+00,4.200000000000e+00,3.093148781960e+00
6.800000000000e+00,4.400000000000e+00,2.837332551246e+00
6.800000000000e+00,4.600000000000e+00,2.637326531602e+00
6.800000000000e+00,4.800000000000e+00,2.477258591965e+00
6.800000000000e+00,5.000000000000e+00,2.346512364257e+00
6.800000000000e+00,5.200000000000e+00,2.237784421934e+00
6.800000000000e+00,5.400000000000e+00,2.145923040413e+00
6.800000000000e+00,5.600000000000e+00,2.067212082458e+00
6.800000000000e+00,5.800000000000e+00,1.998916747923e+00
6.800000000000e+00,6.000000000000e+00,1.938987952500e+00
6.800000000000e+00,6.200000000000e+00,1.885865394124e+00
6.800000000000e+00,6.400000000000e+00,1.838343532191e+00
6.800000000000e+00,6.600000000000e+00,1.795478582243e+00
6.800000000000e+00,6.800000000000e+00,1.756522807700e+00
6.800000000000e+00,7.000000000000e+00,1.720877327509e+00
6.800000000000e+00,7.200000000000e+00,1.688057705934e+00
6.800000000000e+00,7.400000000000e+00,1.657668510766e+00
6.800000000000e+00,7.600000000000e+00,1.629384259485e+00
6.800000000000e+00,7.800000000000e+00,1.602934979277e+00
6.800000000000e+00,8.000000000000e+00,1.578095142956e+00
6.800000000000e+00,8.200000000000e+00,1.554675104932e+00
6.800000000000e+00,8.400000000000e+00,1.532514409477e+00
6.800000000000e+00,8.600000000000e+00,1.511476515907e+00
6.800000000000e+00,8.800000000000e+00,1.491444606576e+00
6.800000000000e+00,9.000000000000e+00,1.472318229956e+00
6.800000000000e+00,9.200000000000e+00,1.454010593256e+00
6.800000000000e+00,9.400000000000e+00,1.436446364358e+00
6.800000000000e+00,9.600000000000e+00,1.419559876102e+00
6.800000000000e+00,9.800000000000e+00,1.403293650692e+00
6.800000000000e+00,1.000000000000e+01,1.387597180477e+00
6.800000000000e+00,1.020000000000e+01,1.372425915370e+00
6.800000000000e+00,1.040000000000e+01,1.357740417773e+00
6.800000000000e+00,1.060000000000e+01,1.343505654076e+00
6.800000000000e+00,1.080000000000e+01,1.329690398059e+00
6.800000000000e+00,1.100000000000e+01,1.316266726481e+00
6.800000000000e+00,1.120000000000e+01,1.303209590939e+00
6.800000000000e+00,1.140000000000e+01,1.290496453125e+00
6.800000000000e+00,1.160000000000e+01,1.278106973009e+00
6.800000000000e+00,1.180000000000e+01,1.266022741369e+00
6.800000000000e+00,1.200000000000e+01,1.254227049635e+00
6.800000000000e+00,1.220000000000e+01,1.242698608940e+00
6.800000000000e+00,1.240000000000e+01,1.231427482260e+00
6.800000000000e+00,1.260000000000e+01,1.220403446093e+00
6.800000000000e+00,1.280000000000e+01,1.209614839530e+00
6.800000000000e+00,1.300000000000e+01,1.199050940224e+00
6.800000000000e+00,1.320000000000e+01,1.188701865116e+00
6.800000000000e+00,1.340000000000e+01,1.178558483394e+00
6.800000000000e+00,1.360000000000e+01,1.168612339993e+00
6.800000000000e+00,1.380000000000e+01,1.158855588202e+00
6.800000000000e+00,1.400000000000e+01,1.149280930182e+00
6.800000000000e+00,1.420000000000e+01,1.139881564339e+00
6.800000000000e+00,1.440000000000e+01,1.130651138679e+00
6.800000000000e+00,1.460000000000e+01,1.121583709374e+00
6.800000000000e+00,1.480000000000e+01,1.112673703894e+00
6.800000000000e+00,1.500000000000e+01,1.103915888133e+00
6.800000000000e+00,1.520000000000e+01,1.095305337044e+00
6.800000000000e+00,1.540000000000e+01,1.086837408360e+00
6.800000000000e+00,1.560000000000e+01,1.078507719041e+00
6.800000000000e+00,1.580000000000e+01,1.070312124117e+00
6.800000000000e+00,1.600000000000e+01,1.062246697660e+00
7.000000000000e+00,3.000000000000e+00,inf
7.000000000000e+00,3.200000000000e+00,inf
7.000000000000e+00,3.400000000000e+00,inf
7.000000000000e+00,3.600000000000e+00,4.802780636260e+00
7.000000000000e+00,3.800000000000e+00,4.097254149818e+00
7.000000000000e+00,4.000000000000e+00,3.598308382272e+00
7.000000000000e+00,4.200000000000e+00,3.232069808411e+00
7.000000000000e+00,4.400000000000e+00,2.954688816927e+00
7.000000000000e+00,4.600000000000e+00,2.738801853738e+00
7.000000000000e+00,4.800000000000e+00,2.566742525084e+00
7.000000000000e+00,5.000000000000e+00,2.426741794364e+00
7.000000000000e+00,5.200000000000e+00,2.310733422738e+00
7.000000000000e+00,5.400000000000e+00,2.213047242210e+00
7.000000000000e+00,5.600000000000e+00,2.129606179471e+00
7.000000000000e+00,5.800000000000e+00,2.057418618922e+00
7.000000000000e+00,6.000000000000e+00,1.994249095526e+00
7.000000000000e+00,6.200000000000e+00,1.938399589858e+00
7.000000000000e+00,6.400000000000e+00,1.888561122714e+00
7.000000000000e+00,6.600000000000e+00,1.843711050595e+00
7.000000000000e+00,6.800000000000e+00,1.803040693546e+00
7.000000000000e+00,7.000000000000e+00,1.765903484073e+00
7.000000000000e+00,7.200000000000e+00,1.731777247147e+00
7.000000000000e+00,7.400000000000e+00,1.700236371570e+00
7.000000000000e+00,7.600000000000e+00,1.670931010774e+00
7.000000000000e+00,7.800000000000e+00,1.643571349968e+00
7.000000000000e+00,8.000000000000e+00,1.617915572736e+00
7.000000000000e+00,8.200000000000e+00,1.593760562058e+00
7.000000000000e+00,8.400000000000e+00,1.570934645433e+00
7.000000000000e+00,8.600000000000e+00,1.549291884308e+00
7.000000000000e+00,8.800000000000e+00,1.528707541758e+00
7.000000000000e+00,9.000000000000e+00,1.509074457486e+00
7.000000000000e+00,9.200000000000e+00,1.490300127555e+00
7.000000000000e+00,9.400000000000e+00,1.472304335954e+00
7.000000000000e+00,9.600000000000e+00,1.455017221570e+00
7.000000000000e+00,9.800000000000e+00,1.438377691175e+00
7.000000000000e+00,1.000000000000e+01,1.422332109215e+00
7.000000000000e+00,1.020000000000e+01,1.406833210485e+00
7.000000000000e+00,1.040000000000e+01,1.391839193301e+00
7.000000000000e+00,1.060000000000e+01,1.377312959701e+00
7.000000000000e+00,1.080000000000e+01,1.363221476043e+00
7.000000000000e+00,1.100000000000e+01,1.349535232680e+00
7.000000000000e+00,1.120000000000e+01,1.336227785571e+00
7.000000000000e+00,1.140000000000e+01,1.323275365947e+00
7.000000000000e+00,1.160000000000e+01,1.310656546754e+00
7.000000000000e+00,1.180000000000e+01,1.298351956651e+00
7.000000000000e+00,1.200000000000e+01,1.286344034003e+00
7.000000000000e+00,1.220000000000e+01,1.274610615128e+00
7.000000000000e+00,1.240000000000e+01,1.263141164665e+00
7.000000000000e+00,1.260000000000e+01,1.251924904973e+00
7.000000000000e+00,1.280000000000e+01,1.240949639385e+00
7.000000000000e+00,1.300000000000e+01,1.230204167020e+00
7.000000000000e+00,1.320000000000e+01,1.219678176880e+00
7.000000000000e+00,1.340000000000e+01,1.209362155017e+00
7.000000000000e+00,1.360000000000e+01,1.199247302958e+00
7.000000000000e+00,1.380000000000e+01,1.189325465881e+00
7.000000000000e+00,1.400000000000e+01,1.179589069219e+00
7.000000000000e+00,1.420000000000e+01,1.170031062609e+00
7.000000000000e+00,1.440000000000e+01,1.160644870214e+00
7.000000000000e+00,1.460000000000e+01,1.151424346616e+00
7.000000000000e+00,1.480000000000e+01,1.142363737581e+00
7.000000000000e+00,1.500000000000e+01,1.133457645088e+00
7.000000000000e+00,1.520000000000e+01,1.124700996107e+00
7.000000000000e+00,1.540000000000e+01,1.116089014666e+00
7.000000000000e+00,1.560000000000e+01,1.107617196826e+00
7.000000000000e+00,1.580000000000e+01,1.099281288217e+00
7.000000000000e+00,1.600000000000e+01,1.091077263836e+00
7.200000000000e+00,3.000000000000e+00,inf
7.200000000000e+00,3.200000000000e+00,inf
7.200000000000e+00,3.400000000000e+00,inf
7.200000000000e+00,3.600000000000e+00,5.098289086442e+00
7.200000000000e+00,3.800000000000e+00,4.321578551199e+00
7.200000000000e+00,4.000000000000e+00,3.775498935641e+00
7.200000000000e+00,4.200000000000e+00,3.376789815197e+00
7.200000000000e+00,4.400000000000e+00,3.076276714828e+00
7.200000000000e+00,4.600000000000e+00,2.843423244682e+00
7.200000000000e+00,4.800000000000e+00,2.658599675973e+00
7.200000000000e+00,5.000000000000e+00,2.508780607205e+00
7.200000000000e+00,5.200000000000e+00,2.385071386730e+00
7.200000000000e+00,5.400000000000e+00,2.281240751423e+00
7.200000000000e+00,5.600000000000e+00,2.192822269862e+00
7.200000000000e+00,5.800000000000e+00,2.116548142297e+00
7.200000000000e+00,6.000000000000e+00,2.049983050076e+00
7.200000000000e+00,6.200000000000e+00,1.991281705794e+00
7.200000000000e+00,6.400000000000e+00,1.939024802104e+00
7.200000000000e+00,6.600000000000e+00,1.892105785414e+00
7.200000000000e+00,6.800000000000e+00,1.849651273077e+00
7.200000000000e+00,7.000000000000e+00,1.810964173757e+00
7.200000000000e+00,7.200000000000e+00,1.775482403339e+00
7.200000000000e+00,7.400000000000e+00,1.742748491916e+00
7.200000000000e+00,7.600000000000e+00,1.712386913528e+00
7.200000000000e+00,7.800000000000e+00,1.684086970195e+00
7.200000000000e+00,8.000000000000e+00,1.657589723655e+00
7.200000000000e+00,8.200000000000e+00,1.632677913236e+00
7.200000000000e+00,8.400000000000e+00,1.609168102017e+00
7.200000000000e+00,8.600000000000e+00,1.586904503593e+00
7.200000000000e+00,8.800000000000e+00,1.565754089048e+00
7.200000000000e+00,9.000000000000e+00,1.545602678256e+00
7.200000000000e+00,9.200000000000e+00,1.526351794664e+00
7.200000000000e+00,9.400000000000e+00,1.507916117101e+00
7.200000000000e+00,9.600000000000e+00,1.490221402071e+00
7.200000000000e+00,9.800000000000e+00,1.473202779493e+00
7.200000000000e+00,1.000000000000e+01,1.456803346861e+00
7.200000000000e+00,1.020000000000e+01,1.440973003449e+00
7.200000000000e+00,1.040000000000e+01,1.425667478722e+00
7.200000000000e+00,1.060000000000e+01,1.410847518808e+00
7.200000000000e+00,1.080000000000e+01,1.396478202284e+00
7.200000000000e+00,1.100000000000e+01,1.382528362295e+00
7.200000000000e+00,1.120000000000e+01,1.368970096562e+00
7.200000000000e+00,1.140000000000e+01,1.355778350321e+00
7.200000000000e+00,1.160000000000e+01,1.342930560082e+00
7.200000000000e+00,1.180000000000e+01,1.330406348302e+00
7.200000000000e+00,1.200000000000e+01,1.318187260840e+00
7.200000000000e+00,1.220000000000e+01,1.306250225967e+00
7.200000000000e+00,1.240000000000e+01,1.294584076878e+00
7.200000000000e+00,1.260000000000e+01,1.283177452368e+00
7.200000000000e+00,1.280000000000e+01,1.272017594221e+00
7.200000000000e+00,1.300000000000e+01,1.261092799737e+00
7.200000000000e+00,1.320000000000e+01,1.250392308922e+00
7.200000000000e+00,1.340000000000e+01,1.239906205623e+00
7.200000000000e+00,1.360000000000e+01,1.229625330686e+00
7.200000000000e+00,1.380000000000e+01,1.219541205499e+00
7.200000000000e+00,1.400000000000e+01,1.209645964541e+00
7.200000000000e+00,1.420000000000e+01,1.199932295751e+00
7.200000000000e+00,1.440000000000e+01,1.190393387700e+00
7.200000000000e+00,1.460000000000e+01,1.181022882695e+00
7.200000000000e+00,1.480000000000e+01,1.171814835080e+00
7.200000000000e+00,1.500000000000e+01,1.162763674080e+00
7.200000000000e+00,1.520000000000e+01,1.153864170639e+00
7.200000000000e+00,1.540000000000e+01,1.145111407762e+00
7.200000000000e+00,1.560000000000e+01,1.136500753956e+00
7.200000000000e+00,1.580000000000e+01,1.128027839398e+00
7.200000000000e+00,1.600000000000e+01,1.119688534512e+00
7.400000000000e+00,3.000000000000e+00,inf
7.400000000000e+00,3.200000000000e+00,inf
7.400000000000e+00,3.400000000000e+00,inf
7.400000000000e+00,3.600000000000e+00,5.412542000834e+00
7.400000000000e+00,3.800000000000e+00,4.558381028541e+00
7.400000000000e+00,4.000000000000e+00,3.961303845747e+00
7.400000000000e+00,4.200000000000e+00,3.527634708141e+00
7.400000000000e+00,4.400000000000e+00,3.202325498265e+00
7.400000000000e+00,4.600000000000e+00,2.951357465671e+00
7.400000000000e+00,4.800000000000e+00,2.752955227542e+00
7.400000000000e+00,5.000000000000e+00,2.592725620410e+00
7.400000000000e+00,5.200000000000e+00,2.460875338511e+00
7.400000000000e+00,5.400000000000e+00,2.350566490359e+00
7.400000000000e+00,5.600000000000e+00,2.256913029008e+00
7.400000000000e+00,5.800000000000e+00,2.176350406426e+00
7.400000000000e+00,6.000000000000e+00,2.106229183136e+00
7.400000000000e+00,6.200000000000e+00,2.044546715709e+00
7.400000000000e+00,6.400000000000e+00,1.989766109486e+00
7.400000000000e+00,6.600000000000e+00,1.940691591675e+00
7.400000000000e+00,6.800000000000e+00,1.896381134994e+00
7.400000000000e+00,7.000000000000e+00,1.856084155986e+00
7.400000000000e+00,7.200000000000e+00,1.819196396820e+00
7.400000000000e+00,7.400000000000e+00,1.785226779748e+00
7.400000000000e+00,7.600000000000e+00,1.753772732770e+00
7.400000000000e+00,7.800000000000e+00,1.724501595318e+00
7.400000000000e+00,8.000000000000e+00,1.697136446006e+00
7.400000000000e+00,8.200000000000e+00,1.671445186646e+00
7.400000000000e+00,8.400000000000e+00,1.647232051813e+00
7.400000000000e+00,8.600000000000e+00,1.624330944731e+00
7.400000000000e+00,8.800000000000e+00,1.602600162159e+00
7.400000000000e+00,9.000000000000e+00,1.581918185678e+00
7.400000000000e+00,9.200000000000e+00,1.562180298927e+00
7.400000000000e+00,9.400000000000e+00,1.543295849872e+00
7.400000000000e+00,9.600000000000e+00,1.525186020756e+00
7.400000000000e+00,9.800000000000e+00,1.507782000529e+00
7.400000000000e+00,1.000000000000e+01,1.491023478572e+00
7.400000000000e+00,1.020000000000e+01,1.474857396569e+00
7.400000000000e+00,1.040000000000e+01,1.459236909059e+00
7.400000000000e+00,1.060000000000e+01,1.444120513646e+00
7.400000000000e+00,1.080000000000e+01,1.429471319920e+00
7.400000000000e+00,1.100000000000e+01,1.415256432335e+00
7.400000000000e+00,1.120000000000e+01,1.401446427205e+00
7.400000000000e+00,1.140000000000e+01,1.388014907766e+00
7.400000000000e+00,1.160000000000e+01,1.374938124278e+00
7.400000000000e+00,1.180000000000e+01,1.362194648556e+00
7.400000000000e+00,1.200000000000e+01,1.349765094213e+00
7.400000000000e+00,1.220000000000e+01,1.337625447846e+00
7.400000000000e+00,1.240000000000e+01,1.325763877918e+00
7.400000000000e+00,1.260000000000e+01,1.314168410034e+00
7.400000000000e+00,1.280000000000e+01,1.302825698409e+00
7.400000000000e+00,1.300000000000e+01,1.291723515016e+00
7.400000000000e+00,1.320000000000e+01,1.280850629589e+00
7.400000000000e+00,1.340000000000e+01,1.270196704495e+00
7.400000000000e+00,1.360000000000e+01,1.259752202405e+00
7.400000000000e+00,1.380000000000e+01,1.249508305039e+00
7.400000000000e+00,1.400000000000e+01,1.239456841483e+00
7.400000000000e+00,1.420000000000e+01,1.229590224849e+00
7.400000000000e+00,1.440000000000e+01,1.219901396158e+00
7.400000000000e+00,1.460000000000e+01,1.210383774555e+00
7.400000000000e+00,1.480000000000e+01,1.201031213042e+00
7.400000000000e+00,1.500000000000e+01,1.191837959051e+00
7.400000000000e+00,1.520000000000e+01,1.182798619255e+00
7.400000000000e+00,1.540000000000e+01,1.173908128122e+00
7.400000000000e+00,1.560000000000e+01,1.165161719756e+00
7.400000000000e+00,1.580000000000e+01,1.156554902634e+00
7.400000000000e+00,1.600000000000e+01,1.148083436916e+00
7.600000000000e+00,3.000000000000e+00,inf
7.600000000000e+00,3.200000000000e+00,inf
7.600000000000e+00,3.400000000000e+00,inf
7.600000000000e+00,3.600000000000e+00,5.746801314783e+00
7.600000000000e+00,3.800000000000e+00,4.808438339246e+00
7.600000000000e+00,4.000000000000e+00,4.156225555669e+00
7.600000000000e+00,4.200000000000e+00,3.684943347297e+00
7.600000000000e+00,4.400000000000e+00,3.333072228814e+00
7.600000000000e+00,4.600000000000e+00,3.062775986559e+00
7.600000000000e+00,4.800000000000e+00,2.849937135711e+00
7.600000000000e+00,5.000000000000e+00,2.678675182600e+00
7.600000000000e+00,5.200000000000e+00,2.538223020548e+00
7.600000000000e+00,5.400000000000e+00,2.421087559343e+00
7.600000000000e+00,5.600000000000e+00,2.321930949022e+00
7.600000000000e+00,5.800000000000e+00,2.236870074361e+00
7.600000000000e+00,6.000000000000e+00,2.163026275431e+00
7.600000000000e+00,6.200000000000e+00,2.098228902359e+00
7.600000000000e+00,6.400000000000e+00,2.040815827690e+00
7.600000000000e+00,6.600000000000e+00,1.989496480908e+00
7.600000000000e+00,6.800000000000e+00,1.943256057657e+00
7.600000000000e+00,7.000000000000e+00,1.901287377670e+00
7.600000000000e+00,7.200000000000e+00,1.862941645971e+00
7.600000000000e+00,7.400000000000e+00,1.827692355523e+00
7.600000000000e+00,7.600000000000e+00,1.795108468241e+00
7.600000000000e+00,7.800000000000e+00,1.764834241770e+00
7.600000000000e+00,8.000000000000e+00,1.736573880466e+00
7.600000000000e+00,8.200000000000e+00,1.710079732204e+00
7.600000000000e+00,8.400000000000e+00,1.685143121828e+00
7.600000000000e+00,8.600000000000e+00,1.661587166569e+00
7.600000000000e+00,8.800000000000e+00,1.639261096482e+00
7.600000000000e+00,9.000000000000e+00,1.618035728647e+00
7.600000000000e+00,9.200000000000e+00,1.597799833716e+00
7.600000000000e+00,9.400000000000e+00,1.578457198450e+00
7.600000000000e+00,9.600000000000e+00,1.559924235334e+00
7.600000000000e+00,9.800000000000e+00,1.542128025414e+00
7.600000000000e+00,1.000000000000e+01,1.525004706588e+00
7.600000000000e+00,1.020000000000e+01,1.508498139149e+00
7.600000000000e+00,1.040000000000e+01,1.492558795262e+00
7.600000000000e+00,1.060000000000e+01,1.477142830313e+00
7.600000000000e+00,1.080000000000e+01,1.462211302833e+00
7.600000000000e+00,1.100000000000e+01,1.447729516400e+00
7.600000000000e+00,1.120000000000e+01,1.433666462191e+00
7.600000000000e+00,1.140000000000e+01,1.419994344966e+00
7.600000000000e+00,1.160000000000e+01,1.406688178530e+00
7.600000000000e+00,1.180000000000e+01,1.393725439290e+00
7.600000000000e+00,1.200000000000e+01,1.381085768575e+00
7.600000000000e+00,1.220000000000e+01,1.368744177332e+00
7.600000000000e+00,1.240000000000e+01,1.356688135834e+00
7.600000000000e+00,1.260000000000e+01,1.344905026701e+00
7.600000000000e+00,1.280000000000e+01,1.333380890360e+00
7.600000000000e+00,1.300000000000e+01,1.322102949753e+00
7.600000000000e+00,1.320000000000e+01,1.311059482884e+00
7.600000000000e+00,1.340000000000e+01,1.300239711178e+00
7.600000000000e+00,1.360000000000e+01,1.289633701466e+00
7.600000000000e+00,1.380000000000e+01,1.279232279737e+00
7.600000000000e+00,1.400000000000e+01,1.269026955075e+00
7.600000000000e+00,1.420000000000e+01,1.259009852451e+00
7.600000000000e+00,1.440000000000e+01,1.249173653210e+00
7.600000000000e+00,1.460000000000e+01,1.239511542273e+00
7.600000000000e+00,1.480000000000e+01,1.230017161206e+00
7.600000000000e+00,1.500000000000e+01,1.220684566428e+00
7.600000000000e+00,1.520000000000e+01,1.211508191930e+00
7.600000000000e+00,1.540000000000e+01,1.202482815955e+00
7.600000000000e+00,1.560000000000e+01,1.193603531179e+00
7.600000000000e+00,1.580000000000e+01,1.184865717967e+00
7.600000000000e+00,1.600000000000e+01,1.176265020356e+00
7.800000000000e+00,3.000000000000e+00,inf
7.800000000000e+00,3.200000000000e+00,inf
7.800000000000e+00,3.400000000000e+00,inf
7.800000000000e+00,3.600000000000e+00,inf
7.800000000000e+00,3.800000000000e+00,5.072567920377e+00
7.800000000000e+00,4.000000000000e+00,4.360789601432e+00
7.800000000000e+00,4.200000000000e+00,3.849068232779e+00
7.800000000000e+00,4.400000000000e+00,3.468762215855e+00
7.800000000000e+00,4.600000000000e+00,3.177855295005e+00
7.800000000000e+00,4.800000000000e+00,2.949676364132e+00
7.800000000000e+00,5.000000000000e+00,2.766729362336e+00
7.800000000000e+00,5.200000000000e+00,2.617193052011e+00
7.800000000000e+00,5.400000000000e+00,2.492867374505e+00
7.800000000000e+00,5.600000000000e+00,2.387928460917e+00
7.800000000000e+00,5.800000000000e+00,2.298151493754e+00
7.800000000000e+00,6.000000000000e+00,2.220412621305e+00
7.800000000000e+00,6.200000000000e+00,2.152361948735e+00
7.800000000000e+00,6.400000000000e+00,2.092204066863e+00
7.800000000000e+00,6.600000000000e+00,2.038547747876e+00
7.800000000000e+00,6.800000000000e+00,1.990301079345e+00
7.800000000000e+00,7.000000000000e+00,1.946597037453e+00
7.800000000000e+00,7.200000000000e+00,1.906739823813e+00
7.800000000000e+00,7.400000000000e+00,1.870165605420e+00
7.800000000000e+00,7.600000000000e+00,1.836413402490e+00
7.800000000000e+00,7.800000000000e+00,1.805103230297e+00
7.800000000000e+00,8.000000000000e+00,1.775919496729e+00
7.800000000000e+00,8.200000000000e+00,1.748598255817e+00
7.800000000000e+00,8.400000000000e+00,1.722917323587e+00
7.800000000000e+00,8.600000000000e+00,1.698688542003e+00
7.800000000000e+00,8.800000000000e+00,1.675751671554e+00
7.800000000000e+00,9.000000000000e+00,1.653969530518e+00
7.800000000000e+00,9.200000000000e+00,1.633224097127e+00
7.800000000000e+00,9.400000000000e+00,1.613413361730e+00
7.800000000000e+00,9.600000000000e+00,1.594448767777e+00
7.800000000000e+00,9.800000000000e+00,1.576253118525e+00
7.800000000000e+00,1.000000000000e+01,1.558758854703e+00
7.800000000000e+00,1.020000000000e+01,1.541906629602e+00
7.800000000000e+00,1.040000000000e+01,1.525644124136e+00
7.800000000000e+00,1.060000000000e+01,1.509925056648e+00
7.800000000000e+00,1.080000000000e+01,1.494708351646e+00
7.800000000000e+00,1.100000000000e+01,1.479957438932e+00
7.800000000000e+00,1.120000000000e+01,1.465639660235e+00
7.800000000000e+00,1.140000000000e+01,1.451725764902e+00
7.800000000000e+00,1.160000000000e+01,1.438189479691e+00
7.800000000000e+00,1.180000000000e+01,1.425007140506e+00
7.800000000000e+00,1.200000000000e+01,1.412157376089e+00
7.800000000000e+00,1.220000000000e+01,1.399614187416e+00
7.800000000000e+00,1.240000000000e+01,1.387364312973e+00
7.800000000000e+00,1.260000000000e+01,1.375394462447e+00
7.800000000000e+00,1.280000000000e+01,1.363690036081e+00
7.800000000000e+00,1.300000000000e+01,1.352237683916e+00
7.800000000000e+00,1.320000000000e+01,1.341025170602e+00
7.800000000000e+00,1.340000000000e+01,1.330041257011e+00
7.800000000000e+00,1.360000000000e+01,1.319275596314e+00
7.800000000000e+00,1.380000000000e+01,1.308718642556e+00
7.800000000000e+00,1.400000000000e+01,1.298361570056e+00
7.800000000000e+00,1.420000000000e+01,1.288196202188e+00
7.800000000000e+00,1.440000000000e+01,1.278214948341e+00
7.800000000000e+00,1.460000000000e+01,1.268410748001e+00
7.800000000000e+00,1.480000000000e+01,1.258777021051e+00
7.800000000000e+00,1.500000000000e+01,1.249307623533e+00
7.800000000000e+00,1.520000000000e+01,1.239996808189e+00
7.800000000000e+00,1.540000000000e+01,1.230839189201e+00
7.800000000000e+00,1.560000000000e+01,1.221829710648e+00
7.800000000000e+00,1.580000000000e+01,1.212963618217e+00
7.800000000000e+00,1.600000000000e+01,1.204236433812e+00
8.000000000000e+00,3.000000000000e+00,inf
8.000000000000e+00,3.200000000000e+00,inf
8.000000000000e+00,3.400000000000e+00,inf
8.000000000000e+00,3.600000000000e+00,inf
8.000000000000e+00,3.800000000000e+00,5.351630286404e+00
8.000000000000e+00,4.000000000000e+00,4.575545849609e+00
8.000000000000e+00,4.200000000000e+00,4.020376206077e+00
8.000000000000e+00,4.400000000000e+00,3.609649456067e+00
8.000000000000e+00,4.600000000000e+00,3.296777199252e+00
8.000000000000e+00,4.800000000000e+00,3.052307110124e+00
8.000000000000e+00,5.000000000000e+00,2.856990127611e+00
8.000000000000e+00,5.200000000000e+00,2.697865078263e+00
8.000000000000e+00,5.400000000000e+00,2.565969796619e+00
8.000000000000e+00,5.600000000000e+00,2.454958048399e+00
8.000000000000e+00,5.800000000000e+00,2.360238799072e+00
8.000000000000e+00,6.000000000000e+00,2.278426121554e+00
8.000000000000e+00,6.200000000000e+00,2.206979022984e+00
8.000000000000e+00,6.400000000000e+00,2.143960342451e+00
8.000000000000e+00,6.600000000000e+00,2.087872042280e+00
8.000000000000e+00,6.800000000000e+00,2.037540564206e+00
8.000000000000e+00,7.000000000000e+00,1.992035646284e+00
8.000000000000e+00,7.200000000000e+00,1.950611913501e+00
8.000000000000e+00,7.400000000000e+00,1.912666232016e+00
8.000000000000e+00,7.600000000000e+00,1.877706146982e+00
8.000000000000e+00,7.800000000000e+00,1.845326227703e+00
8.000000000000e+00,8.000000000000e+00,1.815190131097e+00
8.000000000000e+00,8.200000000000e+00,1.787016853023e+00
8.000000000000e+00,8.400000000000e+00,1.760570083021e+00
8.000000000000e+00,8.600000000000e+00,1.735649884302e+00
8.000000000000e+00,8.800000000000e+00,1.712086133995e+00
8.000000000000e+00,9.000000000000e+00,1.689733308847e+00
8.000000000000e+00,9.200000000000e+00,1.668466308698e+00
8.000000000000e+00,9.400000000000e+00,1.648177087201e+00
8.000000000000e+00,9.600000000000e+00,1.628771915534e+00
8.000000000000e+00,9.800000000000e+00,1.610169146187e+00
8.000000000000e+00,1.000000000000e+01,1.592297374618e+00
8.000000000000e+00,1.020000000000e+01,1.575093919602e+00
8.000000000000e+00,1.040000000000e+01,1.558503560435e+00
8.000000000000e+00,1.060000000000e+01,1.542477482413e+00
8.000000000000e+00,1.080000000000e+01,1.526972392124e+00
8.000000000000e+00,1.100000000000e+01,1.511949771955e+00
8.000000000000e+00,1.120000000000e+01,1.497375249288e+00
8.000000000000e+00,1.140000000000e+01,1.483218060636e+00
8.000000000000e+00,1.160000000000e+01,1.469450594736e+00
8.000000000000e+00,1.180000000000e+01,1.456048001581e+00
8.000000000000e+00,1.200000000000e+01,1.442987856745e+00
8.000000000000e+00,1.220000000000e+01,1.430243116604e+00
8.000000000000e+00,1.240000000000e+01,1.417799754122e+00
8.000000000000e+00,1.260000000000e+01,1.405643775966e+00
8.000000000000e+00,1.280000000000e+01,1.393759915640e+00
8.000000000000e+00,1.300000000000e+01,1.382134226269e+00
8.000000000000e+00,1.320000000000e+01,1.370753937392e+00
8.000000000000e+00,1.340000000000e+01,1.359607329576e+00
8.000000000000e+00,1.360000000000e+01,1.348683624381e+00
8.000000000000e+00,1.380000000000e+01,1.337972887574e+00
8.000000000000e+00,1.400000000000e+01,1.327465943815e+00
8.000000000000e+00,1.420000000000e+01,1.317154301299e+00
8.000000000000e+00,1.440000000000e+01,1.307030085053e+00
8.000000000000e+00,1.460000000000e+01,1.297085977785e+00
8.000000000000e+00,1.480000000000e+01,1.287315167325e+00
8.000000000000e+00,1.500000000000e+01,1.277711299845e+00
8.000000000000e+00,1.520000000000e+01,1.268268438140e+00
8.000000000000e+00,1.540000000000e+01,1.258981024368e+00
8.000000000000e+00,1.560000000000e+01,1.249843846706e+00
8.000000000000e+00,1.580000000000e+01,1.240852009471e+00
8.000000000000e+00,1.600000000000e+01,1.232000906298e+00
8.200000000000e+00,3.000000000000e+00,inf
8.200000000000e+00,3.200000000000e+00,inf
8.200000000000e+00,3.400000000000e+00,inf
8.200000000000e+00,3.600000000000e+00,inf
8.200000000000e+00,3.800000000000e+00,5.646531571369e+00
8.200000000000e+00,4.000000000000e+00,4.801069793161e+00
8.200000000000e+00,4.200000000000e+00,4.199249170968e+00
8.200000000000e+00,4.400000000000e+00,3.755997075594e+00
8.200000000000e+00,4.600000000000e+00,3.419729126462e+00
8.200000000000e+00,4.800000000000e+00,3.157967023360e+00
8.200000000000e+00,5.000000000000e+00,2.949561517178e+00
8.200000000000e+00,5.200000000000e+00,2.780319912056e+00
8.200000000000e+00,5.400000000000e+00,2.640459251925e+00
8.200000000000e+00,5.600000000000e+00,2.523072354091e+00
8.200000000000e+00,5.800000000000e+00,2.423176006771e+00
8.200000000000e+00,6.000000000000e+00,2.337104369806e+00
8.200000000000e+00,6.200000000000e+00,2.262112857446e+00
8.200000000000e+00,6.400000000000e+00,2.196113647883e+00
8.200000000000e+00,6.600000000000e+00,2.137495435782e+00
8.200000000000e+00,6.800000000000e+00,2.084998264075e+00
8.200000000000e+00,7.000000000000e+00,2.037625084393e+00
8.200000000000e+00,7.200000000000e+00,1.994578260764e+00
8.200000000000e+00,7.400000000000e+00,1.955213302410e+00
8.200000000000e+00,7.600000000000e+00,1.919004686113e+00
8.200000000000e+00,7.800000000000e+00,1.885520286955e+00
8.200000000000e+00,8.000000000000e+00,1.854402022845e+00
8.200000000000e+00,8.200000000000e+00,1.825351041783e+00
8.200000000000e+00,8.400000000000e+00,1.798116269856e+00
8.200000000000e+00,8.600000000000e+00,1.772485473257e+00
8.200000000000e+00,8.800000000000e+00,1.748278220587e+00
8.200000000000e+00,9.000000000000e+00,1.725340295549e+00
8.200000000000e+00,9.200000000000e+00,1.703539226802e+00
8.200000000000e+00,9.400000000000e+00,1.682760685720e+00
8.200000000000e+00,9.600000000000e+00,1.662905563838e+00
8.200000000000e+00,9.800000000000e+00,1.643887586661e+00
8.200000000000e+00,1.000000000000e+01,1.625631353744e+00
8.200000000000e+00,1.020000000000e+01,1.608070719840e+00
8.200000000000e+00,1.040000000000e+01,1.591147450698e+00
8.200000000000e+00,1.060000000000e+01,1.574810101330e+00
8.200000000000e+00,1.080000000000e+01,1.559013075534e+00
8.200000000000e+00,1.100000000000e+01,1.543715833875e+00
8.200000000000e+00,1.120000000000e+01,1.528882223872e+00
8.200000000000e+00,1.140000000000e+01,1.514479911300e+00
8.200000000000e+00,1.160000000000e+01,1.500479895502e+00
8.200000000000e+00,1.180000000000e+01,1.486856094831e+00
8.200000000000e+00,1.200000000000e+01,1.473584990858e+00
8.200000000000e+00,1.220000000000e+01,1.460638460414e+00
8.200000000000e+00,1.240000000000e+01,1.448001677077e+00
8.200000000000e+00,1.260000000000e+01,1.435659914288e+00
8.200000000000e+00,1.280000000000e+01,1.423597212112e+00
8.200000000000e+00,1.300000000000e+01,1.411799002609e+00
8.200000000000e+00,1.320000000000e+01,1.400251958327e+00
8.200000000000e+00,1.340000000000e+01,1.388943859665e+00
8.200000000000e+00,1.360000000000e+01,1.377863478510e+00
8.200000000000e+00,1.380000000000e+01,1.367000475905e+00
8.200000000000e+00,1.400000000000e+01,1.356345311854e+00
8.200000000000e+00,1.420000000000e+01,1.345889165681e+00
8.200000000000e+00,1.440000000000e+01,1.335623865535e+00
8.200000000000e+00,1.460000000000e+01,1.325541825901e+00
8.200000000000e+00,1.480000000000e+01,1.315635992075e+00
8.200000000000e+00,1.500000000000e+01,1.305899790753e+00
8.200000000000e+00,1.520000000000e+01,1.296327085981e+00
8.200000000000e+00,1.540000000000e+01,1.286912139812e+00
8.200000000000e+00,1.560000000000e+01,1.277649577110e+00
8.200000000000e+00,1.580000000000e+01,1.268534354014e+00
8.200000000000e+00,1.600000000000e+01,1.259561729642e+00
8.400000000000e+00,3.000000000000e+00,inf
8.400000000000e+00,3.200000000000e+00,inf
8.400000000000e+00,3.400000000000e+00,inf
8.400000000000e+00,3.600000000000e+00,inf
8.400000000000e+00,3.800000000000e+00,5.958226225759e+00
8.400000000000e+00,4.000000000000e+00,5.037963911748e+00
8.400000000000e+00,4.200000000000e+00,4.386084837969e+00
8.400000000000e+00,4.400000000000e+00,3.908077777468e+00
8.400000000000e+00,4.600000000000e+00,3.546904418424e+00
8.400000000000e+00,4.800000000000e+00,3.266797418707e+00
8.400000000000e+00,5.000000000000e+00,3.044549804852e+00
8.400000000000e+00,5.200000000000e+00,2.864639667444e+00
8.400000000000e+00,5.400000000000e+00,2.716400845807e+00
8.400000000000e+00,5.600000000000e+00,2.592324278935e+00
8.400000000000e+00,5.800000000000e+00,2.487007104075e+00
8.400000000000e+00,6.000000000000e+00,2.396484732980e+00
8.400000000000e+00,6.200000000000e+00,2.317795822284e+00
8.400000000000e+00,6.400000000000e+00,2.248692522352e+00
8.400000000000e+00,6.600000000000e+00,2.187443484599e+00
8.400000000000e+00,6.800000000000e+00,2.132697376371e+00
8.400000000000e+00,7.000000000000e+00,2.083386654845e+00
8.400000000000e+00,7.200000000000e+00,2.038658623356e+00
8.400000000000e+00,7.400000000000e+00,1.997825293809e+00
8.400000000000e+00,7.600000000000e+00,1.960326419110e+00
8.400000000000e+00,7.800000000000e+00,1.925701885549e+00
8.400000000000e+00,8.000000000000e+00,1.893570849219e+00
8.400000000000e+00,8.200000000000e+00,1.863615794268e+00
8.400000000000e+00,8.400000000000e+00,1.835570226321e+00
8.400000000000e+00,8.600000000000e+00,1.809209080944e+00
8.400000000000e+00,8.800000000000e+00,1.784341181232e+00
8.400000000000e+00,9.000000000000e+00,1.760803257186e+00
8.400000000000e+00,9.200000000000e+00,1.738455166406e+00
8.400000000000e+00,9.400000000000e+00,1.717176046871e+00
8.400000000000e+00,9.600000000000e+00,1.696861198786e+00
8.400000000000e+00,9.800000000000e+00,1.677419541079e+00
8.400000000000e+00,1.000000000000e+01,1.658771524111e+00
8.400000000000e+00,1.020000000000e+01,1.640847407029e+00
8.400000000000e+00,1.040000000000e+01,1.623585828463e+00
8.400000000000e+00,1.060000000000e+01,1.606932614615e+00
8.400000000000e+00,1.080000000000e+01,1.590839780609e+00
8.400000000000e+00,1.100000000000e+01,1.575264689965e+00
8.400000000000e+00,1.120000000000e+01,1.560169344196e+00
8.400000000000e+00,1.140000000000e+01,1.545519779922e+00
8.400000000000e+00,1.160000000000e+01,1.531285555318e+00
8.400000000000e+00,1.180000000000e+01,1.517439311039e+00
8.400000000000e+00,1.200000000000e+01,1.503956393555e+00
8.400000000000e+00,1.220000000000e+01,1.490807564904e+00
8.400000000000e+00,1.240000000000e+01,1.477977165296e+00
8.400000000000e+00,1.260000000000e+01,1.465449704613e+00
8.400000000000e+00,1.280000000000e+01,1.453208502647e+00
8.400000000000e+00,1.300000000000e+01,1.441238346133e+00
8.400000000000e+00,1.320000000000e+01,1.429525328633e+00
8.400000000000e+00,1.340000000000e+01,1.418056710419e+00
8.400000000000e+00,1.360000000000e+01,1.406820795549e+00
8.400000000000e+00,1.380000000000e+01,1.395806823798e+00
8.400000000000e+00,1.400000000000e+01,1.385004875429e+00
8.400000000000e+00,1.420000000000e+01,1.374405787110e+00
8.400000000000e+00,1.440000000000e+01,1.364001077514e+00
8.400000000000e+00,1.460000000000e+01,1.353782881361e+00
8.400000000000e+00,1.480000000000e+01,1.343743890839e+00
8.400000000000e+00,1.500000000000e+01,1.333877303474e+00
8.400000000000e+00,1.520000000000e+01,1.324176775663e+00
8.400000000000e+00,1.540000000000e+01,1.314636381179e+00
8.400000000000e+00,1.560000000000e+01,1.305250574064e+00
8.400000000000e+00,1.580000000000e+01,1.296014155380e+00
8.400000000000e+00,1.600000000000e+01,1.286922243373e+00
8.600000000000e+00,3.000000000000e+00,inf
8.600000000000e+00,3.200000000000e+00,inf
8.600000000000e+00,3.400000000000e+00,inf
8.600000000000e+00,3.600000000000e+00,inf
8.600000000000e+00,3.800000000000e+00,6.287719878044e+00
8.600000000000e+00,4.000000000000e+00,5.286859102436e+00
8.600000000000e+00,4.200000000000e+00,4.581297496095e+00
8.600000000000e+00,4.400000000000e+00,4.066174296757e+00
8.600000000000e+00,4.600000000000e+00,3.678502626350e+00
8.600000000000e+00,4.800000000000e+00,3.378943484511e+00
8.600000000000e+00,5.000000000000e+00,3.142063657837e+00
8.600000000000e+00,5.200000000000e+00,2.950907887301e+00
8.600000000000e+00,5.400000000000e+00,2.793860470091e+00
8.600000000000e+00,5.600000000000e+00,2.662767075458e+00
8.600000000000e+00,5.800000000000e+00,2.551776131954e+00
8.600000000000e+00,6.000000000000e+00,2.456604426328e+00
8.600000000000e+00,6.200000000000e+00,2.374059994108e+00
8.600000000000e+00,6.400000000000e+00,2.301725114018e+00
8.600000000000e+00,6.600000000000e+00,2.237741287970e+00
8.600000000000e+00,6.800000000000e+00,2.180660598291e+00
8.600000000000e+00,7.000000000000e+00,2.129341133784e+00
8.600000000000e+00,7.200000000000e+00,2.082872217627e+00
8.600000000000e+00,7.400000000000e+00,2.040520136611e+00
8.600000000000e+00,7.600000000000e+00,2.001688199796e+00
8.600000000000e+00,7.800000000000e+00,1.965886962117e+00
8.600000000000e+00,8.000000000000e+00,1.932711759007e+00
8.600000000000e+00,8.200000000000e+00,1.901825567505e+00
8.600000000000e+00,8.400000000000e+00,1.872945795006e+00
8.600000000000e+00,8.600000000000e+00,1.845833996918e+00
8.600000000000e+00,8.800000000000e+00,1.820287801593e+00
8.600000000000e+00,9.000000000000e+00,1.796134515179e+00
8.600000000000e+00,9.200000000000e+00,1.773226016958e+00
8.600000000000e+00,9.400000000000e+00,1.751434654650e+00
8.600000000000e+00,9.600000000000e+00,1.730649920938e+00
8.600000000000e+00,9.800000000000e+00,1.710775745053e+00
8.600000000000e+00,1.000000000000e+01,1.691728272103e+00
8.600000000000e+00,1.020000000000e+01,1.673434031864e+00
8.600000000000e+00,1.040000000000e+01,1.655828420558e+00
8.600000000000e+00,1.060000000000e+01,1.638854435704e+00
8.600000000000e+00,1.080000000000e+01,1.622461616786e+00
8.600000000000e+00,1.100000000000e+01,1.606605154231e+00
8.600000000000e+00,1.120000000000e+01,1.591245136720e+00
8.600000000000e+00,1.140000000000e+01,1.576345912782e+00
8.600000000000e+00,1.160000000000e+01,1.561875547224e+00
8.600000000000e+00,1.180000000000e+01,1.547805356615e+00
8.600000000000e+00,1.200000000000e+01,1.534109510951e+00
8.600000000000e+00,1.220000000000e+01,1.520757621939e+00
8.600000000000e+00,1.240000000000e+01,1.507733162304e+00
8.600000000000e+00,1.260000000000e+01,1.495019847925e+00
8.600000000000e+00,1.280000000000e+01,1.482600251363e+00
8.600000000000e+00,1.300000000000e+01,1.470458489649e+00
8.600000000000e+00,1.320000000000e+01,1.458580055280e+00
8.600000000000e+00,1.340000000000e+01,1.446951668342e+00
8.600000000000e+00,1.360000000000e+01,1.435561146826e+00
8.600000000000e+00,1.380000000000e+01,1.424397292622e+00
8.600000000000e+00,1.400000000000e+01,1.413449791088e+00
8.600000000000e+00,1.420000000000e+01,1.402709122378e+00
8.600000000000e+00,1.440000000000e+01,1.392166483007e+00
8.600000000000e+00,1.460000000000e+01,1.381813716319e+00
8.600000000000e+00,1.480000000000e+01,1.371643250743e+00
8.600000000000e+00,1.500000000000e+01,1.361648044858e+00
8.600000000000e+00,1.520000000000e+01,1.351821538434e+00
8.600000000000e+00,1.540000000000e+01,1.342157608714e+00
8.600000000000e+00,1.560000000000e+01,1.332650531325e+00
8.600000000000e+00,1.580000000000e+01,1.323294945263e+00
8.600000000000e+00,1.600000000000e+01,1.314085821474e+00
8.800000000000e+00,3.000000000000e+00,inf
8.800000000000e+00,3.200000000000e+00,inf
8.800000000000e+00,3.400000000000e+00,inf
8.800000000000e+00,3.600000000000e+00,inf
8.800000000000e+00,3.800000000000e+00,6.636072370708e+00
8.800000000000e+00,4.000000000000e+00,5.548416186528e+00
8.800000000000e+00,4.200000000000e+00,4.785318815526e+00
8.800000000000e+00,4.400000000000e+00,4.230579865773e+00
8.800000000000e+00,4.600000000000e+00,3.814729806361e+00
8.800000000000e+00,4.800000000000e+00,3.494554487513e+00
8.800000000000e+00,5.000000000000e+00,3.242214290042e+00
8.800000000000e+00,5.200000000000e+00,3.039209665244e+00
8.800000000000e+00,5.400000000000e+00,2.872904904678e+00
8.800000000000e+00,5.600000000000e+00,2.734454435514e+00
8.800000000000e+00,5.800000000000e+00,2.617527262847e+00
8.800000000000e+00,6.000000000000e+00,2.517500583543e+00
8.800000000000e+00,6.200000000000e+00,2.430937220014e+00
8.800000000000e+00,6.400000000000e+00,2.355239239002e+00
8.800000000000e+00,6.600000000000e+00,2.288413542773e+00
8.800000000000e+00,6.800000000000e+00,2.228910177517e+00
8.800000000000e+00,7.000000000000e+00,2.175508817578e+00
8.800000000000e+00,7.200000000000e+00,2.127237762331e+00
8.800000000000e+00,7.400000000000e+00,2.083315255074e+00
8.800000000000e+00,7.600000000000e+00,2.043106374269e+00
8.800000000000e+00,7.800000000000e+00,2.006090951242e+00
8.800000000000e+00,8.000000000000e+00,1.971839404613e+00
8.800000000000e+00,8.200000000000e+00,1.939994332832e+00
8.800000000000e+00,8.400000000000e+00,1.910256345789e+00
8.800000000000e+00,8.600000000000e+00,1.882373052721e+00
8.800000000000e+00,8.800000000000e+00,1.856130425280e+00
8.800000000000e+00,9.000000000000e+00,1.831345965768e+00
8.800000000000e+00,9.200000000000e+00,1.807863260231e+00
8.800000000000e+00,9.400000000000e+00,1.785547603279e+00
8.800000000000e+00,9.600000000000e+00,1.764282459202e+00
8.800000000000e+00,9.800000000000e+00,1.743966580733e+00
8.800000000000e+00,1.000000000000e+01,1.724511648780e+00
8.800000000000e+00,1.020000000000e+01,1.705840327704e+00
8.800000000000e+00,1.040000000000e+01,1.687884654235e+00
8.800000000000e+00,1.060000000000e+01,1.670584695908e+00
8.800000000000e+00,1.080000000000e+01,1.653887428497e+00
8.800000000000e+00,1.100000000000e+01,1.637745792388e+00
8.800000000000e+00,1.120000000000e+01,1.622117895917e+00
8.800000000000e+00,1.140000000000e+01,1.606966340025e+00
8.800000000000e+00,1.160000000000e+01,1.592257643516e+00
8.800000000000e+00,1.180000000000e+01,1.577961752135e+00
8.800000000000e+00,1.200000000000e+01,1.564051617757e+00
8.800000000000e+00,1.220000000000e+01,1.550495665915e+00
8.800000000000e+00,1.240000000000e+01,1.537276467608e+00
8.800000000000e+00,1.260000000000e+01,1.524376914150e+00
8.800000000000e+00,1.280000000000e+01,1.511778803789e+00
8.800000000000e+00,1.300000000000e+01,1.499465559375e+00
8.800000000000e+00,1.320000000000e+01,1.487422050161e+00
8.800000000000e+00,1.340000000000e+01,1.475634435918e+00
8.800000000000e+00,1.360000000000e+01,1.464090030257e+00
8.800000000000e+00,1.380000000000e+01,1.452777180497e+00
8.800000000000e+00,1.400000000000e+01,1.441685161858e+00
8.800000000000e+00,1.420000000000e+01,1.430804084063e+00
8.800000000000e+00,1.440000000000e+01,1.420124808724e+00
8.800000000000e+00,1.460000000000e+01,1.409638876132e+00
8.800000000000e+00,1.480000000000e+01,1.399338440242e+00
8.800000000000e+00,1.500000000000e+01,1.389216210848e+00
8.800000000000e+00,1.520000000000e+01,1.379265402047e+00
8.800000000000e+00,1.540000000000e+01,1.369479686228e+00
8.800000000000e+00,1.560000000000e+01,1.359853152946e+00
8.800000000000e+00,1.580000000000e+01,1.350380272071e+00
8.800000000000e+00,1.600000000000e+01,1.341055860748e+00
9.000000000000e+00,3.000000000000e+00,inf
9.000000000000e+00,3.200000000000e+00,inf
9.000000000000e+00,3.400000000000e+00,inf
9.000000000000e+00,3.600000000000e+00,inf
9.000000000000e+00,3.800000000000e+00,7.004400980550e+00
9.000000000000e+00,4.000000000000e+00,5.823327497970e+00
9.000000000000e+00,4.200000000000e+00,4.998598684644e+00
9.000000000000e+00,4.400000000000e+00,4.401598691603e+00
9.000000000000e+00,4.600000000000e+00,3.955798817193e+00
9.000000000000e+00,4.800000000000e+00,3.613783975507e+00
9.000000000000e+00,5.000000000000e+00,3.345115611254e+00
9.000000000000e+00,5.200000000000e+00,3.129631762712e+00
9.000000000000e+00,5.400000000000e+00,2.953601914152e+00
9.000000000000e+00,5.600000000000e+00,2.807440573076e+00
9.000000000000e+00,5.800000000000e+00,2.684304873618e+00
9.000000000000e+00,6.000000000000e+00,2.579210322366e+00
9.000000000000e+00,6.200000000000e+00,2.488459177420e+00
9.000000000000e+00,6.400000000000e+00,2.409262436471e+00
9.000000000000e+00,6.600000000000e+00,2.339484594559e+00
9.000000000000e+00,6.800000000000e+00,2.277467959667e+00
9.000000000000e+00,7.000000000000e+00,2.221909567008e+00
9.000000000000e+00,7.200000000000e+00,2.171773519800e+00
9.000000000000e+00,7.400000000000e+00,2.126227605648e+00
9.000000000000e+00,7.600000000000e+00,2.084596816542e+00
9.000000000000e+00,7.800000000000e+00,2.046328816520e+00
9.000000000000e+00,8.000000000000e+00,2.010967972646e+00
9.000000000000e+00,8.200000000000e+00,1.978135604105e+00
9.000000000000e+00,8.400000000000e+00,1.947514801758e+00
9.000000000000e+00,8.600000000000e+00,1.918838645596e+00
9.000000000000e+00,8.800000000000e+00,1.891880975456e+00
9.000000000000e+00,9.000000000000e+00,1.866449099597e+00
9.000000000000e+00,9.200000000000e+00,1.842377987960e+00
9.000000000000e+00,9.400000000000e+00,1.819525612992e+00
9.000000000000e+00,9.600000000000e+00,1.797769184848e+00
9.000000000000e+00,9.800000000000e+00,1.777002089140e+00
9.000000000000e+00,1.000000000000e+01,1.757131380607e+00
9.000000000000e+00,1.020000000000e+01,1.738075719773e+00
9.000000000000e+00,1.040000000000e+01,1.719763664917e+00
9.000000000000e+00,1.060000000000e+01,1.702132250808e+00
9.000000000000e+00,1.080000000000e+01,1.685125800258e+00
9.000000000000e+00,1.100000000000e+01,1.668694925744e+00
9.000000000000e+00,1.120000000000e+01,1.652795687004e+00
9.000000000000e+00,1.140000000000e+01,1.637388877314e+00
9.000000000000e+00,1.160000000000e+01,1.622439416385e+00
9.000000000000e+00,1.180000000000e+01,1.607915832032e+00
9.000000000000e+00,1.200000000000e+01,1.593789816072e+00
9.000000000000e+00,1.220000000000e+01,1.580028571723e+00
9.000000000000e+00,1.240000000000e+01,1.566613733882e+00
9.000000000000e+00,1.260000000000e+01,1.553527338614e+00
9.000000000000e+00,1.280000000000e+01,1.540750382651e+00
9.000000000000e+00,1.300000000000e+01,1.528265570085e+00
9.000000000000e+00,1.320000000000e+01,1.516057124662e+00
9.000000000000e+00,1.340000000000e+01,1.504110625637e+00
9.000000000000e+00,1.360000000000e+01,1.492412863859e+00
9.000000000000e+00,1.380000000000e+01,1.480951715334e+00
9.000000000000e+00,1.400000000000e+01,1.469716029858e+00
9.000000000000e+00,1.420000000000e+01,1.458695532745e+00
9.000000000000e+00,1.440000000000e+01,1.447880737912e+00
9.000000000000e+00,1.460000000000e+01,1.437262870864e+00
9.000000000000e+00,1.480000000000e+01,1.426833800318e+00
9.000000000000e+00,1.500000000000e+01,1.416585977387e+00
9.000000000000e+00,1.520000000000e+01,1.406512381393e+00
9.000000000000e+00,1.540000000000e+01,1.396606471497e+00
9.000000000000e+00,1.560000000000e+01,1.386862143460e+00
9.000000000000e+00,1.580000000000e+01,1.377273690913e+00
9.000000000000e+00,1.600000000000e+01,1.367835770630e+00
9.200000000000e+00,3.000000000000e+00,inf
9.200000000000e+00,3.200000000000e+00,inf
9.200000000000e+00,3.400000000000e+00,inf
9.200000000000e+00,3.600000000000e+00,inf
9.200000000000e+00,3.800000000000e+00,inf
9.200000000000e+00,4.000000000000e+00,6.112318558659e+00
9.200000000000e+00,4.200000000000e+00,5.221606084738e+00
9.200000000000e+00,4.400000000000e+00,4.579546448098e+00
9.200000000000e+00,4.600000000000e+00,4.101929621568e+00
9.200000000000e+00,4.800000000000e+00,3.736789978798e+00
9.200000000000e+00,5.000000000000e+00,3.450884372987e+00
9.200000000000e+00,5.200000000000e+00,3.222262721869e+00
9.200000000000e+00,5.400000000000e+00,3.036020339937e+00
9.200000000000e+00,5.600000000000e+00,2.881780302584e+00
9.200000000000e+00,5.800000000000e+00,2.752153614218e+00
9.200000000000e+00,6.000000000000e+00,2.641770806094e+00
9.200000000000e+00,6.200000000000e+00,2.546657430037e+00
9.200000000000e+00,6.400000000000e+00,2.463822020134e+00
9.200000000000e+00,6.600000000000e+00,2.390978485262e+00
9.200000000000e+00,6.800000000000e+00,2.326355432702e+00
9.200000000000e+00,7.000000000000e+00,2.268562848689e+00
9.200000000000e+00,7.200000000000e+00,2.216497334620e+00
9.200000000000e+00,7.400000000000e+00,2.169273713078e+00
9.200000000000e+00,7.600000000000e+00,2.126174962204e+00
9.200000000000e+00,7.800000000000e+00,2.086615081890e+00
9.200000000000e+00,8.000000000000e+00,2.050111213014e+00
9.200000000000e+00,8.200000000000e+00,2.016262464640e+00
9.200000000000e+00,8.400000000000e+00,1.984733664081e+00
9.200000000000e+00,8.600000000000e+00,1.955242761367e+00
9.200000000000e+00,8.800000000000e+00,1.927550975793e+00
9.200000000000e+00,9.000000000000e+00,1.901455020814e+00
9.200000000000e+00,9.200000000000e+00,1.876780919177e+00
9.200000000000e+00,9.400000000000e+00,1.853379045670e+00
9.200000000000e+00,9.600000000000e+00,1.831120125518e+00
9.200000000000e+00,9.800000000000e+00,1.809891982608e+00
9.200000000000e+00,1.000000000000e+01,1.789596880411e+00
9.200000000000e+00,1.020000000000e+01,1.770149334712e+00
9.200000000000e+00,1.040000000000e+01,1.751474304415e+00
9.200000000000e+00,1.060000000000e+01,1.733505687190e+00
9.200000000000e+00,1.080000000000e+01,1.716185062409e+00
9.200000000000e+00,1.100000000000e+01,1.699460635791e+00
9.200000000000e+00,1.120000000000e+01,1.683286349458e+00
9.200000000000e+00,1.140000000000e+01,1.667621128336e+00
9.200000000000e+00,1.160000000000e+01,1.652428239461e+00
9.200000000000e+00,1.180000000000e+01,1.637674745239e+00
9.200000000000e+00,1.200000000000e+01,1.623331035188e+00
9.200000000000e+00,1.220000000000e+01,1.609363053764e+00
9.200000000000e+00,1.240000000000e+01,1.595751465235e+00
9.200000000000e+00,1.260000000000e+01,1.582477419613e+00
9.200000000000e+00,1.280000000000e+01,1.569521084791e+00
9.200000000000e+00,1.300000000000e+01,1.556864421423e+00
9.200000000000e+00,1.320000000000e+01,1.544490985411e+00
9.200000000000e+00,1.340000000000e+01,1.532385755213e+00
9.200000000000e+00,1.360000000000e+01,1.520534980487e+00
9.200000000000e+00,1.380000000000e+01,1.508926049120e+00
9.200000000000e+00,1.400000000000e+01,1.497547370154e+00
9.200000000000e+00,1.420000000000e+01,1.486388270474e+00
9.200000000000e+00,1.440000000000e+01,1.475438903461e+00
9.200000000000e+00,1.460000000000e+01,1.464690168061e+00
9.200000000000e+00,1.480000000000e+01,1.454133636941e+00
9.200000000000e+00,1.500000000000e+01,1.443761492595e+00
9.200000000000e+00,1.520000000000e+01,1.433566470426e+00
9.200000000000e+00,1.540000000000e+01,1.423541807942e+00
9.200000000000e+00,1.560000000000e+01,1.413681199340e+00
9.200000000000e+00,1.580000000000e+01,1.403978754848e+00
9.200000000000e+00,1.600000000000e+01,1.394428964255e+00
9.400000000000e+00,3.000000000000e+00,inf
9.400000000000e+00,3.200000000000e+00,inf
9.400000000000e+00,3.400000000000e+00,inf
9.400000000000e+00,3.600000000000e+00,inf
9.400000000000e+00,3.800000000000e+00,inf
9.400000000000e+00,4.000000000000e+00,6.416149845797e+00
9.400000000000e+00,4.200000000000e+00,5.454830005552e+00
9.400000000000e+00,4.400000000000e+00,4.764750784393e+00
9.400000000000e+00,4.600000000000e+00,4.253349592608e+00
9.400000000000e+00,4.800000000000e+00,3.863735211402e+00
9.400000000000e+00,5.000000000000e+00,3.559640311743e+00
9.400000000000e+00,5.200000000000e+00,3.317192974937e+00
9.400000000000e+00,5.400000000000e+00,3.120230188547e+00
9.400000000000e+00,5.600000000000e+00,2.957529113325e+00
9.400000000000e+00,5.800000000000e+00,2.821118472458e+00
9.400000000000e+00,6.000000000000e+00,2.705219301367e+00
9.400000000000e+00,6.200000000000e+00,2.605563480328e+00
9.400000000000e+00,6.400000000000e+00,2.518945126439e+00
9.400000000000e+00,6.600000000000e+00,2.442918997849e+00
9.400000000000e+00,6.800000000000e+00,2.375593768494e+00
9.400000000000e+00,7.000000000000e+00,2.315487773910e+00
9.400000000000e+00,7.200000000000e+00,2.261426669955e+00
9.400000000000e+00,7.400000000000e+00,2.212469704393e+00
9.400000000000e+00,7.600000000000e+00,2.167855840191e+00
9.400000000000e+00,7.800000000000e+00,2.126963861302e+00
9.400000000000e+00,8.000000000000e+00,2.089282466564e+00
9.400000000000e+00,8.200000000000e+00,2.054387592904e+00
9.400000000000e+00,8.400000000000e+00,2.021925035818e+00
9.400000000000e+00,8.600000000000e+00,1.991596996434e+00
9.400000000000e+00,8.800000000000e+00,1.963151570713e+00
9.400000000000e+00,9.000000000000e+00,1.936374465636e+00
9.400000000000e+00,9.200000000000e+00,1.911082417147e+00
9.400000000000e+00,9.400000000000e+00,1.887117920214e+00
9.400000000000e+00,9.600000000000e+00,1.864344979101e+00
9.400000000000e+00,9.800000000000e+00,1.842645657240e+00
9.400000000000e+00,1.000000000000e+01,1.821917258469e+00
9.400000000000e+00,1.020000000000e+01,1.802070010356e+00
9.400000000000e+00,1.040000000000e+01,1.783025149460e+00
9.400000000000e+00,1.060000000000e+01,1.764713330396e+00
9.400000000000e+00,1.080000000000e+01,1.747073297332e+00
9.400000000000e+00,1.100000000000e+01,1.730050769364e+00
9.400000000000e+00,1.120000000000e+01,1.713597501166e+00
9.400000000000e+00,1.140000000000e+01,1.697670487986e+00
9.400000000000e+00,1.160000000000e+01,1.682231290106e+00
9.400000000000e+00,1.180000000000e+01,1.667245456633e+00
9.400000000000e+00,1.200000000000e+01,1.652682032231e+00
9.400000000000e+00,1.220000000000e+01,1.638505665828e+00
9.400000000000e+00,1.240000000000e+01,1.624696016389e+00
9.400000000000e+00,1.260000000000e+01,1.611233316932e+00
9.400000000000e+00,1.280000000000e+01,1.598096879063e+00
9.400000000000e+00,1.300000000000e+01,1.585267895224e+00
9.400000000000e+00,1.320000000000e+01,1.572729231047e+00
9.400000000000e+00,1.340000000000e+01,1.560465243855e+00
9.400000000000e+00,1.360000000000e+01,1.548461623619e+00
9.400000000000e+00,1.380000000000e+01,1.536705253265e+00
9.400000000000e+00,1.400000000000e+01,1.525184085702e+00
9.400000000000e+00,1.420000000000e+01,1.513887035325e+00
9.400000000000e+00,1.440000000000e+01,1.502803882106e+00
9.400000000000e+00,1.460000000000e+01,1.491925186620e+00
9.400000000000e+00,1.480000000000e+01,1.481242214638e+00
9.400000000000e+00,1.500000000000e+01,1.470746870062e+00
9.400000000000e+00,1.520000000000e+01,1.460431635191e+00
9.400000000000e+00,1.540000000000e+01,1.450289517416e+00
9.400000000000e+00,1.560000000000e+01,1.440314001568e+00
9.400000000000e+00,1.580000000000e+01,1.430499007263e+00
9.400000000000e+00,1.600000000000e+01,1.420838850644e+00
9.600000000000e+00,3.000000000000e+00,inf
9.600000000000e+00,3.200000000000e+00,inf
9.600000000000e+00,3.400000000000e+00,inf
9.600000000000e+00,3.600000000000e+00,inf
9.600000000000e+00,3.800000000000e+00,inf
9.600000000000e+00,4.000000000000e+00,6.735618656360e+00
9.600000000000e+00,4.200000000000e+00,5.698780404734e+00
9.600000000000e+00,4.400000000000e+00,4.957551851936e+00
9.600000000000e+00,4.600000000000e+00,4.410293826613e+00
9.600000000000e+00,4.800000000000e+00,3.994787272948e+00
9.600000000000e+00,5.000000000000e+00,3.671506290379e+00
9.600000000000e+00,5.200000000000e+00,3.414514950531e+00
9.600000000000e+00,5.400000000000e+00,3.206302716394e+00
9.600000000000e+00,5.600000000000e+00,3.034743240266e+00
9.600000000000e+00,5.800000000000e+00,2.891244835276e+00
9.600000000000e+00,6.000000000000e+00,2.769593232568e+00
9.600000000000e+00,6.200000000000e+00,2.665208818729e+00
9.600000000000e+00,6.400000000000e+00,2.574658759718e+00
9.600000000000e+00,6.600000000000e+00,2.495329698118e+00
9.600000000000e+00,6.800000000000e+00,2.425203861770e+00
9.600000000000e+00,7.000000000000e+00,2.362703135030e+00
9.600000000000e+00,7.200000000000e+00,2.306578641653e+00
9.600000000000e+00,7.400000000000e+00,2.255831340870e+00
9.600000000000e+00,7.600000000000e+00,2.209654102753e+00
9.600000000000e+00,7.800000000000e+00,2.167388886760e+00
9.600000000000e+00,8.000000000000e+00,2.128494691297e+00
9.600000000000e+00,8.200000000000e+00,2.092523286962e+00
9.600000000000e+00,8.400000000000e+00,2.059100644657e+00
9.600000000000e+00,8.600000000000e+00,2.027912578863e+00
9.600000000000e+00,8.800000000000e+00,1.998693544896e+00
9.600000000000e+00,9.000000000000e+00,1.971217820310e+00
9.600000000000e+00,9.200000000000e+00,1.945292505847e+00
9.600000000000e+00,9.400000000000e+00,1.920751927599e+00
9.600000000000e+00,9.600000000000e+00,1.897453127415e+00
9.600000000000e+00,9.800000000000e+00,1.875272205262e+00
9.600000000000e+00,1.000000000000e+01,1.854101333601e+00
9.600000000000e+00,1.020000000000e+01,1.833846305617e+00
9.600000000000e+00,1.040000000000e+01,1.814424510428e+00
9.600000000000e+00,1.060000000000e+01,1.795763251950e+00
9.600000000000e+00,1.080000000000e+01,1.777798346034e+00
9.600000000000e+00,1.100000000000e+01,1.760472944222e+00
9.600000000000e+00,1.120000000000e+01,1.743736543061e+00
9.600000000000e+00,1.140000000000e+01,1.727544146120e+00
9.600000000000e+00,1.160000000000e+01,1.711855552308e+00
9.600000000000e+00,1.180000000000e+01,1.696634749127e+00
9.600000000000e+00,1.200000000000e+01,1.681849393498e+00
9.600000000000e+00,1.220000000000e+01,1.667462801728e+00
9.600000000000e+00,1.240000000000e+01,1.653453592634e+00
9.600000000000e+00,1.260000000000e+01,1.639801051167e+00
9.600000000000e+00,1.280000000000e+01,1.626483605068e+00
9.600000000000e+00,1.300000000000e+01,1.613481653685e+00
9.600000000000e+00,1.320000000000e+01,1.600777349876e+00
9.600000000000e+00,1.340000000000e+01,1.588354409425e+00
9.600000000000e+00,1.360000000000e+01,1.576197944070e+00
9.600000000000e+00,1.380000000000e+01,1.564294314884e+00
9.600000000000e+00,1.400000000000e+01,1.552631003227e+00
9.600000000000e+00,1.420000000000e+01,1.541196496913e+00
9.600000000000e+00,1.440000000000e+01,1.529980189595e+00
9.600000000000e+00,1.460000000000e+01,1.518972291640e+00
9.600000000000e+00,1.480000000000e+01,1.508163751045e+00
9.600000000000e+00,1.500000000000e+01,1.497546183116e+00
9.600000000000e+00,1.520000000000e+01,1.487111807839e+00
9.600000000000e+00,1.540000000000e+01,1.476853393991e+00
9.600000000000e+00,1.560000000000e+01,1.466764209199e+00
9.600000000000e+00,1.580000000000e+01,1.456837975226e+00
9.600000000000e+00,1.600000000000e+01,1.447068827878e+00
9.800000000000e+00,3.000000000000e+00,inf
9.800000000000e+00,3.200000000000e+00,inf
9.800000000000e+00,3.400000000000e+00,inf
9.800000000000e+00,3.600000000000e+00,inf
9.800000000000e+00,3.800000000000e+00,inf
9.800000000000e+00,4.000000000000e+00,7.071561073702e+00
9.800000000000e+00,4.200000000000e+00,5.953989214114e+00
9.800000000000e+00,4.400000000000e+00,5.158302851913e+00
9.800000000000e+00,4.600000000000e+00,4.573005463476e+00
9.800000000000e+00,4.800000000000e+00,4.130118852129e+00
9.800000000000e+00,5.000000000000e+00,3.786608438247e+00
9.800000000000e+00,5.200000000000e+00,3.514323177510e+00
9.800000000000e+00,5.400000000000e+00,3.294310511611e+00
9.800000000000e+00,5.600000000000e+00,3.113479731729e+00
9.800000000000e+00,5.800000000000e+00,2.962578546857e+00
9.800000000000e+00,6.000000000000e+00,2.834930233147e+00
9.800000000000e+00,6.200000000000e+00,2.725624969939e+00
9.800000000000e+00,6.400000000000e+00,2.630989834563e+00
9.800000000000e+00,6.600000000000e+00,2.548233973882e+00
9.800000000000e+00,6.800000000000e+00,2.475206366604e+00
9.800000000000e+00,7.000000000000e+00,2.410227439633e+00
9.800000000000e+00,7.200000000000e+00,2.351970050272e+00
9.800000000000e+00,7.400000000000e+00,2.299374048112e+00
9.800000000000e+00,7.600000000000e+00,2.251584053689e+00
9.800000000000e+00,7.800000000000e+00,2.207903534826e+00
9.800000000000e+00,8.000000000000e+00,2.167760487201e+00
9.800000000000e+00,8.200000000000e+00,2.130681487709e+00
9.800000000000e+00,8.400000000000e+00,2.096271864603e+00
9.800000000000e+00,8.600000000000e+00,2.064200388575e+00
9.800000000000e+00,8.800000000000e+00,2.034187342007e+00
9.800000000000e+00,9.000000000000e+00,2.005995138445e+00
9.800000000000e+00,9.200000000000e+00,1.979420885942e+00
9.800000000000e+00,9.400000000000e+00,1.954290445540e+00
9.800000000000e+00,9.600000000000e+00,1.930453649611e+00
9.800000000000e+00,9.800000000000e+00,1.907780427221e+00
9.800000000000e+00,1.000000000000e+01,1.886157644196e+00
9.800000000000e+00,1.020000000000e+01,1.865486510395e+00
9.800000000000e+00,1.040000000000e+01,1.845680440185e+00
9.800000000000e+00,1.060000000000e+01,1.826663277375e+00
9.800000000000e+00,1.080000000000e+01,1.808367814987e+00
9.800000000000e+00,1.100000000000e+01,1.790734554961e+00
9.800000000000e+00,1.120000000000e+01,1.773710664147e+00
9.800000000000e+00,1.140000000000e+01,1.757249091731e+00
9.800000000000e+00,1.160000000000e+01,1.741307820069e+00
9.800000000000e+00,1.180000000000e+01,1.725849226305e+00
9.800000000000e+00,1.200000000000e+01,1.710839536373e+00
9.800000000000e+00,1.220000000000e+01,1.696240696535e+00
9.800000000000e+00,1.240000000000e+01,1.682030250436e+00
9.800000000000e+00,1.260000000000e+01,1.668186503731e+00
9.800000000000e+00,1.280000000000e+01,1.654686972585e+00
9.800000000000e+00,1.300000000000e+01,1.641511238267e+00
9.800000000000e+00,1.320000000000e+01,1.628640718275e+00
9.800000000000e+00,1.340000000000e+01,1.616058466379e+00
9.800000000000e+00,1.360000000000e+01,1.603748997486e+00
9.800000000000e+00,1.380000000000e+01,1.591698133883e+00
9.800000000000e+00,1.400000000000e+01,1.579892869930e+00
9.800000000000e+00,1.420000000000e+01,1.568321252736e+00
9.800000000000e+00,1.440000000000e+01,1.556972276699e+00
9.800000000000e+00,1.460000000000e+01,1.545835790115e+00
9.800000000000e+00,1.480000000000e+01,1.534902412309e+00
9.800000000000e+00,1.500000000000e+01,1.524163459962e+00
9.800000000000e+00,1.520000000000e+01,1.513610881509e+00
9.800000000000e+00,1.540000000000e+01,1.503237198599e+00
9.800000000000e+00,1.560000000000e+01,1.493035453789e+00
9.800000000000e+00,1.580000000000e+01,1.482999163721e+00
9.800000000000e+00,1.600000000000e+01,1.473122277143e+00
1.000000000000e+01,3.000000000000e+00,inf
1.000000000000e+01,3.200000000000e+00,inf
1.000000000000e+01,3.400000000000e+00,inf
1.000000000000e+01,3.600000000000e+00,inf
1.000000000000e+01,3.800000000000e+00,inf
1.000000000000e+01,4.000000000000e+00,7.424854041316e+00
1.000000000000e+01,4.200000000000e+00,6.221011395661e+00
1.000000000000e+01,4.400000000000e+00,5.367370604921e+00
1.000000000000e+01,4.600000000000e+00,4.741736015939e+00
1.000000000000e+01,4.800000000000e+00,4.269907932564e+00
1.000000000000e+01,5.000000000000e+00,3.905076290695e+00
1.000000000000e+01,5.200000000000e+00,3.616714386830e+00
1.000000000000e+01,5.400000000000e+00,3.384327573278e+00
1.000000000000e+01,5.600000000000e+00,3.193796514259e+00
1.000000000000e+01,5.800000000000e+00,3.035165963894e+00
1.000000000000e+01,6.000000000000e+00,2.901268194166e+00
1.000000000000e+01,6.200000000000e+00,2.786843536518e+00
1.000000000000e+01,6.400000000000e+00,2.687965215626e+00
1.000000000000e+01,6.600000000000e+00,2.601655071743e+00
1.000000000000e+01,6.800000000000e+00,2.525621730652e+00
1.000000000000e+01,7.000000000000e+00,2.458078942560e+00
1.000000000000e+01,7.200000000000e+00,2.397617411160e+00
1.000000000000e+01,7.400000000000e+00,2.343112944338e+00
1.000000000000e+01,7.600000000000e+00,2.293659674968e+00
1.000000000000e+01,7.800000000000e+00,2.248520851652e+00
1.000000000000e+01,8.000000000000e+00,2.207092119766e+00
1.000000000000e+01,8.200000000000e+00,2.168873800925e+00
1.000000000000e+01,8.400000000000e+00,2.133449736618e+00
1.000000000000e+01,8.600000000000e+00,2.100470976624e+00
1.000000000000e+01,8.800000000000e+00,2.069643082660e+00
1.000000000000e+01,9.000000000000e+00,2.040716157689e+00
1.000000000000e+01,9.200000000000e+00,2.013476950225e+00
1.000000000000e+01,9.400000000000e+00,1.987742552733e+00
1.000000000000e+01,9.600000000000e+00,1.963355335255e+00
1.000000000000e+01,9.800000000000e+00,1.940178843942e+00
1.000000000000e+01,1.000000000000e+01,1.918094459102e+00
1.000000000000e+01,1.020000000000e+01,1.896998655432e+00
1.000000000000e+01,1.040000000000e+01,1.876800742947e+00
1.000000000000e+01,1.060000000000e+01,1.857420994106e+00
1.000000000000e+01,1.080000000000e+01,1.838789083133e+00
1.000000000000e+01,1.100000000000e+01,1.820842779150e+00
1.000000000000e+01,1.120000000000e+01,1.803526846814e+00
1.000000000000e+01,1.140000000000e+01,1.786792117479e+00
1.000000000000e+01,1.160000000000e+01,1.770594701179e+00
1.000000000000e+01,1.180000000000e+01,1.754895315481e+00
1.000000000000e+01,1.200000000000e+01,1.739658711721e+00
1.000000000000e+01,1.220000000000e+01,1.724845428337e+00
1.000000000000e+01,1.240000000000e+01,1.710431898579e+00
1.000000000000e+01,1.260000000000e+01,1.696395417428e+00
1.000000000000e+01,1.280000000000e+01,1.682712561615e+00
1.000000000000e+01,1.300000000000e+01,1.669362069233e+00
1.000000000000e+01,1.320000000000e+01,1.656324599745e+00
1.000000000000e+01,1.340000000000e+01,1.643582524369e+00
1.000000000000e+01,1.360000000000e+01,1.631119742529e+00
1.000000000000e+01,1.380000000000e+01,1.618921520747e+00
1.000000000000e+01,1.400000000000e+01,1.606974350900e+00
1.000000000000e+01,1.420000000000e+01,1.595265825239e+00
1.000000000000e+01,1.440000000000e+01,1.583784525952e+00
1.000000000000e+01,1.460000000000e+01,1.572519927376e+00
1.000000000000e+01,1.480000000000e+01,1.561462309243e+00
1.000000000000e+01,1.500000000000e+01,1.550602679567e+00
1.000000000000e+01,1.520000000000e+01,1.539932705976e+00
1.000000000000e+01,1.540000000000e+01,1.529444654452e+00
1.000000000000e+01,1.560000000000e+01,1.519131334600e+00
1.000000000000e+01,1.580000000000e+01,1.508986050653e+00
1.000000000000e+01,1.600000000000e+01,1.499002557554e+00
1.020000000000e+01,3.000000000000e+00,inf
1.020000000000e+01,3.200000000000e+00,inf
1.020000000000e+01,3.400000000000e+00,inf
1.020000000000e+01,3.600000000000e+00,inf
1.020000000000e+01,3.800000000000e+00,inf
1.020000000000e+01,4.000000000000e+00,7.796417548834e+00
1.020000000000e+01,4.200000000000e+00,6.500426049883e+00
1.020000000000e+01,4.400000000000e+00,5.585136144613e+00
1.020000000000e+01,4.600000000000e+00,4.916745708864e+00
1.020000000000e+01,4.800000000000e+00,4.414338001845e+00
1.020000000000e+01,5.000000000000e+00,4.027042928521e+00
1.020000000000e+01,5.200000000000e+00,3.721787611834e+00
1.020000000000e+01,5.400000000000e+00,3.476429388435e+00
1.020000000000e+01,5.600000000000e+00,3.275752455010e+00
1.020000000000e+01,5.800000000000e+00,3.109054008312e+00
1.020000000000e+01,6.000000000000e+00,2.968645310310e+00
1.020000000000e+01,6.200000000000e+00,2.848896240038e+00
1.020000000000e+01,6.400000000000e+00,2.745611755082e+00
1.020000000000e+01,6.600000000000e+00,2.655616131630e+00
1.020000000000e+01,6.800000000000e+00,2.576470227293e+00
1.020000000000e+01,7.000000000000e+00,2.506275675994e+00
1.020000000000e+01,7.200000000000e+00,2.443536982721e+00
1.020000000000e+01,7.400000000000e+00,2.387062866985e+00
1.020000000000e+01,7.600000000000e+00,2.335894651796e+00
1.020000000000e+01,7.800000000000e+00,2.289253576599e+00
1.020000000000e+01,8.000000000000e+00,2.246501542228e+00
1.020000000000e+01,8.200000000000e+00,2.207111518192e+00
1.020000000000e+01,8.400000000000e+00,2.170644988264e+00
1.020000000000e+01,8.600000000000e+00,2.136734583593e+00
1.020000000000e+01,8.800000000000e+00,2.105070581604e+00
1.020000000000e+01,9.000000000000e+00,2.075390315751e+00
1.020000000000e+01,9.200000000000e+00,2.047469798501e+00
1.020000000000e+01,9.400000000000e+00,2.021117042640e+00
1.020000000000e+01,9.600000000000e+00,1.996166697053e+00
1.020000000000e+01,9.800000000000e+00,1.972475708231e+00
1.020000000000e+01,1.000000000000e+01,1.949919788328e+00
1.020000000000e+01,1.020000000000e+01,1.928390522064e+00
1.020000000000e+01,1.040000000000e+01,1.907792983109e+00
1.020000000000e+01,1.060000000000e+01,1.888043759440e+00
1.020000000000e+01,1.080000000000e+01,1.869069308987e+00
1.020000000000e+01,1.100000000000e+01,1.850804583626e+00
1.020000000000e+01,1.120000000000e+01,1.833191872354e+00
1.020000000000e+01,1.140000000000e+01,1.816179824468e+00
1.020000000000e+01,1.160000000000e+01,1.799722621299e+00
1.020000000000e+01,1.180000000000e+01,1.783779271118e+00
1.020000000000e+01,1.200000000000e+01,1.768313006662e+00
1.020000000000e+01,1.220000000000e+01,1.753282920404e+00
1.020000000000e+01,1.240000000000e+01,1.738664299773e+00
1.020000000000e+01,1.260000000000e+01,1.724433397518e+00
1.020000000000e+01,1.280000000000e+01,1.710565822930e+00
1.020000000000e+01,1.300000000000e+01,1.697039445712e+00
1.020000000000e+01,1.320000000000e+01,1.683834144528e+00
1.020000000000e+01,1.340000000000e+01,1.670931587431e+00
1.020000000000e+01,1.360000000000e+01,1.658315039654e+00
1.020000000000e+01,1.380000000000e+01,1.645969194938e+00
1.020000000000e+01,1.400000000000e+01,1.633880027156e+00
1.020000000000e+01,1.420000000000e+01,1.622034659526e+00
1.020000000000e+01,1.440000000000e+01,1.610421249042e+00
1.020000000000e+01,1.460000000000e+01,1.599028884180e+00
1.020000000000e+01,1.480000000000e+01,1.587847494145e+00
1.020000000000e+01,1.500000000000e+01,1.576867768224e+00
1.020000000000e+01,1.520000000000e+01,1.566081083965e+00
1.020000000000e+01,1.540000000000e+01,1.555479443135e+00
1.020000000000e+01,1.560000000000e+01,1.545055414485e+00
1.020000000000e+01,1.580000000000e+01,1.534802082535e+00
1.020000000000e+01,1.600000000000e+01,1.524713001663e+00
1.040000000000e+01,3.000000000000e+00,inf
1.040000000000e+01,3.200000000000e+00,inf
1.040000000000e+01,3.400000000000e+00,inf
1.040000000000e+01,3.600000000000e+00,inf
1.040000000000e+01,3.800000000000e+00,inf
1.040000000000e+01,4.000000000000e+00,inf
1.040000000000e+01,4.200000000000e+00,6.792837579384e+00
1.040000000000e+01,4.400000000000e+00,5.811995337026e+00
1.040000000000e+01,4.600000000000e+00,5.098303829642e+00
1.040000000000e+01,4.800000000000e+00,4.563598264560e+00
1.040000000000e+01,5.000000000000e+00,4.152645117920e+00
1.040000000000e+01,5.200000000000e+00,3.829644287408e+00
1.040000000000e+01,5.400000000000e+00,3.570693007213e+00
1.040000000000e+01,5.600000000000e+00,3.359407421944e+00
1.040000000000e+01,5.800000000000e+00,3.184290217695e+00
1.040000000000e+01,6.000000000000e+00,3.037100123613e+00
1.040000000000e+01,6.200000000000e+00,2.911814959994e+00
1.040000000000e+01,6.400000000000e+00,2.803956327943e+00
1.040000000000e+01,6.600000000000e+00,2.710140219297e+00
1.040000000000e+01,6.800000000000e+00,2.627771985831e+00
1.040000000000e+01,7.000000000000e+00,2.554835477722e+00
1.040000000000e+01,7.200000000000e+00,2.489744792971e+00
1.040000000000e+01,7.400000000000e+00,2.431238397746e+00
1.040000000000e+01,7.600000000000e+00,2.378302396239e+00
1.040000000000e+01,7.800000000000e+00,2.330114164539e+00
1.040000000000e+01,8.000000000000e+00,2.286000416609e+00
1.040000000000e+01,8.200000000000e+00,2.245405636719e+00
1.040000000000e+01,8.400000000000e+00,2.207868052351e+00
1.040000000000e+01,8.600000000000e+00,2.173001157115e+00
1.040000000000e+01,8.800000000000e+00,2.140479364152e+00
1.040000000000e+01,9.000000000000e+00,2.110026765756e+00
1.040000000000e+01,9.200000000000e+00,2.081408251908e+00
1.040000000000e+01,9.400000000000e+00,2.054422436802e+00
1.040000000000e+01,9.600000000000e+00,2.028895983182e+00
1.040000000000e+01,9.800000000000e+00,2.004679016260e+00
1.040000000000e+01,1.000000000000e+01,1.981641393524e+00
1.040000000000e+01,1.020000000000e+01,1.959669651809e+00
1.040000000000e+01,1.040000000000e+01,1.938664493995e+00
1.040000000000e+01,1.060000000000e+01,1.918538708460e+00
1.040000000000e+01,1.080000000000e+01,1.899215437777e+00
1.040000000000e+01,1.100000000000e+01,1.880626730879e+00
1.040000000000e+01,1.120000000000e+01,1.862712326625e+00
1.040000000000e+01,1.140000000000e+01,1.845418627226e+00
1.040000000000e+01,1.160000000000e+01,1.828697828270e+00
1.040000000000e+01,1.180000000000e+01,1.812507178508e+00
1.040000000000e+01,1.200000000000e+01,1.796808347658e+00
1.040000000000e+01,1.220000000000e+01,1.781558943714e+00
1.040000000000e+01,1.240000000000e+01,1.766733072629e+00
1.040000000000e+01,1.260000000000e+01,1.752305913179e+00
1.040000000000e+01,1.280000000000e+01,1.738252079051e+00
1.040000000000e+01,1.300000000000e+01,1.724548546220e+00
1.040000000000e+01,1.320000000000e+01,1.711174389685e+00
1.040000000000e+01,1.340000000000e+01,1.698110553650e+00
1.040000000000e+01,1.360000000000e+01,1.685339650395e+00
1.040000000000e+01,1.380000000000e+01,1.672845783812e+00
1.040000000000e+01,1.400000000000e+01,1.660614394224e+00
1.040000000000e+01,1.420000000000e+01,1.648632121605e+00
1.040000000000e+01,1.440000000000e+01,1.636886684759e+00
1.040000000000e+01,1.460000000000e+01,1.625366774380e+00
1.040000000000e+01,1.480000000000e+01,1.614061958199e+00
1.040000000000e+01,1.500000000000e+01,1.602962596696e+00
1.040000000000e+01,1.520000000000e+01,1.592059768068e+00
1.040000000000e+01,1.540000000000e+01,1.581345201298e+00
1.040000000000e+01,1.560000000000e+01,1.570811216375e+00
1.040000000000e+01,1.580000000000e+01,1.560450670789e+00
1.040000000000e+01,1.600000000000e+01,1.550256911579e+00
1.060000000000e+01,3.000000000000e+00,inf
1.060000000000e+01,3.200000000000e+00,inf
1.060000000000e+01,3.400000000000e+00,inf
1.060000000000e+01,3.600000000000e+00,inf
1.060000000000e+01,3.800000000000e+00,inf
1.060000000000e+01,4.000000000000e+00,inf
1.060000000000e+01,4.200000000000e+00,7.098876910249e+00
1.060000000000e+01,4.400000000000e+00,6.048359527222e+00
1.060000000000e+01,4.600000000000e+00,5.286689090815e+00
1.060000000000e+01,4.800000000000e+00,4.717883859996e+00
1.060000000000e+01,5.000000000000e+00,4.282023451439e+00
1.060000000000e+01,5.200000000000e+00,3.940388348394e+00
1.060000000000e+01,5.400000000000e+00,3.667197116400e+00
1.060000000000e+01,5.600000000000e+00,3.444822342109e+00
1.060000000000e+01,5.800000000000e+00,3.260922793662e+00
1.060000000000e+01,6.000000000000e+00,3.106671565108e+00
1.060000000000e+01,6.200000000000e+00,2.975631770685e+00
1.060000000000e+01,6.400000000000e+00,2.863025865398e+00
1.060000000000e+01,6.600000000000e+00,2.765250356934e+00
1.060000000000e+01,6.800000000000e+00,2.679547019903e+00
1.060000000000e+01,7.000000000000e+00,2.603776017708e+00
1.060000000000e+01,7.200000000000e+00,2.536256664527e+00
1.060000000000e+01,7.400000000000e+00,2.475653886127e+00
1.060000000000e+01,7.600000000000e+00,2.420896069482e+00
1.060000000000e+01,7.800000000000e+00,2.371114806890e+00
1.060000000000e+01,8.000000000000e+00,2.325600133591e+00
1.060000000000e+01,8.200000000000e+00,2.283766878122e+00
1.060000000000e+01,8.400000000000e+00,2.245129084657e+00
1.060000000000e+01,8.600000000000e+00,2.209280368556e+00
1.060000000000e+01,8.800000000000e+00,2.175878681851e+00
1.060000000000e+01,9.000000000000e+00,2.144634390946e+00
1.060000000000e+01,9.200000000000e+00,2.115300866665e+00
1.060000000000e+01,9.400000000000e+00,2.087666997666e+00
1.060000000000e+01,9.600000000000e+00,2.061551189226e+00
1.060000000000e+01,9.800000000000e+00,2.036796518631e+00
1.060000000000e+01,1.000000000000e+01,2.013266798193e+00
1.060000000000e+01,1.020000000000e+01,1.990843355776e+00
1.060000000000e+01,1.040000000000e+01,1.969422386465e+00
1.060000000000e+01,1.060000000000e+01,1.948912761892e+00
1.060000000000e+01,1.080000000000e+01,1.929234208565e+00
1.060000000000e+01,1.100000000000e+01,1.910315785475e+00
1.060000000000e+01,1.120000000000e+01,1.892094605805e+00
1.060000000000e+01,1.140000000000e+01,1.874514758804e+00
1.060000000000e+01,1.160000000000e+01,1.857526396607e+00
1.060000000000e+01,1.180000000000e+01,1.841084957671e+00
1.060000000000e+01,1.200000000000e+01,1.825150503850e+00
1.060000000000e+01,1.220000000000e+01,1.809679119748e+00
1.060000000000e+01,1.240000000000e+01,1.794643693946e+00
1.060000000000e+01,1.260000000000e+01,1.780018299311e+00
1.060000000000e+01,1.280000000000e+01,1.765776525590e+00
1.060000000000e+01,1.300000000000e+01,1.751894429560e+00
1.060000000000e+01,1.320000000000e+01,1.738350259588e+00
1.060000000000e+01,1.340000000000e+01,1.725124215266e+00
1.060000000000e+01,1.360000000000e+01,1.712198237092e+00
1.060000000000e+01,1.380000000000e+01,1.699555822003e+00
1.060000000000e+01,1.400000000000e+01,1.687181861182e+00
1.060000000000e+01,1.420000000000e+01,1.675062497130e+00
1.060000000000e+01,1.440000000000e+01,1.663184997441e+00
1.060000000000e+01,1.460000000000e+01,1.651537643091e+00
1.060000000000e+01,1.480000000000e+01,1.640109629375e+00
1.060000000000e+01,1.500000000000e+01,1.628890977888e+00
1.060000000000e+01,1.520000000000e+01,1.617872458180e+00
1.060000000000e+01,1.540000000000e+01,1.607045517883e+00
1.060000000000e+01,1.560000000000e+01,1.596402220305e+00
1.060000000000e+01,1.580000000000e+01,1.585935188581e+00
1.060000000000e+01,1.600000000000e+01,1.575637555627e+00
1.080000000000e+01,3.000000000000e+00,inf
1.080000000000e+01,3.200000000000e+00,inf
1.080000000000e+01,3.400000000000e+00,inf
1.080000000000e+01,3.600000000000e+00,inf
1.080000000000e+01,3.800000000000e+00,inf
1.080000000000e+01,4.000000000000e+00,inf
1.080000000000e+01,4.200000000000e+00,7.419202773912e+00
1.080000000000e+01,4.400000000000e+00,6.294656214805e+00
1.080000000000e+01,4.600000000000e+00,5.482190005961e+00
1.080000000000e+01,4.800000000000e+00,4.877396085270e+00
1.080000000000e+01,5.000000000000e+00,4.415322490453e+00
1.080000000000e+01,5.200000000000e+00,4.054126327614e+00
1.080000000000e+01,5.400000000000e+00,3.766022111749e+00
1.080000000000e+01,5.600000000000e+00,3.532059258259e+00
1.080000000000e+01,5.800000000000e+00,3.339000648419e+00
1.080000000000e+01,6.000000000000e+00,3.177398994613e+00
1.080000000000e+01,6.200000000000e+00,3.040378976241e+00
1.080000000000e+01,6.400000000000e+00,2.922847386354e+00
1.080000000000e+01,6.600000000000e+00,2.820969552044e+00
1.080000000000e+01,6.800000000000e+00,2.731815254246e+00
1.080000000000e+01,7.000000000000e+00,2.653114823105e+00
1.080000000000e+01,7.200000000000e+00,2.583088238115e+00
1.080000000000e+01,7.400000000000e+00,2.520323471630e+00
1.080000000000e+01,7.600000000000e+00,2.463688602801e+00
1.080000000000e+01,7.800000000000e+00,2.412267451472e+00
1.080000000000e+01,8.000000000000e+00,2.365311831323e+00
1.080000000000e+01,8.200000000000e+00,2.322205706206e+00
1.080000000000e+01,8.400000000000e+00,2.282437980730e+00
1.080000000000e+01,8.600000000000e+00,2.245581628878e+00
1.080000000000e+01,8.800000000000e+00,2.211277527434e+00
1.080000000000e+01,9.000000000000e+00,2.179221818732e+00
1.080000000000e+01,9.200000000000e+00,2.149155947258e+00
1.080000000000e+01,9.400000000000e+00,2.120858740923e+00
1.080000000000e+01,9.600000000000e+00,2.094140069685e+00
1.080000000000e+01,9.800000000000e+00,2.068835731084e+00
1.080000000000e+01,1.000000000000e+01,2.044803297633e+00
1.080000000000e+01,1.020000000000e+01,2.021918723841e+00
1.080000000000e+01,1.040000000000e+01,2.000073557372e+00
1.080000000000e+01,1.060000000000e+01,1.979172633853e+00
1.080000000000e+01,1.080000000000e+01,1.959132161327e+00
1.080000000000e+01,1.100000000000e+01,1.939878120473e+00
1.080000000000e+01,1.120000000000e+01,1.921344922177e+00
1.080000000000e+01,1.140000000000e+01,1.903474275963e+00
1.080000000000e+01,1.160000000000e+01,1.886214232099e+00
1.080000000000e+01,1.180000000000e+01,1.869518367409e+00
1.080000000000e+01,1.200000000000e+01,1.853345090580e+00
1.080000000000e+01,1.220000000000e+01,1.837648923507e+00
1.080000000000e+01,1.240000000000e+01,1.822401501248e+00
1.080000000000e+01,1.260000000000e+01,1.807575758612e+00
1.080000000000e+01,1.280000000000e+01,1.793144232892e+00
1.080000000000e+01,1.300000000000e+01,1.779082036051e+00
1.080000000000e+01,1.320000000000e+01,1.765366566754e+00
1.080000000000e+01,1.340000000000e+01,1.751977259126e+00
1.080000000000e+01,1.360000000000e+01,1.738895362996e+00
1.080000000000e+01,1.380000000000e+01,1.726103751187e+00
1.080000000000e+01,1.400000000000e+01,1.713586750117e+00
1.080000000000e+01,1.420000000000e+01,1.701329990557e+00
1.080000000000e+01,1.440000000000e+01,1.689320275848e+00
1.080000000000e+01,1.460000000000e+01,1.677545465298e+00
1.080000000000e+01,1.480000000000e+01,1.665994370795e+00
1.080000000000e+01,1.500000000000e+01,1.654656664959e+00
1.080000000000e+01,1.520000000000e+01,1.643522799397e+00
1.080000000000e+01,1.540000000000e+01,1.632583931813e+00
1.080000000000e+01,1.560000000000e+01,1.621831860909e+00
1.080000000000e+01,1.580000000000e+01,1.611258968134e+00
1.080000000000e+01,1.600000000000e+01,1.600858165493e+00
1.100000000000e+01,3.000000000000e+00,inf
1.100000000000e+01,3.200000000000e+00,inf
1.100000000000e+01,3.400000000000e+00,inf
1.100000000000e+01,3.600000000000e+00,inf
1.100000000000e+01,3.800000000000e+00,inf
1.100000000000e+01,4.000000000000e+00,inf
1.100000000000e+01,4.200000000000e+00,7.754503052179e+00
1.100000000000e+01,4.400000000000e+00,6.551329759873e+00
1.100000000000e+01,4.600000000000e+00,5.685105279831e+00
1.100000000000e+01,4.800000000000e+00,5.042342624527e+00
1.100000000000e+01,5.000000000000e+00,4.552690909617e+00
1.100000000000e+01,5.200000000000e+00,4.170967453874e+00
1.100000000000e+01,5.400000000000e+00,3.867250169284e+00
1.100000000000e+01,5.600000000000e+00,3.621181384020e+00
1.100000000000e+01,5.800000000000e+00,3.418573449680e+00
1.100000000000e+01,6.000000000000e+00,3.249322238819e+00
1.100000000000e+01,6.200000000000e+00,3.106089143960e+00
1.100000000000e+01,6.400000000000e+00,2.983448027321e+00
1.100000000000e+01,6.600000000000e+00,2.877320824724e+00
1.100000000000e+01,6.800000000000e+00,2.784596549926e+00
1.100000000000e+01,7.000000000000e+00,2.702869301813e+00
1.100000000000e+01,7.200000000000e+00,2.630254994706e+00
1.100000000000e+01,7.400000000000e+00,2.565261104646e+00
1.100000000000e+01,7.600000000000e+00,2.506692717335e+00
1.100000000000e+01,7.800000000000e+00,2.453583821240e+00
1.100000000000e+01,8.000000000000e+00,2.405146413170e+00
1.100000000000e+01,8.200000000000e+00,2.360732343797e+00
1.100000000000e+01,8.400000000000e+00,2.319804391832e+00
1.100000000000e+01,8.600000000000e+00,2.281914103713e+00
1.100000000000e+01,8.800000000000e+00,2.246684649054e+00
1.100000000000e+01,9.000000000000e+00,2.213797434118e+00
1.100000000000e+01,9.200000000000e+00,2.182981559062e+00
1.100000000000e+01,9.400000000000e+00,2.154005447354e+00
1.100000000000e+01,9.600000000000e+00,2.126670149068e+00
1.100000000000e+01,9.800000000000e+00,2.100803944857e+00
1.100000000000e+01,1.000000000000e+01,2.076257968569e+00
1.100000000000e+01,1.020000000000e+01,2.052902633595e+00
1.100000000000e+01,1.040000000000e+01,2.030624697834e+00
1.100000000000e+01,1.060000000000e+01,2.009324839468e+00
1.100000000000e+01,1.080000000000e+01,1.988915643928e+00
1.100000000000e+01,1.100000000000e+01,1.969319923805e+00
1.100000000000e+01,1.120000000000e+01,1.950469309919e+00
1.100000000000e+01,1.140000000000e+01,1.932303064403e+00
1.100000000000e+01,1.160000000000e+01,1.914767076499e+00
1.100000000000e+01,1.180000000000e+01,1.897813009469e+00
1.100000000000e+01,1.200000000000e+01,1.881397573056e+00
1.100000000000e+01,1.220000000000e+01,1.865473686706e+00
1.100000000000e+01,1.240000000000e+01,1.850011695519e+00
1.100000000000e+01,1.260000000000e+01,1.834983363879e+00
1.100000000000e+01,1.280000000000e+01,1.820360147917e+00
1.100000000000e+01,1.300000000000e+01,1.806116189024e+00
1.100000000000e+01,1.320000000000e+01,1.792228012962e+00
1.100000000000e+01,1.340000000000e+01,1.778674267454e+00
1.100000000000e+01,1.360000000000e+01,1.765435492699e+00
1.100000000000e+01,1.380000000000e+01,1.752493920194e+00
1.100000000000e+01,1.400000000000e+01,1.739833295929e+00
1.100000000000e+01,1.420000000000e+01,1.727438724656e+00
1.100000000000e+01,1.440000000000e+01,1.715296532404e+00
1.100000000000e+01,1.460000000000e+01,1.703394144847e+00
1.100000000000e+01,1.480000000000e+01,1.691719979482e+00
1.100000000000e+01,1.500000000000e+01,1.680263349855e+00
1.100000000000e+01,1.520000000000e+01,1.669014380330e+00
1.100000000000e+01,1.540000000000e+01,1.657963930101e+00
1.100000000000e+01,1.560000000000e+01,1.647103525338e+00
1.100000000000e+01,1.580000000000e+01,1.636425298471e+00
1.100000000000e+01,1.600000000000e+01,1.625921933799e+00
1.120000000000e+01,3.000000000000e+00,inf
1.120000000000e+01,3.200000000000e+00,inf
1.120000000000e+01,3.400000000000e+00,inf
1.120000000000e+01,3.600000000000e+00,inf
1.120000000000e+01,3.800000000000e+00,inf
1.120000000000e+01,4.000000000000e+00,inf
1.120000000000e+01,4.200000000000e+00,8.105496188105e+00
1.120000000000e+01,4.400000000000e+00,6.818842120894e+00
1.120000000000e+01,4.600000000000e+00,5.895744213719e+00
1.120000000000e+01,4.800000000000e+00,5.212937784888e+00
1.120000000000e+01,5.000000000000e+00,4.694281643761e+00
1.120000000000e+01,5.200000000000e+00,4.291023750270e+00
1.120000000000e+01,5.400000000000e+00,3.970965315874e+00
1.120000000000e+01,5.600000000000e+00,3.712253157847e+00
1.120000000000e+01,5.800000000000e+00,3.499691664147e+00
1.120000000000e+01,6.000000000000e+00,3.322481627861e+00
1.120000000000e+01,6.200000000000e+00,3.172795136108e+00
1.120000000000e+01,6.400000000000e+00,3.044855070795e+00
1.120000000000e+01,6.600000000000e+00,2.934327233481e+00
1.120000000000e+01,6.800000000000e+00,2.837910728164e+00
1.120000000000e+01,7.000000000000e+00,2.753056764693e+00
1.120000000000e+01,7.200000000000e+00,2.677772276384e+00
1.120000000000e+01,7.400000000000e+00,2.610480566149e+00
1.120000000000e+01,7.600000000000e+00,2.549920942729e+00
1.120000000000e+01,7.800000000000e+00,2.495075431966e+00
1.120000000000e+01,8.000000000000e+00,2.445114564509e+00
1.120000000000e+01,8.200000000000e+00,2.399356788677e+00
1.120000000000e+01,8.400000000000e+00,2.357237740054e+00
1.120000000000e+01,8.600000000000e+00,2.318286727690e+00
1.120000000000e+01,8.800000000000e+00,2.282108563841e+00
1.120000000000e+01,9.000000000000e+00,2.248369392504e+00
1.120000000000e+01,9.200000000000e+00,2.216785540423e+00
1.120000000000e+01,9.400000000000e+00,2.187114674195e+00
1.120000000000e+01,9.600000000000e+00,2.159148732561e+00
1.120000000000e+01,9.800000000000e+00,2.132708236671e+00
1.120000000000e+01,1.000000000000e+01,2.107637678487e+00
1.120000000000e+01,1.020000000000e+01,2.083801759029e+00
1.120000000000e+01,1.040000000000e+01,2.061082301291e+00
1.120000000000e+01,1.060000000000e+01,2.039375702330e+00
1.120000000000e+01,1.080000000000e+01,2.018590819002e+00
1.120000000000e+01,1.100000000000e+01,1.998647204576e+00
1.120000000000e+01,1.120000000000e+01,1.979473630868e+00
1.120000000000e+01,1.140000000000e+01,1.961006843993e+00
1.120000000000e+01,1.160000000000e+01,1.943190512249e+00
1.120000000000e+01,1.180000000000e+01,1.925974332787e+00
1.120000000000e+01,1.200000000000e+01,1.909313270131e+00
1.120000000000e+01,1.220000000000e+01,1.893158601096e+00
1.120000000000e+01,1.240000000000e+01,1.877479344102e+00
1.120000000000e+01,1.260000000000e+01,1.862246060498e+00
1.120000000000e+01,1.280000000000e+01,1.847429096346e+00
1.120000000000e+01,1.300000000000e+01,1.833001596537e+00
1.120000000000e+01,1.320000000000e+01,1.818939190620e+00
1.120000000000e+01,1.340000000000e+01,1.805219718875e+00
1.120000000000e+01,1.360000000000e+01,1.791822992837e+00
1.120000000000e+01,1.380000000000e+01,1.778730585406e+00
1.120000000000e+01,1.400000000000e+01,1.765925646440e+00
1.120000000000e+01,1.420000000000e+01,1.753392740355e+00
1.120000000000e+01,1.440000000000e+01,1.741117702780e+00
1.120000000000e+01,1.460000000000e+01,1.729087513774e+00
1.120000000000e+01,1.480000000000e+01,1.717290185453e+00
1.120000000000e+01,1.500000000000e+01,1.705714662180e+00
1.120000000000e+01,1.520000000000e+01,1.694350731769e+00
1.120000000000e+01,1.540000000000e+01,1.683188946325e+00
1.120000000000e+01,1.560000000000e+01,1.672220551553e+00
1.120000000000e+01,1.580000000000e+01,1.661437423529e+00
1.120000000000e+01,1.600000000000e+01,1.650832012050e+00
1.140000000000e+01,3.000000000000e+00,inf
1.140000000000e+01,3.200000000000e+00,inf
1.140000000000e+01,3.400000000000e+00,inf
1.140000000000e+01,3.600000000000e+00,inf
1.140000000000e+01,3.800000000000e+00,inf
1.140000000000e+01,4.000000000000e+00,inf
1.140000000000e+01,4.200000000000e+00,8.472932665480e+00
1.140000000000e+01,4.400000000000e+00,7.097673625971e+00
1.140000000000e+01,4.600000000000e+00,6.114427126988e+00
1.140000000000e+01,4.800000000000e+00,5.389402739777e+00
1.140000000000e+01,5.000000000000e+00,4.840252037678e+00
1.140000000000e+01,5.200000000000e+00,4.414410133108e+00
1.140000000000e+01,5.400000000000e+00,4.077253499310e+00
1.140000000000e+01,5.600000000000e+00,3.805340295948e+00
1.140000000000e+01,5.800000000000e+00,3.582406599722e+00
1.140000000000e+01,6.000000000000e+00,3.396918030520e+00
1.140000000000e+01,6.200000000000e+00,3.240530140330e+00
1.140000000000e+01,6.400000000000e+00,3.107095972249e+00
1.140000000000e+01,6.600000000000e+00,2.992011899705e+00
1.140000000000e+01,6.800000000000e+00,2.891777592862e+00
1.140000000000e+01,7.000000000000e+00,2.803694446541e+00
1.140000000000e+01,7.200000000000e+00,2.725655306026e+00
1.140000000000e+01,7.400000000000e+00,2.655995486267e+00
1.140000000000e+01,7.600000000000e+00,2.593385634729e+00
1.140000000000e+01,7.800000000000e+00,2.536753608942e+00
1.140000000000e+01,8.000000000000e+00,2.485226768584e+00
1.140000000000e+01,8.200000000000e+00,2.438088828660e+00
1.140000000000e+01,8.400000000000e+00,2.394747232642e+00
1.140000000000e+01,8.600000000000e+00,2.354708218038e+00
1.140000000000e+01,8.800000000000e+00,2.317557570801e+00
1.140000000000e+01,9.000000000000e+00,2.282945631899e+00
1.140000000000e+01,9.200000000000e+00,2.250575514191e+00
1.140000000000e+01,9.400000000000e+00,2.220193766025e+00
1.140000000000e+01,9.600000000000e+00,2.191582916275e+00
1.140000000000e+01,9.800000000000e+00,2.164555478359e+00
1.140000000000e+01,1.000000000000e+01,2.138949094646e+00
1.140000000000e+01,1.020000000000e+01,2.114622578953e+00
1.140000000000e+01,1.040000000000e+01,2.091452671354e+00
1.140000000000e+01,1.060000000000e+01,2.069331361780e+00
1.140000000000e+01,1.080000000000e+01,2.048163670689e+00
1.140000000000e+01,1.100000000000e+01,2.027865799284e+00
1.140000000000e+01,1.120000000000e+01,2.008363580217e+00
1.140000000000e+01,1.140000000000e+01,1.989591173982e+00
1.140000000000e+01,1.160000000000e+01,1.971489967214e+00
1.140000000000e+01,1.180000000000e+01,1.954007637761e+00
1.140000000000e+01,1.200000000000e+01,1.937097358136e+00
1.140000000000e+01,1.220000000000e+01,1.920708721884e+00
1.140000000000e+01,1.240000000000e+01,1.904809383711e+00
1.140000000000e+01,1.260000000000e+01,1.889368669067e+00
1.140000000000e+01,1.280000000000e+01,1.874355784826e+00
1.140000000000e+01,1.300000000000e+01,1.859742853288e+00
1.140000000000e+01,1.320000000000e+01,1.845504584335e+00
1.140000000000e+01,1.340000000000e+01,1.831617989663e+00
1.140000000000e+01,1.360000000000e+01,1.818062133028e+00
1.140000000000e+01,1.380000000000e+01,1.804817911405e+00
1.140000000000e+01,1.400000000000e+01,1.791867862769e+00
1.140000000000e+01,1.420000000000e+01,1.779195996842e+00
1.140000000000e+01,1.440000000000e+01,1.766787645746e+00
1.140000000000e+01,1.460000000000e+01,1.754629331930e+00
1.140000000000e+01,1.480000000000e+01,1.742708651119e+00
1.140000000000e+01,1.500000000000e+01,1.731014168382e+00
1.140000000000e+01,1.520000000000e+01,1.719535325675e+00
1.140000000000e+01,1.540000000000e+01,1.708262359423e+00
1.140000000000e+01,1.560000000000e+01,1.697186226940e+00
1.140000000000e+01,1.580000000000e+01,1.686298540610e+00
1.140000000000e+01,1.600000000000e+01,1.675591508936e+00
1.160000000000e+01,3.000000000000e+00,inf
1.160000000000e+01,3.200000000000e+00,inf
1.160000000000e+01,3.400000000000e+00,inf
1.160000000000e+01,3.600000000000e+00,inf
1.160000000000e+01,3.800000000000e+00,inf
1.160000000000e+01,4.000000000000e+00,inf
1.160000000000e+01,4.200000000000e+00,8.857596559743e+00
1.160000000000e+01,4.400000000000e+00,7.388323778973e+00
1.160000000000e+01,4.600000000000e+00,6.341485795669e+00
1.160000000000e+01,4.800000000000e+00,5.571965780225e+00
1.160000000000e+01,5.000000000000e+00,4.990763999199e+00
1.160000000000e+01,5.200000000000e+00,4.541244511751e+00
1.160000000000e+01,5.400000000000e+00,4.186202658124e+00
1.160000000000e+01,5.600000000000e+00,3.900509844357e+00
1.160000000000e+01,5.800000000000e+00,3.666770446604e+00
1.160000000000e+01,6.000000000000e+00,3.472672888189e+00
1.160000000000e+01,6.200000000000e+00,3.309327698791e+00
1.160000000000e+01,6.400000000000e+00,3.170198385868e+00
1.160000000000e+01,6.600000000000e+00,3.050398030897e+00
1.160000000000e+01,6.800000000000e+00,2.946216951927e+00
1.160000000000e+01,7.000000000000e+00,2.854799525899e+00
1.160000000000e+01,7.200000000000e+00,2.773919205881e+00
1.160000000000e+01,7.400000000000e+00,2.701819361815e+00
1.160000000000e+01,7.600000000000e+00,2.637098991781e+00
1.160000000000e+01,7.800000000000e+00,2.578629502740e+00
1.160000000000e+01,8.000000000000e+00,2.525493321515e+00
1.160000000000e+01,8.200000000000e+00,2.476938055868e+00
1.160000000000e+01,8.400000000000e+00,2.432341875577e+00
1.160000000000e+01,8.600000000000e+00,2.391187087495e+00
1.160000000000e+01,8.800000000000e+00,2.353039763079e+00
1.160000000000e+01,9.000000000000e+00,2.317533884559e+00
1.160000000000e+01,9.200000000000e+00,2.284358898750e+00
1.160000000000e+01,9.400000000000e+00,2.253249865184e+00
1.160000000000e+01,9.600000000000e+00,2.223979597078e+00
1.160000000000e+01,9.800000000000e+00,2.196352346118e+00
1.160000000000e+01,1.000000000000e+01,2.170198692777e+00
1.160000000000e+01,1.020000000000e+01,2.145371385147e+00
1.160000000000e+01,1.040000000000e+01,2.121741929415e+00
1.160000000000e+01,1.060000000000e+01,2.099197780003e+00
1.160000000000e+01,1.080000000000e+01,2.077640011220e+00
1.160000000000e+01,1.100000000000e+01,2.056981377909e+00
1.160000000000e+01,1.120000000000e+01,2.037144692142e+00
1.160000000000e+01,1.140000000000e+01,2.018061458163e+00
1.160000000000e+01,1.160000000000e+01,1.999670719405e+00
1.160000000000e+01,1.180000000000e+01,1.981918080550e+00
1.160000000000e+01,1.200000000000e+01,1.964754874768e+00
1.160000000000e+01,1.220000000000e+01,1.948128971218e+00
1.160000000000e+01,1.240000000000e+01,1.932006623535e+00
1.160000000000e+01,1.260000000000e+01,1.916355888141e+00
1.160000000000e+01,1.280000000000e+01,1.901144803369e+00
1.160000000000e+01,1.300000000000e+01,1.886344442663e+00
1.160000000000e+01,1.320000000000e+01,1.871928572643e+00
1.160000000000e+01,1.340000000000e+01,1.857873355168e+00
1.160000000000e+01,1.360000000000e+01,1.844157087014e+00
1.160000000000e+01,1.380000000000e+01,1.830759971837e+00
1.160000000000e+01,1.400000000000e+01,1.817663919922e+00
1.160000000000e+01,1.420000000000e+01,1.804852371911e+00
1.160000000000e+01,1.440000000000e+01,1.792310143284e+00
1.160000000000e+01,1.460000000000e+01,1.780023286858e+00
1.160000000000e+01,1.480000000000e+01,1.767978970951e+00
1.160000000000e+01,1.500000000000e+01,1.756165371219e+00
1.160000000000e+01,1.520000000000e+01,1.744571574443e+00
1.160000000000e+01,1.540000000000e+01,1.733187492782e+00
1.160000000000e+01,1.560000000000e+01,1.722003787224e+00
1.160000000000e+01,1.580000000000e+01,1.711011799132e+00
1.160000000000e+01,1.600000000000e+01,1.700203488917e+00
1.180000000000e+01,3.000000000000e+00,inf
1.180000000000e+01,3.200000000000e+00,inf
1.180000000000e+01,3.400000000000e+00,inf
1.180000000000e+01,3.600000000000e+00,inf
1.180000000000e+01,3.800000000000e+00,inf
1.180000000000e+01,4.000000000000e+00,inf
1.180000000000e+01,4.200000000000e+00,inf
1.180000000000e+01,4.400000000000e+00,7.691312101970e+00
1.180000000000e+01,4.600000000000e+00,6.577263908998e+00
1.180000000000e+01,4.800000000000e+00,5.760862574756e+00
1.180000000000e+01,5.000000000000e+00,5.145984155992e+00
1.180000000000e+01,5.200000000000e+00,4.671647889682e+00
1.180000000000e+01,5.400000000000e+00,4.297902791350e+00
1.180000000000e+01,5.600000000000e+00,3.997830230359e+00
1.180000000000e+01,5.800000000000e+00,3.752836317419e+00
1.180000000000e+01,6.000000000000e+00,3.549788247748e+00
1.180000000000e+01,6.200000000000e+00,3.379221736165e+00
1.180000000000e+01,6.400000000000e+00,3.234190189123e+00
1.180000000000e+01,6.600000000000e+00,3.109508942762e+00
1.180000000000e+01,6.800000000000e+00,3.001248637493e+00
1.180000000000e+01,7.000000000000e+00,2.906389143818e+00
1.180000000000e+01,7.200000000000e+00,2.822579015131e+00
1.180000000000e+01,7.400000000000e+00,2.747965572841e+00
1.180000000000e+01,7.600000000000e+00,2.681073070714e+00
1.180000000000e+01,7.800000000000e+00,2.620714104122e+00
1.180000000000e+01,8.000000000000e+00,2.565924346469e+00
1.180000000000e+01,8.200000000000e+00,2.515913880240e+00
1.180000000000e+01,8.400000000000e+00,2.470030486446e+00
1.180000000000e+01,8.600000000000e+00,2.427731656568e+00
1.180000000000e+01,8.800000000000e+00,2.388563039629e+00
1.180000000000e+01,9.000000000000e+00,2.352141688072e+00
1.180000000000e+01,9.200000000000e+00,2.318142918534e+00
1.180000000000e+01,9.400000000000e+00,2.286289921742e+00
1.180000000000e+01,9.600000000000e+00,2.256345482020e+00
1.180000000000e+01,9.800000000000e+00,2.228105329406e+00
1.180000000000e+01,1.000000000000e+01,2.201392765453e+00
1.180000000000e+01,1.020000000000e+01,2.176054290231e+00
1.180000000000e+01,1.040000000000e+01,2.151956022025e+00
1.180000000000e+01,1.060000000000e+01,2.128980748918e+00
1.180000000000e+01,1.080000000000e+01,2.107025487347e+00
1.180000000000e+01,1.100000000000e+01,2.085999449890e+00
1.180000000000e+01,1.120000000000e+01,2.065822345327e+00
1.180000000000e+01,1.140000000000e+01,2.046422949975e+00
1.180000000000e+01,1.160000000000e+01,2.027737901661e+00
1.180000000000e+01,1.180000000000e+01,2.009710677354e+00
1.180000000000e+01,1.200000000000e+01,1.992290722981e+00
1.180000000000e+01,1.220000000000e+01,1.975424141712e+00
1.180000000000e+01,1.240000000000e+01,1.959075748408e+00
1.180000000000e+01,1.260000000000e+01,1.943212297047e+00
1.180000000000e+01,1.280000000000e+01,1.927800627842e+00
1.180000000000e+01,1.300000000000e+01,1.912810738914e+00
1.180000000000e+01,1.320000000000e+01,1.898215429884e+00
1.180000000000e+01,1.340000000000e+01,1.883989991400e+00
1.180000000000e+01,1.360000000000e+01,1.870111933964e+00
1.180000000000e+01,1.380000000000e+01,1.856560750446e+00
1.180000000000e+01,1.400000000000e+01,1.843317707586e+00
1.180000000000e+01,1.420000000000e+01,1.830365662513e+00
1.180000000000e+01,1.440000000000e+01,1.817688900900e+00
1.180000000000e+01,1.460000000000e+01,1.805272993894e+00
1.180000000000e+01,1.480000000000e+01,1.793104671375e+00
1.180000000000e+01,1.500000000000e+01,1.781171709454e+00
1.180000000000e+01,1.520000000000e+01,1.769462830418e+00
1.180000000000e+01,1.540000000000e+01,1.757967613568e+00
1.180000000000e+01,1.560000000000e+01,1.746676415641e+00
1.180000000000e+01,1.580000000000e+01,1.735580299640e+00
1.180000000000e+01,1.600000000000e+01,1.724670971094e+00
1.200000000000e+01,3.000000000000e+00,inf
1.200000000000e+01,3.200000000000e+00,inf
1.200000000000e+01,3.400000000000e+00,inf
1.200000000000e+01,3.600000000000e+00,inf
1.200000000000e+01,3.800000000000e+00,inf
1.200000000000e+01,4.000000000000e+00,inf
1.200000000000e+01,4.200000000000e+00,inf
1.200000000000e+01,4.400000000000e+00,8.007179015433e+00
1.200000000000e+01,4.600000000000e+00,6.822117544768e+00
1.200000000000e+01,4.800000000000e+00,5.956336438412e+00
1.200000000000e+01,5.000000000000e+00,5.306084016466e+00
1.200000000000e+01,5.200000000000e+00,4.805744467046e+00
1.200000000000e+01,5.400000000000e+00,4.412446028453e+00
1.200000000000e+01,5.600000000000e+00,4.097371313384e+00
1.200000000000e+01,5.800000000000e+00,3.840658286529e+00
1.200000000000e+01,6.000000000000e+00,3.628306793458e+00
1.200000000000e+01,6.200000000000e+00,3.450246586592e+00
1.200000000000e+01,6.400000000000e+00,3.299099506297e+00
1.200000000000e+01,6.600000000000e+00,3.169368080263e+00
1.200000000000e+01,6.800000000000e+00,3.056892525117e+00
1.200000000000e+01,7.000000000000e+00,2.958480421611e+00
1.200000000000e+01,7.200000000000e+00,2.871649706501e+00
1.200000000000e+01,7.400000000000e+00,2.794447398283e+00
1.200000000000e+01,7.600000000000e+00,2.725319801564e+00
1.200000000000e+01,7.800000000000e+00,2.663018258116e+00
1.200000000000e+01,8.000000000000e+00,2.606529807083e+00
1.200000000000e+01,8.200000000000e+00,2.555025542320e+00
1.200000000000e+01,8.400000000000e+00,2.507821706646e+00
1.200000000000e+01,8.600000000000e+00,2.464350065169e+00
1.200000000000e+01,8.800000000000e+00,2.424135116291e+00
1.200000000000e+01,9.000000000000e+00,2.386776395910e+00
1.200000000000e+01,9.200000000000e+00,2.351934614059e+00
1.200000000000e+01,9.400000000000e+00,2.319320703025e+00
1.200000000000e+01,9.600000000000e+00,2.288687097363e+00
1.200000000000e+01,9.800000000000e+00,2.259820739484e+00
1.200000000000e+01,1.000000000000e+01,2.232537430159e+00
1.200000000000e+01,1.020000000000e+01,2.206677235257e+00
1.200000000000e+01,1.040000000000e+01,2.182100728029e+00
1.200000000000e+01,1.060000000000e+01,2.158685896874e+00
1.200000000000e+01,1.080000000000e+01,2.136325586591e+00
1.200000000000e+01,1.100000000000e+01,2.114925369950e+00
1.200000000000e+01,1.120000000000e+01,2.094401768384e+00
1.200000000000e+01,1.140000000000e+01,2.074680757513e+00
1.200000000000e+01,1.160000000000e+01,2.055696506282e+00
1.200000000000e+01,1.180000000000e+01,2.037390308668e+00
1.200000000000e+01,1.200000000000e+01,2.019709674880e+00
1.200000000000e+01,1.220000000000e+01,2.002598899988e+00
1.200000000000e+01,1.240000000000e+01,1.986021322008e+00
1.200000000000e+01,1.260000000000e+01,1.969942358770e+00
1.200000000000e+01,1.280000000000e+01,1.954327622530e+00
1.200000000000e+01,1.300000000000e+01,1.939146009429e+00
1.200000000000e+01,1.320000000000e+01,1.924369328182e+00
1.200000000000e+01,1.340000000000e+01,1.909971976733e+00
1.200000000000e+01,1.360000000000e+01,1.895930659917e+00
1.200000000000e+01,1.380000000000e+01,1.882224142270e+00
1.200000000000e+01,1.400000000000e+01,1.868833031076e+00
1.200000000000e+01,1.420000000000e+01,1.855739585474e+00
1.200000000000e+01,1.440000000000e+01,1.842927548132e+00
1.200000000000e+01,1.460000000000e+01,1.830381996465e+00
1.200000000000e+01,1.480000000000e+01,1.818089210866e+00
1.200000000000e+01,1.500000000000e+01,1.806036557764e+00
1.200000000000e+01,1.520000000000e+01,1.794212385622e+00
1.200000000000e+01,1.540000000000e+01,1.782605932295e+00
1.200000000000e+01,1.560000000000e+01,1.771207242334e+00
1.200000000000e+01,1.580000000000e+01,1.760007093051e+00
1.200000000000e+01,1.600000000000e+01,1.748996928306e+00
1.220000000000e+01,3.000000000000e+00,inf
1.220000000000e+01,3.200000000000e+00,inf
1.220000000000e+01,3.400000000000e+00,inf
1.220000000000e+01,3.600000000000e+00,inf
1.220000000000e+01,3.800000000000e+00,inf
1.220000000000e+01,4.000000000000e+00,inf
1.220000000000e+01,4.200000000000e+00,inf
1.220000000000e+01,4.400000000000e+00,8.336486757666e+00
1.220000000000e+01,4.600000000000e+00,7.076415664321e+00
1.220000000000e+01,4.800000000000e+00,6.158638611476e+00
1.220000000000e+01,5.000000000000e+00,5.471240135159e+00
1.220000000000e+01,5.200000000000e+00,4.943661744972e+00
1.220000000000e+01,5.400000000000e+00,4.529926699612e+00
1.220000000000e+01,5.600000000000e+00,4.199204435569e+00
1.220000000000e+01,5.800000000000e+00,3.930291428623e+00
1.220000000000e+01,6.000000000000e+00,3.708271877984e+00
1.220000000000e+01,6.200000000000e+00,3.522437019685e+00
1.220000000000e+01,6.400000000000e+00,3.364954731044e+00
1.220000000000e+01,6.600000000000e+00,3.229999037705e+00
1.220000000000e+01,6.800000000000e+00,3.113168552041e+00
1.220000000000e+01,7.000000000000e+00,3.011090477709e+00
1.220000000000e+01,7.200000000000e+00,2.921146201987e+00
1.220000000000e+01,7.400000000000e+00,2.841278030772e+00
1.220000000000e+01,7.600000000000e+00,2.769851001584e+00
1.220000000000e+01,7.800000000000e+00,2.705552677341e+00
1.220000000000e+01,8.000000000000e+00,2.647319520152e+00
1.220000000000e+01,8.200000000000e+00,2.594282125371e+00
1.220000000000e+01,8.400000000000e+00,2.545724012942e+00
1.220000000000e+01,8.600000000000e+00,2.501050283653e+00
1.220000000000e+01,8.800000000000e+00,2.459763536336e+00
1.220000000000e+01,9.000000000000e+00,2.421445187477e+00
1.220000000000e+01,9.200000000000e+00,2.385740851499e+00
1.220000000000e+01,9.400000000000e+00,2.352348802714e+00
1.220000000000e+01,9.600000000000e+00,2.321010797220e+00
1.220000000000e+01,9.800000000000e+00,2.291504717607e+00
1.220000000000e+01,1.000000000000e+01,2.263638637037e+00
1.220000000000e+01,1.020000000000e+01,2.237245997024e+00
1.220000000000e+01,1.040000000000e+01,2.212181665458e+00
1.220000000000e+01,1.060000000000e+01,2.188318695120e+00
1.220000000000e+01,1.080000000000e+01,2.165545643322e+00
1.220000000000e+01,1.100000000000e+01,2.143764343780e+00
1.220000000000e+01,1.120000000000e+01,2.122888045147e+00
1.220000000000e+01,1.140000000000e+01,2.102839848459e+00
1.220000000000e+01,1.160000000000e+01,2.083551389584e+00
1.220000000000e+01,1.180000000000e+01,2.064961723495e+00
1.220000000000e+01,1.200000000000e+01,2.047016375596e+00
1.220000000000e+01,1.220000000000e+01,2.029657790216e+00
1.220000000000e+01,1.240000000000e+01,2.012847790088e+00
1.220000000000e+01,1.260000000000e+01,1.996550422871e+00
1.220000000000e+01,1.280000000000e+01,1.980730042768e+00
1.220000000000e+01,1.300000000000e+01,1.965354417070e+00
1.220000000000e+01,1.320000000000e+01,1.950394339517e+00
1.220000000000e+01,1.340000000000e+01,1.935823293716e+00
1.220000000000e+01,1.360000000000e+01,1.921617159337e+00
1.220000000000e+01,1.380000000000e+01,1.907753954960e+00
1.220000000000e+01,1.400000000000e+01,1.894213612427e+00
1.220000000000e+01,1.420000000000e+01,1.880977778368e+00
1.220000000000e+01,1.440000000000e+01,1.868029639210e+00
1.220000000000e+01,1.460000000000e+01,1.855353766548e+00
1.220000000000e+01,1.480000000000e+01,1.842935980226e+00
1.220000000000e+01,1.500000000000e+01,1.830763226831e+00
1.220000000000e+01,1.520000000000e+01,1.818823471676e+00
1.220000000000e+01,1.540000000000e+01,1.807105602572e+00
1.220000000000e+01,1.560000000000e+01,1.795599343952e+00
1.220000000000e+01,1.580000000000e+01,1.784295180109e+00
1.220000000000e+01,1.600000000000e+01,1.773184286446e+00
1.240000000000e+01,3.000000000000e+00,inf
1.240000000000e+01,3.200000000000e+00,inf
1.240000000000e+01,3.400000000000e+00,inf
1.240000000000e+01,3.600000000000e+00,inf
1.240000000000e+01,3.800000000000e+00,inf
1.240000000000e+01,4.000000000000e+00,inf
1.240000000000e+01,4.200000000000e+00,inf
1.240000000000e+01,4.400000000000e+00,8.679820344978e+00
1.240000000000e+01,4.600000000000e+00,7.340540628007e+00
1.240000000000e+01,4.800000000000e+00,6.368028548428e+00
1.240000000000e+01,5.000000000000e+00,5.641634282983e+00
1.240000000000e+01,5.200000000000e+00,5.085530631896e+00
1.240000000000e+01,5.400000000000e+00,4.650441406544e+00
1.240000000000e+01,5.600000000000e+00,4.303402472100e+00
1.240000000000e+01,5.800000000000e+00,4.021791856742e+00
1.240000000000e+01,6.000000000000e+00,3.789727552658e+00
1.240000000000e+01,6.200000000000e+00,3.595828265700e+00
1.240000000000e+01,6.400000000000e+00,3.431784548067e+00
1.240000000000e+01,6.600000000000e+00,3.291425577948e+00
1.240000000000e+01,6.800000000000e+00,3.170096734579e+00
1.240000000000e+01,7.000000000000e+00,3.064236443668e+00
1.240000000000e+01,7.200000000000e+00,2.971083387770e+00
1.240000000000e+01,7.400000000000e+00,2.888470590647e+00
1.240000000000e+01,7.600000000000e+00,2.814678388513e+00
1.240000000000e+01,7.800000000000e+00,2.748327954615e+00
1.240000000000e+01,8.000000000000e+00,2.688303167648e+00
1.240000000000e+01,8.200000000000e+00,2.633692566849e+00
1.240000000000e+01,8.400000000000e+00,2.583745728437e+00
1.240000000000e+01,8.600000000000e+00,2.537840123300e+00
1.240000000000e+01,8.800000000000e+00,2.495455680480e+00
1.240000000000e+01,9.000000000000e+00,2.456155077673e+00
1.240000000000e+01,9.200000000000e+00,2.419568331802e+00
1.240000000000e+01,9.400000000000e+00,2.385380649538e+00
1.240000000000e+01,9.600000000000e+00,2.353322771822e+00
1.240000000000e+01,9.800000000000e+00,2.323163242871e+00
1.240000000000e+01,1.000000000000e+01,2.294702176329e+00
1.240000000000e+01,1.020000000000e+01,2.267766195129e+00
1.240000000000e+01,1.040000000000e+01,2.242204298184e+00
1.240000000000e+01,1.060000000000e+01,2.217884464083e+00
1.240000000000e+01,1.080000000000e+01,2.194690844648e+00
1.240000000000e+01,1.100000000000e+01,2.172521433559e+00
1.240000000000e+01,1.120000000000e+01,2.151286119838e+00
1.240000000000e+01,1.140000000000e+01,2.130905054895e+00
1.240000000000e+01,1.160000000000e+01,2.111307276387e+00
1.240000000000e+01,1.180000000000e+01,2.092429543495e+00
1.240000000000e+01,1.200000000000e+01,2.074215347110e+00
1.240000000000e+01,1.220000000000e+01,2.056605237641e+00
1.240000000000e+01,1.240000000000e+01,2.039559483697e+00
1.240000000000e+01,1.260000000000e+01,2.023040728421e+00
1.240000000000e+01,1.280000000000e+01,2.007012037594e+00
1.240000000000e+01,1.300000000000e+01,1.991440022568e+00
1.240000000000e+01,1.320000000000e+01,1.976294437857e+00
1.240000000000e+01,1.340000000000e+01,1.961547830960e+00
1.240000000000e+01,1.360000000000e+01,1.947175236772e+00
1.240000000000e+01,1.380000000000e+01,1.933153910199e+00
1.240000000000e+01,1.400000000000e+01,1.919463091598e+00
1.240000000000e+01,1.420000000000e+01,1.906083800513e+00
1.240000000000e+01,1.440000000000e+01,1.892998653854e+00
1.240000000000e+01,1.460000000000e+01,1.880191705282e+00
1.240000000000e+01,1.480000000000e+01,1.867648303001e+00
1.240000000000e+01,1.500000000000e+01,1.855354963596e+00
1.240000000000e+01,1.520000000000e+01,1.843299259887e+00
1.240000000000e+01,1.540000000000e+01,1.831469721039e+00
1.240000000000e+01,1.560000000000e+01,1.819855743437e+00
1.240000000000e+01,1.580000000000e+01,1.808447511022e+00
1.240000000000e+01,1.600000000000e+01,1.797235923960e+00
1.260000000000e+01,3.000000000000e+00,inf
1.260000000000e+01,3.200000000000e+00,inf
1.260000000000e+01,3.400000000000e+00,inf
1.260000000000e+01,3.600000000000e+00,inf
1.260000000000e+01,3.800000000000e+00,inf
1.260000000000e+01,4.000000000000e+00,inf
1.260000000000e+01,4.200000000000e+00,inf
1.260000000000e+01,4.400000000000e+00,9.037788574100e+00
1.260000000000e+01,4.600000000000e+00,7.614888731945e+00
1.260000000000e+01,4.800000000000e+00,6.584774217643e+00
1.260000000000e+01,5.000000000000e+00,5.817453622674e+00
1.260000000000e+01,5.200000000000e+00,5.231485552170e+00
1.260000000000e+01,5.400000000000e+00,4.774089094061e+00
1.260000000000e+01,5.600000000000e+00,4.410039881491e+00
1.260000000000e+01,5.800000000000e+00,4.115216759823e+00
1.260000000000e+01,6.000000000000e+00,3.872718597063e+00
1.260000000000e+01,6.200000000000e+00,3.670456039936e+00
1.260000000000e+01,6.400000000000e+00,3.499617954000e+00
1.260000000000e+01,6.600000000000e+00,3.353671650804e+00
1.260000000000e+01,6.800000000000e+00,3.227697184705e+00
1.260000000000e+01,7.000000000000e+00,3.117935479383e+00
1.260000000000e+01,7.200000000000e+00,3.021476128366e+00
1.260000000000e+01,7.400000000000e+00,2.936038139247e+00
1.260000000000e+01,7.600000000000e+00,2.859813593138e+00
1.260000000000e+01,7.800000000000e+00,2.791354574889e+00
1.260000000000e+01,8.000000000000e+00,2.729490308096e+00
1.260000000000e+01,8.200000000000e+00,2.673265669272e+00
1.260000000000e+01,8.400000000000e+00,2.621895032964e+00
1.260000000000e+01,8.600000000000e+00,2.574727246263e+00
1.260000000000e+01,8.800000000000e+00,2.531218776397e+00
1.260000000000e+01,9.000000000000e+00,2.490912925993e+00
1.260000000000e+01,9.200000000000e+00,2.453423599382e+00
1.260000000000e+01,9.400000000000e+00,2.418422515564e+00
1.260000000000e+01,9.600000000000e+00,2.385629055427e+00
1.260000000000e+01,9.800000000000e+00,2.354802139739e+00
1.260000000000e+01,1.000000000000e+01,2.325733685526e+00
1.260000000000e+01,1.020000000000e+01,2.298243298731e+00
1.260000000000e+01,1.040000000000e+01,2.272173942326e+00
1.260000000000e+01,1.060000000000e+01,2.247388379412e+00
1.260000000000e+01,1.080000000000e+01,2.223766236122e+00
1.260000000000e+01,1.100000000000e+01,2.201201563322e+00
1.260000000000e+01,1.120000000000e+01,2.179600802103e+00
1.260000000000e+01,1.140000000000e+01,2.158881078016e+00
1.260000000000e+01,1.160000000000e+01,2.138968764400e+00
1.260000000000e+01,1.180000000000e+01,2.119798267070e+00
1.260000000000e+01,1.200000000000e+01,2.101310992043e+00
1.260000000000e+01,1.220000000000e+01,2.083445552076e+00
1.260000000000e+01,1.240000000000e+01,2.066160622397e+00
1.260000000000e+01,1.260000000000e+01,2.049417406949e+00
1.260000000000e+01,1.280000000000e+01,2.033177652437e+00
1.260000000000e+01,1.300000000000e+01,2.017406786950e+00
1.260000000000e+01,1.320000000000e+01,2.002073501344e+00
1.260000000000e+01,1.340000000000e+01,1.987149385087e+00
1.260000000000e+01,1.360000000000e+01,1.972608608570e+00
1.260000000000e+01,1.380000000000e+01,1.958427645216e+00
1.260000000000e+01,1.400000000000e+01,1.944585027776e+00
1.260000000000e+01,1.420000000000e+01,1.931061134072e+00
1.260000000000e+01,1.440000000000e+01,1.917837998185e+00
1.260000000000e+01,1.460000000000e+01,1.904899143690e+00
1.260000000000e+01,1.480000000000e+01,1.892229436045e+00
1.260000000000e+01,1.500000000000e+01,1.879814951649e+00
1.260000000000e+01,1.520000000000e+01,1.867642861476e+00
1.260000000000e+01,1.540000000000e+01,1.855701327442e+00
1.260000000000e+01,1.560000000000e+01,1.843979409950e+00
1.260000000000e+01,1.580000000000e+01,1.832466985261e+00
1.260000000000e+01,1.600000000000e+01,1.821154671519e+00
1.280000000000e+01,3.000000000000e+00,inf
1.280000000000e+01,3.200000000000e+00,inf
1.280000000000e+01,3.400000000000e+00,inf
1.280000000000e+01,3.600000000000e+00,inf
1.280000000000e+01,3.800000000000e+00,inf
1.280000000000e+01,4.000000000000e+00,inf
1.280000000000e+01,4.200000000000e+00,inf
1.280000000000e+01,4.400000000000e+00,9.411025068466e+00
1.280000000000e+01,4.600000000000e+00,7.899870766873e+00
1.280000000000e+01,4.800000000000e+00,6.809152412351e+00
1.280000000000e+01,5.000000000000e+00,5.998890889807e+00
1.280000000000e+01,5.200000000000e+00,5.381664557178e+00
1.280000000000e+01,5.400000000000e+00,4.900971122530e+00
1.280000000000e+01,5.600000000000e+00,4.519192755923e+00
1.280000000000e+01,5.800000000000e+00,4.210624439874e+00
1.280000000000e+01,6.000000000000e+00,3.957290548048e+00
1.280000000000e+01,6.200000000000e+00,3.746356566451e+00
1.280000000000e+01,6.400000000000e+00,3.568484277564e+00
1.280000000000e+01,6.600000000000e+00,3.416761410698e+00
1.280000000000e+01,6.800000000000e+00,3.285990125911e+00
1.280000000000e+01,7.000000000000e+00,3.172204787593e+00
1.280000000000e+01,7.200000000000e+00,3.072339280075e+00
1.280000000000e+01,7.400000000000e+00,2.983993691513e+00
1.280000000000e+01,7.600000000000e+00,2.905268171199e+00
1.280000000000e+01,7.800000000000e+00,2.834642926559e+00
1.280000000000e+01,8.000000000000e+00,2.770890387362e+00
1.280000000000e+01,8.200000000000e+00,2.713010110528e+00
1.280000000000e+01,8.400000000000e+00,2.660179972956e+00
1.280000000000e+01,8.600000000000e+00,2.611719175014e+00
1.280000000000e+01,8.800000000000e+00,2.567059907765e+00
1.280000000000e+01,9.000000000000e+00,2.525725445185e+00
1.280000000000e+01,9.200000000000e+00,2.487313050409e+00
1.280000000000e+01,9.400000000000e+00,2.451480524119e+00
1.280000000000e+01,9.600000000000e+00,2.417935533868e+00
1.280000000000e+01,9.800000000000e+00,2.386427085241e+00
1.280000000000e+01,1.000000000000e+01,2.356738656214e+00
1.280000000000e+01,1.020000000000e+01,2.328682633072e+00
1.280000000000e+01,1.040000000000e+01,2.302095772432e+00
1.280000000000e+01,1.060000000000e+01,2.276835477831e+00
1.280000000000e+01,1.080000000000e+01,2.252776727260e+00
1.280000000000e+01,1.100000000000e+01,2.229809524165e+00
1.280000000000e+01,1.120000000000e+01,2.207836771901e+00
1.280000000000e+01,1.140000000000e+01,2.186772492712e+00
1.280000000000e+01,1.160000000000e+01,2.166540328514e+00
1.280000000000e+01,1.180000000000e+01,2.147072273366e+00
1.280000000000e+01,1.200000000000e+01,2.128307597383e+00
1.280000000000e+01,1.220000000000e+01,2.110182931355e+00
1.280000000000e+01,1.240000000000e+01,2.092655317451e+00
1.280000000000e+01,1.260000000000e+01,2.075684485373e+00
1.280000000000e+01,1.280000000000e+01,2.059230831799e+00
1.280000000000e+01,1.300000000000e+01,2.043258573989e+00
1.280000000000e+01,1.320000000000e+01,2.027735314515e+00
1.280000000000e+01,1.340000000000e+01,2.012631662731e+00
1.280000000000e+01,1.360000000000e+01,1.997920904669e+00
1.280000000000e+01,1.380000000000e+01,1.983578714362e+00
1.280000000000e+01,1.400000000000e+01,1.969582900752e+00
1.280000000000e+01,1.420000000000e+01,1.955913185249e+00
1.280000000000e+01,1.440000000000e+01,1.942551005737e+00
1.280000000000e+01,1.460000000000e+01,1.929479343525e+00
1.280000000000e+01,1.480000000000e+01,1.916682570185e+00
1.280000000000e+01,1.500000000000e+01,1.904146311734e+00
1.280000000000e+01,1.520000000000e+01,1.891857327939e+00
1.280000000000e+01,1.540000000000e+01,1.879803404851e+00
1.280000000000e+01,1.560000000000e+01,1.867973258954e+00
1.280000000000e+01,1.580000000000e+01,1.856356451499e+00
1.280000000000e+01,1.600000000000e+01,1.844943311832e+00
1.300000000000e+01,3.000000000000e+00,inf
1.300000000000e+01,3.200000000000e+00,inf
1.300000000000e+01,3.400000000000e+00,inf
1.300000000000e+01,3.600000000000e+00,inf
1.300000000000e+01,3.800000000000e+00,inf
1.300000000000e+01,4.000000000000e+00,inf
1.300000000000e+01,4.200000000000e+00,inf
1.300000000000e+01,4.400000000000e+00,9.800189369939e+00
1.300000000000e+01,4.600000000000e+00,8.195912599932e+00
1.300000000000e+01,4.800000000000e+00,7.041449073339e+00
1.300000000000e+01,5.000000000000e+00,6.186144579685e+00
1.300000000000e+01,5.200000000000e+00,5.536209439195e+00
1.300000000000e+01,5.400000000000e+00,5.031191341394e+00
1.300000000000e+01,5.600000000000e+00,4.630938871772e+00
1.300000000000e+01,5.800000000000e+00,4.308074348889e+00
1.300000000000e+01,6.000000000000e+00,4.043489728237e+00
1.300000000000e+01,6.200000000000e+00,3.823566601176e+00
1.300000000000e+01,6.400000000000e+00,3.638413199058e+00
1.300000000000e+01,6.600000000000e+00,3.480719233644e+00
1.300000000000e+01,6.800000000000e+00,3.344995908373e+00
1.300000000000e+01,7.000000000000e+00,3.227061627704e+00
1.300000000000e+01,7.200000000000e+00,3.123687703776e+00
1.300000000000e+01,7.400000000000e+00,3.032350227966e+00
1.300000000000e+01,7.600000000000e+00,2.951053614693e+00
1.300000000000e+01,7.800000000000e+00,2.878203312191e+00
1.300000000000e+01,8.000000000000e+00,2.812512748875e+00
1.300000000000e+01,8.200000000000e+00,2.752934453645e+00
1.300000000000e+01,8.400000000000e+00,2.698608470795e+00
1.300000000000e+01,8.600000000000e+00,2.648823301311e+00
1.300000000000e+01,8.800000000000e+00,2.602986022868e+00
1.300000000000e+01,9.000000000000e+00,2.560599209491e+00
1.300000000000e+01,9.200000000000e+00,2.521242940695e+00
1.300000000000e+01,9.400000000000e+00,2.484560657338e+00
1.300000000000e+01,9.600000000000e+00,2.450247951778e+00
1.300000000000e+01,9.800000000000e+00,2.418043615867e+00
1.300000000000e+01,1.000000000000e+01,2.387722440652e+00
1.300000000000e+01,1.020000000000e+01,2.359089385722e+00
1.300000000000e+01,1.040000000000e+01,2.331974827410e+00
1.300000000000e+01,1.060000000000e+01,2.306230662767e+00
1.300000000000e+01,1.080000000000e+01,2.281727096879e+00
1.300000000000e+01,1.100000000000e+01,2.258349979278e+00
1.300000000000e+01,1.120000000000e+01,2.235998584255e+00
1.300000000000e+01,1.140000000000e+01,2.214583752041e+00
1.300000000000e+01,1.160000000000e+01,2.194026325000e+00
1.300000000000e+01,1.180000000000e+01,2.174255826200e+00
1.300000000000e+01,1.200000000000e+01,2.155209338140e+00
1.300000000000e+01,1.220000000000e+01,2.136821464739e+00
1.300000000000e+01,1.240000000000e+01,2.119047574981e+00
1.300000000000e+01,1.260000000000e+01,2.101845888917e+00
1.300000000000e+01,1.280000000000e+01,2.085175421939e+00
1.300000000000e+01,1.300000000000e+01,2.068999152662e+00
1.300000000000e+01,1.320000000000e+01,2.053283570538e+00
1.300000000000e+01,1.340000000000e+01,2.037998282564e+00
1.300000000000e+01,1.360000000000e+01,2.023115670423e+00
1.300000000000e+01,1.380000000000e+01,2.008610590742e+00
1.300000000000e+01,1.400000000000e+01,1.994460112373e+00
1.300000000000e+01,1.420000000000e+01,1.980643285549e+00
1.300000000000e+01,1.440000000000e+01,1.967140938548e+00
1.300000000000e+01,1.460000000000e+01,1.953935498185e+00
1.300000000000e+01,1.480000000000e+01,1.941010830989e+00
1.300000000000e+01,1.500000000000e+01,1.928352102371e+00
1.300000000000e+01,1.520000000000e+01,1.915945651513e+00
1.300000000000e+01,1.540000000000e+01,1.903778879984e+00
1.300000000000e+01,1.560000000000e+01,1.891840152404e+00
1.300000000000e+01,1.580000000000e+01,1.880118707686e+00
1.300000000000e+01,1.600000000000e+01,1.868604579598e+00
1.320000000000e+01,3.000000000000e+00,inf
1.320000000000e+01,3.200000000000e+00,inf
1.320000000000e+01,3.400000000000e+00,inf
1.320000000000e+01,3.600000000000e+00,inf
1.320000000000e+01,3.800000000000e+00,inf
1.320000000000e+01,4.000000000000e+00,inf
1.320000000000e+01,4.200000000000e+00,inf
1.320000000000e+01,4.400000000000e+00,1.020596807773e+01
1.320000000000e+01,4.600000000000e+00,8.503455780178e+00
1.320000000000e+01,4.800000000000e+00,7.281959623889e+00
1.320000000000e+01,5.000000000000e+00,6.379419140457e+00
1.320000000000e+01,5.200000000000e+00,5.695265848232e+00
1.320000000000e+01,5.400000000000e+00,5.164856163943e+00
1.320000000000e+01,5.600000000000e+00,4.745357740447e+00
1.320000000000e+01,5.800000000000e+00,4.407627125589e+00
1.320000000000e+01,6.000000000000e+00,4.131363274123e+00
1.320000000000e+01,6.200000000000e+00,3.902123454478e+00
1.320000000000e+01,6.400000000000e+00,3.709434769248e+00
1.320000000000e+01,6.600000000000e+00,3.545569733608e+00
1.320000000000e+01,6.800000000000e+00,3.404735023496e+00
1.320000000000e+01,7.000000000000e+00,3.282523328999e+00
1.320000000000e+01,7.200000000000e+00,3.175536277109e+00
1.320000000000e+01,7.400000000000e+00,3.081120706082e+00
1.320000000000e+01,7.600000000000e+00,2.997181362593e+00
1.320000000000e+01,7.800000000000e+00,2.922045958698e+00
1.320000000000e+01,8.000000000000e+00,2.854366643323e+00
1.320000000000e+01,8.200000000000e+00,2.793047156067e+00
1.320000000000e+01,8.400000000000e+00,2.737188333704e+00
1.320000000000e+01,8.600000000000e+00,2.686046894716e+00
1.320000000000e+01,8.800000000000e+00,2.639003942764e+00
1.320000000000e+01,9.000000000000e+00,2.595540662489e+00
1.320000000000e+01,9.200000000000e+00,2.555219393215e+00
1.320000000000e+01,9.400000000000e+00,2.517668763372e+00
1.320000000000e+01,9.600000000000e+00,2.482571919487e+00
1.320000000000e+01,9.800000000000e+00,2.449657134158e+00
1.320000000000e+01,1.000000000000e+01,2.418690258063e+00
1.320000000000e+01,1.020000000000e+01,2.389468612588e+00
1.320000000000e+01,1.040000000000e+01,2.361816016252e+00
1.320000000000e+01,1.060000000000e+01,2.335578709787e+00
1.320000000000e+01,1.080000000000e+01,2.310621998241e+00
1.320000000000e+01,1.100000000000e+01,2.286827468825e+00
1.320000000000e+01,1.120000000000e+01,2.264090673858e+00
1.320000000000e+01,1.140000000000e+01,2.242319191567e+00
1.320000000000e+01,1.160000000000e+01,2.221430995583e+00
1.320000000000e+01,1.180000000000e+01,2.201353077886e+00
1.320000000000e+01,1.200000000000e+01,2.182020280935e+00
1.320000000000e+01,1.220000000000e+01,2.163365136263e+00
1.320000000000e+01,1.240000000000e+01,2.145341299081e+00
1.320000000000e+01,1.260000000000e+01,2.127905444001e+00
1.320000000000e+01,1.280000000000e+01,2.111015173544e+00
1.320000000000e+01,1.300000000000e+01,2.094632199606e+00
1.320000000000e+01,1.320000000000e+01,2.078721873466e+00
1.320000000000e+01,1.340000000000e+01,2.063252777349e+00
1.320000000000e+01,1.360000000000e+01,2.048196368460e+00
1.320000000000e+01,1.380000000000e+01,2.033526667890e+00
1.320000000000e+01,1.400000000000e+01,2.019219988030e+00
1.320000000000e+01,1.420000000000e+01,2.005254693105e+00
1.320000000000e+01,1.440000000000e+01,1.991610988316e+00
1.320000000000e+01,1.460000000000e+01,1.978270733724e+00
1.320000000000e+01,1.480000000000e+01,1.965217279615e+00
1.320000000000e+01,1.500000000000e+01,1.952435320553e+00
1.320000000000e+01,1.520000000000e+01,1.939910765743e+00
1.320000000000e+01,1.540000000000e+01,1.927630623639e+00
1.320000000000e+01,1.560000000000e+01,1.915582899051e+00
1.320000000000e+01,1.580000000000e+01,1.903756501221e+00
1.320000000000e+01,1.600000000000e+01,1.892141161562e+00
1.340000000000e+01,3.000000000000e+00,inf
1.340000000000e+01,3.200000000000e+00,inf
1.340000000000e+01,3.400000000000e+00,inf
1.340000000000e+01,3.600000000000e+00,inf
1.340000000000e+01,3.800000000000e+00,inf
1.340000000000e+01,4.000000000000e+00,inf
1.340000000000e+01,4.200000000000e+00,inf
1.340000000000e+01,4.400000000000e+00,inf
1.340000000000e+01,4.600000000000e+00,8.822958168684e+00
1.340000000000e+01,4.800000000000e+00,7.530989317421e+00
1.340000000000e+01,5.000000000000e+00,6.578925172744e+00
1.340000000000e+01,5.200000000000e+00,5.858983412066e+00
1.340000000000e+01,5.400000000000e+00,5.302074643455e+00
1.340000000000e+01,5.600000000000e+00,4.862530659659e+00
1.340000000000e+01,5.800000000000e+00,4.509344632078e+00
1.340000000000e+01,6.000000000000e+00,4.220959163816e+00
1.340000000000e+01,6.200000000000e+00,3.982065013255e+00
1.340000000000e+01,6.400000000000e+00,3.781579427723e+00
1.340000000000e+01,6.600000000000e+00,3.611337778289e+00
1.340000000000e+01,6.800000000000e+00,3.465228117885e+00
1.340000000000e+01,7.000000000000e+00,3.338607303267e+00
1.340000000000e+01,7.200000000000e+00,3.227899906103e+00
1.340000000000e+01,7.400000000000e+00,3.130318071129e+00
1.340000000000e+01,7.600000000000e+00,3.043662811052e+00
1.340000000000e+01,7.800000000000e+00,2.966181027000e+00
1.340000000000e+01,8.000000000000e+00,2.896461237864e+00
1.340000000000e+01,8.200000000000e+00,2.833356578452e+00
1.340000000000e+01,8.400000000000e+00,2.775927262172e+00
1.340000000000e+01,8.600000000000e+00,2.723397110690e+00
1.340000000000e+01,8.800000000000e+00,2.675120369060e+00
1.340000000000e+01,9.000000000000e+00,2.630556124552e+00
1.340000000000e+01,9.200000000000e+00,2.589248405273e+00
1.340000000000e+01,9.400000000000e+00,2.550810563260e+00
1.340000000000e+01,9.600000000000e+00,2.514912919609e+00
1.340000000000e+01,9.800000000000e+00,2.481272915017e+00
1.340000000000e+01,1.000000000000e+01,2.449647200668e+00
1.340000000000e+01,1.020000000000e+01,2.419825243670e+00
1.340000000000e+01,1.040000000000e+01,2.391624123519e+00
1.340000000000e+01,1.060000000000e+01,2.364884271816e+00
1.340000000000e+01,1.080000000000e+01,2.339465964027e+00
1.340000000000e+01,1.100000000000e+01,2.315246414655e+00
1.340000000000e+01,1.120000000000e+01,2.292117359532e+00
1.340000000000e+01,1.140000000000e+01,2.269983033577e+00
1.340000000000e+01,1.160000000000e+01,2.248758471423e+00
1.340000000000e+01,1.180000000000e+01,2.228368072979e+00
1.340000000000e+01,1.200000000000e+01,2.208744387504e+00
1.340000000000e+01,1.220000000000e+01,2.189817828015e+00
1.340000000000e+01,1.240000000000e+01,2.171540294881e+00
1.340000000000e+01,1.260000000000e+01,2.153866881088e+00
1.340000000000e+01,1.280000000000e+01,2.136753744372e+00
1.340000000000e+01,1.300000000000e+01,2.120161301558e+00
1.340000000000e+01,1.320000000000e+01,2.104053740484e+00
1.340000000000e+01,1.340000000000e+01,2.088398596001e+00
1.340000000000e+01,1.360000000000e+01,2.073166380560e+00
1.340000000000e+01,1.380000000000e+01,2.058330261473e+00
1.340000000000e+01,1.400000000000e+01,2.043865778198e+00
1.340000000000e+01,1.420000000000e+01,2.029750594049e+00
1.340000000000e+01,1.440000000000e+01,2.015964277621e+00
1.340000000000e+01,1.460000000000e+01,2.002488109909e+00
1.340000000000e+01,1.480000000000e+01,1.989304913726e+00
1.340000000000e+01,1.500000000000e+01,1.976398902525e+00
1.340000000000e+01,1.520000000000e+01,1.963755546122e+00
1.340000000000e+01,1.540000000000e+01,1.951361451211e+00
1.340000000000e+01,1.560000000000e+01,1.939204254837e+00
1.340000000000e+01,1.580000000000e+01,1.927272529235e+00
1.340000000000e+01,1.600000000000e+01,1.915555696687e+00
1.360000000000e+01,3.000000000000e+00,inf
1.360000000000e+01,3.200000000000e+00,inf
1.360000000000e+01,3.400000000000e+00,inf
1.360000000000e+01,3.600000000000e+00,inf
1.360000000000e+01,3.800000000000e+00,inf
1.360000000000e+01,4.000000000000e+00,inf
1.360000000000e+01,4.200000000000e+00,inf
1.360000000000e+01,4.400000000000e+00,inf
1.360000000000e+01,4.600000000000e+00,9.154894594041e+00
1.360000000000e+01,4.800000000000e+00,7.788853598321e+00
1.360000000000e+01,5.000000000000e+00,6.784879636113e+00
1.360000000000e+01,5.200000000000e+00,6.027515859681e+00
1.360000000000e+01,5.400000000000e+00,5.442958550903e+00
1.360000000000e+01,5.600000000000e+00,4.982540765212e+00
1.360000000000e+01,5.800000000000e+00,4.613289990503e+00
1.360000000000e+01,6.000000000000e+00,4.312326244515e+00
1.360000000000e+01,6.200000000000e+00,4.063429762600e+00
1.360000000000e+01,6.400000000000e+00,3.854878020755e+00
1.360000000000e+01,6.600000000000e+00,3.678048504386e+00
1.360000000000e+01,6.800000000000e+00,3.526496006777e+00
1.360000000000e+01,7.000000000000e+00,3.395331056905e+00
1.360000000000e+01,7.200000000000e+00,3.280793536270e+00
1.360000000000e+01,7.400000000000e+00,3.179955266487e+00
1.360000000000e+01,7.600000000000e+00,3.090509323091e+00
1.360000000000e+01,7.800000000000e+00,3.010618621212e+00
1.360000000000e+01,8.000000000000e+00,2.938805624865e+00
1.360000000000e+01,8.200000000000e+00,2.873870993034e+00
1.360000000000e+01,8.400000000000e+00,2.814832857974e+00
1.360000000000e+01,8.600000000000e+00,2.760880998285e+00
1.360000000000e+01,8.800000000000e+00,2.711341891299e+00
1.360000000000e+01,9.000000000000e+00,2.665651799958e+00
1.360000000000e+01,9.200000000000e+00,2.623335855326e+00
1.360000000000e+01,9.400000000000e+00,2.583991657485e+00
1.360000000000e+01,9.600000000000e+00,2.547276313332e+00
1.360000000000e+01,9.800000000000e+00,2.512896111741e+00
1.360000000000e+01,1.000000000000e+01,2.480598239461e+00
1.360000000000e+01,1.020000000000e+01,2.450164088586e+00
1.360000000000e+01,1.040000000000e+01,2.421403814620e+00
1.360000000000e+01,1.060000000000e+01,2.394151884178e+00
1.360000000000e+01,1.080000000000e+01,2.368263411122e+00
1.360000000000e+01,1.100000000000e+01,2.343611124851e+00
1.360000000000e+01,1.120000000000e+01,2.320082848550e+00
1.360000000000e+01,1.140000000000e+01,2.297579391170e+00
1.360000000000e+01,1.160000000000e+01,2.276012776976e+00
1.360000000000e+01,1.180000000000e+01,2.255304751910e+00
1.360000000000e+01,1.200000000000e+01,2.235385518130e+00
1.360000000000e+01,1.220000000000e+01,2.216183323357e+00
1.360000000000e+01,1.240000000000e+01,2.197648271556e+00
1.360000000000e+01,1.260000000000e+01,2.179733837496e+00
1.360000000000e+01,1.280000000000e+01,2.162394701866e+00
1.360000000000e+01,1.300000000000e+01,2.145589957786e+00
1.360000000000e+01,1.320000000000e+01,2.129282604152e+00
1.360000000000e+01,1.340000000000e+01,2.113439105652e+00
1.360000000000e+01,1.360000000000e+01,2.098029009553e+00
1.360000000000e+01,1.380000000000e+01,2.083024611017e+00
1.360000000000e+01,1.400000000000e+01,2.068400660000e+00
1.360000000000e+01,1.420000000000e+01,2.054134103921e+00
1.360000000000e+01,1.440000000000e+01,2.040203861176e+00
1.360000000000e+01,1.460000000000e+01,2.026590621334e+00
1.360000000000e+01,1.480000000000e+01,2.013276668474e+00
1.360000000000e+01,1.500000000000e+01,2.000245724633e+00
1.360000000000e+01,1.520000000000e+01,1.987482810810e+00
1.360000000000e+01,1.540000000000e+01,1.974974123284e+00
1.360000000000e+01,1.560000000000e+01,1.962706923368e+00
1.360000000000e+01,1.580000000000e+01,1.950669438949e+00
1.360000000000e+01,1.600000000000e+01,1.938850776400e+00
1.380000000000e+01,3.000000000000e+00,inf
1.380000000000e+01,3.200000000000e+00,inf
1.380000000000e+01,3.400000000000e+00,inf
1.380000000000e+01,3.600000000000e+00,inf
1.380000000000e+01,3.800000000000e+00,inf
1.380000000000e+01,4.000000000000e+00,inf
1.380000000000e+01,4.200000000000e+00,inf
1.380000000000e+01,4.400000000000e+00,inf
1.380000000000e+01,4.600000000000e+00,9.499757534176e+00
1.380000000000e+01,4.800000000000e+00,8.055878476411e+00
1.380000000000e+01,5.000000000000e+00,6.997506062671e+00
1.380000000000e+01,5.200000000000e+00,6.201021148323e+00
1.380000000000e+01,5.400000000000e+00,5.587622454333e+00
1.380000000000e+01,5.600000000000e+00,5.105473083462e+00
1.380000000000e+01,5.800000000000e+00,4.719527619803e+00
1.380000000000e+01,6.000000000000e+00,4.405514259773e+00
1.380000000000e+01,6.200000000000e+00,4.146256807116e+00
1.380000000000e+01,6.400000000000e+00,3.929361818722e+00
1.380000000000e+01,6.600000000000e+00,3.745727332393e+00
1.380000000000e+01,6.800000000000e+00,3.588559686989e+00
1.380000000000e+01,7.000000000000e+00,3.452712202531e+00
1.380000000000e+01,7.200000000000e+00,3.334232163219e+00
1.380000000000e+01,7.400000000000e+00,3.230045243490e+00
1.380000000000e+01,7.600000000000e+00,3.137732237842e+00
1.380000000000e+01,7.800000000000e+00,3.055368797376e+00
1.380000000000e+01,8.000000000000e+00,2.981408830220e+00
1.380000000000e+01,8.200000000000e+00,2.914598591567e+00
1.380000000000e+01,8.400000000000e+00,2.853912631782e+00
1.380000000000e+01,8.600000000000e+00,2.798505507455e+00
1.380000000000e+01,8.800000000000e+00,2.747674993994e+00
1.380000000000e+01,9.000000000000e+00,2.700833783645e+00
1.380000000000e+01,9.200000000000e+00,2.657487509489e+00
1.380000000000e+01,9.400000000000e+00,2.617217532226e+00
1.380000000000e+01,9.600000000000e+00,2.579667346428e+00
1.380000000000e+01,9.800000000000e+00,2.544531761789e+00
1.380000000000e+01,1.000000000000e+01,2.511548229742e+00
1.380000000000e+01,1.020000000000e+01,2.480489841871e+00
1.380000000000e+01,1.040000000000e+01,2.451159640877e+00
1.380000000000e+01,1.060000000000e+01,2.423385969426e+00
1.380000000000e+01,1.080000000000e+01,2.397018645230e+00
1.380000000000e+01,1.100000000000e+01,2.371925798126e+00
1.380000000000e+01,1.120000000000e+01,2.347991240804e+00
1.380000000000e+01,1.140000000000e+01,2.325112272212e+00
1.380000000000e+01,1.160000000000e+01,2.303197833741e+00
1.380000000000e+01,1.180000000000e+01,2.282166954535e+00
1.380000000000e+01,1.200000000000e+01,2.261947434980e+00
1.380000000000e+01,1.220000000000e+01,2.242465310062e+00
1.380000000000e+01,1.240000000000e+01,2.223668845279e+00
1.380000000000e+01,1.260000000000e+01,2.205509860159e+00
1.380000000000e+01,1.280000000000e+01,2.187941525731e+00
1.380000000000e+01,1.300000000000e+01,2.170921582485e+00
1.380000000000e+01,1.320000000000e+01,2.154411814632e+00
1.380000000000e+01,1.340000000000e+01,2.138377593707e+00
1.380000000000e+01,1.360000000000e+01,2.122787481208e+00
1.380000000000e+01,1.380000000000e+01,2.107612881642e+00
1.380000000000e+01,1.400000000000e+01,2.092827738791e+00
1.380000000000e+01,1.420000000000e+01,2.078408269105e+00
1.380000000000e+01,1.440000000000e+01,2.064332727126e+00
1.380000000000e+01,1.460000000000e+01,2.050581198586e+00
1.380000000000e+01,1.480000000000e+01,2.037135417516e+00
1.380000000000e+01,1.500000000000e+01,2.023978604216e+00
1.380000000000e+01,1.520000000000e+01,2.011095321410e+00
1.380000000000e+01,1.540000000000e+01,1.998471346287e+00
1.380000000000e+01,1.560000000000e+01,1.986093556458e+00
1.380000000000e+01,1.580000000000e+01,1.973949828114e+00
1.380000000000e+01,1.600000000000e+01,1.962028944931e+00
1.400000000000e+01,3.000000000000e+00,inf
1.400000000000e+01,3.200000000000e+00,inf
1.400000000000e+01,3.400000000000e+00,inf
1.400000000000e+01,3.600000000000e+00,inf
1.400000000000e+01,3.800000000000e+00,inf
1.400000000000e+01,4.000000000000e+00,inf
1.400000000000e+01,4.200000000000e+00,inf
1.400000000000e+01,4.400000000000e+00,inf
1.400000000000e+01,4.600000000000e+00,9.858057825334e+00
1.400000000000e+01,4.800000000000e+00,8.332400915545e+00
1.400000000000e+01,5.000000000000e+00,7.217034778084e+00
1.400000000000e+01,5.200000000000e+00,6.379661594371e+00
1.400000000000e+01,5.400000000000e+00,5.736183800090e+00
1.400000000000e+01,5.600000000000e+00,5.231414584503e+00
1.400000000000e+01,5.800000000000e+00,4.828123272619e+00
1.400000000000e+01,6.000000000000e+00,4.500573876611e+00
1.400000000000e+01,6.200000000000e+00,4.230585891914e+00
1.400000000000e+01,6.400000000000e+00,4.005062533138e+00
1.400000000000e+01,6.600000000000e+00,3.814399980955e+00
1.400000000000e+01,6.800000000000e+00,3.651440349413e+00
1.400000000000e+01,7.000000000000e+00,3.510768470138e+00
1.400000000000e+01,7.200000000000e+00,3.388230842816e+00
1.400000000000e+01,7.400000000000e+00,3.280600970832e+00
1.400000000000e+01,7.600000000000e+00,3.185342879346e+00
1.400000000000e+01,7.800000000000e+00,3.100441571776e+00
1.400000000000e+01,8.000000000000e+00,3.024279821252e+00
1.400000000000e+01,8.200000000000e+00,2.955547492878e+00
1.400000000000e+01,8.400000000000e+00,2.893174010404e+00
1.400000000000e+01,8.600000000000e+00,2.836277496015e+00
1.400000000000e+01,8.800000000000e+00,2.784126063316e+00
1.400000000000e+01,9.000000000000e+00,2.736108067654e+00
1.400000000000e+01,9.200000000000e+00,2.691709027734e+00
1.400000000000e+01,9.400000000000e+00,2.650493565327e+00
1.400000000000e+01,9.600000000000e+00,2.612091154992e+00
1.400000000000e+01,9.800000000000e+00,2.576184792292e+00
1.400000000000e+01,1.000000000000e+01,2.542501916408e+00
1.400000000000e+01,1.020000000000e+01,2.510807088050e+00
1.400000000000e+01,1.040000000000e+01,2.480896044388e+00
1.400000000000e+01,1.060000000000e+01,2.452590841998e+00
1.400000000000e+01,1.080000000000e+01,2.425735865316e+00
1.400000000000e+01,1.100000000000e+01,2.400194528056e+00
1.400000000000e+01,1.120000000000e+01,2.375846532844e+00
1.400000000000e+01,1.140000000000e+01,2.352585583175e+00
1.400000000000e+01,1.160000000000e+01,2.330317463898e+00
1.400000000000e+01,1.180000000000e+01,2.308958423577e+00
1.400000000000e+01,1.200000000000e+01,2.288433805357e+00
1.400000000000e+01,1.220000000000e+01,2.268667383387e+00
1.400000000000e+01,1.240000000000e+01,2.249605542103e+00
1.400000000000e+01,1.260000000000e+01,2.231198408336e+00
1.400000000000e+01,1.280000000000e+01,2.213397610474e+00
1.400000000000e+01,1.300000000000e+01,2.196159507148e+00
1.400000000000e+01,1.320000000000e+01,2.179444641889e+00
1.400000000000e+01,1.340000000000e+01,2.163217269893e+00
1.400000000000e+01,1.360000000000e+01,2.147444946125e+00
1.400000000000e+01,1.380000000000e+01,2.132098165804e+00
1.400000000000e+01,1.400000000000e+01,2.117150049750e+00
1.400000000000e+01,1.420000000000e+01,2.102576068288e+00
1.400000000000e+01,1.440000000000e+01,2.088353798370e+00
1.400000000000e+01,1.460000000000e+01,2.074462709425e+00
1.400000000000e+01,1.480000000000e+01,2.060883974085e+00
1.400000000000e+01,1.500000000000e+01,2.047600300549e+00
1.400000000000e+01,1.520000000000e+01,2.034595783789e+00
1.400000000000e+01,1.540000000000e+01,2.021855773213e+00
1.400000000000e+01,1.560000000000e+01,2.009366754739e+00
1.400000000000e+01,1.580000000000e+01,1.997116245506e+00
1.400000000000e+01,1.600000000000e+01,1.985092699712e+00
1.420000000000e+01,3.000000000000e+00,inf
1.420000000000e+01,3.200000000000e+00,inf
1.420000000000e+01,3.400000000000e+00,inf
1.420000000000e+01,3.600000000000e+00,inf
1.420000000000e+01,3.800000000000e+00,inf
1.420000000000e+01,4.000000000000e+00,inf
1.420000000000e+01,4.200000000000e+00,inf
1.420000000000e+01,4.400000000000e+00,inf
1.420000000000e+01,4.600000000000e+00,1.023032539918e+01
1.420000000000e+01,4.800000000000e+00,8.618769236778e+00
1.420000000000e+01,5.000000000000e+00,7.443703130309e+00
1.420000000000e+01,5.200000000000e+00,6.563604008217e+00
1.420000000000e+01,5.400000000000e+00,5.888762996009e+00
1.420000000000e+01,5.600000000000e+00,5.360454236221e+00
1.420000000000e+01,5.800000000000e+00,4.939144072440e+00
1.420000000000e+01,6.000000000000e+00,4.597556712547e+00
1.420000000000e+01,6.200000000000e+00,4.316457423351e+00
1.420000000000e+01,6.400000000000e+00,4.082012333337e+00
1.420000000000e+01,6.600000000000e+00,3.884092480833e+00
1.420000000000e+01,6.800000000000e+00,3.715159391097e+00
1.420000000000e+01,7.000000000000e+00,3.569517717828e+00
1.420000000000e+01,7.200000000000e+00,3.442804700930e+00
1.420000000000e+01,7.400000000000e+00,3.331635443548e+00
1.420000000000e+01,7.600000000000e+00,3.233352564948e+00
1.420000000000e+01,7.800000000000e+00,3.145846928857e+00
1.420000000000e+01,8.000000000000e+00,3.067427514241e+00
1.420000000000e+01,8.200000000000e+00,2.996725750052e+00
1.420000000000e+01,8.400000000000e+00,2.932624343677e+00
1.420000000000e+01,8.600000000000e+00,2.874203736253e+00
1.420000000000e+01,8.800000000000e+00,2.820701393465e+00
1.420000000000e+01,9.000000000000e+00,2.771480547265e+00
1.420000000000e+01,9.200000000000e+00,2.726005969797e+00
1.420000000000e+01,9.400000000000e+00,2.683825031986e+00
1.420000000000e+01,9.600000000000e+00,2.644552770920e+00
1.420000000000e+01,9.800000000000e+00,2.607860025332e+00
1.420000000000e+01,1.000000000000e+01,2.573463939026e+00
1.420000000000e+01,1.020000000000e+01,2.541120306511e+00
1.420000000000e+01,1.040000000000e+01,2.510617362694e+00
1.420000000000e+01,1.060000000000e+01,2.481770712685e+00
1.420000000000e+01,1.080000000000e+01,2.454419167884e+00
1.420000000000e+01,1.100000000000e+01,2.428421307165e+00
1.420000000000e+01,1.120000000000e+01,2.403652621769e+00
1.420000000000e+01,1.140000000000e+01,2.380003132840e+00
1.420000000000e+01,1.160000000000e+01,2.357375393833e+00
1.420000000000e+01,1.180000000000e+01,2.335682807964e+00
1.420000000000e+01,1.200000000000e+01,2.314848204870e+00
1.420000000000e+01,1.220000000000e+01,2.294793049064e+00
1.420000000000e+01,1.240000000000e+01,2.275461800786e+00
1.420000000000e+01,1.260000000000e+01,2.256802856266e+00
1.420000000000e+01,1.280000000000e+01,2.238766267894e+00
1.420000000000e+01,1.300000000000e+01,2.221306982895e+00
1.420000000000e+01,1.320000000000e+01,2.204384277874e+00
1.420000000000e+01,1.340000000000e+01,2.187961268282e+00
1.420000000000e+01,1.360000000000e+01,2.172004481621e+00
1.420000000000e+01,1.380000000000e+01,2.156483485038e+00
1.420000000000e+01,1.400000000000e+01,2.141370559491e+00
1.420000000000e+01,1.420000000000e+01,2.126640413924e+00
1.420000000000e+01,1.440000000000e+01,2.112269933898e+00
1.420000000000e+01,1.460000000000e+01,2.098237960005e+00
1.420000000000e+01,1.480000000000e+01,2.084525092081e+00
1.420000000000e+01,1.500000000000e+01,2.071113515826e+00
1.420000000000e+01,1.520000000000e+01,2.057986848951e+00
1.420000000000e+01,1.540000000000e+01,2.045130004372e+00
1.420000000000e+01,1.560000000000e+01,2.032529068309e+00
1.420000000000e+01,1.580000000000e+01,2.020171191488e+00
1.420000000000e+01,1.600000000000e+01,2.008044491836e+00
1.440000000000e+01,3.000000000000e+00,inf
1.440000000000e+01,3.200000000000e+00,inf
1.440000000000e+01,3.400000000000e+00,inf
1.440000000000e+01,3.600000000000e+00,inf
1.440000000000e+01,3.800000000000e+00,inf
1.440000000000e+01,4.000000000000e+00,inf
1.440000000000e+01,4.200000000000e+00,inf
1.440000000000e+01,4.400000000000e+00,inf
1.440000000000e+01,4.600000000000e+00,1.061711004897e+01
1.440000000000e+01,4.800000000000e+00,8.915343536613e+00
1.440000000000e+01,5.000000000000e+00,7.677755726309e+00
1.440000000000e+01,5.200000000000e+00,6.753019833345e+00
1.440000000000e+01,5.400000000000e+00,6.045483496718e+00
1.440000000000e+01,5.600000000000e+00,5.492683059289e+00
1.440000000000e+01,5.800000000000e+00,5.052658551075e+00
1.440000000000e+01,6.000000000000e+00,4.696515362595e+00
1.440000000000e+01,6.200000000000e+00,4.403912489561e+00
1.440000000000e+01,6.400000000000e+00,4.160243862842e+00
1.440000000000e+01,6.600000000000e+00,3.954831188507e+00
1.440000000000e+01,6.800000000000e+00,3.779738426949e+00
1.440000000000e+01,7.000000000000e+00,3.628977942161e+00
1.440000000000e+01,7.200000000000e+00,3.497968942782e+00
1.440000000000e+01,7.400000000000e+00,3.383161691621e+00
1.440000000000e+01,7.600000000000e+00,3.281772613321e+00
1.440000000000e+01,7.800000000000e+00,3.191594828784e+00
1.440000000000e+01,8.000000000000e+00,3.110860781589e+00
1.440000000000e+01,8.200000000000e+00,3.038141357277e+00
1.440000000000e+01,8.400000000000e+00,2.972270911018e+00
1.440000000000e+01,8.600000000000e+00,2.912290921235e+00
1.440000000000e+01,8.800000000000e+00,2.857407192729e+00
1.440000000000e+01,9.000000000000e+00,2.806957026833e+00
1.440000000000e+01,9.200000000000e+00,2.760383800813e+00
1.440000000000e+01,9.400000000000e+00,2.717217110184e+00
1.440000000000e+01,9.600000000000e+00,2.677057127141e+00
1.440000000000e+01,9.800000000000e+00,2.639562182975e+00
1.440000000000e+01,1.000000000000e+01,2.604438836675e+00
1.440000000000e+01,1.020000000000e+01,2.571433876160e+00
1.440000000000e+01,1.040000000000e+01,2.540327833259e+00
1.440000000000e+01,1.060000000000e+01,2.510929692929e+00
1.440000000000e+01,1.080000000000e+01,2.483072551087e+00
1.440000000000e+01,1.100000000000e+01,2.456610030863e+00
1.440000000000e+01,1.120000000000e+01,2.431413308986e+00
1.440000000000e+01,1.140000000000e+01,2.407368635884e+00
1.440000000000e+01,1.160000000000e+01,2.384375257548e+00
1.440000000000e+01,1.180000000000e+01,2.362343666080e+00
1.440000000000e+01,1.200000000000e+01,2.341194120508e+00
1.440000000000e+01,1.220000000000e+01,2.320845726210e+00
1.440000000000e+01,1.240000000000e+01,2.301240975542e+00
1.440000000000e+01,1.260000000000e+01,2.282326495767e+00
1.440000000000e+01,1.280000000000e+01,2.264050729523e+00
1.440000000000e+01,1.300000000000e+01,2.246367182771e+00
1.440000000000e+01,1.320000000000e+01,2.229233838668e+00
1.440000000000e+01,1.340000000000e+01,2.212612649300e+00
1.440000000000e+01,1.360000000000e+01,2.196469093591e+00
1.440000000000e+01,1.380000000000e+01,2.180771791686e+00
1.440000000000e+01,1.400000000000e+01,2.165492167658e+00
1.440000000000e+01,1.420000000000e+01,2.150604153717e+00
1.440000000000e+01,1.440000000000e+01,2.136083930146e+00
1.440000000000e+01,1.460000000000e+01,2.121909696110e+00
1.440000000000e+01,1.480000000000e+01,2.108061467195e+00
1.440000000000e+01,1.500000000000e+01,2.094520896165e+00
1.440000000000e+01,1.520000000000e+01,2.081271113936e+00
1.440000000000e+01,1.540000000000e+01,2.068296588191e+00
1.440000000000e+01,1.560000000000e+01,2.055582997439e+00
1.440000000000e+01,1.580000000000e+01,2.043117118613e+00
1.440000000000e+01,1.600000000000e+01,2.030886726570e+00
1.460000000000e+01,3.000000000000e+00,inf
1.460000000000e+01,3.200000000000e+00,inf
1.460000000000e+01,3.400000000000e+00,inf
1.460000000000e+01,3.600000000000e+00,inf
1.460000000000e+01,3.800000000000e+00,inf
1.460000000000e+01,4.000000000000e+00,inf
1.460000000000e+01,4.200000000000e+00,inf
1.460000000000e+01,4.400000000000e+00,inf
1.460000000000e+01,4.600000000000e+00,1.101898222576e+01
1.460000000000e+01,4.800000000000e+00,9.222496120772e+00
1.460000000000e+01,5.000000000000e+00,7.919444677044e+00
1.460000000000e+01,5.200000000000e+00,6.948085289797e+00
1.460000000000e+01,5.400000000000e+00,6.206471891176e+00
1.460000000000e+01,5.600000000000e+00,5.628194183206e+00
1.460000000000e+01,5.800000000000e+00,5.168736686493e+00
1.460000000000e+01,6.000000000000e+00,4.797503426289e+00
1.460000000000e+01,6.200000000000e+00,4.492992880807e+00
1.460000000000e+01,6.400000000000e+00,4.239790255470e+00
1.460000000000e+01,6.600000000000e+00,4.026642799471e+00
1.460000000000e+01,6.800000000000e+00,3.845199301091e+00
1.460000000000e+01,7.000000000000e+00,3.689167288140e+00
1.460000000000e+01,7.200000000000e+00,3.553738861936e+00
1.460000000000e+01,7.400000000000e+00,3.435192788226e+00
1.460000000000e+01,7.600000000000e+00,3.330614352132e+00
1.460000000000e+01,7.800000000000e+00,3.237695214644e+00
1.460000000000e+01,8.000000000000e+00,3.154588458660e+00
1.460000000000e+01,8.200000000000e+00,3.079802256359e+00
1.460000000000e+01,8.400000000000e+00,3.012120927671e+00
1.460000000000e+01,8.600000000000e+00,2.950545670803e+00
1.460000000000e+01,8.800000000000e+00,2.894249589266e+00
1.460000000000e+01,9.000000000000e+00,2.842543225361e+00
1.460000000000e+01,9.200000000000e+00,2.794847896684e+00
1.460000000000e+01,9.400000000000e+00,2.750674885869e+00
1.460000000000e+01,9.600000000000e+00,2.709609062617e+00
1.460000000000e+01,9.800000000000e+00,2.671295892094e+00
1.460000000000e+01,1.000000000000e+01,2.635431052597e+00
1.460000000000e+01,1.020000000000e+01,2.601752079895e+00
1.460000000000e+01,1.040000000000e+01,2.570031597761e+00
1.460000000000e+01,1.060000000000e+01,2.540071798945e+00
1.460000000000e+01,1.080000000000e+01,2.511699918687e+00
1.460000000000e+01,1.100000000000e+01,2.484764501229e+00
1.460000000000e+01,1.120000000000e+01,2.459132303835e+00
1.460000000000e+01,1.140000000000e+01,2.434685716341e+00
1.460000000000e+01,1.160000000000e+01,2.411320599964e+00
1.460000000000e+01,1.180000000000e+01,2.388944468901e+00
1.460000000000e+01,1.200000000000e+01,2.367474953628e+00
1.460000000000e+01,1.220000000000e+01,2.346828750164e+00
1.460000000000e+01,1.240000000000e+01,2.326946338726e+00
1.460000000000e+01,1.260000000000e+01,2.307772538766e+00
1.460000000000e+01,1.280000000000e+01,2.289254149022e+00
1.460000000000e+01,1.300000000000e+01,2.271343203992e+00
1.460000000000e+01,1.320000000000e+01,2.253996366599e+00
1.460000000000e+01,1.340000000000e+01,2.237174401706e+00
1.460000000000e+01,1.360000000000e+01,2.220841718361e+00
1.460000000000e+01,1.380000000000e+01,2.204965970620e+00
1.460000000000e+01,1.400000000000e+01,2.189517708525e+00
1.460000000000e+01,1.420000000000e+01,2.174470072092e+00
1.460000000000e+01,1.440000000000e+01,2.159798522357e+00
1.460000000000e+01,1.460000000000e+01,2.145480604396e+00
1.460000000000e+01,1.480000000000e+01,2.131495738043e+00
1.460000000000e+01,1.500000000000e+01,2.117825032645e+00
1.460000000000e+01,1.520000000000e+01,2.104451122749e+00
1.460000000000e+01,1.540000000000e+01,2.091358022049e+00
1.460000000000e+01,1.560000000000e+01,2.078530993304e+00
1.460000000000e+01,1.580000000000e+01,2.065956432266e+00
1.460000000000e+01,1.600000000000e+01,2.053621763912e+00
1.480000000000e+01,3.000000000000e+00,inf
1.480000000000e+01,3.200000000000e+00,inf
1.480000000000e+01,3.400000000000e+00,inf
1.480000000000e+01,3.600000000000e+00,inf
1.480000000000e+01,3.800000000000e+00,inf
1.480000000000e+01,4.000000000000e+00,inf
1.480000000000e+01,4.200000000000e+00,inf
1.480000000000e+01,4.400000000000e+00,inf
1.480000000000e+01,4.600000000000e+00,1.143653386577e+01
1.480000000000e+01,4.800000000000e+00,9.540611954014e+00
1.480000000000e+01,5.000000000000e+00,8.169029850998e+00
1.480000000000e+01,5.200000000000e+00,7.148981522204e+00
1.480000000000e+01,5.400000000000e+00,6.371857992582e+00
1.480000000000e+01,5.600000000000e+00,5.767082903470e+00
1.480000000000e+01,5.800000000000e+00,5.287449941126e+00
1.480000000000e+01,6.000000000000e+00,4.900575534778e+00
1.480000000000e+01,6.200000000000e+00,4.583741109715e+00
1.480000000000e+01,6.400000000000e+00,4.320685151199e+00
1.480000000000e+01,6.600000000000e+00,4.099554361217e+00
1.480000000000e+01,6.800000000000e+00,3.911564097894e+00
1.480000000000e+01,7.000000000000e+00,3.750104058870e+00
1.480000000000e+01,7.200000000000e+00,3.610129848961e+00
1.480000000000e+01,7.400000000000e+00,3.487741857641e+00
1.480000000000e+01,7.600000000000e+00,3.379889125380e+00
1.480000000000e+01,7.800000000000e+00,3.284158019339e+00
1.480000000000e+01,8.000000000000e+00,3.198619350294e+00
1.480000000000e+01,8.200000000000e+00,3.121716342939e+00
1.480000000000e+01,8.400000000000e+00,3.052181550654e+00
1.480000000000e+01,8.600000000000e+00,2.988974537289e+00
1.480000000000e+01,8.800000000000e+00,2.931234636603e+00
1.480000000000e+01,9.000000000000e+00,2.878244781809e+00
1.480000000000e+01,9.200000000000e+00,2.829403549204e+00
1.480000000000e+01,9.400000000000e+00,2.784203357901e+00
1.480000000000e+01,9.600000000000e+00,2.742213327117e+00
1.480000000000e+01,9.800000000000e+00,2.703065688975e+00
1.480000000000e+01,1.000000000000e+01,2.666444938631e+00
1.480000000000e+01,1.020000000000e+01,2.632079108882e+00
1.480000000000e+01,1.040000000000e+01,2.599732706218e+00
1.480000000000e+01,1.060000000000e+01,2.569200955683e+00
1.480000000000e+01,1.080000000000e+01,2.540305083856e+00
1.480000000000e+01,1.100000000000e+01,2.512888430667e+00
1.480000000000e+01,1.120000000000e+01,2.486813227086e+00
1.480000000000e+01,1.140000000000e+01,2.461957910945e+00
1.480000000000e+01,1.160000000000e+01,2.438214880113e+00
1.480000000000e+01,1.180000000000e+01,2.415488603045e+00
1.480000000000e+01,1.200000000000e+01,2.393694022854e+00
1.480000000000e+01,1.220000000000e+01,2.372745375242e+00
1.480000000000e+01,1.240000000000e+01,2.352581083447e+00
1.480000000000e+01,1.260000000000e+01,2.333144119780e+00
1.480000000000e+01,1.280000000000e+01,2.314379604518e+00
1.480000000000e+01,1.300000000000e+01,2.296238070158e+00
1.480000000000e+01,1.320000000000e+01,2.278674832312e+00
1.480000000000e+01,1.340000000000e+01,2.261649444539e+00
1.480000000000e+01,1.360000000000e+01,2.245125224509e+00
1.480000000000e+01,1.380000000000e+01,2.229068840949e+00
1.480000000000e+01,1.400000000000e+01,2.213449952581e+00
1.480000000000e+01,1.420000000000e+01,2.198240891668e+00
1.480000000000e+01,1.440000000000e+01,2.183416385939e+00
1.480000000000e+01,1.460000000000e+01,2.168953313650e+00
1.480000000000e+01,1.480000000000e+01,2.154830487318e+00
1.480000000000e+01,1.500000000000e+01,2.141028462350e+00
1.480000000000e+01,1.520000000000e+01,2.127529367317e+00
1.480000000000e+01,1.540000000000e+01,2.114316753135e+00
1.480000000000e+01,1.560000000000e+01,2.101375458756e+00
1.480000000000e+01,1.580000000000e+01,2.088691491346e+00
1.480000000000e+01,1.600000000000e+01,2.076251919188e+00
1.500000000000e+01,3.000000000000e+00,inf
1.500000000000e+01,3.200000000000e+00,inf
1.500000000000e+01,3.400000000000e+00,inf
1.500000000000e+01,3.600000000000e+00,inf
1.500000000000e+01,3.800000000000e+00,inf
1.500000000000e+01,4.000000000000e+00,inf
1.500000000000e+01,4.200000000000e+00,inf
1.500000000000e+01,4.400000000000e+00,inf
1.500000000000e+01,4.600000000000e+00,inf
1.500000000000e+01,4.800000000000e+00,9.870089126480e+00
1.500000000000e+01,5.000000000000e+00,8.426779136536e+00
1.500000000000e+01,5.200000000000e+00,7.355894752557e+00
1.500000000000e+01,5.400000000000e+00,6.541774930767e+00
1.500000000000e+01,5.600000000000e+00,5.909446739984e+00
1.500000000000e+01,5.800000000000e+00,5.408871300686e+00
1.500000000000e+01,6.000000000000e+00,5.005787378055e+00
1.500000000000e+01,6.200000000000e+00,4.676200431421e+00
1.500000000000e+01,6.400000000000e+00,4.402962711837e+00
1.500000000000e+01,6.600000000000e+00,4.173593285972e+00
1.500000000000e+01,6.800000000000e+00,3.978855152718e+00
1.500000000000e+01,7.000000000000e+00,3.811806724908e+00
1.500000000000e+01,7.200000000000e+00,3.667157399771e+00
1.500000000000e+01,7.400000000000e+00,3.540822082846e+00
1.500000000000e+01,7.600000000000e+00,3.429608300427e+00
1.500000000000e+01,7.800000000000e+00,3.330993172170e+00
1.500000000000e+01,8.000000000000e+00,3.242962237039e+00
1.500000000000e+01,8.200000000000e+00,3.163891472416e+00
1.500000000000e+01,8.400000000000e+00,3.092459884434e+00
1.500000000000e+01,8.600000000000e+00,3.027584010966e+00
1.500000000000e+01,8.800000000000e+00,2.968368318887e+00
1.500000000000e+01,9.000000000000e+00,2.914067260151e+00
1.500000000000e+01,9.200000000000e+00,2.864055970948e+00
1.500000000000e+01,9.400000000000e+00,2.817807442771e+00
1.500000000000e+01,9.600000000000e+00,2.774874585776e+00
1.500000000000e+01,9.800000000000e+00,2.734876023719e+00
1.500000000000e+01,1.000000000000e+01,2.697484759471e+00
1.500000000000e+01,1.020000000000e+01,2.662419066656e+00
1.500000000000e+01,1.040000000000e+01,2.629435120931e+00
1.500000000000e+01,1.060000000000e+01,2.598321000632e+00
1.500000000000e+01,1.080000000000e+01,2.568891772840e+00
1.500000000000e+01,1.100000000000e+01,2.540985445416e+00
1.500000000000e+01,1.120000000000e+01,2.514459614306e+00
1.500000000000e+01,1.140000000000e+01,2.489188672358e+00
1.500000000000e+01,1.160000000000e+01,2.465061474225e+00
1.500000000000e+01,1.180000000000e+01,2.441979373717e+00
1.500000000000e+01,1.200000000000e+01,2.419854566887e+00
1.500000000000e+01,1.220000000000e+01,2.398598777412e+00
1.500000000000e+01,1.240000000000e+01,2.378148326112e+00
1.500000000000e+01,1.260000000000e+01,2.358444298326e+00
1.500000000000e+01,1.280000000000e+01,2.339430100887e+00
1.500000000000e+01,1.300000000000e+01,2.321054733405e+00
1.500000000000e+01,1.320000000000e+01,2.303272136812e+00
1.500000000000e+01,1.340000000000e+01,2.286040629034e+00
1.500000000000e+01,1.360000000000e+01,2.269322414667e+00
1.500000000000e+01,1.380000000000e+01,2.253083157696e+00
1.500000000000e+01,1.400000000000e+01,2.237291608107e+00
1.500000000000e+01,1.420000000000e+01,2.221919274729e+00
1.500000000000e+01,1.440000000000e+01,2.206940137832e+00
1.500000000000e+01,1.460000000000e+01,2.192330396046e+00
1.500000000000e+01,1.480000000000e+01,2.178068242951e+00
1.500000000000e+01,1.500000000000e+01,2.164133669436e+00
1.500000000000e+01,1.520000000000e+01,2.150508288454e+00
1.500000000000e+01,1.540000000000e+01,2.137175179324e+00
1.500000000000e+01,1.560000000000e+01,2.124118749111e+00
1.500000000000e+01,1.580000000000e+01,2.111324608976e+00
1.500000000000e+01,1.600000000000e+01,2.098779463674e+00
1.520000000000e+01,3.000000000000e+00,inf
1.520000000000e+01,3.200000000000e+00,inf
1.520000000000e+01,3.400000000000e+00,inf
1.520000000000e+01,3.600000000000e+00,inf
1.520000000000e+01,3.800000000000e+00,inf
1.520000000000e+01,4.000000000000e+00,inf
1.520000000000e+01,4.200000000000e+00,inf
1.520000000000e+01,4.400000000000e+00,inf
1.520000000000e+01,4.600000000000e+00,inf
1.520000000000e+01,4.800000000000e+00,1.021133933709e+01
1.520000000000e+01,5.000000000000e+00,8.692968713348e+00
1.520000000000e+01,5.200000000000e+00,7.569016437898e+00
1.520000000000e+01,5.400000000000e+00,6.716359247203e+00
1.520000000000e+01,5.600000000000e+00,6.055385496762e+00
1.520000000000e+01,5.800000000000e+00,5.533075313559e+00
1.520000000000e+01,6.000000000000e+00,5.113195732359e+00
1.520000000000e+01,6.200000000000e+00,4.770414863667e+00
1.520000000000e+01,6.400000000000e+00,4.486657636519e+00
1.520000000000e+01,6.600000000000e+00,4.248787363201e+00
1.520000000000e+01,6.800000000000e+00,4.047095062396e+00
1.520000000000e+01,7.000000000000e+00,3.874293933328e+00
1.520000000000e+01,7.200000000000e+00,3.724837123684e+00
1.520000000000e+01,7.400000000000e+00,3.594446712833e+00
1.520000000000e+01,7.600000000000e+00,3.479783274744e+00
1.520000000000e+01,7.800000000000e+00,3.378210605138e+00
1.520000000000e+01,8.000000000000e+00,3.287625881096e+00
1.520000000000e+01,8.200000000000e+00,3.206335465612e+00
1.520000000000e+01,8.400000000000e+00,3.132962986338e+00
1.520000000000e+01,8.600000000000e+00,3.066380525245e+00
1.520000000000e+01,8.800000000000e+00,3.005656555890e+00
1.520000000000e+01,9.000000000000e+00,2.950016154209e+00
1.520000000000e+01,9.200000000000e+00,2.898810299932e+00
1.520000000000e+01,9.400000000000e+00,2.851491979113e+00
1.520000000000e+01,9.600000000000e+00,2.807597423454e+00
1.520000000000e+01,9.800000000000e+00,2.766731264457e+00
1.520000000000e+01,1.000000000000e+01,2.728554696729e+00
1.520000000000e+01,1.020000000000e+01,2.692775973053e+00
1.520000000000e+01,1.040000000000e+01,2.659142720280e+00
1.520000000000e+01,1.060000000000e+01,2.627435687472e+00
1.520000000000e+01,1.080000000000e+01,2.597463628465e+00
1.520000000000e+01,1.100000000000e+01,2.569059088927e+00
1.520000000000e+01,1.120000000000e+01,2.542074919103e+00
1.520000000000e+01,1.140000000000e+01,2.516381372279e+00
1.520000000000e+01,1.160000000000e+01,2.491863678708e+00
1.520000000000e+01,1.180000000000e+01,2.468420007560e+00
1.520000000000e+01,1.200000000000e+01,2.445959747227e+00
1.520000000000e+01,1.220000000000e+01,2.424392056891e+00
1.520000000000e+01,1.240000000000e+01,2.403651108896e+00
1.520000000000e+01,1.260000000000e+01,2.383676061271e+00
1.520000000000e+01,1.280000000000e+01,2.364408571986e+00
1.520000000000e+01,1.300000000000e+01,2.345796076520e+00
1.520000000000e+01,1.320000000000e+01,2.327791113455e+00
1.520000000000e+01,1.340000000000e+01,2.310350740506e+00
1.520000000000e+01,1.360000000000e+01,2.293436027293e+00
1.520000000000e+01,1.380000000000e+01,2.277011613471e+00
1.520000000000e+01,1.400000000000e+01,2.261045322731e+00
1.520000000000e+01,1.420000000000e+01,2.245507824670e+00
1.520000000000e+01,1.440000000000e+01,2.230372337856e+00
1.520000000000e+01,1.460000000000e+01,2.215614368403e+00
1.520000000000e+01,1.480000000000e+01,2.201211479270e+00
1.520000000000e+01,1.500000000000e+01,2.187143086200e+00
1.520000000000e+01,1.520000000000e+01,2.173390276844e+00
1.520000000000e+01,1.540000000000e+01,2.159935650075e+00
1.520000000000e+01,1.560000000000e+01,2.146763172964e+00
1.520000000000e+01,1.580000000000e+01,2.133858053229e+00
1.520000000000e+01,1.600000000000e+01,2.121206625257e+00
1.540000000000e+01,3.000000000000e+00,inf
1.540000000000e+01,3.200000000000e+00,inf
1.540000000000e+01,3.400000000000e+00,inf
1.540000000000e+01,3.600000000000e+00,inf
1.540000000000e+01,3.800000000000e+00,inf
1.540000000000e+01,4.000000000000e+00,inf
1.540000000000e+01,4.200000000000e+00,inf
1.540000000000e+01,4.400000000000e+00,inf
1.540000000000e+01,4.600000000000e+00,inf
1.540000000000e+01,4.800000000000e+00,1.056478839451e+01
1.540000000000e+01,5.000000000000e+00,8.967883333269e+00
1.540000000000e+01,5.200000000000e+00,7.788543433093e+00
1.540000000000e+01,5.400000000000e+00,6.895750992731e+00
1.540000000000e+01,5.600000000000e+00,6.205001323044e+00
1.540000000000e+01,5.800000000000e+00,5.660138130855e+00
1.540000000000e+01,6.000000000000e+00,5.222858487798e+00
1.540000000000e+01,6.200000000000e+00,4.866429206890e+00
1.540000000000e+01,6.400000000000e+00,4.571805177070e+00
1.540000000000e+01,6.600000000000e+00,4.325164771898e+00
1.540000000000e+01,6.800000000000e+00,4.116306695465e+00
1.540000000000e+01,7.000000000000e+00,3.937584516536e+00
1.540000000000e+01,7.200000000000e+00,3.783184751211e+00
1.540000000000e+01,7.400000000000e+00,3.648629069648e+00
1.540000000000e+01,7.600000000000e+00,3.530425482388e+00
1.540000000000e+01,7.800000000000e+00,3.425820258986e+00
1.540000000000e+01,8.000000000000e+00,3.332619032014e+00
1.540000000000e+01,8.200000000000e+00,3.249056114171e+00
1.540000000000e+01,8.400000000000e+00,3.173697871721e+00
1.540000000000e+01,8.600000000000e+00,3.105370461632e+00
1.540000000000e+01,8.800000000000e+00,3.043105207782e+00
1.540000000000e+01,9.000000000000e+00,2.986096892259e+00
1.540000000000e+01,9.200000000000e+00,2.933671604070e+00
1.540000000000e+01,9.400000000000e+00,2.885261732008e+00
1.540000000000e+01,9.600000000000e+00,2.840386348900e+00
1.540000000000e+01,9.800000000000e+00,2.798635701374e+00
1.540000000000e+01,1.000000000000e+01,2.759658852834e+00
1.540000000000e+01,1.020000000000e+01,2.723153767965e+00
1.540000000000e+01,1.040000000000e+01,2.688859302357e+00
1.540000000000e+01,1.060000000000e+01,2.656548689577e+00
1.540000000000e+01,1.080000000000e+01,2.626024213520e+00
1.540000000000e+01,1.100000000000e+01,2.597112825118e+00
1.540000000000e+01,1.120000000000e+01,2.569662516255e+00
1.540000000000e+01,1.140000000000e+01,2.543539304454e+00
1.540000000000e+01,1.160000000000e+01,2.518624713031e+00
1.540000000000e+01,1.180000000000e+01,2.494813655415e+00
1.540000000000e+01,1.200000000000e+01,2.472012650816e+00
1.540000000000e+01,1.220000000000e+01,2.450128240661e+00
1.540000000000e+01,1.240000000000e+01,2.429092402146e+00
1.540000000000e+01,1.260000000000e+01,2.408842325116e+00
1.540000000000e+01,1.280000000000e+01,2.389317882825e+00
1.540000000000e+01,1.300000000000e+01,2.370464914999e+00
1.540000000000e+01,1.320000000000e+01,2.352234529898e+00
1.540000000000e+01,1.340000000000e+01,2.334582500193e+00
1.540000000000e+01,1.360000000000e+01,2.317468738404e+00
1.540000000000e+01,1.380000000000e+01,2.300856840100e+00
1.540000000000e+01,1.400000000000e+01,2.284713684962e+00
1.540000000000e+01,1.420000000000e+01,2.269009087442e+00
1.540000000000e+01,1.440000000000e+01,2.253715490057e+00
1.540000000000e+01,1.460000000000e+01,2.238807693437e+00
1.540000000000e+01,1.480000000000e+01,2.224262618163e+00
1.540000000000e+01,1.500000000000e+01,2.210059094156e+00
1.540000000000e+01,1.520000000000e+01,2.196177674034e+00
1.540000000000e+01,1.540000000000e+01,2.182600467339e+00
1.540000000000e+01,1.560000000000e+01,2.169310993019e+00
1.540000000000e+01,1.580000000000e+01,2.156294047888e+00
1.540000000000e+01,1.600000000000e+01,2.143535589107e+00
1.560000000000e+01,3.000000000000e+00,inf
1.560000000000e+01,3.200000000000e+00,inf
1.560000000000e+01,3.400000000000e+00,inf
1.560000000000e+01,3.600000000000e+00,inf
1.560000000000e+01,3.800000000000e+00,inf
1.560000000000e+01,4.000000000000e+00,inf
1.560000000000e+01,4.200000000000e+00,inf
1.560000000000e+01,4.400000000000e+00,inf
1.560000000000e+01,4.600000000000e+00,inf
1.560000000000e+01,4.800000000000e+00,1.093087673626e+01
1.560000000000e+01,5.000000000000e+00,9.251816610751e+00
1.560000000000e+01,5.200000000000e+00,8.014678158861e+00
1.560000000000e+01,5.400000000000e+00,7.080093828141e+00
1.560000000000e+01,5.600000000000e+00,6.358398775879e+00
1.560000000000e+01,5.800000000000e+00,5.790137547147e+00
1.560000000000e+01,6.000000000000e+00,5.334834676239e+00
1.560000000000e+01,6.200000000000e+00,4.964289064333e+00
1.560000000000e+01,6.400000000000e+00,4.658441153257e+00
1.560000000000e+01,6.600000000000e+00,4.402754092704e+00
1.560000000000e+01,6.800000000000e+00,4.186513202182e+00
1.560000000000e+01,7.000000000000e+00,4.001697500831e+00
1.560000000000e+01,7.200000000000e+00,3.842216141597e+00
1.560000000000e+01,7.400000000000e+00,3.703382555177e+00
1.560000000000e+01,7.600000000000e+00,3.581546400221e+00
1.560000000000e+01,7.800000000000e+00,3.473832088987e+00
1.560000000000e+01,8.000000000000e+00,3.377950432132e+00
1.560000000000e+01,8.200000000000e+00,3.292061185734e+00
1.560000000000e+01,8.400000000000e+00,3.214671518900e+00
1.560000000000e+01,8.600000000000e+00,3.144560154470e+00
1.560000000000e+01,8.800000000000e+00,3.080720079690e+00
1.560000000000e+01,9.000000000000e+00,3.022314841428e+00
1.560000000000e+01,9.200000000000e+00,2.968644885423e+00
1.560000000000e+01,9.400000000000e+00,2.919121397094e+00
1.560000000000e+01,9.600000000000e+00,2.873245798734e+00
1.560000000000e+01,9.800000000000e+00,2.830593550566e+00
1.560000000000e+01,1.000000000000e+01,2.790801254756e+00
1.560000000000e+01,1.020000000000e+01,2.753556314954e+00
1.560000000000e+01,1.040000000000e+01,2.718588588443e+00
1.560000000000e+01,1.060000000000e+01,2.685663603382e+00
1.560000000000e+01,1.080000000000e+01,2.654577014004e+00
1.560000000000e+01,1.100000000000e+01,2.625150041500e+00
1.560000000000e+01,1.120000000000e+01,2.597225704723e+00
1.560000000000e+01,1.140000000000e+01,2.570665687561e+00
1.560000000000e+01,1.160000000000e+01,2.545347722500e+00
1.560000000000e+01,1.180000000000e+01,2.521163394985e+00
1.560000000000e+01,1.200000000000e+01,2.498016292583e+00
1.560000000000e+01,1.220000000000e+01,2.475810284918e+00
1.560000000000e+01,1.240000000000e+01,2.454475106712e+00
1.560000000000e+01,1.260000000000e+01,2.433945938223e+00
1.560000000000e+01,1.280000000000e+01,2.414160831681e+00
1.560000000000e+01,1.300000000000e+01,2.395063999061e+00
1.560000000000e+01,1.320000000000e+01,2.376605090014e+00
1.560000000000e+01,1.340000000000e+01,2.358738567062e+00
1.560000000000e+01,1.360000000000e+01,2.341423163292e+00
1.560000000000e+01,1.380000000000e+01,2.324621410238e+00
1.560000000000e+01,1.400000000000e+01,2.308299225713e+00
1.560000000000e+01,1.420000000000e+01,2.292425552976e+00
1.560000000000e+01,1.440000000000e+01,2.276972044042e+00
1.560000000000e+01,1.460000000000e+01,2.261912781003e+00
1.560000000000e+01,1.480000000000e+01,2.247224030238e+00
1.560000000000e+01,1.500000000000e+01,2.232884025109e+00
1.560000000000e+01,1.520000000000e+01,2.218872773425e+00
1.560000000000e+01,1.540000000000e+01,2.205171886476e+00
1.560000000000e+01,1.560000000000e+01,2.191764426927e+00
1.560000000000e+01,1.580000000000e+01,2.178634773206e+00
1.560000000000e+01,1.600000000000e+01,2.165768498374e+00
1.580000000000e+01,3.000000000000e+00,inf
1.580000000000e+01,3.200000000000e+00,inf
1.580000000000e+01,3.400000000000e+00,inf
1.580000000000e+01,3.600000000000e+00,inf
1.580000000000e+01,3.800000000000e+00,inf
1.580000000000e+01,4.000000000000e+00,inf
1.580000000000e+01,4.200000000000e+00,inf
1.580000000000e+01,4.400000000000e+00,inf
1.580000000000e+01,4.600000000000e+00,inf
1.580000000000e+01,4.800000000000e+00,1.131005996654e+01
1.580000000000e+01,5.000000000000e+00,9.545071323266e+00
1.580000000000e+01,5.200000000000e+00,8.247628775226e+00
1.580000000000e+01,5.400000000000e+00,7.269535127694e+00
1.580000000000e+01,5.600000000000e+00,6.515684884273e+00
1.580000000000e+01,5.800000000000e+00,5.923153041989e+00
1.580000000000e+01,6.000000000000e+00,5.449184499515e+00
1.580000000000e+01,6.200000000000e+00,5.064040862218e+00
1.580000000000e+01,6.400000000000e+00,4.746601967965e+00
1.580000000000e+01,6.600000000000e+00,4.481584319859e+00
1.580000000000e+01,6.800000000000e+00,4.257738024348e+00
1.580000000000e+01,7.000000000000e+00,4.066652114763e+00
1.580000000000e+01,7.200000000000e+00,3.901947290132e+00
1.580000000000e+01,7.400000000000e+00,3.758720657708e+00
1.580000000000e+01,7.600000000000e+00,3.633157553911e+00
1.580000000000e+01,7.800000000000e+00,3.522256070506e+00
1.580000000000e+01,8.000000000000e+00,3.423628821807e+00
1.580000000000e+01,8.200000000000e+00,3.335358428882e+00
1.580000000000e+01,8.400000000000e+00,3.255890873872e+00
1.580000000000e+01,8.600000000000e+00,3.183955895454e+00
1.580000000000e+01,8.800000000000e+00,3.118506926057e+00
1.580000000000e+01,9.000000000000e+00,3.058675311900e+00
1.580000000000e+01,9.200000000000e+00,3.003735084264e+00
1.580000000000e+01,9.400000000000e+00,2.953075604505e+00
1.580000000000e+01,9.600000000000e+00,2.906180141254e+00
1.580000000000e+01,9.800000000000e+00,2.862608957725e+00
1.580000000000e+01,1.000000000000e+01,2.821985857578e+00
1.580000000000e+01,1.020000000000e+01,2.783987404700e+00
1.580000000000e+01,1.040000000000e+01,2.748334226359e+00
1.580000000000e+01,1.060000000000e+01,2.714783951610e+00
1.580000000000e+01,1.080000000000e+01,2.683125442238e+00
1.580000000000e+01,1.100000000000e+01,2.653174052188e+00
1.580000000000e+01,1.120000000000e+01,2.624767710545e+00
1.580000000000e+01,1.140000000000e+01,2.597763668009e+00
1.580000000000e+01,1.160000000000e+01,2.572035780943e+00
1.580000000000e+01,1.180000000000e+01,2.547472233411e+00
1.580000000000e+01,1.200000000000e+01,2.523973617923e+00
1.580000000000e+01,1.220000000000e+01,2.501441077430e+00
1.580000000000e+01,1.240000000000e+01,2.479802056207e+00
1.580000000000e+01,1.260000000000e+01,2.458989682974e+00
1.580000000000e+01,1.280000000000e+01,2.438940152160e+00
1.580000000000e+01,1.300000000000e+01,2.419596015610e+00
1.580000000000e+01,1.320000000000e+01,2.400905435746e+00
1.580000000000e+01,1.340000000000e+01,2.382821539578e+00
1.580000000000e+01,1.360000000000e+01,2.365301858191e+00
1.580000000000e+01,1.380000000000e+01,2.348307838952e+00
1.580000000000e+01,1.400000000000e+01,2.331804419784e+00
1.580000000000e+01,1.420000000000e+01,2.315759656582e+00
1.580000000000e+01,1.440000000000e+01,2.300144396295e+00
1.580000000000e+01,1.460000000000e+01,2.284931989333e+00
1.580000000000e+01,1.480000000000e+01,2.270098035977e+00
1.580000000000e+01,1.500000000000e+01,2.255620162231e+00
1.580000000000e+01,1.520000000000e+01,2.241477821270e+00
1.580000000000e+01,1.540000000000e+01,2.227652117175e+00
1.580000000000e+01,1.560000000000e+01,2.214125648135e+00
1.580000000000e+01,1.580000000000e+01,2.200882366687e+00
1.580000000000e+01,1.600000000000e+01,2.187907454898e+00
1.600000000000e+01,3.000000000000e+00,inf
1.600000000000e+01,3.200000000000e+00,inf
1.600000000000e+01,3.400000000000e+00,inf
1.600000000000e+01,3.600000000000e+00,inf
1.600000000000e+01,3.800000000000e+00,inf
1.600000000000e+01,4.000000000000e+00,inf
1.600000000000e+01,4.200000000000e+00,inf
1.600000000000e+01,4.400000000000e+00,inf
1.600000000000e+01,4.600000000000e+00,inf
1.600000000000e+01,4.800000000000e+00,1.170280941326e+01
1.600000000000e+01,5.000000000000e+00,9.847959721936e+00
1.600000000000e+01,5.200000000000e+00,8.487609360549e+00
1.600000000000e+01,5.400000000000e+00,7.464226085719e+00
1.600000000000e+01,5.600000000000e+00,6.676969214972e+00
1.600000000000e+01,5.800000000000e+00,6.059265822238e+00
1.600000000000e+01,6.000000000000e+00,5.565969357983e+00
1.600000000000e+01,6.200000000000e+00,5.165731870008e+00
1.600000000000e+01,6.400000000000e+00,4.836324622312e+00
1.600000000000e+01,6.600000000000e+00,4.561684873029e+00
1.600000000000e+01,6.800000000000e+00,4.330004904942e+00
1.600000000000e+01,7.000000000000e+00,4.132467797276e+00
1.600000000000e+01,7.200000000000e+00,3.962394335247e+00
1.600000000000e+01,7.400000000000e+00,3.814656958261e+00
1.600000000000e+01,7.600000000000e+00,3.685270523695e+00
1.600000000000e+01,7.800000000000e+00,3.571102204339e+00
1.600000000000e+01,8.000000000000e+00,3.469662944410e+00
1.600000000000e+01,8.200000000000e+00,3.378955577869e+00
1.600000000000e+01,8.400000000000e+00,3.297362854830e+00
1.600000000000e+01,8.600000000000e+00,3.223563937964e+00
1.600000000000e+01,8.800000000000e+00,3.156471454797e+00
1.600000000000e+01,9.000000000000e+00,3.095183560930e+00
1.600000000000e+01,9.200000000000e+00,3.038947082957e+00
1.600000000000e+01,9.400000000000e+00,2.987128922620e+00
1.600000000000e+01,9.600000000000e+00,2.939193680074e+00
1.600000000000e+01,9.800000000000e+00,2.894686001664e+00
1.600000000000e+01,1.000000000000e+01,2.853216547913e+00
1.600000000000e+01,1.020000000000e+01,2.814450758313e+00
1.600000000000e+01,1.040000000000e+01,2.778099793662e+00
1.600000000000e+01,1.060000000000e+01,2.743913186371e+00
1.600000000000e+01,1.080000000000e+01,2.711672839870e+00
1.600000000000e+01,1.100000000000e+01,2.681188100788e+00
1.600000000000e+01,1.120000000000e+01,2.652291689629e+00
1.600000000000e+01,1.140000000000e+01,2.624836322624e+00
1.600000000000e+01,1.160000000000e+01,2.598691893297e+00
1.600000000000e+01,1.180000000000e+01,2.573743109764e+00
1.600000000000e+01,1.200000000000e+01,2.549887505078e+00
1.600000000000e+01,1.220000000000e+01,2.527023439830e+00
1.600000000000e+01,1.240000000000e+01,2.505076019203e+00
1.600000000000e+01,1.260000000000e+01,2.483976277864e+00
1.600000000000e+01,1.280000000000e+01,2.463658515197e+00
1.600000000000e+01,1.300000000000e+01,2.444063590137e+00
1.600000000000e+01,1.320000000000e+01,2.425138148932e+00
1.600000000000e+01,1.340000000000e+01,2.406833957431e+00
1.600000000000e+01,1.360000000000e+01,2.389107321920e+00
1.600000000000e+01,1.380000000000e+01,2.371918585272e+00
1.600000000000e+01,1.400000000000e+01,2.355231687337e+00
1.600000000000e+01,1.420000000000e+01,2.339013780336e+00
1.600000000000e+01,1.440000000000e+01,2.323234891478e+00
1.600000000000e+01,1.460000000000e+01,2.307867626257e+00
1.600000000000e+01,1.480000000000e+01,2.292886906878e+00
1.600000000000e+01,1.500000000000e+01,2.278269741126e+00
1.600000000000e+01,1.520000000000e+01,2.263995017671e+00
1.600000000000e+01,1.540000000000e+01,2.250043324380e+00
1.600000000000e+01,1.560000000000e+01,2.236396786743e+00
1.600000000000e+01,1.580000000000e+01,2.223038923873e+00
1.600000000000e+01,1.600000000000e+01,2.209954519932e+00
1.620000000000e+01,3.000000000000e+00,inf
1.620000000000e+01,3.200000000000e+00,inf
1.620000000000e+01,3.400000000000e+00,inf
1.620000000000e+01,3.600000000000e+00,inf
1.620000000000e+01,3.800000000000e+00,inf
1.620000000000e+01,4.000000000000e+00,inf
1.620000000000e+01,4.200000000000e+00,inf
1.620000000000e+01,4.400000000000e+00,inf
1.620000000000e+01,4.600000000000e+00,inf
1.620000000000e+01,4.800000000000e+00,1.210961270511e+01
1.620000000000e+01,5.000000000000e+00,1.016080385267e+01
1.620000000000e+01,5.200000000000e+00,8.734840096324e+00
1.620000000000e+01,5.400000000000e+00,7.664321826369e+00
1.620000000000e+01,5.600000000000e+00,6.842363939960e+00
1.620000000000e+01,5.800000000000e+00,6.198558865268e+00
1.620000000000e+01,6.000000000000e+00,5.685251879473e+00
1.620000000000e+01,6.200000000000e+00,5.269410220795e+00
1.620000000000e+01,6.400000000000e+00,4.927646730738e+00
1.620000000000e+01,6.600000000000e+00,4.643085609013e+00
1.620000000000e+01,6.800000000000e+00,4.403337897605e+00
1.620000000000e+01,7.000000000000e+00,4.199164205674e+00
1.620000000000e+01,7.200000000000e+00,4.023573565421e+00
1.620000000000e+01,7.400000000000e+00,3.871205136729e+00
1.620000000000e+01,7.600000000000e+00,3.737896949955e+00
1.620000000000e+01,7.800000000000e+00,3.620380521855e+00
1.620000000000e+01,8.000000000000e+00,3.516061551140e+00
1.620000000000e+01,8.200000000000e+00,3.422860357165e+00
1.620000000000e+01,8.400000000000e+00,3.339094356477e+00
1.620000000000e+01,8.600000000000e+00,3.263390501196e+00
1.620000000000e+01,8.800000000000e+00,3.194619331277e+00
1.620000000000e+01,9.000000000000e+00,3.131844796679e+00
1.620000000000e+01,9.200000000000e+00,3.074285709667e+00
1.620000000000e+01,9.400000000000e+00,3.021285861661e+00
1.620000000000e+01,9.600000000000e+00,2.972290657605e+00
1.620000000000e+01,9.800000000000e+00,2.926828697692e+00
1.620000000000e+01,1.000000000000e+01,2.884497147173e+00
1.620000000000e+01,1.020000000000e+01,2.844950030505e+00
1.620000000000e+01,1.040000000000e+01,2.807888800723e+00
1.620000000000e+01,1.060000000000e+01,2.773054692142e+00
1.620000000000e+01,1.080000000000e+01,2.740222480744e+00
1.620000000000e+01,1.100000000000e+01,2.709195363187e+00
1.620000000000e+01,1.120000000000e+01,2.679800730440e+00
1.620000000000e+01,1.140000000000e+01,2.651886661240e+00
1.620000000000e+01,1.160000000000e+01,2.625318998107e+00
1.620000000000e+01,1.180000000000e+01,2.599978897443e+00
1.620000000000e+01,1.200000000000e+01,2.575760767455e+00
1.620000000000e+01,1.220000000000e+01,2.552560129836e+00
1.620000000000e+01,1.240000000000e+01,2.530299701358e+00
1.620000000000e+01,1.260000000000e+01,2.508908379546e+00
1.620000000000e+01,1.280000000000e+01,2.488318531009e+00
1.620000000000e+01,1.300000000000e+01,2.468469288588e+00
1.620000000000e+01,1.320000000000e+01,2.449305753074e+00
1.620000000000e+01,1.340000000000e+01,2.430778303221e+00
1.620000000000e+01,1.360000000000e+01,2.412841997484e+00
1.620000000000e+01,1.380000000000e+01,2.395456053709e+00
1.620000000000e+01,1.400000000000e+01,2.378583395329e+00
1.620000000000e+01,1.420000000000e+01,2.362190254438e+00
1.620000000000e+01,1.440000000000e+01,2.346245823718e+00
1.620000000000e+01,1.460000000000e+01,2.330721950409e+00
1.620000000000e+01,1.480000000000e+01,2.315592866589e+00
1.620000000000e+01,1.500000000000e+01,2.300834950899e+00
1.620000000000e+01,1.520000000000e+01,2.286426517569e+00
1.620000000000e+01,1.540000000000e+01,2.272347629213e+00
1.620000000000e+01,1.560000000000e+01,2.258579930359e+00
1.620000000000e+01,1.580000000000e+01,2.245106499136e+00
1.620000000000e+01,1.600000000000e+01,2.231911714870e+00
1.640000000000e+01,3.000000000000e+00,inf
1.640000000000e+01,3.200000000000e+00,inf
1.640000000000e+01,3.400000000000e+00,inf
1.640000000000e+01,3.600000000000e+00,inf
1.640000000000e+01,3.800000000000e+00,inf
1.640000000000e+01,4.000000000000e+00,inf
1.640000000000e+01,4.200000000000e+00,inf
1.640000000000e+01,4.400000000000e+00,inf
1.640000000000e+01,4.600000000000e+00,inf
1.640000000000e+01,4.800000000000e+00,1.253097436899e+01
1.640000000000e+01,5.000000000000e+00,1.048393588816e+01
1.640000000000e+01,5.200000000000e+00,8.989547457876e+00
1.640000000000e+01,5.400000000000e+00,7.869981516665e+00
1.640000000000e+01,5.600000000000e+00,7.011983905736e+00
1.640000000000e+01,5.800000000000e+00,6.341116963097e+00
1.640000000000e+01,6.000000000000e+00,5.807095948686e+00
1.640000000000e+01,6.200000000000e+00,5.375124931841e+00
1.640000000000e+01,6.400000000000e+00,5.020606536094e+00
1.640000000000e+01,6.600000000000e+00,4.725816833359e+00
1.640000000000e+01,6.800000000000e+00,4.477761375979e+00
1.640000000000e+01,7.000000000000e+00,4.266761223419e+00
1.640000000000e+01,7.200000000000e+00,4.085501425895e+00
1.640000000000e+01,7.400000000000e+00,3.928378977822e+00
1.640000000000e+01,7.600000000000e+00,3.791048538591e+00
1.640000000000e+01,7.800000000000e+00,3.670101089943e+00
1.640000000000e+01,8.000000000000e+00,3.562833405629e+00
1.640000000000e+01,8.200000000000e+00,3.467080485803e+00
1.640000000000e+01,8.400000000000e+00,3.381092254169e+00
1.640000000000e+01,8.600000000000e+00,3.303441774122e+00
1.640000000000e+01,8.800000000000e+00,3.232956182120e+00
1.640000000000e+01,9.000000000000e+00,3.168664181889e+00
1.640000000000e+01,9.200000000000e+00,3.109755741913e+00
1.640000000000e+01,9.400000000000e+00,3.055550877127e+00
1.640000000000e+01,9.600000000000e+00,3.005475258389e+00
1.640000000000e+01,9.800000000000e+00,2.959041000852e+00
1.640000000000e+01,1.000000000000e+01,2.915831414710e+00
1.640000000000e+01,1.020000000000e+01,2.875488812631e+00
1.640000000000e+01,1.040000000000e+01,2.837704693672e+00
1.640000000000e+01,1.060000000000e+01,2.802211788617e+00
1.640000000000e+01,1.080000000000e+01,2.768777573671e+00
1.640000000000e+01,1.100000000000e+01,2.737198950223e+00
1.640000000000e+01,1.120000000000e+01,2.707297856588e+00
1.640000000000e+01,1.140000000000e+01,2.678917629195e+00
1.640000000000e+01,1.160000000000e+01,2.651919969933e+00
1.640000000000e+01,1.180000000000e+01,2.626182406500e+00
1.640000000000e+01,1.200000000000e+01,2.601596155852e+00
1.640000000000e+01,1.220000000000e+01,2.578053843399e+00
1.640000000000e+01,1.240000000000e+01,2.555475747476e+00
1.640000000000e+01,1.260000000000e+01,2.533788584798e+00
1.640000000000e+01,1.280000000000e+01,2.512922750977e+00
1.640000000000e+01,1.300000000000e+01,2.492815619165e+00
1.640000000000e+01,1.320000000000e+01,2.473410715062e+00
1.640000000000e+01,1.340000000000e+01,2.454657004106e+00
1.640000000000e+01,1.360000000000e+01,2.436508273638e+00
1.640000000000e+01,1.380000000000e+01,2.418922595748e+00
1.640000000000e+01,1.400000000000e+01,2.401861858927e+00
1.640000000000e+01,1.420000000000e+01,2.385291358551e+00
1.640000000000e+01,1.440000000000e+01,2.369179437866e+00
1.640000000000e+01,1.460000000000e+01,2.353497172422e+00
1.640000000000e+01,1.480000000000e+01,2.338218092033e+00
1.640000000000e+01,1.500000000000e+01,2.323317935200e+00
1.640000000000e+01,1.520000000000e+01,2.308774431732e+00
1.640000000000e+01,1.540000000000e+01,2.294567109892e+00
1.640000000000e+01,1.560000000000e+01,2.280677124954e+00
1.640000000000e+01,1.580000000000e+01,2.267087106476e+00
1.640000000000e+01,1.600000000000e+01,2.253781021984e+00
1.660000000000e+01,3.000000000000e+00,inf
1.660000000000e+01,3.200000000000e+00,inf
1.660000000000e+01,3.400000000000e+00,inf
1.660000000000e+01,3.600000000000e+00,inf
1.660000000000e+01,3.800000000000e+00,inf
1.660000000000e+01,4.000000000000e+00,inf
1.660000000000e+01,4.200000000000e+00,inf
1.660000000000e+01,4.400000000000e+00,inf
1.660000000000e+01,4.600000000000e+00,inf
1.660000000000e+01,4.800000000000e+00,inf
1.660000000000e+01,5.000000000000e+00,1.081769847090e+01
1.660000000000e+01,5.200000000000e+00,9.251964411154e+00
1.660000000000e+01,5.400000000000e+00,8.081368482907e+00
1.660000000000e+01,5.600000000000e+00,7.185946704462e+00
1.660000000000e+01,5.800000000000e+00,6.487026767514e+00
1.660000000000e+01,6.000000000000e+00,5.931566737053e+00
1.660000000000e+01,6.200000000000e+00,5.482925925305e+00
1.660000000000e+01,6.400000000000e+00,5.115242924741e+00
1.660000000000e+01,6.600000000000e+00,4.809909311905e+00
1.660000000000e+01,6.800000000000e+00,4.553300042917e+00
1.660000000000e+01,7.000000000000e+00,4.335278967773e+00
1.660000000000e+01,7.200000000000e+00,4.148194525225e+00
1.660000000000e+01,7.400000000000e+00,3.986192376839e+00
1.660000000000e+01,7.600000000000e+00,3.844737066223e+00
1.660000000000e+01,7.800000000000e+00,3.720274015779e+00
1.660000000000e+01,8.000000000000e+00,3.609987288391e+00
1.660000000000e+01,8.200000000000e+00,3.511623681561e+00
1.660000000000e+01,8.400000000000e+00,3.423363407881e+00
1.660000000000e+01,8.600000000000e+00,3.343723919284e+00
1.660000000000e+01,8.800000000000e+00,3.271487598850e+00
1.660000000000e+01,9.000000000000e+00,3.205646837391e+00
1.660000000000e+01,9.200000000000e+00,3.145361909961e+00
1.660000000000e+01,9.400000000000e+00,3.089928373086e+00
1.660000000000e+01,9.600000000000e+00,3.038751612288e+00
1.660000000000e+01,9.800000000000e+00,2.991326809004e+00
1.660000000000e+01,1.000000000000e+01,2.947223050810e+00
1.660000000000e+01,1.020000000000e+01,2.906070635601e+00
1.660000000000e+01,1.040000000000e+01,2.867550857224e+00
1.660000000000e+01,1.060000000000e+01,2.831387733450e+00
1.660000000000e+01,1.080000000000e+01,2.797341265086e+00
1.660000000000e+01,1.100000000000e+01,2.765201910257e+00
1.660000000000e+01,1.120000000000e+01,2.734786029310e+00
1.660000000000e+01,1.140000000000e+01,2.705932109741e+00
1.660000000000e+01,1.160000000000e+01,2.678497621674e+00
1.660000000000e+01,1.180000000000e+01,2.652356385876e+00
1.660000000000e+01,1.200000000000e+01,2.627396360621e+00
1.660000000000e+01,1.220000000000e+01,2.603507216774e+00
1.660000000000e+01,1.240000000000e+01,2.580606743500e+00
1.660000000000e+01,1.260000000000e+01,2.558619432443e+00
1.660000000000e+01,1.280000000000e+01,2.537473669493e+00
1.660000000000e+01,1.300000000000e+01,2.517105034091e+00
1.660000000000e+01,1.320000000000e+01,2.497455446861e+00
1.660000000000e+01,1.340000000000e+01,2.478472433406e+00
1.660000000000e+01,1.360000000000e+01,2.460108486421e+00
1.660000000000e+01,1.380000000000e+01,2.442320511298e+00
1.660000000000e+01,1.400000000000e+01,2.425069342890e+00
1.660000000000e+01,1.420000000000e+01,2.408319323112e+00
1.660000000000e+01,1.440000000000e+01,2.392037930739e+00
1.660000000000e+01,1.460000000000e+01,2.376195456097e+00
1.660000000000e+01,1.480000000000e+01,2.360764714510e+00
1.660000000000e+01,1.500000000000e+01,2.345720793273e+00
1.660000000000e+01,1.520000000000e+01,2.331040827727e+00
1.660000000000e+01,1.540000000000e+01,2.316703802651e+00
1.660000000000e+01,1.560000000000e+01,2.302690375725e+00
1.660000000000e+01,1.580000000000e+01,2.288982720313e+00
1.660000000000e+01,1.600000000000e+01,2.275564385162e+00
1.680000000000e+01,3.000000000000e+00,inf
1.680000000000e+01,3.200000000000e+00,inf
1.680000000000e+01,3.400000000000e+00,inf
1.680000000000e+01,3.600000000000e+00,inf
1.680000000000e+01,3.800000000000e+00,inf
1.680000000000e+01,4.000000000000e+00,inf
1.680000000000e+01,4.200000000000e+00,inf
1.680000000000e+01,4.400000000000e+00,inf
1.680000000000e+01,4.600000000000e+00,inf
1.680000000000e+01,4.800000000000e+00,inf
1.680000000000e+01,5.000000000000e+00,1.116244506783e+01
1.680000000000e+01,5.200000000000e+00,9.522330615769e+00
1.680000000000e+01,5.400000000000e+00,8.298650330582e+00
1.680000000000e+01,5.600000000000e+00,7.364372747032e+00
1.680000000000e+01,5.800000000000e+00,6.636376836222e+00
1.680000000000e+01,6.000000000000e+00,6.058730733117e+00
1.680000000000e+01,6.200000000000e+00,5.592864049182e+00
1.680000000000e+01,6.400000000000e+00,5.211595441700e+00
1.680000000000e+01,6.600000000000e+00,4.895394282272e+00
1.680000000000e+01,6.800000000000e+00,4.629978939596e+00
1.680000000000e+01,7.000000000000e+00,4.404737797302e+00
1.680000000000e+01,7.200000000000e+00,4.211669641680e+00
1.680000000000e+01,7.400000000000e+00,4.044659345278e+00
1.680000000000e+01,7.600000000000e+00,3.898974385222e+00
1.680000000000e+01,7.800000000000e+00,3.770909451431e+00
1.680000000000e+01,8.000000000000e+00,3.657532001087e+00
1.680000000000e+01,8.200000000000e+00,3.556497664970e+00
1.680000000000e+01,8.400000000000e+00,3.465914666009e+00
1.680000000000e+01,8.600000000000e+00,3.384243076424e+00
1.680000000000e+01,8.800000000000e+00,3.310219141377e+00
1.680000000000e+01,9.000000000000e+00,3.242797845470e+00
1.680000000000e+01,9.200000000000e+00,3.181108900072e+00
1.680000000000e+01,9.400000000000e+00,3.124422705319e+00
1.680000000000e+01,9.600000000000e+00,3.072123797536e+00
1.680000000000e+01,9.800000000000e+00,3.023689965799e+00
1.680000000000e+01,1.000000000000e+01,2.978675699581e+00
1.680000000000e+01,1.020000000000e+01,2.936698972675e+00
1.680000000000e+01,1.040000000000e+01,2.897430617397e+00
1.680000000000e+01,1.060000000000e+01,2.860585724891e+00
1.680000000000e+01,1.080000000000e+01,2.825916641595e+00
1.680000000000e+01,1.100000000000e+01,2.793207231651e+00
1.680000000000e+01,1.120000000000e+01,2.762268149872e+00
1.680000000000e+01,1.140000000000e+01,2.732932926355e+00
1.680000000000e+01,1.160000000000e+01,2.705054706805e+00
1.680000000000e+01,1.180000000000e+01,2.678503525568e+00
1.680000000000e+01,1.200000000000e+01,2.653164013753e+00
1.680000000000e+01,1.220000000000e+01,2.628922828531e+00
1.680000000000e+01,1.240000000000e+01,2.605695218450e+00
1.680000000000e+01,1.260000000000e+01,2.583403405208e+00
1.680000000000e+01,1.280000000000e+01,2.561973725733e+00
1.680000000000e+01,1.300000000000e+01,2.541339931312e+00
1.680000000000e+01,1.320000000000e+01,2.521442307142e+00
1.680000000000e+01,1.340000000000e+01,2.502226912166e+00
1.680000000000e+01,1.360000000000e+01,2.483644920648e+00
1.680000000000e+01,1.380000000000e+01,2.465652050122e+00
1.680000000000e+01,1.400000000000e+01,2.448208062925e+00
1.680000000000e+01,1.420000000000e+01,2.431276330619e+00
1.680000000000e+01,1.440000000000e+01,2.414823452346e+00
1.680000000000e+01,1.460000000000e+01,2.398818919563e+00
1.680000000000e+01,1.480000000000e+01,2.383234820792e+00
1.680000000000e+01,1.500000000000e+01,2.368045580980e+00
1.680000000000e+01,1.520000000000e+01,2.353227730899e+00
1.680000000000e+01,1.540000000000e+01,2.338759702647e+00
1.680000000000e+01,1.560000000000e+01,2.324621647937e+00
1.680000000000e+01,1.580000000000e+01,2.310795276286e+00
1.680000000000e+01,1.600000000000e+01,2.297263710649e+00
1.700000000000e+01,3.000000000000e+00,inf
1.700000000000e+01,3.200000000000e+00,inf
1.700000000000e+01,3.400000000000e+00,inf
1.700000000000e+01,3.600000000000e+00,inf
1.700000000000e+01,3.800000000000e+00,inf
1.700000000000e+01,4.000000000000e+00,inf
1.700000000000e+01,4.200000000000e+00,inf
1.700000000000e+01,4.400000000000e+00,inf
1.700000000000e+01,4.600000000000e+00,inf
1.700000000000e+01,4.800000000000e+00,inf
1.700000000000e+01,5.000000000000e+00,1.151854033655e+01
1.700000000000e+01,5.200000000000e+00,9.800892634454e+00
1.700000000000e+01,5.400000000000e+00,8.521999067845e+00
1.700000000000e+01,5.600000000000e+00,7.547385338140e+00
1.700000000000e+01,5.800000000000e+00,6.789257680080e+00
1.700000000000e+01,6.000000000000e+00,6.188655773463e+00
1.700000000000e+01,6.200000000000e+00,5.704991098480e+00
1.700000000000e+01,6.400000000000e+00,5.309704305860e+00
1.700000000000e+01,6.600000000000e+00,4.982303465306e+00
1.700000000000e+01,6.800000000000e+00,4.707823454521e+00
1.700000000000e+01,7.000000000000e+00,4.475158319257e+00
1.700000000000e+01,7.200000000000e+00,4.275943729497e+00
1.700000000000e+01,7.400000000000e+00,4.103794016289e+00
1.700000000000e+01,7.600000000000e+00,3.953772428588e+00
1.700000000000e+01,7.800000000000e+00,3.822017598301e+00
1.700000000000e+01,8.000000000000e+00,3.705476370642e+00
1.700000000000e+01,8.200000000000e+00,3.601710163178e+00
1.700000000000e+01,8.400000000000e+00,3.508752869022e+00
1.700000000000e+01,8.600000000000e+00,3.425005365970e+00
1.700000000000e+01,8.800000000000e+00,3.349156341343e+00
1.700000000000e+01,9.000000000000e+00,3.280122253081e+00
1.700000000000e+01,9.200000000000e+00,3.217001357617e+00
1.700000000000e+01,9.400000000000e+00,3.159038184338e+00
1.700000000000e+01,9.600000000000e+00,3.105595843659e+00
1.700000000000e+01,9.800000000000e+00,3.056134263512e+00
1.700000000000e+01,1.000000000000e+01,3.010192951699e+00
1.700000000000e+01,1.020000000000e+01,2.967377242142e+00
1.700000000000e+01,1.040000000000e+01,2.927347244105e+00
1.700000000000e+01,1.060000000000e+01,2.889808904305e+00
1.700000000000e+01,1.080000000000e+01,2.854506732433e+00
1.700000000000e+01,1.100000000000e+01,2.821217845140e+00
1.700000000000e+01,1.120000000000e+01,2.789747061870e+00
1.700000000000e+01,1.140000000000e+01,2.759922844973e+00
1.700000000000e+01,1.160000000000e+01,2.731593921535e+00
1.700000000000e+01,1.180000000000e+01,2.704626458709e+00
1.700000000000e+01,1.200000000000e+01,2.678901690887e+00
1.700000000000e+01,1.220000000000e+01,2.654303201501e+00
1.700000000000e+01,1.240000000000e+01,2.630743646290e+00
1.700000000000e+01,1.260000000000e+01,2.608142931519e+00
1.700000000000e+01,1.280000000000e+01,2.586425305396e+00
1.700000000000e+01,1.300000000000e+01,2.565522656162e+00
1.700000000000e+01,1.320000000000e+01,2.545373602873e+00
1.700000000000e+01,1.340000000000e+01,2.525922710678e+00
1.700000000000e+01,1.360000000000e+01,2.507119811362e+00
1.700000000000e+01,1.380000000000e+01,2.488919413220e+00
1.700000000000e+01,1.400000000000e+01,2.471280187010e+00
1.700000000000e+01,1.420000000000e+01,2.454164516891e+00
1.700000000000e+01,1.440000000000e+01,2.437538107081e+00
1.700000000000e+01,1.460000000000e+01,2.421369636411e+00
1.700000000000e+01,1.480000000000e+01,2.405630454197e+00
1.700000000000e+01,1.500000000000e+01,2.390294311824e+00
1.700000000000e+01,1.520000000000e+01,2.375337125319e+00
1.700000000000e+01,1.540000000000e+01,2.360736764863e+00
1.700000000000e+01,1.560000000000e+01,2.346472867778e+00
1.700000000000e+01,1.580000000000e+01,2.332526672044e+00
1.700000000000e+01,1.600000000000e+01,2.318880867788e+00
1.720000000000e+01,3.000000000000e+00,inf
1.720000000000e+01,3.200000000000e+00,inf
1.720000000000e+01,3.400000000000e+00,inf
1.720000000000e+01,3.600000000000e+00,inf
1.720000000000e+01,3.800000000000e+00,inf
1.720000000000e+01,4.000000000000e+00,inf
1.720000000000e+01,4.200000000000e+00,inf
1.720000000000e+01,4.400000000000e+00,inf
1.720000000000e+01,4.600000000000e+00,inf
1.720000000000e+01,4.800000000000e+00,inf
1.720000000000e+01,5.000000000000e+00,1.188636050384e+01
1.720000000000e+01,5.200000000000e+00,1.008790414912e+01
1.720000000000e+01,5.400000000000e+00,8.751591232690e+00
1.720000000000e+01,5.600000000000e+00,7.735110753424e+00
1.720000000000e+01,5.800000000000e+00,6.945761811472e+00
1.720000000000e+01,6.000000000000e+00,6.321411074233e+00
1.720000000000e+01,6.200000000000e+00,5.819359836673e+00
1.720000000000e+01,6.400000000000e+00,5.409610425271e+00
1.720000000000e+01,6.600000000000e+00,5.070669076518e+00
1.720000000000e+01,6.800000000000e+00,4.786859332462e+00
1.720000000000e+01,7.000000000000e+00,4.546561396841e+00
1.720000000000e+01,7.200000000000e+00,4.341033925004e+00
1.720000000000e+01,7.400000000000e+00,4.163610649996e+00
1.720000000000e+01,7.600000000000e+00,4.009143214681e+00
1.720000000000e+01,7.800000000000e+00,3.873608711426e+00
1.720000000000e+01,8.000000000000e+00,3.753829253215e+00
1.720000000000e+01,8.200000000000e+00,3.647268913656e+00
1.720000000000e+01,8.400000000000e+00,3.551884852978e+00
1.720000000000e+01,8.600000000000e+00,3.466016892377e+00
1.720000000000e+01,8.800000000000e+00,3.388304705321e+00
1.720000000000e+01,9.000000000000e+00,3.317625074941e+00
1.720000000000e+01,9.200000000000e+00,3.253043890057e+00
1.720000000000e+01,9.400000000000e+00,3.193779078269e+00
1.720000000000e+01,9.600000000000e+00,3.139171734286e+00
1.720000000000e+01,9.800000000000e+00,3.088663445761e+00
1.720000000000e+01,1.000000000000e+01,3.041778347061e+00
1.720000000000e+01,1.020000000000e+01,2.998108809889e+00
1.720000000000e+01,1.040000000000e+01,2.957303953665e+00
1.720000000000e+01,1.060000000000e+01,2.919060358608e+00
1.720000000000e+01,1.080000000000e+01,2.883114511817e+00
1.720000000000e+01,1.100000000000e+01,2.849236626126e+00
1.720000000000e+01,1.120000000000e+01,2.817225553449e+00
1.720000000000e+01,1.140000000000e+01,2.786904576143e+00
1.720000000000e+01,1.160000000000e+01,2.758117906895e+00
1.720000000000e+01,1.180000000000e+01,2.730727763587e+00
1.720000000000e+01,1.200000000000e+01,2.704611913263e+00
1.720000000000e+01,1.220000000000e+01,2.679650804648e+00
1.720000000000e+01,1.240000000000e+01,2.655754447739e+00
1.720000000000e+01,1.260000000000e+01,2.632840387248e+00
1.720000000000e+01,1.280000000000e+01,2.610830742371e+00
1.720000000000e+01,1.300000000000e+01,2.589655502972e+00
1.720000000000e+01,1.320000000000e+01,2.569251590871e+00
1.720000000000e+01,1.340000000000e+01,2.549562049969e+00
1.720000000000e+01,1.360000000000e+01,2.530535345256e+00
1.720000000000e+01,1.380000000000e+01,2.512124754189e+00
1.720000000000e+01,1.400000000000e+01,2.494287836689e+00
1.720000000000e+01,1.420000000000e+01,2.476985972303e+00
1.720000000000e+01,1.440000000000e+01,2.460183954896e+00
1.720000000000e+01,1.460000000000e+01,2.443849636809e+00
1.720000000000e+01,1.480000000000e+01,2.427953615649e+00
1.720000000000e+01,1.500000000000e+01,2.412468957942e+00
1.720000000000e+01,1.520000000000e+01,2.397370954738e+00
1.720000000000e+01,1.540000000000e+01,2.382636904999e+00
1.720000000000e+01,1.560000000000e+01,2.368245923193e+00
1.720000000000e+01,1.580000000000e+01,2.354178768036e+00
1.720000000000e+01,1.600000000000e+01,2.340417689758e+00
1.740000000000e+01,3.000000000000e+00,inf
1.740000000000e+01,3.200000000000e+00,inf
1.740000000000e+01,3.400000000000e+00,inf
1.740000000000e+01,3.600000000000e+00,inf
1.740000000000e+01,3.800000000000e+00,inf
1.740000000000e+01,4.000000000000e+00,inf
1.740000000000e+01,4.200000000000e+00,inf
1.740000000000e+01,4.400000000000e+00,inf
1.740000000000e+01,4.600000000000e+00,inf
1.740000000000e+01,4.800000000000e+00,inf
1.740000000000e+01,5.000000000000e+00,1.226629375649e+01
1.740000000000e+01,5.200000000000e+00,1.038362618365e+01
1.740000000000e+01,5.400000000000e+00,8.987608023913e+00
1.740000000000e+01,5.600000000000e+00,7.927678318733e+00
1.740000000000e+01,5.800000000000e+00,7.105983793850e+00
1.740000000000e+01,6.000000000000e+00,6.457067263265e+00
1.740000000000e+01,6.200000000000e+00,5.936024017442e+00
1.740000000000e+01,6.400000000000e+00,5.511355412548e+00
1.740000000000e+01,6.600000000000e+00,5.160523837502e+00
1.740000000000e+01,6.800000000000e+00,4.867112683316e+00
1.740000000000e+01,7.000000000000e+00,4.618968156373e+00
1.740000000000e+01,7.200000000000e+00,4.406957552624e+00
1.740000000000e+01,7.400000000000e+00,4.224123638679e+00
1.740000000000e+01,7.600000000000e+00,4.065098851821e+00
1.740000000000e+01,7.800000000000e+00,3.925693103638e+00
1.740000000000e+01,8.000000000000e+00,3.802599538027e+00
1.740000000000e+01,8.200000000000e+00,3.693181667780e+00
1.740000000000e+01,8.400000000000e+00,3.595317452886e+00
1.740000000000e+01,8.600000000000e+00,3.507283747338e+00
1.740000000000e+01,8.800000000000e+00,3.427669717894e+00
1.740000000000e+01,9.000000000000e+00,3.355311296482e+00
1.740000000000e+01,9.200000000000e+00,3.289241069800e+00
1.740000000000e+01,9.400000000000e+00,3.228649615624e+00
1.740000000000e+01,9.600000000000e+00,3.172855409822e+00
1.740000000000e+01,9.800000000000e+00,3.121281210122e+00
1.740000000000e+01,1.000000000000e+01,3.073435377317e+00
1.740000000000e+01,1.020000000000e+01,3.028896991867e+00
1.740000000000e+01,1.040000000000e+01,2.987303911186e+00
1.740000000000e+01,1.060000000000e+01,2.948343122587e+00
1.740000000000e+01,1.080000000000e+01,2.911742901212e+00
1.740000000000e+01,1.100000000000e+01,2.877266396871e+00
1.740000000000e+01,1.120000000000e+01,2.844706359439e+00
1.740000000000e+01,1.140000000000e+01,2.813880777088e+00
1.740000000000e+01,1.160000000000e+01,2.784629250734e+00
1.740000000000e+01,1.180000000000e+01,2.756809965584e+00
1.740000000000e+01,1.200000000000e+01,2.730297149592e+00
1.740000000000e+01,1.220000000000e+01,2.704968054888e+00
1.740000000000e+01,1.240000000000e+01,2.680729992024e+00
1.740000000000e+01,1.260000000000e+01,2.657498097401e+00
1.740000000000e+01,1.280000000000e+01,2.635192320374e+00
1.740000000000e+01,1.300000000000e+01,2.613740716637e+00
1.740000000000e+01,1.320000000000e+01,2.593078479298e+00
1.740000000000e+01,1.340000000000e+01,2.573147103235e+00
1.740000000000e+01,1.360000000000e+01,2.553893662057e+00
1.740000000000e+01,1.380000000000e+01,2.535270180544e+00
1.740000000000e+01,1.400000000000e+01,2.517233088335e+00
1.740000000000e+01,1.420000000000e+01,2.499742742989e+00
1.740000000000e+01,1.440000000000e+01,2.482763012454e+00
1.740000000000e+01,1.460000000000e+01,2.466260908595e+00
1.740000000000e+01,1.480000000000e+01,2.450206264714e+00
1.740000000000e+01,1.500000000000e+01,2.434571451098e+00
1.740000000000e+01,1.520000000000e+01,2.419331123514e+00
1.740000000000e+01,1.540000000000e+01,2.404462000354e+00
1.740000000000e+01,1.560000000000e+01,2.389942664717e+00
1.740000000000e+01,1.580000000000e+01,2.375753388290e+00
1.740000000000e+01,1.600000000000e+01,2.361875974306e+00
1.760000000000e+01,3.000000000000e+00,inf
1.760000000000e+01,3.200000000000e+00,inf
1.760000000000e+01,3.400000000000e+00,inf
1.760000000000e+01,3.600000000000e+00,inf
1.760000000000e+01,3.800000000000e+00,inf
1.760000000000e+01,4.000000000000e+00,inf
1.760000000000e+01,4.200000000000e+00,inf
1.760000000000e+01,4.400000000000e+00,inf
1.760000000000e+01,4.600000000000e+00,inf
1.760000000000e+01,4.800000000000e+00,inf
1.760000000000e+01,5.000000000000e+00,1.265874064512e+01
1.760000000000e+01,5.200000000000e+00,1.068832733373e+01
1.760000000000e+01,5.400000000000e+00,9.230235435956e+00
1.760000000000e+01,5.600000000000e+00,8.125220491602e+00
1.760000000000e+01,5.800000000000e+00,7.270020292518e+00
1.760000000000e+01,6.000000000000e+00,6.595696412890e+00
1.760000000000e+01,6.200000000000e+00,6.055038406741e+00
1.760000000000e+01,6.400000000000e+00,5.614981600390e+00
1.760000000000e+01,6.600000000000e+00,5.251900987382e+00
1.760000000000e+01,6.800000000000e+00,4.948609990928e+00
1.760000000000e+01,7.000000000000e+00,4.692399994372e+00
1.760000000000e+01,7.200000000000e+00,4.473732130769e+00
1.760000000000e+01,7.400000000000e+00,4.285347511847e+00
1.760000000000e+01,7.600000000000e+00,4.121651542753e+00
1.760000000000e+01,7.800000000000e+00,3.978281149594e+00
1.760000000000e+01,8.000000000000e+00,3.851796151067e+00
1.760000000000e+01,8.200000000000e+00,3.739456194272e+00
1.760000000000e+01,8.400000000000e+00,3.639057505962e+00
1.760000000000e+01,8.600000000000e+00,3.548812012869e+00
1.760000000000e+01,8.800000000000e+00,3.467256844603e+00
1.760000000000e+01,9.000000000000e+00,3.393185876688e+00
1.760000000000e+01,9.200000000000e+00,3.325597436941e+00
1.760000000000e+01,9.400000000000e+00,3.263653987950e+00
1.760000000000e+01,9.600000000000e+00,3.206650770032e+00
1.760000000000e+01,9.800000000000e+00,3.153991210622e+00
1.760000000000e+01,1.000000000000e+01,3.105167488299e+00
1.760000000000e+01,1.020000000000e+01,3.059745056456e+00
1.760000000000e+01,1.040000000000e+01,3.017350232878e+00
1.760000000000e+01,1.060000000000e+01,2.977660181149e+00
1.760000000000e+01,1.080000000000e+01,2.940394771509e+00
1.760000000000e+01,1.100000000000e+01,2.905309928617e+00
1.760000000000e+01,1.120000000000e+01,2.872192163406e+00
1.760000000000e+01,1.140000000000e+01,2.840854053708e+00
1.760000000000e+01,1.160000000000e+01,2.811130489662e+00
1.760000000000e+01,1.180000000000e+01,2.782875539048e+00
1.760000000000e+01,1.200000000000e+01,2.755959817877e+00
1.760000000000e+01,1.220000000000e+01,2.730257318839e+00
1.760000000000e+01,1.240000000000e+01,2.705672598572e+00
1.760000000000e+01,1.260000000000e+01,2.682118337755e+00
1.760000000000e+01,1.280000000000e+01,2.659512274517e+00
1.760000000000e+01,1.300000000000e+01,2.637780494131e+00
1.760000000000e+01,1.320000000000e+01,2.616856429125e+00
1.760000000000e+01,1.340000000000e+01,2.596679997251e+00
1.760000000000e+01,1.360000000000e+01,2.577196855868e+00
1.760000000000e+01,1.380000000000e+01,2.558357755009e+00
1.760000000000e+01,1.400000000000e+01,2.540117974386e+00
1.760000000000e+01,1.420000000000e+01,2.522436832027e+00
1.760000000000e+01,1.440000000000e+01,2.505277254254e+00
1.760000000000e+01,1.460000000000e+01,2.488605398354e+00
1.760000000000e+01,1.480000000000e+01,2.472390320624e+00
1.760000000000e+01,1.500000000000e+01,2.456603683649e+00
1.760000000000e+01,1.520000000000e+01,2.441219497539e+00
1.760000000000e+01,1.540000000000e+01,2.426213890700e+00
1.760000000000e+01,1.560000000000e+01,2.411564906300e+00
1.760000000000e+01,1.580000000000e+01,2.397252321192e+00
1.760000000000e+01,1.600000000000e+01,2.383257484479e+00
1.780000000000e+01,3.000000000000e+00,inf
1.780000000000e+01,3.200000000000e+00,inf
1.780000000000e+01,3.400000000000e+00,inf
1.780000000000e+01,3.600000000000e+00,inf
1.780000000000e+01,3.800000000000e+00,inf
1.780000000000e+01,4.000000000000e+00,inf
1.780000000000e+01,4.200000000000e+00,inf
1.780000000000e+01,4.400000000000e+00,inf
1.780000000000e+01,4.600000000000e+00,inf
1.780000000000e+01,4.800000000000e+00,inf
1.780000000000e+01,5.000000000000e+00,1.306411450106e+01
1.780000000000e+01,5.200000000000e+00,1.100228400367e+01
1.780000000000e+01,5.400000000000e+00,9.479664397746e+00
1.780000000000e+01,5.600000000000e+00,8.327872944982e+00
1.780000000000e+01,5.800000000000e+00,7.437970126677e+00
1.780000000000e+01,6.000000000000e+00,6.737372073412e+00
1.780000000000e+01,6.200000000000e+00,6.176458805210e+00
1.780000000000e+01,6.400000000000e+00,5.720532057254e+00
1.780000000000e+01,6.600000000000e+00,5.344834294271e+00
1.780000000000e+01,6.800000000000e+00,5.031378121860e+00
1.780000000000e+01,7.000000000000e+00,4.766878584550e+00
1.780000000000e+01,7.200000000000e+00,4.541375377640e+00
1.780000000000e+01,7.400000000000e+00,4.347296941184e+00
1.780000000000e+01,7.600000000000e+00,4.178813589007e+00
1.780000000000e+01,7.800000000000e+00,4.031383289689e+00
1.780000000000e+01,8.000000000000e+00,3.901428058664e+00
1.780000000000e+01,8.200000000000e+00,3.786100282527e+00
1.780000000000e+01,8.400000000000e+00,3.683111854748e+00
1.780000000000e+01,8.600000000000e+00,3.590607764270e+00
1.780000000000e+01,8.800000000000e+00,3.507071534780e+00
1.780000000000e+01,9.000000000000e+00,3.431253750824e+00
1.780000000000e+01,9.200000000000e+00,3.362117501891e+00
1.780000000000e+01,9.400000000000e+00,3.298796352374e+00
1.780000000000e+01,9.600000000000e+00,3.240561676501e+00
1.780000000000e+01,9.800000000000e+00,3.186797060141e+00
1.780000000000e+01,1.000000000000e+01,3.136978082355e+00
1.780000000000e+01,1.020000000000e+01,3.090656226735e+00
1.780000000000e+01,1.040000000000e+01,3.047445988251e+00
1.780000000000e+01,1.060000000000e+01,3.007014471461e+00
1.780000000000e+01,1.080000000000e+01,2.969072945111e+00
1.780000000000e+01,1.100000000000e+01,2.933369943619e+00
1.780000000000e+01,1.120000000000e+01,2.899685599634e+00
1.780000000000e+01,1.140000000000e+01,2.867826962495e+00
1.780000000000e+01,1.160000000000e+01,2.837624110909e+00
1.780000000000e+01,1.180000000000e+01,2.808926909107e+00
1.780000000000e+01,1.200000000000e+01,2.781602287160e+00
1.780000000000e+01,1.220000000000e+01,2.755520914522e+00
1.780000000000e+01,1.240000000000e+01,2.730584538652e+00
1.780000000000e+01,1.260000000000e+01,2.706703336438e+00
1.780000000000e+01,1.280000000000e+01,2.683792792839e+00
1.780000000000e+01,1.300000000000e+01,2.661776985982e+00
1.780000000000e+01,1.320000000000e+01,2.640587555552e+00
1.780000000000e+01,1.340000000000e+01,2.620162813731e+00
1.780000000000e+01,1.360000000000e+01,2.600446976479e+00
1.780000000000e+01,1.380000000000e+01,2.581389496775e+00
1.780000000000e+01,1.400000000000e+01,2.562944484549e+00
1.780000000000e+01,1.420000000000e+01,2.545070200586e+00
1.780000000000e+01,1.440000000000e+01,2.527728613732e+00
1.780000000000e+01,1.460000000000e+01,2.510885012464e+00
1.780000000000e+01,1.480000000000e+01,2.494507663276e+00
1.780000000000e+01,1.500000000000e+01,2.478567509497e+00
1.780000000000e+01,1.520000000000e+01,2.463037905135e+00
1.780000000000e+01,1.540000000000e+01,2.447894379132e+00
1.780000000000e+01,1.560000000000e+01,2.433114426114e+00
1.780000000000e+01,1.580000000000e+01,2.418677320249e+00
1.780000000000e+01,1.600000000000e+01,2.404563949344e+00
1.800000000000e+01,3.000000000000e+00,inf
1.800000000000e+01,3.200000000000e+00,inf
1.800000000000e+01,3.400000000000e+00,inf
1.800000000000e+01,3.600000000000e+00,inf
1.800000000000e+01,3.800000000000e+00,inf
1.800000000000e+01,4.000000000000e+00,inf
1.800000000000e+01,4.200000000000e+00,inf
1.800000000000e+01,4.400000000000e+00,inf
1.800000000000e+01,4.600000000000e+00,inf
1.800000000000e+01,4.800000000000e+00,inf
1.800000000000e+01,5.000000000000e+00,1.348284186700e+01
1.800000000000e+01,5.200000000000e+00,1.132578065066e+01
1.800000000000e+01,5.400000000000e+00,9.736090915621e+00
1.800000000000e+01,5.600000000000e+00,8.535774653313e+00
1.800000000000e+01,5.800000000000e+00,7.609934322794e+00
1.800000000000e+01,6.000000000000e+00,6.882169307324e+00
1.800000000000e+01,6.200000000000e+00,6.300342070949e+00
1.800000000000e+01,6.400000000000e+00,5.828050603184e+00
1.800000000000e+01,6.600000000000e+00,5.439358066785e+00
1.800000000000e+01,6.800000000000e+00,5.115444334139e+00
1.800000000000e+01,7.000000000000e+00,4.842425884750e+00
1.800000000000e+01,7.200000000000e+00,4.609905216927e+00
1.800000000000e+01,7.400000000000e+00,4.409986745410e+00
1.800000000000e+01,7.600000000000e+00,4.236597395135e+00
1.800000000000e+01,7.800000000000e+00,4.085010033853e+00
1.800000000000e+01,8.000000000000e+00,3.951504270959e+00
1.800000000000e+01,8.200000000000e+00,3.833121745824e+00
1.800000000000e+01,8.400000000000e+00,3.727487350126e+00
1.800000000000e+01,8.600000000000e+00,3.632677072983e+00
1.800000000000e+01,8.800000000000e+00,3.547119224273e+00
1.800000000000e+01,9.000000000000e+00,3.469519833043e+00
1.800000000000e+01,9.200000000000e+00,3.398805747898e+00
1.800000000000e+01,9.400000000000e+00,3.334080834045e+00
1.800000000000e+01,9.600000000000e+00,3.274591955008e+00
1.800000000000e+01,9.800000000000e+00,3.219702332711e+00
1.800000000000e+01,1.000000000000e+01,3.168870520589e+00
1.800000000000e+01,1.020000000000e+01,3.121633682657e+00
1.800000000000e+01,1.040000000000e+01,3.077594202247e+00
1.800000000000e+01,1.060000000000e+01,3.036408885022e+00
1.800000000000e+01,1.080000000000e+01,2.997780197952e+00
1.800000000000e+01,1.100000000000e+01,2.961449117098e+00
1.800000000000e+01,1.120000000000e+01,2.927189255025e+00
1.800000000000e+01,1.140000000000e+01,2.894802012385e+00
1.800000000000e+01,1.160000000000e+01,2.864112554121e+00
1.800000000000e+01,1.180000000000e+01,2.834966453406e+00
1.800000000000e+01,1.200000000000e+01,2.807226879216e+00
1.800000000000e+01,1.220000000000e+01,2.780761112995e+00
1.800000000000e+01,1.240000000000e+01,2.755468036961e+00
1.800000000000e+01,1.260000000000e+01,2.731255275466e+00
1.800000000000e+01,1.280000000000e+01,2.708036017786e+00
1.800000000000e+01,1.300000000000e+01,2.685732297700e+00
1.800000000000e+01,1.320000000000e+01,2.664273929378e+00
1.800000000000e+01,1.340000000000e+01,2.643597590652e+00
1.800000000000e+01,1.360000000000e+01,2.623646030643e+00
1.800000000000e+01,1.380000000000e+01,2.604367382720e+00
1.800000000000e+01,1.400000000000e+01,2.585714566974e+00
1.800000000000e+01,1.420000000000e+01,2.567644769057e+00
1.800000000000e+01,1.440000000000e+01,2.550118984336e+00
1.800000000000e+01,1.460000000000e+01,2.533101618129e+00
1.800000000000e+01,1.480000000000e+01,2.516560134215e+00
1.800000000000e+01,1.500000000000e+01,2.500464745029e+00
1.800000000000e+01,1.520000000000e+01,2.484788137950e+00
1.800000000000e+01,1.540000000000e+01,2.469505232921e+00
1.800000000000e+01,1.560000000000e+01,2.454592967358e+00
1.800000000000e+01,1.580000000000e+01,2.440030104854e+00
1.800000000000e+01,1.600000000000e+01,2.425797064711e+00
1.820000000000e+01,3.000000000000e+00,inf
1.820000000000e+01,3.200000000000e+00,inf
1.820000000000e+01,3.400000000000e+00,inf
1.820000000000e+01,3.600000000000e+00,inf
1.820000000000e+01,3.800000000000e+00,inf
1.820000000000e+01,4.000000000000e+00,inf
1.820000000000e+01,4.200000000000e+00,inf
1.820000000000e+01,4.400000000000e+00,inf
1.820000000000e+01,4.600000000000e+00,inf
1.820000000000e+01,4.800000000000e+00,inf
1.820000000000e+01,5.000000000000e+00,1.391536294148e+01
1.820000000000e+01,5.200000000000e+00,1.165911003652e+01
1.820000000000e+01,5.400000000000e+00,9.999716220458e+00
1.820000000000e+01,5.600000000000e+00,8.749067980973e+00
1.820000000000e+01,5.800000000000e+00,7.786016169328e+00
1.820000000000e+01,6.000000000000e+00,7.030164724263e+00
1.820000000000e+01,6.200000000000e+00,6.426746142706e+00
1.820000000000e+01,6.400000000000e+00,5.937581825830e+00
1.820000000000e+01,6.600000000000e+00,5.535507165608e+00
1.820000000000e+01,6.800000000000e+00,5.200836285992e+00
1.820000000000e+01,7.000000000000e+00,4.919064143818e+00
1.820000000000e+01,7.200000000000e+00,4.679339783438e+00
1.820000000000e+01,7.400000000000e+00,4.473431895031e+00
1.820000000000e+01,7.600000000000e+00,4.295015472854e+00
1.820000000000e+01,7.800000000000e+00,4.139171965241e+00
1.820000000000e+01,8.000000000000e+00,4.002033845256e+00
1.820000000000e+01,8.200000000000e+00,3.880528424426e+00
1.820000000000e+01,8.400000000000e+00,3.772190854222e+00
1.820000000000e+01,8.600000000000e+00,3.675026009337e+00
1.820000000000e+01,8.800000000000e+00,3.587405338065e+00
1.820000000000e+01,9.000000000000e+00,3.507989018908e+00
1.820000000000e+01,9.200000000000e+00,3.435666633469e+00
1.820000000000e+01,9.400000000000e+00,3.369511528476e+00
1.820000000000e+01,9.600000000000e+00,3.308745397795e+00
1.820000000000e+01,9.800000000000e+00,3.252710565729e+00
1.820000000000e+01,1.000000000000e+01,3.200848125008e+00
1.820000000000e+01,1.020000000000e+01,3.152680563148e+00
1.820000000000e+01,1.040000000000e+01,3.107797857271e+00
1.820000000000e+01,1.060000000000e+01,3.065846269648e+00
1.820000000000e+01,1.080000000000e+01,3.026519261425e+00
1.820000000000e+01,1.100000000000e+01,2.989550079133e+00
1.820000000000e+01,1.120000000000e+01,2.954705670933e+00
1.820000000000e+01,1.140000000000e+01,2.921781666539e+00
1.820000000000e+01,1.160000000000e+01,2.890598213096e+00
1.820000000000e+01,1.180000000000e+01,2.860996503791e+00
1.820000000000e+01,1.200000000000e+01,2.832835870181e+00
1.820000000000e+01,1.220000000000e+01,2.805980139934e+00
1.820000000000e+01,1.240000000000e+01,2.780325273153e+00
1.820000000000e+01,1.260000000000e+01,2.755776292222e+00
1.820000000000e+01,1.280000000000e+01,2.732244047646e+00
1.820000000000e+01,1.300000000000e+01,2.709648491161e+00
1.820000000000e+01,1.320000000000e+01,2.687917578344e+00
1.820000000000e+01,1.340000000000e+01,2.666986323546e+00
1.820000000000e+01,1.360000000000e+01,2.646795983315e+00
1.820000000000e+01,1.380000000000e+01,2.627293348603e+00
1.820000000000e+01,1.400000000000e+01,2.608430129397e+00
1.820000000000e+01,1.420000000000e+01,2.590162418144e+00
1.820000000000e+01,1.440000000000e+01,2.572450220579e+00
1.820000000000e+01,1.460000000000e+01,2.555257044380e+00
1.820000000000e+01,1.480000000000e+01,2.538549537593e+00
1.820000000000e+01,1.500000000000e+01,2.522297170028e+00
1.820000000000e+01,1.520000000000e+01,2.506471951830e+00
1.820000000000e+01,1.540000000000e+01,2.491048184342e+00
1.820000000000e+01,1.560000000000e+01,2.476002239048e+00
1.820000000000e+01,1.580000000000e+01,2.461312361026e+00
1.820000000000e+01,1.600000000000e+01,2.446958493834e+00
1.840000000000e+01,3.000000000000e+00,inf
1.840000000000e+01,3.200000000000e+00,inf
1.840000000000e+01,3.400000000000e+00,inf
1.840000000000e+01,3.600000000000e+00,inf
1.840000000000e+01,3.800000000000e+00,inf
1.840000000000e+01,4.000000000000e+00,inf
1.840000000000e+01,4.200000000000e+00,inf
1.840000000000e+01,4.400000000000e+00,inf
1.840000000000e+01,4.600000000000e+00,inf
1.840000000000e+01,4.800000000000e+00,inf
1.840000000000e+01,5.000000000000e+00,inf
1.840000000000e+01,5.200000000000e+00,1.200257348710e+01
1.840000000000e+01,5.400000000000e+00,1.027074691909e+01
1.840000000000e+01,5.600000000000e+00,8.967898773192e+00
1.840000000000e+01,5.800000000000e+00,7.966321272868e+00
1.840000000000e+01,6.000000000000e+00,7.181436516765e+00
1.840000000000e+01,6.200000000000e+00,6.555730063461e+00
1.840000000000e+01,6.400000000000e+00,6.049171096657e+00
1.840000000000e+01,6.600000000000e+00,5.633317015126e+00
1.840000000000e+01,6.800000000000e+00,5.287582044568e+00
1.840000000000e+01,7.000000000000e+00,4.996815908433e+00
1.840000000000e+01,7.200000000000e+00,4.749697428647e+00
1.840000000000e+01,7.400000000000e+00,4.537647517017e+00
1.840000000000e+01,7.600000000000e+00,4.354080445094e+00
1.840000000000e+01,7.800000000000e+00,4.193879743830e+00
1.840000000000e+01,8.000000000000e+00,4.053025889283e+00
1.840000000000e+01,8.200000000000e+00,3.928328188583e+00
1.840000000000e+01,8.400000000000e+00,3.817229243207e+00
1.840000000000e+01,8.600000000000e+00,3.717660645190e+00
1.840000000000e+01,8.800000000000e+00,3.627935292793e+00
1.840000000000e+01,9.000000000000e+00,3.546666187798e+00
1.840000000000e+01,9.200000000000e+00,3.472704594699e+00
1.840000000000e+01,9.400000000000e+00,3.405092503797e+00
1.840000000000e+01,9.600000000000e+00,3.343025765752e+00
1.840000000000e+01,9.800000000000e+00,3.285825262072e+00
1.840000000000e+01,1.000000000000e+01,3.232914180586e+00
1.840000000000e+01,1.020000000000e+01,3.183799968111e+00
1.840000000000e+01,1.040000000000e+01,3.138059895151e+00
1.840000000000e+01,1.060000000000e+01,3.095329431377e+00
1.840000000000e+01,1.080000000000e+01,3.055292824242e+00
1.840000000000e+01,1.100000000000e+01,3.017675416461e+00
1.840000000000e+01,1.120000000000e+01,2.982237344926e+00
1.840000000000e+01,1.140000000000e+01,2.948768344064e+00
1.840000000000e+01,1.160000000000e+01,2.917083437452e+00
1.840000000000e+01,1.180000000000e+01,2.887019347937e+00
1.840000000000e+01,1.200000000000e+01,2.858431492132e+00
1.840000000000e+01,1.220000000000e+01,2.831180177167e+00
1.840000000000e+01,1.240000000000e+01,2.805158383324e+00
1.840000000000e+01,1.260000000000e+01,2.780268480895e+00
1.840000000000e+01,1.280000000000e+01,2.756418937934e+00
1.840000000000e+01,1.300000000000e+01,2.733527585951e+00
1.840000000000e+01,1.320000000000e+01,2.711520488428e+00
1.840000000000e+01,1.340000000000e+01,2.690330966749e+00
1.840000000000e+01,1.360000000000e+01,2.669898758856e+00
1.840000000000e+01,1.380000000000e+01,2.650169290227e+00
1.840000000000e+01,1.400000000000e+01,2.631093040257e+00
1.840000000000e+01,1.420000000000e+01,2.612624989939e+00
1.840000000000e+01,1.440000000000e+01,2.594724139067e+00
1.840000000000e+01,1.460000000000e+01,2.577353083064e+00
1.840000000000e+01,1.480000000000e+01,2.560477641115e+00
1.840000000000e+01,1.500000000000e+01,2.544066528575e+00
1.840000000000e+01,1.520000000000e+01,2.528091067678e+00
1.840000000000e+01,1.540000000000e+01,2.512524931492e+00
1.840000000000e+01,1.560000000000e+01,2.497343916792e+00
1.840000000000e+01,1.580000000000e+01,2.482525742155e+00
1.840000000000e+01,1.600000000000e+01,2.468049868116e+00
1.860000000000e+01,3.000000000000e+00,inf
1.860000000000e+01,3.200000000000e+00,inf
1.860000000000e+01,3.400000000000e+00,inf
1.860000000000e+01,3.600000000000e+00,inf
1.860000000000e+01,3.800000000000e+00,inf
1.860000000000e+01,4.000000000000e+00,inf
1.860000000000e+01,4.200000000000e+00,inf
1.860000000000e+01,4.400000000000e+00,inf
1.860000000000e+01,4.600000000000e+00,inf
1.860000000000e+01,4.800000000000e+00,inf
1.860000000000e+01,5.000000000000e+00,inf
1.860000000000e+01,5.200000000000e+00,1.235648115967e+01
1.860000000000e+01,5.400000000000e+00,1.054939515015e+01
1.860000000000e+01,5.600000000000e+00,9.192416449483e+00
1.860000000000e+01,5.800000000000e+00,8.150957615706e+00
1.860000000000e+01,6.000000000000e+00,7.336064496830e+00
1.860000000000e+01,6.200000000000e+00,6.687354004470e+00
1.860000000000e+01,6.400000000000e+00,6.162864587379e+00
1.860000000000e+01,6.600000000000e+00,5.732823615149e+00
1.860000000000e+01,6.800000000000e+00,5.375710094675e+00
1.860000000000e+01,7.000000000000e+00,5.075704029891e+00
1.860000000000e+01,7.200000000000e+00,4.820996726182e+00
1.860000000000e+01,7.400000000000e+00,4.602648899384e+00
1.860000000000e+01,7.600000000000e+00,4.413805049952e+00
1.860000000000e+01,7.800000000000e+00,4.249144109914e+00
1.860000000000e+01,8.000000000000e+00,4.104489564350e+00
1.860000000000e+01,8.200000000000e+00,3.976528941436e+00
1.860000000000e+01,8.400000000000e+00,3.862609410008e+00
1.860000000000e+01,8.600000000000e+00,3.760587056490e+00
1.860000000000e+01,8.800000000000e+00,3.668714499175e+00
1.860000000000e+01,9.000000000000e+00,3.585556205240e+00
1.860000000000e+01,9.200000000000e+00,3.509924047506e+00
1.860000000000e+01,9.400000000000e+00,3.440827802912e+00
1.860000000000e+01,9.600000000000e+00,3.377436790511e+00
1.860000000000e+01,9.800000000000e+00,3.319049892135e+00
1.860000000000e+01,1.000000000000e+01,3.265071937245e+00
1.860000000000e+01,1.020000000000e+01,3.214994960359e+00
1.860000000000e+01,1.040000000000e+01,3.168383219021e+00
1.860000000000e+01,1.060000000000e+01,3.124861136304e+00
1.860000000000e+01,1.080000000000e+01,3.084103534226e+00
1.860000000000e+01,1.100000000000e+01,3.045827674229e+00
1.860000000000e+01,1.120000000000e+01,3.009786732486e+00
1.860000000000e+01,1.140000000000e+01,2.975764421660e+00
1.860000000000e+01,1.160000000000e+01,2.943570534234e+00
1.860000000000e+01,1.180000000000e+01,2.913037230903e+00
1.860000000000e+01,1.200000000000e+01,2.884015934607e+00
1.860000000000e+01,1.220000000000e+01,2.856363364147e+00
1.860000000000e+01,1.240000000000e+01,2.829969461445e+00
1.860000000000e+01,1.260000000000e+01,2.804733893867e+00
1.860000000000e+01,1.280000000000e+01,2.780562702744e+00
1.860000000000e+01,1.300000000000e+01,2.757371560666e+00
1.860000000000e+01,1.320000000000e+01,2.735084605097e+00
1.860000000000e+01,1.340000000000e+01,2.713633434611e+00
1.860000000000e+01,1.360000000000e+01,2.692956242203e+00
1.860000000000e+01,1.380000000000e+01,2.672997064560e+00
1.860000000000e+01,1.400000000000e+01,2.653705129781e+00
1.860000000000e+01,1.420000000000e+01,2.635034288967e+00
1.860000000000e+01,1.440000000000e+01,2.616942519500e+00
1.860000000000e+01,1.460000000000e+01,2.599391489802e+00
1.860000000000e+01,1.480000000000e+01,2.582346176955e+00
1.860000000000e+01,1.500000000000e+01,2.565774529933e+00
1.860000000000e+01,1.520000000000e+01,2.549647172294e+00
1.860000000000e+01,1.540000000000e+01,2.533937139091e+00
1.860000000000e+01,1.560000000000e+01,2.518619643555e+00
1.860000000000e+01,1.580000000000e+01,2.503671869730e+00
1.860000000000e+01,1.600000000000e+01,2.489072787796e+00
1.880000000000e+01,3.000000000000e+00,inf
1.880000000000e+01,3.200000000000e+00,inf
1.880000000000e+01,3.400000000000e+00,inf
1.880000000000e+01,3.600000000000e+00,inf
1.880000000000e+01,3.800000000000e+00,inf
1.880000000000e+01,4.000000000000e+00,inf
1.880000000000e+01,4.200000000000e+00,inf
1.880000000000e+01,4.400000000000e+00,inf
1.880000000000e+01,4.600000000000e+00,inf
1.880000000000e+01,4.800000000000e+00,inf
1.880000000000e+01,5.000000000000e+00,inf
1.880000000000e+01,5.200000000000e+00,1.272115231842e+01
1.880000000000e+01,5.400000000000e+00,1.083587874440e+01
1.880000000000e+01,5.600000000000e+00,9.422774099650e+00
1.880000000000e+01,5.800000000000e+00,8.340035614914e+00
1.880000000000e+01,6.000000000000e+00,7.494130133332e+00
1.880000000000e+01,6.200000000000e+00,6.821679289758e+00
1.880000000000e+01,6.400000000000e+00,6.278709286621e+00
1.880000000000e+01,6.600000000000e+00,5.834063552728e+00
1.880000000000e+01,6.800000000000e+00,5.465249347528e+00
1.880000000000e+01,7.000000000000e+00,5.155751670867e+00
1.880000000000e+01,7.200000000000e+00,4.893256477253e+00
1.880000000000e+01,7.400000000000e+00,4.668451495722e+00
1.880000000000e+01,7.600000000000e+00,4.474202144575e+00
1.880000000000e+01,7.800000000000e+00,4.304975887524e+00
1.880000000000e+01,8.000000000000e+00,4.156434088424e+00
1.880000000000e+01,8.200000000000e+00,4.025138621832e+00
1.880000000000e+01,8.400000000000e+00,3.908338266923e+00
1.880000000000e+01,8.600000000000e+00,3.803811325729e+00
1.880000000000e+01,8.800000000000e+00,3.709748364347e+00
1.880000000000e+01,9.000000000000e+00,3.624663925138e+00
1.880000000000e+01,9.200000000000e+00,3.547329389781e+00
1.880000000000e+01,9.400000000000e+00,3.476721445583e+00
1.880000000000e+01,9.600000000000e+00,3.411982176460e+00
1.880000000000e+01,9.800000000000e+00,3.352387895791e+00
1.880000000000e+01,1.000000000000e+01,3.297324611762e+00
1.880000000000e+01,1.020000000000e+01,3.246268567469e+00
1.880000000000e+01,1.040000000000e+01,3.198770695126e+00
1.880000000000e+01,1.060000000000e+01,3.154444112348e+00
1.880000000000e+01,1.080000000000e+01,3.112954000025e+00
1.880000000000e+01,1.100000000000e+01,3.074009357668e+00
1.880000000000e+01,1.120000000000e+01,3.037356248645e+00
1.880000000000e+01,1.140000000000e+01,3.002772235217e+00
1.880000000000e+01,1.160000000000e+01,2.970061769471e+00
1.880000000000e+01,1.180000000000e+01,2.939052356652e+00
1.880000000000e+01,1.200000000000e+01,2.909591346072e+00
1.880000000000e+01,1.220000000000e+01,2.881531799382e+00
1.880000000000e+01,1.240000000000e+01,2.854760560746e+00
1.880000000000e+01,1.260000000000e+01,2.829174543060e+00
1.880000000000e+01,1.280000000000e+01,2.804677316046e+00
1.880000000000e+01,1.300000000000e+01,2.781182354176e+00
1.880000000000e+01,1.320000000000e+01,2.758611834537e+00
1.880000000000e+01,1.340000000000e+01,2.736895602682e+00
1.880000000000e+01,1.360000000000e+01,2.715970280012e+00
1.880000000000e+01,1.380000000000e+01,2.695778490842e+00
1.880000000000e+01,1.400000000000e+01,2.676268191045e+00
1.880000000000e+01,1.420000000000e+01,2.657392083199e+00
1.880000000000e+01,1.440000000000e+01,2.639107105651e+00
1.880000000000e+01,1.460000000000e+01,2.621373984932e+00
1.880000000000e+01,1.480000000000e+01,2.604156842658e+00
1.880000000000e+01,1.500000000000e+01,2.587422849403e+00
1.880000000000e+01,1.520000000000e+01,2.571141919199e+00
1.880000000000e+01,1.540000000000e+01,2.555286439274e+00
1.880000000000e+01,1.560000000000e+01,2.539831030415e+00
1.880000000000e+01,1.580000000000e+01,2.524752334047e+00
1.880000000000e+01,1.600000000000e+01,2.510028822636e+00
1.900000000000e+01,3.000000000000e+00,inf
1.900000000000e+01,3.200000000000e+00,inf
1.900000000000e+01,3.400000000000e+00,inf
1.900000000000e+01,3.600000000000e+00,inf
1.900000000000e+01,3.800000000000e+00,inf
1.900000000000e+01,4.000000000000e+00,inf
1.900000000000e+01,4.200000000000e+00,inf
1.900000000000e+01,4.400000000000e+00,inf
1.900000000000e+01,4.600000000000e+00,inf
1.900000000000e+01,4.800000000000e+00,inf
1.900000000000e+01,5.000000000000e+00,inf
1.900000000000e+01,5.200000000000e+00,1.309691561832e+01
1.900000000000e+01,5.400000000000e+00,1.113042138971e+01
1.900000000000e+01,5.600000000000e+00,9.659128582446e+00
1.900000000000e+01,5.800000000000e+00,8.533668182930e+00
1.900000000000e+01,6.000000000000e+00,7.655716590315e+00
1.900000000000e+01,6.200000000000e+00,6.958768421107e+00
1.900000000000e+01,6.400000000000e+00,6.396753016838e+00
1.900000000000e+01,6.600000000000e+00,5.937074014083e+00
1.900000000000e+01,6.800000000000e+00,5.556229149526e+00
1.900000000000e+01,7.000000000000e+00,5.236982312151e+00
1.900000000000e+01,7.200000000000e+00,4.966495716032e+00
1.900000000000e+01,7.400000000000e+00,4.735070929636e+00
1.900000000000e+01,7.600000000000e+00,4.535284708952e+00
1.900000000000e+01,7.800000000000e+00,4.361385987754e+00
1.900000000000e+01,8.000000000000e+00,4.208868739115e+00
1.900000000000e+01,8.200000000000e+00,4.074165207055e+00
1.900000000000e+01,8.400000000000e+00,3.954422748151e+00
1.900000000000e+01,8.600000000000e+00,3.847339544322e+00
1.900000000000e+01,8.800000000000e+00,3.751042294119e+00
1.900000000000e+01,9.000000000000e+00,3.663994191931e+00
1.900000000000e+01,9.200000000000e+00,3.584925003462e+00
1.900000000000e+01,9.400000000000e+00,3.512777430422e+00
1.900000000000e+01,9.600000000000e+00,3.446665602681e+00
1.900000000000e+01,9.800000000000e+00,3.385842684267e+00
1.900000000000e+01,1.000000000000e+01,3.329675389593e+00
1.900000000000e+01,1.020000000000e+01,3.277623783567e+00
1.900000000000e+01,1.040000000000e+01,3.229225154565e+00
1.900000000000e+01,1.060000000000e+01,3.184081050944e+00
1.900000000000e+01,1.080000000000e+01,3.141846792772e+00
1.900000000000e+01,1.100000000000e+01,3.102222933705e+00
1.900000000000e+01,1.120000000000e+01,3.064948269554e+00
1.900000000000e+01,1.140000000000e+01,3.029794081351e+00
1.900000000000e+01,1.160000000000e+01,2.996559369664e+00
1.900000000000e+01,1.180000000000e+01,2.965066889504e+00
1.900000000000e+01,1.200000000000e+01,2.935159835340e+00
1.900000000000e+01,1.220000000000e+01,2.906687541810e+00
1.900000000000e+01,1.240000000000e+01,2.879533695058e+00
1.900000000000e+01,1.260000000000e+01,2.853592401232e+00
1.900000000000e+01,1.280000000000e+01,2.828764712949e+00
1.900000000000e+01,1.300000000000e+01,2.804961866842e+00
1.900000000000e+01,1.320000000000e+01,2.782104044827e+00
1.900000000000e+01,1.340000000000e+01,2.760119308852e+00
1.900000000000e+01,1.360000000000e+01,2.738942681759e+00
1.900000000000e+01,1.380000000000e+01,2.718515351643e+00
1.900000000000e+01,1.400000000000e+01,2.698783980996e+00
1.900000000000e+01,1.420000000000e+01,2.679700105050e+00
1.900000000000e+01,1.440000000000e+01,2.661219606318e+00
1.900000000000e+01,1.460000000000e+01,2.643302254419e+00
1.900000000000e+01,1.480000000000e+01,2.625911302022e+00
1.900000000000e+01,1.500000000000e+01,2.609013129174e+00
1.900000000000e+01,1.520000000000e+01,2.592576929448e+00
1.900000000000e+01,1.540000000000e+01,2.576574432359e+00
1.900000000000e+01,1.560000000000e+01,2.560979657296e+00
1.900000000000e+01,1.580000000000e+01,2.545768694923e+00
1.900000000000e+01,1.600000000000e+01,2.530919512583e+00
1.920000000000e+01,3.000000000000e+00,inf
1.920000000000e+01,3.200000000000e+00,inf
1.920000000000e+01,3.400000000000e+00,inf
1.920000000000e+01,3.600000000000e+00,inf
1.920000000000e+01,3.800000000000e+00,inf
1.920000000000e+01,4.000000000000e+00,inf
1.920000000000e+01,4.200000000000e+00,inf
1.920000000000e+01,4.400000000000e+00,inf
1.920000000000e+01,4.600000000000e+00,inf
1.920000000000e+01,4.800000000000e+00,inf
1.920000000000e+01,5.000000000000e+00,inf
1.920000000000e+01,5.200000000000e+00,1.348410939750e+01
1.920000000000e+01,5.400000000000e+00,1.143325280075e+01
1.920000000000e+01,5.600000000000e+00,9.901640626930e+00
1.920000000000e+01,5.800000000000e+00,8.731970789740e+00
1.920000000000e+01,6.000000000000e+00,7.820908766181e+00
1.920000000000e+01,6.200000000000e+00,7.098685103547e+00
1.920000000000e+01,6.400000000000e+00,6.517044451490e+00
1.920000000000e+01,6.600000000000e+00,6.041892796651e+00
1.920000000000e+01,6.800000000000e+00,5.648679291066e+00
1.920000000000e+01,7.000000000000e+00,5.319419759369e+00
1.920000000000e+01,7.200000000000e+00,5.040733714990e+00
1.920000000000e+01,7.400000000000e+00,4.802522999145e+00
1.920000000000e+01,7.600000000000e+00,4.597065849653e+00
1.920000000000e+01,7.800000000000e+00,4.418385412023e+00
1.920000000000e+01,8.000000000000e+00,4.261802856587e+00
1.920000000000e+01,8.200000000000e+00,4.123616715476e+00
1.920000000000e+01,8.400000000000e+00,4.000869812250e+00
1.920000000000e+01,8.600000000000e+00,3.891177814909e+00
1.920000000000e+01,8.800000000000e+00,3.792601695146e+00
1.920000000000e+01,9.000000000000e+00,3.703551842667e+00
1.920000000000e+01,9.200000000000e+00,3.622715256519e+00
1.920000000000e+01,9.400000000000e+00,3.548999736819e+00
1.920000000000e+01,9.600000000000e+00,3.481490724811e+00
1.920000000000e+01,9.800000000000e+00,3.419417641955e+00
1.920000000000e+01,1.000000000000e+01,3.362127426638e+00
1.920000000000e+01,1.020000000000e+01,3.309063571039e+00
1.920000000000e+01,1.040000000000e+01,3.259749394959e+00
1.920000000000e+01,1.060000000000e+01,3.213774608677e+00
1.920000000000e+01,1.080000000000e+01,3.170784447677e+00
1.920000000000e+01,1.100000000000e+01,3.130470832522e+00
1.920000000000e+01,1.120000000000e+01,3.092565134009e+00
1.920000000000e+01,1.140000000000e+01,3.056832218881e+00
1.920000000000e+01,1.160000000000e+01,3.023065523238e+00
1.920000000000e+01,1.180000000000e+01,2.991082955538e+00
1.920000000000e+01,1.200000000000e+01,2.960723472941e+00
1.920000000000e+01,1.220000000000e+01,2.931832612134e+00
1.920000000000e+01,1.240000000000e+01,2.904290840105e+00
1.920000000000e+01,1.260000000000e+01,2.877989403237e+00
1.920000000000e+01,1.280000000000e+01,2.852826790923e+00
1.920000000000e+01,1.300000000000e+01,2.828711961707e+00
1.920000000000e+01,1.320000000000e+01,2.805563067091e+00
1.920000000000e+01,1.340000000000e+01,2.783306354462e+00
1.920000000000e+01,1.360000000000e+01,2.761875220817e+00
1.920000000000e+01,1.380000000000e+01,2.741209393909e+00
1.920000000000e+01,1.400000000000e+01,2.721254221460e+00
1.920000000000e+01,1.420000000000e+01,2.701960052337e+00
1.920000000000e+01,1.440000000000e+01,2.683281696258e+00
1.920000000000e+01,1.460000000000e+01,2.665177950757e+00
1.920000000000e+01,1.480000000000e+01,2.647611185956e+00
1.920000000000e+01,1.500000000000e+01,2.630546979145e+00
1.920000000000e+01,1.520000000000e+01,2.613953792415e+00
1.920000000000e+01,1.540000000000e+01,2.597802687609e+00
1.920000000000e+01,1.560000000000e+01,2.582067073693e+00
1.920000000000e+01,1.580000000000e+01,2.566722482382e+00
1.920000000000e+01,1.600000000000e+01,2.551746368439e+00
1.940000000000e+01,3.000000000000e+00,inf
1.940000000000e+01,3.200000000000e+00,inf
1.940000000000e+01,3.400000000000e+00,inf
1.940000000000e+01,3.600000000000e+00,inf
1.940000000000e+01,3.800000000000e+00,inf
1.940000000000e+01,4.000000000000e+00,inf
1.940000000000e+01,4.200000000000e+00,inf
1.940000000000e+01,4.400000000000e+00,inf
1.940000000000e+01,4.600000000000e+00,inf
1.940000000000e+01,4.800000000000e+00,inf
1.940000000000e+01,5.000000000000e+00,inf
1.940000000000e+01,5.200000000000e+00,1.388308197856e+01
1.940000000000e+01,5.400000000000e+00,1.174460889358e+01
1.940000000000e+01,5.600000000000e+00,1.015047493661e+01
1.940000000000e+01,5.800000000000e+00,8.935061526644e+00
1.940000000000e+01,6.000000000000e+00,7.989793333822e+00
1.940000000000e+01,6.200000000000e+00,7.241494271373e+00
1.940000000000e+01,6.400000000000e+00,6.639633132510e+00
1.940000000000e+01,6.600000000000e+00,6.148558321275e+00
1.940000000000e+01,6.800000000000e+00,5.742630015405e+00
1.940000000000e+01,7.000000000000e+00,5.403088149699e+00
1.940000000000e+01,7.200000000000e+00,5.115989990195e+00
1.940000000000e+01,7.400000000000e+00,4.870823681015e+00
1.940000000000e+01,7.600000000000e+00,4.659558803489e+00
1.940000000000e+01,7.800000000000e+00,4.475985255260e+00
1.940000000000e+01,8.000000000000e+00,4.315245846398e+00
1.940000000000e+01,8.200000000000e+00,4.173501209127e+00
1.940000000000e+01,8.400000000000e+00,4.047686444507e+00
1.940000000000e+01,8.600000000000e+00,3.935332253570e+00
1.940000000000e+01,8.800000000000e+00,3.834431977032e+00
1.940000000000e+01,9.000000000000e+00,3.743341709001e+00
1.940000000000e+01,9.200000000000e+00,3.660704504882e+00
1.940000000000e+01,9.400000000000e+00,3.585392326789e+00
1.940000000000e+01,9.600000000000e+00,3.516461176830e+00
1.940000000000e+01,9.800000000000e+00,3.453116128151e+00
1.940000000000e+01,1.000000000000e+01,3.394683850933e+00
1.940000000000e+01,1.020000000000e+01,3.340590862183e+00
1.940000000000e+01,1.040000000000e+01,3.290346182063e+00
1.940000000000e+01,1.060000000000e+01,3.243527408853e+00
1.940000000000e+01,1.080000000000e+01,3.199769465558e+00
1.940000000000e+01,1.100000000000e+01,3.158755449050e+00
1.940000000000e+01,1.120000000000e+01,3.120209144905e+00
1.940000000000e+01,1.140000000000e+01,3.083888870259e+00
1.940000000000e+01,1.160000000000e+01,3.049582381926e+00
1.940000000000e+01,1.180000000000e+01,3.017102643954e+00
1.940000000000e+01,1.200000000000e+01,2.986284292441e+00
1.940000000000e+01,1.220000000000e+01,2.956968994108e+00
1.940000000000e+01,1.240000000000e+01,2.929033934757e+00
1.940000000000e+01,1.260000000000e+01,2.902367447243e+00
1.940000000000e+01,1.280000000000e+01,2.876865410978e+00
1.940000000000e+01,1.300000000000e+01,2.852434465636e+00
1.940000000000e+01,1.320000000000e+01,2.828990696611e+00
1.940000000000e+01,1.340000000000e+01,2.806458505385e+00
1.940000000000e+01,1.360000000000e+01,2.784769635499e+00
1.940000000000e+01,1.380000000000e+01,2.763862329966e+00
1.940000000000e+01,1.400000000000e+01,2.743680600114e+00
1.940000000000e+01,1.420000000000e+01,2.724173589226e+00
1.940000000000e+01,1.440000000000e+01,2.705295017089e+00
1.940000000000e+01,1.460000000000e+01,2.687002693838e+00
1.940000000000e+01,1.480000000000e+01,2.669258093321e+00
1.940000000000e+01,1.500000000000e+01,2.652025977734e+00
1.940000000000e+01,1.520000000000e+01,2.635274066574e+00
1.940000000000e+01,1.540000000000e+01,2.618972743974e+00
1.940000000000e+01,1.560000000000e+01,2.603094799389e+00
1.940000000000e+01,1.580000000000e+01,2.587615197339e+00
1.940000000000e+01,1.600000000000e+01,2.572510872502e+00
1.960000000000e+01,3.000000000000e+00,inf
1.960000000000e+01,3.200000000000e+00,inf
1.960000000000e+01,3.400000000000e+00,inf
1.960000000000e+01,3.600000000000e+00,inf
1.960000000000e+01,3.800000000000e+00,inf
1.960000000000e+01,4.000000000000e+00,inf
1.960000000000e+01,4.200000000000e+00,inf
1.960000000000e+01,4.400000000000e+00,inf
1.960000000000e+01,4.600000000000e+00,inf
1.960000000000e+01,4.800000000000e+00,inf
1.960000000000e+01,5.000000000000e+00,inf
1.960000000000e+01,5.200000000000e+00,1.429419197885e+01
1.960000000000e+01,5.400000000000e+00,1.206473196517e+01
1.960000000000e+01,5.600000000000e+00,1.040580029639e+01
1.960000000000e+01,5.800000000000e+00,9.143061171696e+00
1.960000000000e+01,6.000000000000e+00,8.162458781708e+00
1.960000000000e+01,6.200000000000e+00,7.387262114713e+00
1.960000000000e+01,6.400000000000e+00,6.764569488065e+00
1.960000000000e+01,6.600000000000e+00,6.257109644530e+00
1.960000000000e+01,6.800000000000e+00,5.838112027572e+00
1.960000000000e+01,7.000000000000e+00,5.488011958596e+00
1.960000000000e+01,7.200000000000e+00,5.192284306582e+00
1.960000000000e+01,7.400000000000e+00,4.939989135051e+00
1.960000000000e+01,7.600000000000e+00,4.722776941121e+00
1.960000000000e+01,7.800000000000e+00,4.534196709024e+00
1.960000000000e+01,8.000000000000e+00,4.369207182259e+00
1.960000000000e+01,8.200000000000e+00,4.223826796206e+00
1.960000000000e+01,8.400000000000e+00,4.094879659244e+00
1.960000000000e+01,8.600000000000e+00,3.979808991977e+00
1.960000000000e+01,8.800000000000e+00,3.876538554353e+00
1.960000000000e+01,9.000000000000e+00,3.783368619126e+00
1.960000000000e+01,9.200000000000e+00,3.698897094281e+00
1.960000000000e+01,9.400000000000e+00,3.621959146755e+00
1.960000000000e+01,9.600000000000e+00,3.551580572792e+00
1.960000000000e+01,9.800000000000e+00,3.486941478727e+00
1.960000000000e+01,1.000000000000e+01,3.427347764275e+00
1.960000000000e+01,1.020000000000e+01,3.372208560793e+00
1.960000000000e+01,1.040000000000e+01,3.321018251312e+00
1.960000000000e+01,1.060000000000e+01,3.273342043007e+00
1.960000000000e+01,1.080000000000e+01,3.228804314315e+00
1.960000000000e+01,1.100000000000e+01,3.187079144411e+00
1.960000000000e+01,1.120000000000e+01,3.147882570645e+00
1.960000000000e+01,1.140000000000e+01,3.110966222940e+00
1.960000000000e+01,1.160000000000e+01,3.076112062112e+00
1.960000000000e+01,1.180000000000e+01,3.043128008380e+00
1.960000000000e+01,1.200000000000e+01,3.011844291717e+00
1.960000000000e+01,1.220000000000e+01,2.982098635778e+00
1.960000000000e+01,1.240000000000e+01,2.953764882242e+00
1.960000000000e+01,1.260000000000e+01,2.926728395909e+00
1.960000000000e+01,1.280000000000e+01,2.900882398813e+00
1.960000000000e+01,1.300000000000e+01,2.876131170434e+00
1.960000000000e+01,1.320000000000e+01,2.852388693904e+00
1.960000000000e+01,1.340000000000e+01,2.829577493067e+00
1.960000000000e+01,1.360000000000e+01,2.807627630067e+00
1.960000000000e+01,1.380000000000e+01,2.786475838499e+00
1.960000000000e+01,1.400000000000e+01,2.766064771434e+00
1.960000000000e+01,1.420000000000e+01,2.746342347144e+00
1.960000000000e+01,1.440000000000e+01,2.727261178176e+00
1.960000000000e+01,1.460000000000e+01,2.708778071805e+00
1.960000000000e+01,1.480000000000e+01,2.690853591747e+00
1.960000000000e+01,1.500000000000e+01,2.673451672664e+00
1.960000000000e+01,1.520000000000e+01,2.656539280251e+00
1.960000000000e+01,1.540000000000e+01,2.640086110814e+00
1.960000000000e+01,1.560000000000e+01,2.624064325145e+00
1.960000000000e+01,1.580000000000e+01,2.608448312261e+00
1.960000000000e+01,1.600000000000e+01,2.593214479209e+00
1.980000000000e+01,3.000000000000e+00,inf
1.980000000000e+01,3.200000000000e+00,inf
1.980000000000e+01,3.400000000000e+00,inf
1.980000000000e+01,3.600000000000e+00,inf
1.980000000000e+01,3.800000000000e+00,inf
1.980000000000e+01,4.000000000000e+00,inf
1.980000000000e+01,4.200000000000e+00,inf
1.980000000000e+01,4.400000000000e+00,inf
1.980000000000e+01,4.600000000000e+00,inf
1.980000000000e+01,4.800000000000e+00,inf
1.980000000000e+01,5.000000000000e+00,inf
1.980000000000e+01,5.200000000000e+00,1.471780863010e+01
1.980000000000e+01,5.400000000000e+00,1.239387087803e+01
1.980000000000e+01,5.600000000000e+00,1.066778968249e+01
1.980000000000e+01,5.800000000000e+00,9.356093256817e+00
1.980000000000e+01,6.000000000000e+00,8.338995455962e+00
1.980000000000e+01,6.200000000000e+00,7.536056106662e+00
1.980000000000e+01,6.400000000000e+00,6.891904850629e+00
1.980000000000e+01,6.600000000000e+00,6.367586471216e+00
1.980000000000e+01,6.800000000000e+00,5.935156503352e+00
1.980000000000e+01,7.000000000000e+00,5.574216006513e+00
1.980000000000e+01,7.200000000000e+00,5.269636683200e+00
1.980000000000e+01,7.400000000000e+00,5.010035708338e+00
1.980000000000e+01,7.600000000000e+00,4.786733770613e+00
1.980000000000e+01,7.800000000000e+00,4.593031064567e+00
1.980000000000e+01,8.000000000000e+00,4.423696408744e+00
1.980000000000e+01,8.200000000000e+00,4.274601633514e+00
1.980000000000e+01,8.400000000000e+00,4.142456502056e+00
1.980000000000e+01,8.600000000000e+00,4.024614179479e+00
1.980000000000e+01,8.800000000000e+00,3.918926848619e+00
1.980000000000e+01,9.000000000000e+00,3.823637399639e+00
1.980000000000e+01,9.200000000000e+00,3.737297362038e+00
1.980000000000e+01,9.400000000000e+00,3.658704129264e+00
1.980000000000e+01,9.600000000000e+00,3.586852508478e+00
1.980000000000e+01,9.800000000000e+00,3.520897007743e+00
1.980000000000e+01,1.000000000000e+01,3.460122243788e+00
1.980000000000e+01,1.020000000000e+01,3.403919543690e+00
1.980000000000e+01,1.040000000000e+01,3.351768309311e+00
1.980000000000e+01,1.060000000000e+01,3.303221072358e+00
1.980000000000e+01,1.080000000000e+01,3.257891430358e+00
1.980000000000e+01,1.100000000000e+01,3.215444247307e+00
1.980000000000e+01,1.120000000000e+01,3.175587646498e+00
1.980000000000e+01,1.140000000000e+01,3.138066430707e+00
1.980000000000e+01,1.160000000000e+01,3.102656646126e+00
1.980000000000e+01,1.180000000000e+01,3.069161068131e+00
1.980000000000e+01,1.200000000000e+01,3.037405434193e+00
1.980000000000e+01,1.220000000000e+01,3.007223450686e+00
1.980000000000e+01,1.240000000000e+01,2.978485551311e+00
1.980000000000e+01,1.260000000000e+01,2.951074077521e+00
1.980000000000e+01,1.280000000000e+01,2.924879545921e+00
1.980000000000e+01,1.300000000000e+01,2.899803833918e+00
1.980000000000e+01,1.320000000000e+01,2.875758785766e+00
1.980000000000e+01,1.340000000000e+01,2.852665015544e+00
1.980000000000e+01,1.360000000000e+01,2.830450875721e+00
1.980000000000e+01,1.380000000000e+01,2.809051565509e+00
1.980000000000e+01,1.400000000000e+01,2.788408357617e+00
1.980000000000e+01,1.420000000000e+01,2.768467925669e+00
1.980000000000e+01,1.440000000000e+01,2.749181757493e+00
1.980000000000e+01,1.460000000000e+01,2.730505641881e+00
1.980000000000e+01,1.480000000000e+01,2.712399218439e+00
1.980000000000e+01,1.500000000000e+01,2.694825581737e+00
1.980000000000e+01,1.520000000000e+01,2.677750932368e+00
1.980000000000e+01,1.540000000000e+01,2.661144268617e+00
1.980000000000e+01,1.560000000000e+01,2.644977113387e+00
1.980000000000e+01,1.580000000000e+01,2.629223271830e+00
1.980000000000e+01,1.600000000000e+01,2.613858615762e+00
2.000000000000e+01,3.000000000000e+00,inf
2.000000000000e+01,3.200000000000e+00,inf
2.000000000000e+01,3.400000000000e+00,inf
2.000000000000e+01,3.600000000000e+00,inf
2.000000000000e+01,3.800000000000e+00,inf
2.000000000000e+01,4.000000000000e+00,inf
2.000000000000e+01,4.200000000000e+00,inf
2.000000000000e+01,4.400000000000e+00,inf
2.000000000000e+01,4.600000000000e+00,inf
2.000000000000e+01,4.800000000000e+00,inf
2.000000000000e+01,5.000000000000e+00,inf
2.000000000000e+01,5.200000000000e+00,1.515431210762e+01
2.000000000000e+01,5.400000000000e+00,1.273228125004e+01
2.000000000000e+01,5.600000000000e+00,1.093662037522e+01
2.000000000000e+01,5.800000000000e+00,9.574284136650e+00
2.000000000000e+01,6.000000000000e+00,8.519495603458e+00
2.000000000000e+01,6.200000000000e+00,7.687945031004e+00
2.000000000000e+01,6.400000000000e+00,7.021691475386e+00
2.000000000000e+01,6.600000000000e+00,6.480029167014e+00
2.000000000000e+01,6.800000000000e+00,6.033795098340e+00
2.000000000000e+01,7.000000000000e+00,5.661725465650e+00
2.000000000000e+01,7.200000000000e+00,5.348067398437e+00
2.000000000000e+01,7.400000000000e+00,5.080979939450e+00
2.000000000000e+01,7.600000000000e+00,4.851442940932e+00
2.000000000000e+01,7.800000000000e+00,4.652499715833e+00
2.000000000000e+01,8.000000000000e+00,4.478723143931e+00
2.000000000000e+01,8.200000000000e+00,4.325833928828e+00
2.000000000000e+01,8.400000000000e+00,4.190424051982e+00
2.000000000000e+01,8.600000000000e+00,4.069753985115e+00
2.000000000000e+01,8.800000000000e+00,3.961602290171e+00
2.000000000000e+01,9.000000000000e+00,3.864152877335e+00
2.000000000000e+01,9.200000000000e+00,3.775909638779e+00
2.000000000000e+01,9.400000000000e+00,3.695631194644e+00
2.000000000000e+01,9.600000000000e+00,3.622280563000e+00
2.000000000000e+01,9.800000000000e+00,3.554986008996e+00
2.000000000000e+01,1.000000000000e+01,3.493010343437e+00
2.000000000000e+01,1.020000000000e+01,3.435726662187e+00
2.000000000000e+01,1.040000000000e+01,3.382599035268e+00
2.000000000000e+01,1.060000000000e+01,3.333167029212e+00
2.000000000000e+01,1.080000000000e+01,3.287033219966e+00
2.000000000000e+01,1.100000000000e+01,3.243853055355e+00
2.000000000000e+01,1.120000000000e+01,3.203326575906e+00
2.000000000000e+01,1.140000000000e+01,3.165191614954e+00
2.000000000000e+01,1.160000000000e+01,3.129218183492e+00
2.000000000000e+01,1.180000000000e+01,3.095203809432e+00
2.000000000000e+01,1.200000000000e+01,3.062969650026e+00
2.000000000000e+01,1.220000000000e+01,3.032345319025e+00
2.000000000000e+01,1.240000000000e+01,3.003197777375e+00
2.000000000000e+01,1.260000000000e+01,2.975406287098e+00
2.000000000000e+01,1.280000000000e+01,2.948858610659e+00
2.000000000000e+01,1.300000000000e+01,2.923454180962e+00
2.000000000000e+01,1.320000000000e+01,2.899102666290e+00
2.000000000000e+01,1.340000000000e+01,2.875722738426e+00
2.000000000000e+01,1.360000000000e+01,2.853241011550e+00
2.000000000000e+01,1.380000000000e+01,2.831591125236e+00
2.000000000000e+01,1.400000000000e+01,2.810712949474e+00
2.000000000000e+01,1.420000000000e+01,2.790551893401e+00
2.000000000000e+01,1.440000000000e+01,2.771058302454e+00
2.000000000000e+01,1.460000000000e+01,2.752186931178e+00
2.000000000000e+01,1.480000000000e+01,2.733896480949e+00
2.000000000000e+01,1.500000000000e+01,2.716149193581e+00
2.000000000000e+01,1.520000000000e+01,2.698910493168e+00
2.000000000000e+01,1.540000000000e+01,2.682148669691e+00
2.000000000000e+01,1.560000000000e+01,2.665834598873e+00
2.000000000000e+01,1.580000000000e+01,2.649941493578e+00
2.000000000000e+01,1.600000000000e+01,2.634444682740e+00
