depth_m,T_s,Hc_m
2.000000000000e+00,3.000000000000e+00,9.034086418997e-01
2.000000000000e+00,3.200000000000e+00,8.460890042407e-01
2.000000000000e+00,3.400000000000e+00,8.002801128366e-01
2.000000000000e+00,3.600000000000e+00,7.625177146810e-01
2.000000000000e+00,3.800000000000e+00,7.305864846438e-01
2.000000000000e+00,4.000000000000e+00,7.030132190429e-01
2.000000000000e+00,4.200000000000e+00,6.787656467196e-01
2.000000000000e+00,4.400000000000e+00,6.571094995482e-01
2.000000000000e+00,4.600000000000e+00,6.375689432977e-01
2.000000000000e+00,4.800000000000e+00,6.197576766118e-01
2.000000000000e+00,5.000000000000e+00,6.033835686921e-01
2.000000000000e+00,5.200000000000e+00,5.882217461952e-01
2.000000000000e+00,5.400000000000e+00,5.740962885362e-01
2.000000000000e+00,5.600000000000e+00,5.608675165409e-01
2.000000000000e+00,5.800000000000e+00,5.484229995346e-01
2.000000000000e+00,6.000000000000e+00,5.366710856006e-01
2.000000000000e+00,6.200000000000e+00,5.255361758051e-01
2.000000000000e+00,6.400000000000e+00,5.149552240861e-01
2.000000000000e+00,6.600000000000e+00,5.048751116907e-01
2.000000000000e+00,6.800000000000e+00,4.952506543322e-01
2.000000000000e+00,7.000000000000e+00,4.860323860991e-01
2.000000000000e+00,7.200000000000e+00,4.771905455420e-01
2.000000000000e+00,7.400000000000e+00,4.687040698350e-01
2.000000000000e+00,7.600000000000e+00,4.605471383180e-01
2.000000000000e+00,7.800000000000e+00,4.526969172559e-01
2.000000000000e+00,8.000000000000e+00,4.451330893353e-01
2.000000000000e+00,8.200000000000e+00,4.378374728052e-01
2.000000000000e+00,8.400000000000e+00,4.307937108837e-01
2.000000000000e+00,8.600000000000e+00,4.239870166582e-01
2.000000000000e+00,8.800000000000e+00,4.174039621273e-01
2.000000000000e+00,9.000000000000e+00,4.110323025995e-01
2.000000000000e+00,9.200000000000e+00,4.048608295961e-01
2.000000000000e+00,9.400000000000e+00,3.988792468821e-01
2.000000000000e+00,9.600000000000e+00,3.930780653765e-01
2.000000000000e+00,9.800000000000e+00,3.874485135649e-01
2.000000000000e+00,1.000000000000e+01,3.819824607138e-01
2.000000000000e+00,1.020000000000e+01,3.766723507153e-01
2.000000000000e+00,1.040000000000e+01,3.715111448049e-01
2.000000000000e+00,1.060000000000e+01,3.664922717249e-01
2.000000000000e+00,1.080000000000e+01,3.616095841668e-01
2.000000000000e+00,1.100000000000e+01,3.568573205332e-01
2.000000000000e+00,1.120000000000e+01,3.522300712300e-01
2.000000000000e+00,1.140000000000e+01,3.477227488310e-01
2.000000000000e+00,1.160000000000e+01,3.433305615703e-01
2.000000000000e+00,1.180000000000e+01,3.390489897049e-01
2.000000000000e+00,1.200000000000e+01,3.348737643625e-01
2.000000000000e+00,1.220000000000e+01,3.308008485525e-01
2.000000000000e+00,1.240000000000e+01,3.268264200631e-01
2.000000000000e+00,1.260000000000e+01,3.229468560126e-01
2.000000000000e+00,1.280000000000e+01,3.191587188554e-01
2.000000000000e+00,1.300000000000e+01,3.154587436700e-01
2.000000000000e+00,1.320000000000e+01,3.118438265842e-01
2.000000000000e+00,1.340000000000e+01,3.083110142083e-01
2.000000000000e+00,1.360000000000e+01,3.048574939672e-01
2.000000000000e+00,1.380000000000e+01,3.014805852365e-01
2.000000000000e+00,1.400000000000e+01,2.981777311964e-01
2.000000000000e+00,1.420000000000e+01,2.949464913339e-01
2.000000000000e+00,1.440000000000e+01,2.917845345258e-01
2.000000000000e+00,1.460000000000e+01,2.886896326484e-01
2.000000000000e+00,1.480000000000e+01,2.856596546627e-01
2.000000000000e+00,1.500000000000e+01,2.826925611312e-01
2.000000000000e+00,1.520000000000e+01,2.797863991279e-01
2.000000000000e+00,1.540000000000e+01,2.769392975052e-01
2.000000000000e+00,1.560000000000e+01,2.741494624874e-01
2.000000000000e+00,1.580000000000e+01,2.714151735630e-01
2.000000000000e+00,1.600000000000e+01,2.687347796507e-01
2.200000000000e+00,3.000000000000e+00,1.002701565332e+00
2.200000000000e+00,3.200000000000e+00,9.340526784827e-01
2.200000000000e+00,3.400000000000e+00,8.800928770566e-01
2.200000000000e+00,3.600000000000e+00,8.362557089617e-01
2.200000000000e+00,3.800000000000e+00,7.996593278293e-01
2.200000000000e+00,4.000000000000e+00,7.684092140874e-01
2.200000000000e+00,4.200000000000e+00,7.411952180973e-01
2.200000000000e+00,4.400000000000e+00,7.170948668543e-01
2.200000000000e+00,4.600000000000e+00,6.955048658885e-01
2.200000000000e+00,4.800000000000e+00,6.759459982823e-01
2.200000000000e+00,5.000000000000e+00,6.580586300916e-01
2.200000000000e+00,5.200000000000e+00,6.415679884970e-01
2.200000000000e+00,5.400000000000e+00,6.262607023749e-01
2.200000000000e+00,5.600000000000e+00,6.119686069355e-01
2.200000000000e+00,5.800000000000e+00,5.985573461057e-01
2.200000000000e+00,6.000000000000e+00,5.859182117230e-01
2.200000000000e+00,6.200000000000e+00,5.739622085341e-01
2.200000000000e+00,6.400000000000e+00,5.626156763758e-01
2.200000000000e+00,6.600000000000e+00,5.518170189264e-01
2.200000000000e+00,6.800000000000e+00,5.415142300830e-01
2.200000000000e+00,7.000000000000e+00,5.316514945885e-01
2.200000000000e+00,7.200000000000e+00,5.221948854733e-01
2.200000000000e+00,7.400000000000e+00,5.131201854508e-01
2.200000000000e+00,7.600000000000e+00,5.043985114484e-01
2.200000000000e+00,7.800000000000e+00,4.960044851501e-01
2.200000000000e+00,8.000000000000e+00,4.879156625341e-01
2.200000000000e+00,8.200000000000e+00,4.801120740912e-01
2.200000000000e+00,8.400000000000e+00,4.725758515524e-01
2.200000000000e+00,8.600000000000e+00,4.652909227418e-01
2.200000000000e+00,8.800000000000e+00,4.582427604547e-01
2.200000000000e+00,9.000000000000e+00,4.514181744712e-01
2.200000000000e+00,9.200000000000e+00,4.448051382333e-01
2.200000000000e+00,9.400000000000e+00,4.383926435483e-01
2.200000000000e+00,9.600000000000e+00,4.321705780872e-01
2.200000000000e+00,9.800000000000e+00,4.261296215304e-01
2.200000000000e+00,1.000000000000e+01,4.202611570500e-01
2.200000000000e+00,1.020000000000e+01,4.145571954753e-01
2.200000000000e+00,1.040000000000e+01,4.090103099984e-01
2.200000000000e+00,1.060000000000e+01,4.036135796857e-01
2.200000000000e+00,1.080000000000e+01,3.983605403806e-01
2.200000000000e+00,1.100000000000e+01,3.932451418389e-01
2.200000000000e+00,1.120000000000e+01,3.882617101451e-01
2.200000000000e+00,1.140000000000e+01,3.834049146225e-01
2.200000000000e+00,1.160000000000e+01,3.786697385840e-01
2.200000000000e+00,1.180000000000e+01,3.740514533789e-01
2.200000000000e+00,1.200000000000e+01,3.695455952805e-01
2.200000000000e+00,1.220000000000e+01,3.651479448313e-01
2.200000000000e+00,1.240000000000e+01,3.608545083226e-01
2.200000000000e+00,1.260000000000e+01,3.566615011350e-01
2.200000000000e+00,1.280000000000e+01,3.525653327073e-01
2.200000000000e+00,1.300000000000e+01,3.485625929341e-01
2.200000000000e+00,1.320000000000e+01,3.446500398239e-01
2.200000000000e+00,1.340000000000e+01,3.408245882695e-01
2.200000000000e+00,1.360000000000e+01,3.370832998062e-01
2.200000000000e+00,1.380000000000e+01,3.334233732472e-01
2.200000000000e+00,1.400000000000e+01,3.298421361036e-01
2.200000000000e+00,1.420000000000e+01,3.263370367034e-01
2.200000000000e+00,1.440000000000e+01,3.229056369408e-01
2.200000000000e+00,1.460000000000e+01,3.195456055896e-01
2.200000000000e+00,1.480000000000e+01,3.162547121277e-01
2.200000000000e+00,1.500000000000e+01,3.130308210214e-01
2.200000000000e+00,1.520000000000e+01,3.098718864285e-01
2.200000000000e+00,1.540000000000e+01,3.067759472796e-01
2.200000000000e+00,1.560000000000e+01,3.037411227060e-01
2.200000000000e+00,1.580000000000e+01,3.007656077808e-01
2.200000000000e+00,1.600000000000e+01,2.978476695491e-01
2.400000000000e+00,3.000000000000e+00,1.107181384791e+00
2.400000000000e+00,3.200000000000e+00,1.025248716023e+00
2.400000000000e+00,3.400000000000e+00,9.618613652436e-01
2.400000000000e+00,3.600000000000e+00,9.110843738048e-01
2.400000000000e+00,3.800000000000e+00,8.692198244231e-01
2.400000000000e+00,4.000000000000e+00,8.338635469444e-01
2.400000000000e+00,4.200000000000e+00,8.033730145561e-01
2.400000000000e+00,4.400000000000e+00,7.766025648208e-01
2.400000000000e+00,4.600000000000e+00,7.527981530987e-01
2.400000000000e+00,4.800000000000e+00,7.313717092895e-01
2.400000000000e+00,5.000000000000e+00,7.118848897845e-01
2.400000000000e+00,5.200000000000e+00,6.940049558257e-01
2.400000000000e+00,5.400000000000e+00,6.774751592734e-01
2.400000000000e+00,5.600000000000e+00,6.620944169825e-01
2.400000000000e+00,5.800000000000e+00,6.477030801536e-01
2.400000000000e+00,6.000000000000e+00,6.341727918912e-01
2.400000000000e+00,6.200000000000e+00,6.213991415888e-01
2.400000000000e+00,6.400000000000e+00,6.092962670577e-01
2.400000000000e+00,6.600000000000e+00,5.977928351396e-01
2.400000000000e+00,6.800000000000e+00,5.868290123339e-01
2.400000000000e+00,7.000000000000e+00,5.763418681619e-01
2.400000000000e+00,7.200000000000e+00,5.662926423004e-01
2.400000000000e+00,7.400000000000e+00,5.566534053131e-01
2.400000000000e+00,7.600000000000e+00,5.473917834700e-01
2.400000000000e+00,7.800000000000e+00,5.384795057818e-01
2.400000000000e+00,8.000000000000e+00,5.298917184064e-01
2.400000000000e+00,8.200000000000e+00,5.216064339055e-01
2.400000000000e+00,8.400000000000e+00,5.136040856699e-01
2.400000000000e+00,8.600000000000e+00,5.058671649780e-01
2.400000000000e+00,8.800000000000e+00,4.983799234367e-01
2.400000000000e+00,9.000000000000e+00,4.911281275051e-01
2.400000000000e+00,9.200000000000e+00,4.840988547668e-01
2.400000000000e+00,9.400000000000e+00,4.772803238738e-01
2.400000000000e+00,9.600000000000e+00,4.706617518023e-01
2.400000000000e+00,9.800000000000e+00,4.642332333888e-01
2.400000000000e+00,1.000000000000e+01,4.579856391364e-01
2.400000000000e+00,1.020000000000e+01,4.519105280820e-01
2.400000000000e+00,1.040000000000e+01,4.460000731411e-01
2.400000000000e+00,1.060000000000e+01,4.402469968389e-01
2.400000000000e+00,1.080000000000e+01,4.346445157294e-01
2.400000000000e+00,1.100000000000e+01,4.291862921120e-01
2.400000000000e+00,1.120000000000e+01,4.238663919092e-01
2.400000000000e+00,1.140000000000e+01,4.186792477633e-01
2.400000000000e+00,1.160000000000e+01,4.136196265775e-01
2.400000000000e+00,1.180000000000e+01,4.086826008540e-01
2.400000000000e+00,1.200000000000e+01,4.038635232896e-01
2.400000000000e+00,1.220000000000e+01,3.991580041784e-01
2.400000000000e+00,1.240000000000e+01,3.945618912405e-01
2.400000000000e+00,1.260000000000e+01,3.900712515568e-01
2.400000000000e+00,1.280000000000e+01,3.856823553377e-01
2.400000000000e+00,1.300000000000e+01,3.813916612944e-01
2.400000000000e+00,1.320000000000e+01,3.771958034164e-01
2.400000000000e+00,1.340000000000e+01,3.730915789861e-01
2.400000000000e+00,1.360000000000e+01,3.690759376843e-01
2.400000000000e+00,1.380000000000e+01,3.651459716642e-01
2.400000000000e+00,1.400000000000e+01,3.612989064826e-01
2.400000000000e+00,1.420000000000e+01,3.575320927975e-01
2.400000000000e+00,1.440000000000e+01,3.538429987482e-01
2.400000000000e+00,1.460000000000e+01,3.502292029481e-01
2.400000000000e+00,1.480000000000e+01,3.466883880278e-01
2.400000000000e+00,1.500000000000e+01,3.432183346729e-01
2.400000000000e+00,1.520000000000e+01,3.398169161092e-01
2.400000000000e+00,1.540000000000e+01,3.364820929927e-01
2.400000000000e+00,1.560000000000e+01,3.332119086662e-01
2.400000000000e+00,1.580000000000e+01,3.300044847502e-01
2.400000000000e+00,1.600000000000e+01,3.268580170372e-01
2.600000000000e+00,3.000000000000e+00,1.217817869755e+00
2.600000000000e+00,3.200000000000e+00,1.120370138520e+00
2.600000000000e+00,3.400000000000e+00,1.046112349650e+00
2.600000000000e+00,3.600000000000e+00,9.874243208125e-01
2.600000000000e+00,3.800000000000e+00,9.396167020363e-01
2.600000000000e+00,4.000000000000e+00,8.996734866225e-01
2.600000000000e+00,4.200000000000e+00,8.655575167975e-01
2.600000000000e+00,4.400000000000e+00,8.358604689626e-01
2.600000000000e+00,4.600000000000e+00,8.096516052383e-01
2.600000000000e+00,4.800000000000e+00,7.862164163820e-01
2.600000000000e+00,5.000000000000e+00,7.650256002107e-01
2.600000000000e+00,5.200000000000e+00,7.456797081041e-01
2.600000000000e+00,5.400000000000e+00,7.278722355983e-01
2.600000000000e+00,5.600000000000e+00,7.113644366651e-01
2.600000000000e+00,5.800000000000e+00,6.959677808948e-01
2.600000000000e+00,6.000000000000e+00,6.815315074126e-01
2.600000000000e+00,6.200000000000e+00,6.679336475185e-01
2.600000000000e+00,6.400000000000e+00,6.550744518368e-01
2.600000000000e+00,6.600000000000e+00,6.428715122222e-01
2.600000000000e+00,6.800000000000e+00,6.312560963666e-01
2.600000000000e+00,7.000000000000e+00,6.201573321382e-01
2.600000000000e+00,7.200000000000e+00,6.095309102529e-01
2.600000000000e+00,7.400000000000e+00,5.993445921231e-01
2.600000000000e+00,7.600000000000e+00,5.895620460085e-01
2.600000000000e+00,7.800000000000e+00,5.801517247717e-01
2.600000000000e+00,8.000000000000e+00,5.710860494155e-01
2.600000000000e+00,8.200000000000e+00,5.623407549179e-01
2.600000000000e+00,8.400000000000e+00,5.538943624073e-01
2.600000000000e+00,8.600000000000e+00,5.457277504239e-01
2.600000000000e+00,8.800000000000e+00,5.378238044424e-01
2.600000000000e+00,9.000000000000e+00,5.301671286214e-01
2.600000000000e+00,9.200000000000e+00,5.227438073432e-01
2.600000000000e+00,9.400000000000e+00,5.155412068316e-01
2.600000000000e+00,9.600000000000e+00,5.085478092165e-01
2.600000000000e+00,9.800000000000e+00,5.017530730094e-01
2.600000000000e+00,1.000000000000e+01,4.951473151912e-01
2.600000000000e+00,1.020000000000e+01,4.887216110745e-01
2.600000000000e+00,1.040000000000e+01,4.824677088543e-01
2.600000000000e+00,1.060000000000e+01,4.763779563552e-01
2.600000000000e+00,1.080000000000e+01,4.704452379517e-01
2.600000000000e+00,1.100000000000e+01,4.646629200110e-01
2.600000000000e+00,1.120000000000e+01,4.590248035062e-01
2.600000000000e+00,1.140000000000e+01,4.535250826882e-01
2.600000000000e+00,1.160000000000e+01,4.481583088963e-01
2.600000000000e+00,1.180000000000e+01,4.429193587466e-01
2.600000000000e+00,1.200000000000e+01,4.378034060620e-01
2.600000000000e+00,1.220000000000e+01,4.328058970139e-01
2.600000000000e+00,1.240000000000e+01,4.279225280303e-01
2.600000000000e+00,1.260000000000e+01,4.231492260950e-01
2.600000000000e+00,1.280000000000e+01,4.184821311222e-01
2.600000000000e+00,1.300000000000e+01,4.139175801352e-01
2.600000000000e+00,1.320000000000e+01,4.094520930250e-01
2.600000000000e+00,1.340000000000e+01,4.050823596883e-01
2.600000000000e+00,1.360000000000e+01,4.008052283832e-01
2.600000000000e+00,1.380000000000e+01,3.966176951544e-01
2.600000000000e+00,1.400000000000e+01,3.925168942075e-01
2.600000000000e+00,1.420000000000e+01,3.885000891240e-01
2.600000000000e+00,1.440000000000e+01,3.845646648239e-01
2.600000000000e+00,1.460000000000e+01,3.807081201968e-01
2.600000000000e+00,1.480000000000e+01,3.769280613295e-01
2.600000000000e+00,1.500000000000e+01,3.732221952699e-01
2.600000000000e+00,1.520000000000e+01,3.695883242729e-01
2.600000000000e+00,1.540000000000e+01,3.660243404802e-01
2.600000000000e+00,1.560000000000e+01,3.625282209932e-01
2.600000000000e+00,1.580000000000e+01,3.590980233021e-01
2.600000000000e+00,1.600000000000e+01,3.557318810369e-01
2.800000000000e+00,3.000000000000e+00,1.335614535237e+00
2.800000000000e+00,3.200000000000e+00,1.220114078028e+00
2.800000000000e+00,3.400000000000e+00,1.133362591272e+00
2.800000000000e+00,3.600000000000e+00,1.065679831973e+00
2.800000000000e+00,3.800000000000e+00,1.011180112105e+00
2.800000000000e+00,4.000000000000e+00,9.661176469526e-01
2.800000000000e+00,4.200000000000e+00,9.279896253440e-01
2.800000000000e+00,4.400000000000e+00,8.950805428670e-01
2.800000000000e+00,4.600000000000e+00,8.662540475162e-01
2.800000000000e+00,4.800000000000e+00,8.406497715092e-01
2.800000000000e+00,5.000000000000e+00,8.176340553743e-01
2.800000000000e+00,5.200000000000e+00,7.967312579316e-01
2.800000000000e+00,5.400000000000e+00,7.775782529300e-01
2.800000000000e+00,5.600000000000e+00,7.598935590719e-01
2.800000000000e+00,5.800000000000e+00,7.434559485271e-01
2.800000000000e+00,6.000000000000e+00,7.280893396675e-01
2.800000000000e+00,6.200000000000e+00,7.136519444640e-01
2.800000000000e+00,6.400000000000e+00,7.000283514604e-01
2.800000000000e+00,6.600000000000e+00,6.871236691904e-01
2.800000000000e+00,6.800000000000e+00,6.748591384761e-01
2.800000000000e+00,7.000000000000e+00,6.631550679928e-01
2.800000000000e+00,7.200000000000e+00,6.519608451409e-01
2.800000000000e+00,7.400000000000e+00,6.412392937836e-01
2.800000000000e+00,7.600000000000e+00,6.309496256701e-01
2.800000000000e+00,7.800000000000e+00,6.210566060224e-01
2.800000000000e+00,8.000000000000e+00,6.115295898883e-01
2.800000000000e+00,8.200000000000e+00,6.023417516859e-01
2.800000000000e+00,8.400000000000e+00,5.934694648827e-01
2.800000000000e+00,8.600000000000e+00,5.848917992349e-01
2.800000000000e+00,8.800000000000e+00,5.765901107386e-01
2.800000000000e+00,9.000000000000e+00,5.685477051867e-01
2.800000000000e+00,9.200000000000e+00,5.607495605339e-01
2.800000000000e+00,9.400000000000e+00,5.531820965288e-01
2.800000000000e+00,9.600000000000e+00,5.458329825538e-01
2.800000000000e+00,9.800000000000e+00,5.386909765174e-01
2.800000000000e+00,1.000000000000e+01,5.317457891147e-01
2.800000000000e+00,1.020000000000e+01,5.249879689146e-01
2.800000000000e+00,1.040000000000e+01,5.184088046287e-01
2.800000000000e+00,1.060000000000e+01,5.120002416181e-01
2.800000000000e+00,1.080000000000e+01,5.057548102510e-01
2.800000000000e+00,1.100000000000e+01,4.996655641698e-01
2.800000000000e+00,1.120000000000e+01,4.937260268727e-01
2.800000000000e+00,1.140000000000e+01,4.879301453073e-01
2.800000000000e+00,1.160000000000e+01,4.822722493945e-01
2.800000000000e+00,1.180000000000e+01,4.767470165898e-01
2.800000000000e+00,1.200000000000e+01,4.713494407414e-01
2.800000000000e+00,1.220000000000e+01,4.660748046222e-01
2.800000000000e+00,1.240000000000e+01,4.609186556188e-01
2.800000000000e+00,1.260000000000e+01,4.558767841392e-01
2.800000000000e+00,1.280000000000e+01,4.509452043733e-01
2.800000000000e+00,1.300000000000e+01,4.461201370925e-01
2.800000000000e+00,1.320000000000e+01,4.413979942254e-01
2.800000000000e+00,1.340000000000e+01,4.367753649840e-01
2.800000000000e+00,1.360000000000e+01,4.322490033481e-01
2.800000000000e+00,1.380000000000e+01,4.278158167431e-01
2.800000000000e+00,1.400000000000e+01,4.234728557687e-01
2.800000000000e+00,1.420000000000e+01,4.192173048582e-01
2.800000000000e+00,1.440000000000e+01,4.150464737609e-01
2.800000000000e+00,1.460000000000e+01,4.109577897569e-01
2.800000000000e+00,1.480000000000e+01,4.069487905250e-01
2.800000000000e+00,1.500000000000e+01,4.030171175937e-01
2.800000000000e+00,1.520000000000e+01,3.991605103154e-01
2.800000000000e+00,1.540000000000e+01,3.953768003098e-01
2.800000000000e+00,1.560000000000e+01,3.916639063303e-01
2.800000000000e+00,1.580000000000e+01,3.880198295122e-01
2.800000000000e+00,1.600000000000e+01,3.844426489671e-01
3.000000000000e+00,3.000000000000e+00,1.461623070501e+00
3.000000000000e+00,3.200000000000e+00,1.325192068221e+00
3.000000000000e+00,3.400000000000e+00,1.224126534860e+00
3.000000000000e+00,3.600000000000e+00,1.146244720519e+00
3.000000000000e+00,3.800000000000e+00,1.084226082870e+00
3.000000000000e+00,4.000000000000e+00,1.033459300899e+00
3.000000000000e+00,4.200000000000e+00,9.908950257604e-01
3.000000000000e+00,4.400000000000e+00,9.544603998789e-01
3.000000000000e+00,4.600000000000e+00,9.227812082811e-01
3.000000000000e+00,4.800000000000e+00,8.948297682089e-01
3.000000000000e+00,5.000000000000e+00,8.698533928131e-01
3.000000000000e+00,5.200000000000e+00,8.472899539137e-01
3.000000000000e+00,5.400000000000e+00,8.267123085203e-01
3.000000000000e+00,5.600000000000e+00,8.077908149801e-01
3.000000000000e+00,5.800000000000e+00,7.902674921964e-01
3.000000000000e+00,6.000000000000e+00,7.739378538853e-01
3.000000000000e+00,6.200000000000e+00,7.586379121651e-01
3.000000000000e+00,6.400000000000e+00,7.442347311225e-01
3.000000000000e+00,6.600000000000e+00,7.306194615704e-01
3.000000000000e+00,6.800000000000e+00,7.177021379512e-01
3.000000000000e+00,7.000000000000e+00,7.053933271634e-01
3.000000000000e+00,7.200000000000e+00,6.936353261762e-01
3.000000000000e+00,7.400000000000e+00,6.823853669673e-01
3.000000000000e+00,7.600000000000e+00,6.715976809177e-01
3.000000000000e+00,7.800000000000e+00,6.612329116105e-01
3.000000000000e+00,8.000000000000e+00,6.512569870540e-01
3.000000000000e+00,8.200000000000e+00,6.416402196295e-01
3.000000000000e+00,8.400000000000e+00,6.323565827219e-01
3.000000000000e+00,8.600000000000e+00,6.233831254945e-01
3.000000000000e+00,8.800000000000e+00,6.146994964563e-01
3.000000000000e+00,9.000000000000e+00,6.062875532893e-01
3.000000000000e+00,9.200000000000e+00,5.981310415063e-01
3.000000000000e+00,9.400000000000e+00,5.902153283637e-01
3.000000000000e+00,9.600000000000e+00,5.825271813849e-01
3.000000000000e+00,9.800000000000e+00,5.750545830933e-01
3.000000000000e+00,1.000000000000e+01,5.677865752915e-01
3.000000000000e+00,1.020000000000e+01,5.607131275645e-01
3.000000000000e+00,1.040000000000e+01,5.538250257399e-01
3.000000000000e+00,1.060000000000e+01,5.471137768623e-01
3.000000000000e+00,1.080000000000e+01,5.405715278934e-01
3.000000000000e+00,1.100000000000e+01,5.341909958682e-01
3.000000000000e+00,1.120000000000e+01,5.279654076505e-01
3.000000000000e+00,1.140000000000e+01,5.218884477660e-01
3.000000000000e+00,1.160000000000e+01,5.159542130555e-01
3.000000000000e+00,1.180000000000e+01,5.101571731093e-01
3.000000000000e+00,1.200000000000e+01,5.044921356214e-01
3.000000000000e+00,1.220000000000e+01,4.989542159414e-01
3.000000000000e+00,1.240000000000e+01,4.935388102239e-01
3.000000000000e+00,1.260000000000e+01,4.882415716701e-01
3.000000000000e+00,1.280000000000e+01,4.830583894349e-01
3.000000000000e+00,1.300000000000e+01,4.779853698414e-01
3.000000000000e+00,1.320000000000e+01,4.730188195969e-01
3.000000000000e+00,1.340000000000e+01,4.681552307523e-01
3.000000000000e+00,1.360000000000e+01,4.633912671829e-01
3.000000000000e+00,1.380000000000e+01,4.587237524031e-01
3.000000000000e+00,1.400000000000e+01,4.541496585507e-01
3.000000000000e+00,1.420000000000e+01,4.496660964046e-01
3.000000000000e+00,1.440000000000e+01,4.452703063117e-01
3.000000000000e+00,1.460000000000e+01,4.409596499231e-01
3.000000000000e+00,1.480000000000e+01,4.367316026463e-01
3.000000000000e+00,1.500000000000e+01,4.325837467361e-01
3.000000000000e+00,1.520000000000e+01,4.285137649564e-01
3.000000000000e+00,1.540000000000e+01,4.245194347524e-01
3.000000000000e+00,1.560000000000e+01,4.205986228809e-01
3.000000000000e+00,1.580000000000e+01,4.167492804529e-01
3.000000000000e+00,1.600000000000e+01,4.129694383481e-01
3.200000000000e+00,3.000000000000e+00,1.596956409994e+00
3.200000000000e+00,3.200000000000e+00,1.436339189827e+00
3.200000000000e+00,3.400000000000e+00,1.318923154330e+00
3.200000000000e+00,3.600000000000e+00,1.229507635675e+00
3.200000000000e+00,3.800000000000e+00,1.159060682142e+00
3.200000000000e+00,4.000000000000e+00,1.101949635712e+00
3.200000000000e+00,4.200000000000e+00,1.054486690240e+00
3.200000000000e+00,4.400000000000e+00,1.014185163336e+00
3.200000000000e+00,4.600000000000e+00,9.793970276426e-01
3.200000000000e+00,4.800000000000e+00,9.489035736632e-01
3.200000000000e+00,5.000000000000e+00,9.218170138100e-01
3.200000000000e+00,5.200000000000e+00,8.974775456954e-01
3.200000000000e+00,5.400000000000e+00,8.753860350532e-01
3.200000000000e+00,5.600000000000e+00,8.551588713245e-01
3.200000000000e+00,5.800000000000e+00,8.364970058592e-01
3.200000000000e+00,6.000000000000e+00,8.191642863223e-01
3.200000000000e+00,6.200000000000e+00,8.029720200914e-01
3.200000000000e+00,6.400000000000e+00,7.877677953490e-01
3.200000000000e+00,6.600000000000e+00,7.734272654241e-01
3.200000000000e+00,6.800000000000e+00,7.598480296012e-01
3.200000000000e+00,7.000000000000e+00,7.469299487883e-01
3.200000000000e+00,7.200000000000e+00,7.346074132398e-01
3.200000000000e+00,7.400000000000e+00,7.228313862560e-01
3.200000000000e+00,7.600000000000e+00,7.115505736427e-01
3.200000000000e+00,7.800000000000e+00,7.007210448079e-01
3.200000000000e+00,8.000000000000e+00,6.903049231960e-01
3.200000000000e+00,8.200000000000e+00,6.802693428422e-01
3.200000000000e+00,8.400000000000e+00,6.705856110653e-01
3.200000000000e+00,8.600000000000e+00,6.612285321003e-01
3.200000000000e+00,8.800000000000e+00,6.521758573057e-01
3.200000000000e+00,9.000000000000e+00,6.434078356063e-01
3.200000000000e+00,9.200000000000e+00,6.349068438270e-01
3.200000000000e+00,9.400000000000e+00,6.266570810901e-01
3.200000000000e+00,9.600000000000e+00,6.186443148803e-01
3.200000000000e+00,9.800000000000e+00,6.108556690060e-01
3.200000000000e+00,1.000000000000e+01,6.032794457100e-01
3.200000000000e+00,1.020000000000e+01,5.959049757517e-01
3.200000000000e+00,1.040000000000e+01,5.887224915075e-01
3.200000000000e+00,1.060000000000e+01,5.817230190991e-01
3.200000000000e+00,1.080000000000e+01,5.748982863181e-01
3.200000000000e+00,1.100000000000e+01,5.682406437184e-01
3.200000000000e+00,1.120000000000e+01,5.617429967299e-01
3.200000000000e+00,1.140000000000e+01,5.553987470313e-01
3.200000000000e+00,1.160000000000e+01,5.492017417313e-01
3.200000000000e+00,1.180000000000e+01,5.431462291585e-01
3.200000000000e+00,1.200000000000e+01,5.372268202630e-01
3.200000000000e+00,1.220000000000e+01,5.314384548022e-01
3.200000000000e+00,1.240000000000e+01,5.257763716165e-01
3.200000000000e+00,1.260000000000e+01,5.202360824121e-01
3.200000000000e+00,1.280000000000e+01,5.148133485650e-01
3.200000000000e+00,1.300000000000e+01,5.095041605297e-01
3.200000000000e+00,1.320000000000e+01,5.043047195060e-01
3.200000000000e+00,1.340000000000e+01,4.992114210650e-01
3.200000000000e+00,1.360000000000e+01,4.942208404826e-01
3.200000000000e+00,1.380000000000e+01,4.893297195649e-01
3.200000000000e+00,1.400000000000e+01,4.845349547793e-01
3.200000000000e+00,1.420000000000e+01,4.798335865338e-01
3.200000000000e+00,1.440000000000e+01,4.752227894677e-01
3.200000000000e+00,1.460000000000e+01,4.706998636343e-01
3.200000000000e+00,1.480000000000e+01,4.662622264758e-01
3.200000000000e+00,1.500000000000e+01,4.619074054989e-01
3.200000000000e+00,1.520000000000e+01,4.576330315772e-01
3.200000000000e+00,1.540000000000e+01,4.534368328100e-01
3.200000000000e+00,1.560000000000e+01,4.493166288810e-01
3.200000000000e+00,1.580000000000e+01,4.452703258644e-01
3.200000000000e+00,1.600000000000e+01,4.412959114332e-01
3.400000000000e+00,3.000000000000e+00,1.742800817150e+00
3.400000000000e+00,3.200000000000e+00,1.554322258001e+00
3.400000000000e+00,3.400000000000e+00,1.418282009815e+00
3.400000000000e+00,3.600000000000e+00,1.315856774444e+00
3.400000000000e+00,3.800000000000e+00,1.235983775560e+00
3.400000000000e+00,4.000000000000e+00,1.171830774529e+00
3.400000000000e+00,4.200000000000e+00,1.118967295680e+00
3.400000000000e+00,4.400000000000e+00,1.074429372109e+00
3.400000000000e+00,4.600000000000e+00,1.036255119778e+00
3.400000000000e+00,4.800000000000e+00,1.003008604170e+00
3.400000000000e+00,5.000000000000e+00,9.736493201815e-01
3.400000000000e+00,5.200000000000e+00,9.474076243183e-01
3.400000000000e+00,5.400000000000e+00,9.237037821328e-01
3.400000000000e+00,5.600000000000e+00,9.020939873654e-01
3.400000000000e+00,5.800000000000e+00,8.822335290954e-01
3.400000000000e+00,6.000000000000e+00,8.638511364196e-01
3.400000000000e+00,6.200000000000e+00,8.467307746557e-01
3.400000000000e+00,6.400000000000e+00,8.306985112412e-01
3.400000000000e+00,6.600000000000e+00,8.156128951081e-01
3.400000000000e+00,6.800000000000e+00,8.013578122640e-01
3.400000000000e+00,7.000000000000e+00,7.878214131683e-01
3.400000000000e+00,7.200000000000e+00,7.749293376614e-01
3.400000000000e+00,7.400000000000e+00,7.626255830494e-01
3.400000000000e+00,7.600000000000e+00,7.508527655863e-01
3.400000000000e+00,7.800000000000e+00,7.395619121400e-01
3.400000000000e+00,8.000000000000e+00,7.287109503660e-01
3.400000000000e+00,8.200000000000e+00,7.182635075133e-01
3.400000000000e+00,8.400000000000e+00,7.081879479061e-01
3.400000000000e+00,8.600000000000e+00,6.984565964908e-01
3.400000000000e+00,8.800000000000e+00,6.890451085241e-01
3.400000000000e+00,9.000000000000e+00,6.799319548500e-01
3.400000000000e+00,9.200000000000e+00,6.710979992030e-01
3.400000000000e+00,9.400000000000e+00,6.625261492316e-01
3.400000000000e+00,9.600000000000e+00,6.542010669184e-01
3.400000000000e+00,9.800000000000e+00,6.461089271224e-01
3.400000000000e+00,1.000000000000e+01,6.382372153113e-01
3.400000000000e+00,1.020000000000e+01,6.305745573633e-01
3.400000000000e+00,1.040000000000e+01,6.231105757420e-01
3.400000000000e+00,1.060000000000e+01,6.158357674484e-01
3.400000000000e+00,1.080000000000e+01,6.087414000401e-01
3.400000000000e+00,1.100000000000e+01,6.018194226945e-01
3.400000000000e+00,1.120000000000e+01,5.950623898527e-01
3.400000000000e+00,1.140000000000e+01,5.884633954214e-01
3.400000000000e+00,1.160000000000e+01,5.820160158698e-01
3.400000000000e+00,1.180000000000e+01,5.757142608440e-01
3.400000000000e+00,1.200000000000e+01,5.695525301605e-01
3.400000000000e+00,1.220000000000e+01,5.635255762267e-01
3.400000000000e+00,1.240000000000e+01,5.576284710975e-01
3.400000000000e+00,1.260000000000e+01,5.518565775003e-01
3.400000000000e+00,1.280000000000e+01,5.462055232722e-01
3.400000000000e+00,1.300000000000e+01,5.406711787357e-01
3.400000000000e+00,1.320000000000e+01,5.352496366157e-01
3.400000000000e+00,1.340000000000e+01,5.299371941579e-01
3.400000000000e+00,1.360000000000e+01,5.247303371626e-01
3.400000000000e+00,1.380000000000e+01,5.196257256861e-01
3.400000000000e+00,1.400000000000e+01,5.146201812019e-01
3.400000000000e+00,1.420000000000e+01,5.097106750393e-01
3.400000000000e+00,1.440000000000e+01,5.048943179463e-01
3.400000000000e+00,1.460000000000e+01,5.001683506415e-01
3.400000000000e+00,1.480000000000e+01,4.955301352410e-01
3.400000000000e+00,1.500000000000e+01,4.909771474591e-01
3.400000000000e+00,1.520000000000e+01,4.865069694969e-01
3.400000000000e+00,1.540000000000e+01,4.821172835418e-01
3.400000000000e+00,1.560000000000e+01,4.778058658138e-01
3.400000000000e+00,1.580000000000e+01,4.735705810986e-01
3.400000000000e+00,1.600000000000e+01,4.694093777191e-01
3.600000000000e+00,3.000000000000e+00,1.900427341978e+00
3.600000000000e+00,3.200000000000e+00,1.679947261365e+00
3.600000000000e+00,3.400000000000e+00,1.522748631586e+00
3.600000000000e+00,3.600000000000e+00,1.405684043878e+00
3.600000000000e+00,3.800000000000e+00,1.315292365858e+00
3.600000000000e+00,4.000000000000e+00,1.243338503039e+00
3.600000000000e+00,4.200000000000e+00,1.184531459638e+00
3.600000000000e+00,4.400000000000e+00,1.135358803940e+00
3.600000000000e+00,4.600000000000e+00,1.093500239649e+00
3.600000000000e+00,4.800000000000e+00,1.057273678866e+00
3.600000000000e+00,5.000000000000e+00,1.025466591384e+00
3.600000000000e+00,5.200000000000e+00,9.971862543618e-01
3.600000000000e+00,5.400000000000e+00,9.717630316700e-01
3.600000000000e+00,5.600000000000e+00,9.486862387444e-01
3.600000000000e+00,5.800000000000e+00,9.275606028249e-01
3.600000000000e+00,6.000000000000e+00,9.080760749600e-01
3.600000000000e+00,6.200000000000e+00,8.899864985373e-01
3.600000000000e+00,6.400000000000e+00,8.730942757819e-01
3.600000000000e+00,6.600000000000e+00,8.572391736015e-01
3.600000000000e+00,6.800000000000e+00,8.422900355519e-01
3.600000000000e+00,7.000000000000e+00,8.281222568097e-01
3.600000000000e+00,7.200000000000e+00,8.146518560448e-01
3.600000000000e+00,7.400000000000e+00,8.018151474673e-01
3.600000000000e+00,7.600000000000e+00,7.895480764885e-01
3.600000000000e+00,7.800000000000e+00,7.777961449456e-01
3.600000000000e+00,8.000000000000e+00,7.665126816223e-01
3.600000000000e+00,8.200000000000e+00,7.556574683158e-01
3.600000000000e+00,8.400000000000e+00,7.451956403936e-01
3.600000000000e+00,8.600000000000e+00,7.350968010083e-01
3.600000000000e+00,8.800000000000e+00,7.253343028963e-01
3.600000000000e+00,9.000000000000e+00,7.158846625621e-01
3.600000000000e+00,9.200000000000e+00,7.067270797457e-01
3.600000000000e+00,9.400000000000e+00,6.978430411423e-01
3.600000000000e+00,9.600000000000e+00,6.892159919455e-01
3.600000000000e+00,9.800000000000e+00,6.808310622907e-01
3.600000000000e+00,1.000000000000e+01,6.726748383722e-01
3.600000000000e+00,1.020000000000e+01,6.647351700928e-01
3.600000000000e+00,1.040000000000e+01,6.570010087306e-01
3.600000000000e+00,1.060000000000e+01,6.494622693785e-01
3.600000000000e+00,1.080000000000e+01,6.421097139173e-01
3.600000000000e+00,1.100000000000e+01,6.349348510777e-01
3.600000000000e+00,1.120000000000e+01,6.279298507800e-01
3.600000000000e+00,1.140000000000e+01,6.210874704479e-01
3.600000000000e+00,1.160000000000e+01,6.144009914012e-01
3.600000000000e+00,1.180000000000e+01,6.078641637602e-01
3.600000000000e+00,1.200000000000e+01,6.014711585653e-01
3.600000000000e+00,1.220000000000e+01,5.952165260293e-01
3.600000000000e+00,1.240000000000e+01,5.890951590223e-01
3.600000000000e+00,1.260000000000e+01,5.831022610322e-01
3.600000000000e+00,1.280000000000e+01,5.772333179666e-01
3.600000000000e+00,1.300000000000e+01,5.714840732605e-01
3.600000000000e+00,1.320000000000e+01,5.658505058373e-01
3.600000000000e+00,1.340000000000e+01,5.603288105393e-01
3.600000000000e+00,1.360000000000e+01,5.549153807015e-01
3.600000000000e+00,1.380000000000e+01,5.496067925914e-01
3.600000000000e+00,1.400000000000e+01,5.443997914752e-01
3.600000000000e+00,1.420000000000e+01,5.392912791086e-01
3.600000000000e+00,1.440000000000e+01,5.342783024759e-01
3.600000000000e+00,1.460000000000e+01,5.293580436272e-01
3.600000000000e+00,1.480000000000e+01,5.245278104832e-01
3.600000000000e+00,1.500000000000e+01,5.197850284947e-01
3.600000000000e+00,1.520000000000e+01,5.151272330607e-01
3.600000000000e+00,1.540000000000e+01,5.105520626169e-01
3.600000000000e+00,1.560000000000e+01,5.060572523247e-01
3.600000000000e+00,1.580000000000e+01,5.016406282920e-01
3.600000000000e+00,1.600000000000e+01,4.973001022727e-01
3.800000000000e+00,3.000000000000e+00,2.071202987350e+00
3.800000000000e+00,3.200000000000e+00,1.814066252997e+00
3.800000000000e+00,3.400000000000e+00,1.632889357007e+00
3.800000000000e+00,3.600000000000e+00,1.499388746990e+00
3.800000000000e+00,3.800000000000e+00,1.397283543454e+00
3.800000000000e+00,4.000000000000e+00,1.316704696051e+00
3.800000000000e+00,4.200000000000e+00,1.251367759823e+00
3.800000000000e+00,4.400000000000e+00,1.197132158611e+00
3.800000000000e+00,4.600000000000e+00,1.151269677458e+00
3.800000000000e+00,4.800000000000e+00,1.111820160614e+00
3.800000000000e+00,5.000000000000e+00,1.077377900013e+00
3.800000000000e+00,5.200000000000e+00,1.046912688086e+00
3.800000000000e+00,5.400000000000e+00,1.019654931946e+00
3.800000000000e+00,5.600000000000e+00,9.950198906993e-01
3.800000000000e+00,5.800000000000e+00,9.725564992183e-01
3.800000000000e+00,6.000000000000e+00,9.519120467162e-01
3.800000000000e+00,6.200000000000e+00,9.328073207194e-01
3.800000000000e+00,6.400000000000e+00,9.150188065978e-01
3.800000000000e+00,6.600000000000e+00,8.983657360874e-01
3.800000000000e+00,6.800000000000e+00,8.827005271741e-01
3.800000000000e+00,7.000000000000e+00,8.678847332876e-01
3.800000000000e+00,7.200000000000e+00,8.538238534462e-01
3.800000000000e+00,7.400000000000e+00,8.404457817153e-01
3.800000000000e+00,7.600000000000e+00,8.276791946475e-01
3.800000000000e+00,7.800000000000e+00,8.154635733454e-01
3.800000000000e+00,8.000000000000e+00,8.037472339073e-01
3.800000000000e+00,8.200000000000e+00,7.924857650480e-01
3.800000000000e+00,8.400000000000e+00,7.816407795169e-01
3.800000000000e+00,8.600000000000e+00,7.711789093852e-01
3.800000000000e+00,8.800000000000e+00,7.610709923427e-01
3.800000000000e+00,9.000000000000e+00,7.512914086951e-01
3.800000000000e+00,9.200000000000e+00,7.418175380719e-01
3.800000000000e+00,9.400000000000e+00,7.326293118353e-01
3.800000000000e+00,9.600000000000e+00,7.237088424575e-01
3.800000000000e+00,9.800000000000e+00,7.150401151472e-01
3.800000000000e+00,1.000000000000e+01,7.066087300927e-01
3.800000000000e+00,1.020000000000e+01,6.984016860674e-01
3.800000000000e+00,1.040000000000e+01,6.904071979969e-01
3.800000000000e+00,1.060000000000e+01,6.826145425390e-01
3.800000000000e+00,1.080000000000e+01,6.750139268670e-01
3.800000000000e+00,1.100000000000e+01,6.675963767524e-01
3.800000000000e+00,1.120000000000e+01,6.603536407627e-01
3.800000000000e+00,1.140000000000e+01,6.532781079671e-01
3.800000000000e+00,1.160000000000e+01,6.463627370016e-01
3.800000000000e+00,1.180000000000e+01,6.396009947258e-01
3.800000000000e+00,1.200000000000e+01,6.329868029992e-01
3.800000000000e+00,1.220000000000e+01,6.265144923592e-01
3.800000000000e+00,1.240000000000e+01,6.201787615781e-01
3.800000000000e+00,1.260000000000e+01,6.139746422484e-01
3.800000000000e+00,1.280000000000e+01,6.078974676770e-01
3.800000000000e+00,1.300000000000e+01,6.019428454858e-01
3.800000000000e+00,1.320000000000e+01,5.961066334063e-01
3.800000000000e+00,1.340000000000e+01,5.903849178375e-01
3.800000000000e+00,1.360000000000e+01,5.847739947971e-01
3.800000000000e+00,1.380000000000e+01,5.792703529545e-01
3.800000000000e+00,1.400000000000e+01,5.738706584760e-01
3.800000000000e+00,1.420000000000e+01,5.685717414552e-01
3.800000000000e+00,1.440000000000e+01,5.633705837286e-01
3.800000000000e+00,1.460000000000e+01,5.582643079103e-01
3.800000000000e+00,1.480000000000e+01,5.532501674962e-01
3.800000000000e+00,1.500000000000e+01,5.483255379144e-01
3.800000000000e+00,1.520000000000e+01,5.434879084099e-01
3.800000000000e+00,1.540000000000e+01,5.387348746693e-01
3.800000000000e+00,1.560000000000e+01,5.340641321030e-01
3.800000000000e+00,1.580000000000e+01,5.294734697119e-01
3.800000000000e+00,1.600000000000e+01,5.249607644762e-01
4.000000000000e+00,3.000000000000e+00,2.256601892308e+00
4.000000000000e+00,3.200000000000e+00,1.957583875044e+00
4.000000000000e+00,3.400000000000e+00,1.749295740008e+00
4.000000000000e+00,3.600000000000e+00,1.597380871537e+00
4.000000000000e+00,3.800000000000e+00,1.482257096018e+00
4.000000000000e+00,4.000000000000e+00,1.392159465113e+00
4.000000000000e+00,4.200000000000e+00,1.319660535817e+00
4.000000000000e+00,4.400000000000e+00,1.259902580904e+00
4.000000000000e+00,4.600000000000e+00,1.209694545495e+00
4.000000000000e+00,4.800000000000e+00,1.166763036390e+00
4.000000000000e+00,5.000000000000e+00,1.129486008354e+00
4.000000000000e+00,5.200000000000e+00,1.096680096787e+00
4.000000000000e+00,5.400000000000e+00,1.067464879993e+00
4.000000000000e+00,5.600000000000e+00,1.041173846071e+00
4.000000000000e+00,5.800000000000e+00,1.017294548695e+00
4.000000000000e+00,6.000000000000e+00,9.954274887652e-01
4.000000000000e+00,6.200000000000e+00,9.752572975012e-01
4.000000000000e+00,6.400000000000e+00,9.565321761615e-01
4.000000000000e+00,6.600000000000e+00,9.390489869800e-01
4.000000000000e+00,6.800000000000e+00,9.226422816019e-01
4.000000000000e+00,7.000000000000e+00,9.071586415574e-01
4.000000000000e+00,7.200000000000e+00,8.924921185885e-01
4.000000000000e+00,7.400000000000e+00,8.785614287960e-01
4.000000000000e+00,7.600000000000e+00,8.652873650614e-01
4.000000000000e+00,7.800000000000e+00,8.526028791384e-01
4.000000000000e+00,8.000000000000e+00,8.404508504611e-01
4.000000000000e+00,8.200000000000e+00,8.287823188129e-01
4.000000000000e+00,8.400000000000e+00,8.175550738305e-01
4.000000000000e+00,8.600000000000e+00,8.067325213734e-01
4.000000000000e+00,8.800000000000e+00,7.962827664293e-01
4.000000000000e+00,9.000000000000e+00,7.861778666349e-01
4.000000000000e+00,9.200000000000e+00,7.763932211661e-01
4.000000000000e+00,9.400000000000e+00,7.669070677342e-01
4.000000000000e+00,9.600000000000e+00,7.577000664435e-01
4.000000000000e+00,9.800000000000e+00,7.487549538404e-01
4.000000000000e+00,1.000000000000e+01,7.400562539926e-01
4.000000000000e+00,1.020000000000e+01,7.315900361384e-01
4.000000000000e+00,1.040000000000e+01,7.233437105515e-01
4.000000000000e+00,1.060000000000e+01,7.153058559054e-01
4.000000000000e+00,1.080000000000e+01,7.074660727173e-01
4.000000000000e+00,1.100000000000e+01,6.998148584715e-01
4.000000000000e+00,1.120000000000e+01,6.923435008357e-01
4.000000000000e+00,1.140000000000e+01,6.850439860351e-01
4.000000000000e+00,1.160000000000e+01,6.779089199684e-01
4.000000000000e+00,1.180000000000e+01,6.709314600748e-01
4.000000000000e+00,1.200000000000e+01,6.641052563003e-01
4.000000000000e+00,1.220000000000e+01,6.574243997906e-01
4.000000000000e+00,1.240000000000e+01,6.508833781645e-01
4.000000000000e+00,1.260000000000e+01,6.444770364104e-01
4.000000000000e+00,1.280000000000e+01,6.382005425993e-01
4.000000000000e+00,1.300000000000e+01,6.320493577358e-01
4.000000000000e+00,1.320000000000e+01,6.260192091756e-01
4.000000000000e+00,1.340000000000e+01,6.201060671215e-01
4.000000000000e+00,1.360000000000e+01,6.143061237873e-01
4.000000000000e+00,1.380000000000e+01,6.086157748773e-01
4.000000000000e+00,1.400000000000e+01,6.030316030808e-01
4.000000000000e+00,1.420000000000e+01,5.975503633261e-01
4.000000000000e+00,1.440000000000e+01,5.921689695720e-01
4.000000000000e+00,1.460000000000e+01,5.868844829474e-01
4.000000000000e+00,1.480000000000e+01,5.816941010760e-01
4.000000000000e+00,1.500000000000e+01,5.765951484438e-01
4.000000000000e+00,1.520000000000e+01,5.715850676883e-01
4.000000000000e+00,1.540000000000e+01,5.666614117013e-01
4.000000000000e+00,1.560000000000e+01,5.618218364544e-01
4.000000000000e+00,1.580000000000e+01,5.570640944658e-01
4.000000000000e+00,1.600000000000e+01,5.523860288385e-01
4.200000000000e+00,3.000000000000e+00,2.458216817569e+00
4.200000000000e+00,3.200000000000e+00,2.111463679851e+00
4.200000000000e+00,3.400000000000e+00,1.872588640311e+00
4.200000000000e+00,3.600000000000e+00,1.700084056776e+00
4.200000000000e+00,3.800000000000e+00,1.570517828403e+00
4.200000000000e+00,4.000000000000e+00,1.469933058800e+00
4.200000000000e+00,4.200000000000e+00,1.389591487745e+00
4.200000000000e+00,4.400000000000e+00,1.323819023567e+00
4.200000000000e+00,4.600000000000e+00,1.268900945323e+00
4.200000000000e+00,4.800000000000e+00,1.222211914944e+00
4.200000000000e+00,5.000000000000e+00,1.181888215473e+00
4.200000000000e+00,5.200000000000e+00,1.146576282233e+00
4.200000000000e+00,5.400000000000e+00,1.115273109990e+00
4.200000000000e+00,5.600000000000e+00,1.087222121838e+00
4.200000000000e+00,5.800000000000e+00,1.061843514797e+00
4.200000000000e+00,6.000000000000e+00,1.038686613160e+00
4.200000000000e+00,6.200000000000e+00,1.017396611771e+00
4.200000000000e+00,6.400000000000e+00,9.976909358673e-01
4.200000000000e+00,6.600000000000e+00,9.793421564266e-01
4.200000000000e+00,6.800000000000e+00,9.621654560556e-01
4.200000000000e+00,7.000000000000e+00,9.459912679065e-01
4.200000000000e+00,7.200000000000e+00,9.307012377294e-01
4.200000000000e+00,7.400000000000e+00,9.162041237620e-01
4.200000000000e+00,7.600000000000e+00,9.024122030439e-01
4.200000000000e+00,7.800000000000e+00,8.892513762931e-01
4.200000000000e+00,8.000000000000e+00,8.766586522678e-01
4.200000000000e+00,8.200000000000e+00,8.645801580956e-01
4.200000000000e+00,8.400000000000e+00,8.529695534666e-01
4.200000000000e+00,8.600000000000e+00,8.417867576531e-01
4.200000000000e+00,8.800000000000e+00,8.309969208213e-01
4.200000000000e+00,9.000000000000e+00,8.205695875641e-01
4.200000000000e+00,9.200000000000e+00,8.104780127596e-01
4.200000000000e+00,9.400000000000e+00,8.006985989424e-01
4.200000000000e+00,9.600000000000e+00,7.912104312119e-01
4.200000000000e+00,9.800000000000e+00,7.819948908897e-01
4.200000000000e+00,1.000000000000e+01,7.730353331094e-01
4.200000000000e+00,1.020000000000e+01,7.643168165753e-01
4.200000000000e+00,1.040000000000e+01,7.558258761037e-01
4.200000000000e+00,1.060000000000e+01,7.475503304078e-01
4.200000000000e+00,1.080000000000e+01,7.394791190467e-01
4.200000000000e+00,1.100000000000e+01,7.316021636049e-01
4.200000000000e+00,1.120000000000e+01,7.239102490862e-01
4.200000000000e+00,1.140000000000e+01,7.163949222331e-01
4.200000000000e+00,1.160000000000e+01,7.090484040703e-01
4.200000000000e+00,1.180000000000e+01,7.018635144423e-01
4.200000000000e+00,1.200000000000e+01,6.948336067001e-01
4.200000000000e+00,1.220000000000e+01,6.879525110008e-01
4.200000000000e+00,1.240000000000e+01,6.812144849399e-01
4.200000000000e+00,1.260000000000e+01,6.746141704467e-01
4.200000000000e+00,1.280000000000e+01,6.681465560400e-01
4.200000000000e+00,1.300000000000e+01,6.618069436889e-01
4.200000000000e+00,1.320000000000e+01,6.555909196382e-01
4.200000000000e+00,1.340000000000e+01,6.494943286552e-01
4.200000000000e+00,1.360000000000e+01,6.435132512381e-01
4.200000000000e+00,1.380000000000e+01,6.376439833946e-01
4.200000000000e+00,1.400000000000e+01,6.318830186543e-01
4.200000000000e+00,1.420000000000e+01,6.262270320294e-01
4.200000000000e+00,1.440000000000e+01,6.206728656774e-01
4.200000000000e+00,1.460000000000e+01,6.152175160540e-01
4.200000000000e+00,1.480000000000e+01,6.098581223749e-01
4.200000000000e+00,1.500000000000e+01,6.045919562275e-01
4.200000000000e+00,1.520000000000e+01,5.994164121982e-01
4.200000000000e+00,1.540000000000e+01,5.943289993943e-01
4.200000000000e+00,1.560000000000e+01,5.893273337610e-01
4.200000000000e+00,1.580000000000e+01,5.844091311003e-01
4.200000000000e+00,1.600000000000e+01,5.795722007176e-01
4.400000000000e+00,3.000000000000e+00,2.677771198433e+00
4.400000000000e+00,3.200000000000e+00,2.276734394474e+00
4.400000000000e+00,3.400000000000e+00,2.003422086843e+00
4.400000000000e+00,3.600000000000e+00,1.807938305457e+00
4.400000000000e+00,3.800000000000e+00,1.662377641912e+00
4.400000000000e+00,4.000000000000e+00,1.550257549891e+00
4.400000000000e+00,4.200000000000e+00,1.461341093292e+00
4.400000000000e+00,4.400000000000e+00,1.389027460512e+00
4.400000000000e+00,4.600000000000e+00,1.329011015918e+00
4.400000000000e+00,4.800000000000e+00,1.278271934190e+00
4.400000000000e+00,5.000000000000e+00,1.234677140443e+00
4.400000000000e+00,5.200000000000e+00,1.196684348133e+00
4.400000000000e+00,5.400000000000e+00,1.163155263030e+00
4.400000000000e+00,5.600000000000e+00,1.133234325876e+00
4.400000000000e+00,5.800000000000e+00,1.106267985812e+00
4.400000000000e+00,6.000000000000e+00,1.081749720665e+00
4.400000000000e+00,6.200000000000e+00,1.059281815652e+00
4.400000000000e+00,6.400000000000e+00,1.038548293977e+00
4.400000000000e+00,6.600000000000e+00,1.019295419549e+00
4.400000000000e+00,6.800000000000e+00,1.001317436655e+00
4.400000000000e+00,7.000000000000e+00,9.844274042275e-01
4.400000000000e+00,7.200000000000e+00,9.684935698988e-01
4.400000000000e+00,7.400000000000e+00,9.534139304178e-01
4.400000000000e+00,7.600000000000e+00,9.390915965313e-01
4.400000000000e+00,7.800000000000e+00,9.254448826543e-01
4.400000000000e+00,8.000000000000e+00,9.124044826242e-01
4.400000000000e+00,8.200000000000e+00,8.999112393452e-01
4.400000000000e+00,8.400000000000e+00,8.879143695881e-01
4.400000000000e+00,8.600000000000e+00,8.763700407425e-01
4.400000000000e+00,8.800000000000e+00,8.652402219826e-01
4.400000000000e+00,9.000000000000e+00,8.544917510521e-01
4.400000000000e+00,9.200000000000e+00,8.440955716991e-01
4.400000000000e+00,9.400000000000e+00,8.340261070833e-01
4.400000000000e+00,9.600000000000e+00,8.242607422167e-01
4.400000000000e+00,9.800000000000e+00,8.147793943531e-01
4.400000000000e+00,1.000000000000e+01,8.055641547184e-01
4.400000000000e+00,1.020000000000e+01,7.965989884152e-01
4.400000000000e+00,1.040000000000e+01,7.878694820004e-01
4.400000000000e+00,1.060000000000e+01,7.793626303138e-01
4.400000000000e+00,1.080000000000e+01,7.710666557678e-01
4.400000000000e+00,1.100000000000e+01,7.629708545956e-01
4.400000000000e+00,1.120000000000e+01,7.550654655784e-01
4.400000000000e+00,1.140000000000e+01,7.473415575868e-01
4.400000000000e+00,1.160000000000e+01,7.397909329277e-01
4.400000000000e+00,1.180000000000e+01,7.324060440144e-01
4.400000000000e+00,1.200000000000e+01,7.251799213044e-01
4.400000000000e+00,1.220000000000e+01,7.181061107987e-01
4.400000000000e+00,1.240000000000e+01,7.111786196767e-01
4.400000000000e+00,1.260000000000e+01,7.043918688769e-01
4.400000000000e+00,1.280000000000e+01,6.977406516225e-01
4.400000000000e+00,1.300000000000e+01,6.912200970491e-01
4.400000000000e+00,1.320000000000e+01,6.848256382247e-01
4.400000000000e+00,1.340000000000e+01,6.785529839584e-01
4.400000000000e+00,1.360000000000e+01,6.723980938864e-01
4.400000000000e+00,1.380000000000e+01,6.663571564003e-01
4.400000000000e+00,1.400000000000e+01,6.604265690454e-01
4.400000000000e+00,1.420000000000e+01,6.546029210706e-01
4.400000000000e+00,1.440000000000e+01,6.488829778570e-01
4.400000000000e+00,1.460000000000e+01,6.432636669911e-01
4.400000000000e+00,1.480000000000e+01,6.377420657787e-01
4.400000000000e+00,1.500000000000e+01,6.323153900273e-01
4.400000000000e+00,1.520000000000e+01,6.269809839428e-01
4.400000000000e+00,1.540000000000e+01,6.217363110122e-01
4.400000000000e+00,1.560000000000e+01,6.165789457564e-01
4.400000000000e+00,1.580000000000e+01,6.115065662548e-01
4.400000000000e+00,1.600000000000e+01,6.065169473544e-01
4.600000000000e+00,3.000000000000e+00,2.917132012124e+00
4.600000000000e+00,3.200000000000e+00,2.454496262528e+00
4.600000000000e+00,3.400000000000e+00,2.142486998558e+00
4.600000000000e+00,3.600000000000e+00,1.921402499910e+00
4.600000000000e+00,3.800000000000e+00,1.758157416957e+00
4.600000000000e+00,4.000000000000e+00,1.633368342223e+00
4.600000000000e+00,4.200000000000e+00,1.535089866249e+00
4.600000000000e+00,4.400000000000e+00,1.455671964961e+00
4.600000000000e+00,4.600000000000e+00,1.390143869987e+00
4.600000000000e+00,4.800000000000e+00,1.335044579019e+00
4.600000000000e+00,5.000000000000e+00,1.287941436827e+00
4.600000000000e+00,5.200000000000e+00,1.247083322035e+00
4.600000000000e+00,5.400000000000e+00,1.211182924729e+00
4.600000000000e+00,5.600000000000e+00,1.179276117223e+00
4.600000000000e+00,5.800000000000e+00,1.150628763786e+00
4.600000000000e+00,6.000000000000e+00,1.124673524149e+00
4.600000000000e+00,6.200000000000e+00,1.100966093528e+00
4.600000000000e+00,6.400000000000e+00,1.079154323232e+00
4.600000000000e+00,6.600000000000e+00,1.058956053347e+00
4.600000000000e+00,6.800000000000e+00,1.040142949057e+00
4.600000000000e+00,7.000000000000e+00,1.022509416555e+00
4.600000000000e+00,7.200000000000e+00,1.005909277249e+00
4.600000000000e+00,7.400000000000e+00,9.902289371643e-01
4.600000000000e+00,7.600000000000e+00,9.753616708405e-01
4.600000000000e+00,7.800000000000e+00,9.612176567799e-01
4.600000000000e+00,8.000000000000e+00,9.477208189753e-01
4.600000000000e+00,8.200000000000e+00,9.348063364878e-01
4.600000000000e+00,8.400000000000e+00,9.224186640329e-01
4.600000000000e+00,8.600000000000e+00,9.105099470117e-01
4.600000000000e+00,8.800000000000e+00,8.990387435968e-01
4.600000000000e+00,9.000000000000e+00,8.879689877326e-01
4.600000000000e+00,9.200000000000e+00,8.772691425549e-01
4.600000000000e+00,9.400000000000e+00,8.669115053532e-01
4.600000000000e+00,9.600000000000e+00,8.568716339221e-01
4.600000000000e+00,9.800000000000e+00,8.471278707325e-01
4.600000000000e+00,1.000000000000e+01,8.376609463842e-01
4.600000000000e+00,1.020000000000e+01,8.284536476546e-01
4.600000000000e+00,1.040000000000e+01,8.194905384492e-01
4.600000000000e+00,1.060000000000e+01,8.107577242799e-01
4.600000000000e+00,1.080000000000e+01,8.022426527215e-01
4.600000000000e+00,1.100000000000e+01,7.939339437345e-01
4.600000000000e+00,1.120000000000e+01,7.858212448776e-01
4.600000000000e+00,1.140000000000e+01,7.778951073462e-01
4.600000000000e+00,1.160000000000e+01,7.701468794996e-01
4.600000000000e+00,1.180000000000e+01,7.625686151236e-01
4.600000000000e+00,1.200000000000e+01,7.551529941539e-01
4.600000000000e+00,1.220000000000e+01,7.478932539670e-01
4.600000000000e+00,1.240000000000e+01,7.407831296633e-01
4.600000000000e+00,1.260000000000e+01,7.338168020222e-01
4.600000000000e+00,1.280000000000e+01,7.269888520233e-01
4.600000000000e+00,1.300000000000e+01,7.202942210005e-01
4.600000000000e+00,1.320000000000e+01,7.137281756444e-01
4.600000000000e+00,1.340000000000e+01,7.072862771832e-01
4.600000000000e+00,1.360000000000e+01,7.009643541803e-01
4.600000000000e+00,1.380000000000e+01,6.947584784634e-01
4.600000000000e+00,1.400000000000e+01,6.886649437760e-01
4.600000000000e+00,1.420000000000e+01,6.826802467992e-01
4.600000000000e+00,1.440000000000e+01,6.768010702406e-01
4.600000000000e+00,1.460000000000e+01,6.710242677329e-01
4.600000000000e+00,1.480000000000e+01,6.653468503172e-01
4.600000000000e+00,1.500000000000e+01,6.597659743181e-01
4.600000000000e+00,1.520000000000e+01,6.542789304449e-01
4.600000000000e+00,1.540000000000e+01,6.488831339712e-01
4.600000000000e+00,1.560000000000e+01,6.435761158710e-01
4.600000000000e+00,1.580000000000e+01,6.383555147979e-01
4.600000000000e+00,1.600000000000e+01,6.332190698148e-01
4.800000000000e+00,3.000000000000e+00,3.178323689360e+00
4.800000000000e+00,3.200000000000e+00,2.645927586855e+00
4.800000000000e+00,3.400000000000e+00,2.290514836729e+00
4.800000000000e+00,3.600000000000e+00,2.040956773378e+00
4.800000000000e+00,3.800000000000e+00,1.858188737752e+00
4.800000000000e+00,4.000000000000e+00,1.719505527015e+00
4.800000000000e+00,4.200000000000e+00,1.611019479078e+00
4.800000000000e+00,4.400000000000e+00,1.523895668515e+00
4.800000000000e+00,4.600000000000e+00,1.452416428671e+00
4.800000000000e+00,4.800000000000e+00,1.392628414624e+00
4.800000000000e+00,5.000000000000e+00,1.341766439024e+00
4.800000000000e+00,5.200000000000e+00,1.297848724388e+00
4.800000000000e+00,5.400000000000e+00,1.259424124137e+00
4.800000000000e+00,5.600000000000e+00,1.225409640495e+00
4.800000000000e+00,5.800000000000e+00,1.194983239336e+00
4.800000000000e+00,6.000000000000e+00,1.167511468155e+00
4.800000000000e+00,6.200000000000e+00,1.142499530449e+00
4.800000000000e+00,6.400000000000e+00,1.119556181963e+00
4.800000000000e+00,6.600000000000e+00,1.098368614176e+00
4.800000000000e+00,6.800000000000e+00,1.078684195807e+00
4.800000000000e+00,7.000000000000e+00,1.060277345606e+00
4.800000000000e+00,7.200000000000e+00,1.042986391934e+00
4.800000000000e+00,7.400000000000e+00,1.026685293203e+00
4.800000000000e+00,7.600000000000e+00,1.011256797010e+00
4.800000000000e+00,7.800000000000e+00,9.966023810427e-01
4.800000000000e+00,8.000000000000e+00,9.826387332189e-01
4.800000000000e+00,8.200000000000e+00,9.692949807007e-01
4.800000000000e+00,8.400000000000e+00,9.565104906483e-01
4.800000000000e+00,8.600000000000e+00,9.442331115021e-01
4.800000000000e+00,8.800000000000e+00,9.324177566372e-01
4.800000000000e+00,9.000000000000e+00,9.210252562397e-01
4.800000000000e+00,9.200000000000e+00,9.100214208985e-01
4.800000000000e+00,9.400000000000e+00,8.993762734829e-01
4.800000000000e+00,9.600000000000e+00,8.890634156667e-01
4.800000000000e+00,9.800000000000e+00,8.790595028494e-01
4.800000000000e+00,1.000000000000e+01,8.693438068500e-01
4.800000000000e+00,1.020000000000e+01,8.598978500583e-01
4.800000000000e+00,1.040000000000e+01,8.507050980642e-01
4.800000000000e+00,1.060000000000e+01,8.417507003717e-01
4.800000000000e+00,1.080000000000e+01,8.330212708358e-01
4.800000000000e+00,1.100000000000e+01,8.245047010546e-01
4.800000000000e+00,1.120000000000e+01,8.161900012160e-01
4.800000000000e+00,1.140000000000e+01,8.080671639057e-01
4.800000000000e+00,1.160000000000e+01,8.001270471886e-01
4.800000000000e+00,1.180000000000e+01,7.923612739263e-01
4.800000000000e+00,1.200000000000e+01,7.847621448188e-01
4.800000000000e+00,1.220000000000e+01,7.773225630827e-01
4.800000000000e+00,1.240000000000e+01,7.700359690272e-01
4.800000000000e+00,1.260000000000e+01,7.628962830751e-01
4.800000000000e+00,1.280000000000e+01,7.558978560069e-01
4.800000000000e+00,1.300000000000e+01,7.490354254023e-01
4.800000000000e+00,1.320000000000e+01,7.423040774117e-01
4.800000000000e+00,1.340000000000e+01,7.356992131242e-01
4.800000000000e+00,1.360000000000e+01,7.292165189083e-01
4.800000000000e+00,1.380000000000e+01,7.228519401950e-01
4.800000000000e+00,1.400000000000e+01,7.166016582506e-01
4.800000000000e+00,1.420000000000e+01,7.104620695521e-01
4.800000000000e+00,1.440000000000e+01,7.044297674317e-01
4.800000000000e+00,1.460000000000e+01,6.985015257068e-01
4.800000000000e+00,1.480000000000e+01,6.926742840469e-01
4.800000000000e+00,1.500000000000e+01,6.869451348678e-01
4.800000000000e+00,1.520000000000e+01,6.813113115660e-01
4.800000000000e+00,1.540000000000e+01,6.757701779373e-01
4.800000000000e+00,1.560000000000e+01,6.703192186382e-01
4.800000000000e+00,1.580000000000e+01,6.649560305716e-01
4.800000000000e+00,1.600000000000e+01,6.596783150907e-01
5.000000000000e+00,3.000000000000e+00,3.463543283525e+00
5.000000000000e+00,3.200000000000e+00,2.852291587694e+00
5.000000000000e+00,3.400000000000e+00,2.448281255510e+00
5.000000000000e+00,3.600000000000e+00,2.167104781270e+00
5.000000000000e+00,3.800000000000e+00,1.962815492427e+00
5.000000000000e+00,4.000000000000e+00,1.808915114930e+00
5.000000000000e+00,4.200000000000e+00,1.689313770059e+00
5.000000000000e+00,4.400000000000e+00,1.593841616797e+00
5.000000000000e+00,4.600000000000e+00,1.515944165817e+00
5.000000000000e+00,4.800000000000e+00,1.451119742530e+00
5.000000000000e+00,5.000000000000e+00,1.396234744095e+00
5.000000000000e+00,5.200000000000e+00,1.349053085265e+00
5.000000000000e+00,5.400000000000e+00,1.307943791691e+00
5.000000000000e+00,5.600000000000e+00,1.271693929907e+00
5.000000000000e+00,5.800000000000e+00,1.239385745679e+00
5.000000000000e+00,6.000000000000e+00,1.210314036434e+00
5.000000000000e+00,6.200000000000e+00,1.183929376354e+00
5.000000000000e+00,6.400000000000e+00,1.159798338001e+00
5.000000000000e+00,6.600000000000e+00,1.137575124223e+00
5.000000000000e+00,6.800000000000e+00,1.116981008139e+00
5.000000000000e+00,7.000000000000e+00,1.097769026526e+00
5.000000000000e+00,7.200000000000e+00,1.079760906320e+00
5.000000000000e+00,7.400000000000e+00,1.062817271638e+00
5.000000000000e+00,7.600000000000e+00,1.046809630079e+00
5.000000000000e+00,7.800000000000e+00,1.031630177257e+00
5.000000000000e+00,8.000000000000e+00,1.017187886714e+00
5.000000000000e+00,8.200000000000e+00,1.003405436703e+00
5.000000000000e+00,8.400000000000e+00,9.902167746356e-01
5.000000000000e+00,8.600000000000e+00,9.775651719704e-01
5.000000000000e+00,8.800000000000e+00,9.654016596317e-01
5.000000000000e+00,9.000000000000e+00,9.536837610956e-01
5.000000000000e+00,9.200000000000e+00,9.423744601028e-01
5.000000000000e+00,9.400000000000e+00,9.314413546333e-01
5.000000000000e+00,9.600000000000e+00,9.208559597384e-01
5.000000000000e+00,9.800000000000e+00,9.105931300857e-01
5.000000000000e+00,1.000000000000e+01,9.006305793457e-01
5.000000000000e+00,1.020000000000e+01,8.909484783545e-01
5.000000000000e+00,1.040000000000e+01,8.815291176936e-01
5.000000000000e+00,1.060000000000e+01,8.723566232008e-01
5.000000000000e+00,1.080000000000e+01,8.634167151827e-01
5.000000000000e+00,1.100000000000e+01,8.546965038623e-01
5.000000000000e+00,1.120000000000e+01,8.461843150003e-01
5.000000000000e+00,1.140000000000e+01,8.378695407388e-01
5.000000000000e+00,1.160000000000e+01,8.297425116112e-01
5.000000000000e+00,1.180000000000e+01,8.217943863747e-01
5.000000000000e+00,1.200000000000e+01,8.140170569041e-01
5.000000000000e+00,1.220000000000e+01,8.064030658519e-01
5.000000000000e+00,1.240000000000e+01,7.989455351663e-01
5.000000000000e+00,1.260000000000e+01,7.916381038675e-01
5.000000000000e+00,1.280000000000e+01,7.844748737459e-01
5.000000000000e+00,1.300000000000e+01,7.774503618511e-01
5.000000000000e+00,1.320000000000e+01,7.705594588243e-01
5.000000000000e+00,1.340000000000e+01,7.637973922650e-01
5.000000000000e+00,1.360000000000e+01,7.571596944506e-01
5.000000000000e+00,1.380000000000e+01,7.506421738265e-01
5.000000000000e+00,1.400000000000e+01,7.442408897690e-01
5.000000000000e+00,1.420000000000e+01,7.379521301968e-01
5.000000000000e+00,1.440000000000e+01,7.317723916672e-01
5.000000000000e+00,1.460000000000e+01,7.256983616426e-01
5.000000000000e+00,1.480000000000e+01,7.197269026578e-01
5.000000000000e+00,1.500000000000e+01,7.138550381560e-01
5.000000000000e+00,1.520000000000e+01,7.080799397906e-01
5.000000000000e+00,1.540000000000e+01,7.023989160183e-01
5.000000000000e+00,1.560000000000e+01,6.968094018332e-01
5.000000000000e+00,1.580000000000e+01,6.913089495070e-01
5.000000000000e+00,1.600000000000e+01,6.858952202230e-01
5.200000000000e+00,3.000000000000e+00,3.775177095823e+00
5.200000000000e+00,3.200000000000e+00,3.074943683223e+00
5.200000000000e+00,3.400000000000e+00,2.616609811838e+00
5.200000000000e+00,3.600000000000e+00,2.300375911711e+00
5.200000000000e+00,3.800000000000e+00,2.072395377494e+00
5.200000000000e+00,4.000000000000e+00,1.901850166660e+00
5.200000000000e+00,4.200000000000e+00,1.770159653381e+00
5.200000000000e+00,4.400000000000e+00,1.665653536183e+00
5.200000000000e+00,4.600000000000e+00,1.580841772903e+00
5.200000000000e+00,4.800000000000e+00,1.510613187262e+00
5.200000000000e+00,5.000000000000e+00,1.451426734181e+00
5.200000000000e+00,5.200000000000e+00,1.400766411309e+00
5.200000000000e+00,5.400000000000e+00,1.356804176568e+00
5.200000000000e+00,5.600000000000e+00,1.318185281269e+00
5.200000000000e+00,5.800000000000e+00,1.283887888619e+00
5.200000000000e+00,6.000000000000e+00,1.253129042726e+00
5.200000000000e+00,6.200000000000e+00,1.225300300184e+00
5.200000000000e+00,6.400000000000e+00,1.199922788475e+00
5.200000000000e+00,6.600000000000e+00,1.176615259240e+00
5.200000000000e+00,6.800000000000e+00,1.155071003804e+00
5.200000000000e+00,7.000000000000e+00,1.135020218898e+00
5.200000000000e+00,7.200000000000e+00,1.116266877185e+00
5.200000000000e+00,7.400000000000e+00,1.098657349803e+00
5.200000000000e+00,7.600000000000e+00,1.082051167422e+00
5.200000000000e+00,7.800000000000e+00,1.066330644788e+00
5.200000000000e+00,8.000000000000e+00,1.051396549849e+00
5.200000000000e+00,8.200000000000e+00,1.037164705376e+00
5.200000000000e+00,8.400000000000e+00,1.023563299719e+00
5.200000000000e+00,8.600000000000e+00,1.010530742001e+00
5.200000000000e+00,8.800000000000e+00,9.980139390214e-01
5.200000000000e+00,9.000000000000e+00,9.859669015280e-01
5.200000000000e+00,9.200000000000e+00,9.743496097389e-01
5.200000000000e+00,9.400000000000e+00,9.631270844076e-01
5.200000000000e+00,9.600000000000e+00,9.522686219560e-01
5.200000000000e+00,9.800000000000e+00,9.417471614128e-01
5.200000000000e+00,1.000000000000e+01,9.315387578687e-01
5.200000000000e+00,1.020000000000e+01,9.216221425048e-01
5.200000000000e+00,1.040000000000e+01,9.119783533518e-01
5.200000000000e+00,1.060000000000e+01,9.025904241324e-01
5.200000000000e+00,1.080000000000e+01,8.934431210233e-01
5.200000000000e+00,1.100000000000e+01,8.845227191304e-01
5.200000000000e+00,1.120000000000e+01,8.758168120139e-01
5.200000000000e+00,1.140000000000e+01,8.673141488312e-01
5.200000000000e+00,1.160000000000e+01,8.590044946432e-01
5.200000000000e+00,1.180000000000e+01,8.508785102209e-01
5.200000000000e+00,1.200000000000e+01,8.429276483242e-01
5.200000000000e+00,1.220000000000e+01,8.351440639399e-01
5.200000000000e+00,1.240000000000e+01,8.275205363885e-01
5.200000000000e+00,1.260000000000e+01,8.200504015507e-01
5.200000000000e+00,1.280000000000e+01,8.127274927481e-01
5.200000000000e+00,1.300000000000e+01,8.055460890449e-01
5.200000000000e+00,1.320000000000e+01,7.985008699304e-01
5.200000000000e+00,1.340000000000e+01,7.915868755008e-01
5.200000000000e+00,1.360000000000e+01,7.847994713934e-01
5.200000000000e+00,1.380000000000e+01,7.781343178374e-01
5.200000000000e+00,1.400000000000e+01,7.715873422766e-01
5.200000000000e+00,1.420000000000e+01,7.651547151023e-01
5.200000000000e+00,1.440000000000e+01,7.588328280950e-01
5.200000000000e+00,1.460000000000e+01,7.526182752359e-01
5.200000000000e+00,1.480000000000e+01,7.465078355897e-01
5.200000000000e+00,1.500000000000e+01,7.404984580077e-01
5.200000000000e+00,1.520000000000e+01,7.345872474281e-01
5.200000000000e+00,1.540000000000e+01,7.287714525838e-01
5.200000000000e+00,1.560000000000e+01,7.230484549522e-01
5.200000000000e+00,1.580000000000e+01,7.174157588011e-01
5.200000000000e+00,1.600000000000e+01,7.118709822069e-01
5.400000000000e+00,3.000000000000e+00,4.115818942348e+00
5.400000000000e+00,3.200000000000e+00,3.315339292104e+00
5.400000000000e+00,3.400000000000e+00,2.796375791107e+00
5.400000000000e+00,3.600000000000e+00,2.441327470643e+00
5.400000000000e+00,3.800000000000e+00,2.187301331746e+00
5.400000000000e+00,4.000000000000e+00,1.998571841706e+00
5.400000000000e+00,4.200000000000e+00,1.853747948154e+00
5.400000000000e+00,4.400000000000e+00,1.739476524644e+00
5.400000000000e+00,4.600000000000e+00,1.647223754968e+00
5.400000000000e+00,4.800000000000e+00,1.571202221575e+00
5.400000000000e+00,5.000000000000e+00,1.507421045209e+00
5.400000000000e+00,5.200000000000e+00,1.453056606587e+00
5.400000000000e+00,5.400000000000e+00,1.406065225298e+00
5.400000000000e+00,5.600000000000e+00,1.364937592232e+00
5.400000000000e+00,5.800000000000e+00,1.328538851314e+00
5.400000000000e+00,6.000000000000e+00,1.296001902411e+00
5.400000000000e+00,6.200000000000e+00,1.266654630445e+00
5.400000000000e+00,6.400000000000e+00,1.239969271170e+00
5.400000000000e+00,6.600000000000e+00,1.215526532465e+00
5.400000000000e+00,6.800000000000e+00,1.192989745255e+00
5.400000000000e+00,7.000000000000e+00,1.172064740821e+00
5.400000000000e+00,7.200000000000e+00,1.152536537288e+00
5.400000000000e+00,7.400000000000e+00,1.134236299899e+00
5.400000000000e+00,7.600000000000e+00,1.117010819947e+00
5.400000000000e+00,7.800000000000e+00,1.100731913775e+00
5.400000000000e+00,8.000000000000e+00,1.085291638684e+00
5.400000000000e+00,8.200000000000e+00,1.070598545140e+00
5.400000000000e+00,8.400000000000e+00,1.056574715507e+00
5.400000000000e+00,8.600000000000e+00,1.043153405541e+00
5.400000000000e+00,8.800000000000e+00,1.030277151980e+00
5.400000000000e+00,9.000000000000e+00,1.017896243612e+00
5.400000000000e+00,9.200000000000e+00,1.005967478012e+00
5.400000000000e+00,9.400000000000e+00,9.944531444833e-01
5.400000000000e+00,9.600000000000e+00,9.833201873340e-01
5.400000000000e+00,9.800000000000e+00,9.725395138632e-01
5.400000000000e+00,1.000000000000e+01,9.620854191786e-01
5.400000000000e+00,1.020000000000e+01,9.519351058790e-01
5.400000000000e+00,1.040000000000e+01,9.420682811807e-01
5.400000000000e+00,1.060000000000e+01,9.324668175893e-01
5.400000000000e+00,1.080000000000e+01,9.231144659631e-01
5.400000000000e+00,1.100000000000e+01,9.139966119689e-01
5.400000000000e+00,1.120000000000e+01,9.051000686314e-01
5.400000000000e+00,1.140000000000e+01,8.964128990271e-01
5.400000000000e+00,1.160000000000e+01,8.879242642520e-01
5.400000000000e+00,1.180000000000e+01,8.796242926578e-01
5.400000000000e+00,1.200000000000e+01,8.715039670465e-01
5.400000000000e+00,1.220000000000e+01,8.635550270823e-01
5.400000000000e+00,1.240000000000e+01,8.557698846348e-01
5.400000000000e+00,1.260000000000e+01,8.481415501492e-01
5.400000000000e+00,1.280000000000e+01,8.406635684420e-01
5.400000000000e+00,1.300000000000e+01,8.333299625786e-01
5.400000000000e+00,1.320000000000e+01,8.261351846990e-01
5.400000000000e+00,1.340000000000e+01,8.190740728311e-01
5.400000000000e+00,1.360000000000e+01,8.121418128767e-01
5.400000000000e+00,1.380000000000e+01,8.053339050779e-01
5.400000000000e+00,1.400000000000e+01,7.986461343716e-01
5.400000000000e+00,1.420000000000e+01,7.920745441270e-01
5.400000000000e+00,1.440000000000e+01,7.856154128314e-01
5.400000000000e+00,1.460000000000e+01,7.792652333527e-01
5.400000000000e+00,1.480000000000e+01,7.730206944557e-01
5.400000000000e+00,1.500000000000e+01,7.668786642969e-01
5.400000000000e+00,1.520000000000e+01,7.608361756556e-01
5.400000000000e+00,1.540000000000e+01,7.548904126959e-01
5.400000000000e+00,1.560000000000e+01,7.490386990766e-01
5.400000000000e+00,1.580000000000e+01,7.432784872537e-01
5.400000000000e+00,1.600000000000e+01,7.376073488366e-01
5.600000000000e+00,3.000000000000e+00,inf
5.600000000000e+00,3.200000000000e+00,3.575042250959e+00
5.600000000000e+00,3.400000000000e+00,2.988510201127e+00
5.600000000000e+00,3.600000000000e+00,2.590546873380e+00
5.600000000000e+00,3.800000000000e+00,2.307922921624e+00
5.600000000000e+00,4.000000000000e+00,2.099350382340e+00
5.600000000000e+00,4.200000000000e+00,1.940274140238e+00
5.600000000000e+00,4.400000000000e+00,1.815457678179e+00
5.600000000000e+00,4.600000000000e+00,1.715204966965e+00
5.600000000000e+00,4.800000000000e+00,1.632979637764e+00
5.600000000000e+00,5.000000000000e+00,1.564294987632e+00
5.600000000000e+00,5.200000000000e+00,1.505989851479e+00
5.600000000000e+00,5.400000000000e+00,1.455784924288e+00
5.600000000000e+00,5.600000000000e+00,1.412002672107e+00
5.600000000000e+00,5.800000000000e+00,1.373385674003e+00
5.600000000000e+00,6.000000000000e+00,1.338975884151e+00
5.600000000000e+00,6.200000000000e+00,1.308032580467e+00
5.600000000000e+00,6.400000000000e+00,1.279975464898e+00
5.600000000000e+00,6.600000000000e+00,1.254344471492e+00
5.600000000000e+00,6.800000000000e+00,1.230770894377e+00
5.600000000000e+00,7.000000000000e+00,1.208934602794e+00
5.600000000000e+00,7.200000000000e+00,1.188600409681e+00
5.600000000000e+00,7.400000000000e+00,1.169583284972e+00
5.600000000000e+00,7.600000000000e+00,1.151716490972e+00
5.600000000000e+00,7.800000000000e+00,1.134860708078e+00
5.600000000000e+00,8.000000000000e+00,1.118898763106e+00
5.600000000000e+00,8.200000000000e+00,1.103731506423e+00
5.600000000000e+00,8.400000000000e+00,1.089274559325e+00
5.600000000000e+00,8.600000000000e+00,1.075455727083e+00
5.600000000000e+00,8.800000000000e+00,1.062212925894e+00
5.600000000000e+00,9.000000000000e+00,1.049492509937e+00
5.600000000000e+00,9.200000000000e+00,1.037247912449e+00
5.600000000000e+00,9.400000000000e+00,1.025438535104e+00
5.600000000000e+00,9.600000000000e+00,1.014028835109e+00
5.600000000000e+00,9.800000000000e+00,1.002987570774e+00
5.600000000000e+00,1.000000000000e+01,9.922871748870e-01
5.600000000000e+00,1.020000000000e+01,9.819032317785e-01
5.600000000000e+00,1.040000000000e+01,9.718140389471e-01
5.600000000000e+00,1.060000000000e+01,9.620002380231e-01
5.600000000000e+00,1.080000000000e+01,9.524445028568e-01
5.600000000000e+00,1.100000000000e+01,9.431312748889e-01
5.600000000000e+00,1.120000000000e+01,9.340465378288e-01
5.600000000000e+00,1.140000000000e+01,9.251776251427e-01
5.600000000000e+00,1.160000000000e+01,9.165130550409e-01
5.600000000000e+00,1.180000000000e+01,9.080423885930e-01
5.600000000000e+00,1.200000000000e+01,8.997561073690e-01
5.600000000000e+00,1.220000000000e+01,8.916455076169e-01
5.600000000000e+00,1.240000000000e+01,8.837026084922e-01
5.600000000000e+00,1.260000000000e+01,8.759200722636e-01
5.600000000000e+00,1.280000000000e+01,8.682911347572e-01
5.600000000000e+00,1.300000000000e+01,8.608095445752e-01
5.600000000000e+00,1.320000000000e+01,8.534695098582e-01
5.600000000000e+00,1.340000000000e+01,8.462656515474e-01
5.600000000000e+00,1.360000000000e+01,8.391929622608e-01
5.600000000000e+00,1.380000000000e+01,8.322467700322e-01
5.600000000000e+00,1.400000000000e+01,8.254227062692e-01
5.600000000000e+00,1.420000000000e+01,8.187166773815e-01
5.600000000000e+00,1.440000000000e+01,8.121248396084e-01
5.600000000000e+00,1.460000000000e+01,8.056435766407e-01
5.600000000000e+00,1.480000000000e+01,7.992694796882e-01
5.600000000000e+00,1.500000000000e+01,7.929993296915e-01
5.600000000000e+00,1.520000000000e+01,7.868300814180e-01
5.600000000000e+00,1.540000000000e+01,7.807588492167e-01
5.600000000000e+00,1.560000000000e+01,7.747828942343e-01
5.600000000000e+00,1.580000000000e+01,7.688996129239e-01
5.600000000000e+00,1.600000000000e+01,7.631065266951e-01
5.800000000000e+00,3.000000000000e+00,inf
5.800000000000e+00,3.200000000000e+00,3.855733933609e+00
5.800000000000e+00,3.400000000000e+00,3.194003983435e+00
5.800000000000e+00,3.600000000000e+00,2.748653871968e+00
5.800000000000e+00,3.800000000000e+00,2.434667697601e+00
5.800000000000e+00,4.000000000000e+00,2.204466047469e+00
5.800000000000e+00,4.200000000000e+00,2.029939088847e+00
5.800000000000e+00,4.400000000000e+00,1.893746662878e+00
5.800000000000e+00,4.600000000000e+00,1.784901098909e+00
5.800000000000e+00,4.800000000000e+00,1.696037971923e+00
5.800000000000e+00,5.000000000000e+00,1.622124924694e+00
5.800000000000e+00,5.200000000000e+00,1.559630943808e+00
5.800000000000e+00,5.400000000000e+00,1.506019609282e+00
5.800000000000e+00,5.600000000000e+00,1.459430523194e+00
5.800000000000e+00,5.800000000000e+00,1.418473509640e+00
5.800000000000e+00,6.000000000000e+00,1.382092341629e+00
5.800000000000e+00,6.200000000000e+00,1.349472457674e+00
5.800000000000e+00,6.400000000000e+00,1.319977177525e+00
5.800000000000e+00,6.600000000000e+00,1.293102786210e+00
5.800000000000e+00,6.800000000000e+00,1.268446361380e+00
5.800000000000e+00,7.000000000000e+00,1.245660138584e+00
5.800000000000e+00,7.200000000000e+00,1.224487421560e+00
5.800000000000e+00,7.400000000000e+00,1.204725956748e+00
5.800000000000e+00,7.600000000000e+00,1.186194659020e+00
5.800000000000e+00,7.800000000000e+00,1.168742414003e+00
5.800000000000e+00,8.000000000000e+00,1.152242282411e+00
5.800000000000e+00,8.200000000000e+00,1.136586975003e+00
5.800000000000e+00,8.400000000000e+00,1.121685288187e+00
5.800000000000e+00,8.600000000000e+00,1.107459273112e+00
5.800000000000e+00,8.800000000000e+00,1.093841970074e+00
5.800000000000e+00,9.000000000000e+00,1.080775582342e+00
5.800000000000e+00,9.200000000000e+00,1.068209994376e+00
5.800000000000e+00,9.400000000000e+00,1.056101561976e+00
5.800000000000e+00,9.600000000000e+00,1.044412118694e+00
5.800000000000e+00,9.800000000000e+00,1.033108155387e+00
5.800000000000e+00,1.000000000000e+01,1.022160139262e+00
5.800000000000e+00,1.020000000000e+01,1.011541945963e+00
5.800000000000e+00,1.040000000000e+01,1.001230383774e+00
5.800000000000e+00,1.060000000000e+01,9.912047932978e-01
5.800000000000e+00,1.080000000000e+01,9.814467092584e-01
5.800000000000e+00,1.100000000000e+01,9.719395737012e-01
5.800000000000e+00,1.120000000000e+01,9.626684918847e-01
5.800000000000e+00,1.140000000000e+01,9.536200237968e-01
5.800000000000e+00,1.160000000000e+01,9.447820055077e-01
5.800000000000e+00,1.180000000000e+01,9.361433956124e-01
5.800000000000e+00,1.200000000000e+01,9.276941428409e-01
5.800000000000e+00,1.220000000000e+01,9.194250715947e-01
5.800000000000e+00,1.240000000000e+01,9.113277827077e-01
5.800000000000e+00,1.260000000000e+01,9.033945671825e-01
5.800000000000e+00,1.280000000000e+01,8.956183310141e-01
5.800000000000e+00,1.300000000000e+01,8.879925295162e-01
5.800000000000e+00,1.320000000000e+01,8.805111098150e-01
5.800000000000e+00,1.340000000000e+01,8.731684603778e-01
5.800000000000e+00,1.360000000000e+01,8.659593666201e-01
5.800000000000e+00,1.380000000000e+01,8.588789717741e-01
5.800000000000e+00,1.400000000000e+01,8.519227423233e-01
5.800000000000e+00,1.420000000000e+01,8.450864374091e-01
5.800000000000e+00,1.440000000000e+01,8.383660816986e-01
5.800000000000e+00,1.460000000000e+01,8.317579412753e-01
5.800000000000e+00,1.480000000000e+01,8.252585021753e-01
5.800000000000e+00,1.500000000000e+01,8.188644512444e-01
5.800000000000e+00,1.520000000000e+01,8.125726590316e-01
5.800000000000e+00,1.540000000000e+01,8.063801644767e-01
5.800000000000e+00,1.560000000000e+01,8.002841611793e-01
5.800000000000e+00,1.580000000000e+01,7.942819850635e-01
5.800000000000e+00,1.600000000000e+01,7.883711032786e-01
6.000000000000e+00,3.000000000000e+00,inf
6.000000000000e+00,3.200000000000e+00,4.159223153752e+00
6.000000000000e+00,3.400000000000e+00,3.413912487886e+00
6.000000000000e+00,3.600000000000e+00,2.916302845489e+00
6.000000000000e+00,3.800000000000e+00,2.567962539173e+00
6.000000000000e+00,4.000000000000e+00,2.314210009281e+00
6.000000000000e+00,4.200000000000e+00,2.122949688292e+00
6.000000000000e+00,4.400000000000e+00,1.974496241291e+00
6.000000000000e+00,4.600000000000e+00,1.856429117195e+00
6.000000000000e+00,4.800000000000e+00,1.760469887356e+00
6.000000000000e+00,5.000000000000e+00,1.680986613319e+00
6.000000000000e+00,5.200000000000e+00,1.614043606271e+00
6.000000000000e+00,5.400000000000e+00,1.556824244875e+00
6.000000000000e+00,5.600000000000e+00,1.507269595871e+00
6.000000000000e+00,5.800000000000e+00,1.463845856881e+00
6.000000000000e+00,6.000000000000e+00,1.425390926080e+00
6.000000000000e+00,6.200000000000e+00,1.391010856918e+00
6.000000000000e+00,6.400000000000e+00,1.360008521162e+00
6.000000000000e+00,6.600000000000e+00,1.331833526737e+00
6.000000000000e+00,6.800000000000e+00,1.306046446347e+00
6.000000000000e+00,7.000000000000e+00,1.282270131209e+00
6.000000000000e+00,7.200000000000e+00,1.260225015466e+00
6.000000000000e+00,7.400000000000e+00,1.239690552859e+00
6.000000000000e+00,7.600000000000e+00,1.220470461858e+00
6.000000000000e+00,7.800000000000e+00,1.202401151918e+00
6.000000000000e+00,8.000000000000e+00,1.185345365272e+00
6.000000000000e+00,8.200000000000e+00,1.169187221067e+00
6.000000000000e+00,8.400000000000e+00,1.153828317668e+00
6.000000000000e+00,8.600000000000e+00,1.139184641485e+00
6.000000000000e+00,8.800000000000e+00,1.125184096318e+00
6.000000000000e+00,9.000000000000e+00,1.111764514307e+00
6.000000000000e+00,9.200000000000e+00,1.098872043753e+00
6.000000000000e+00,9.400000000000e+00,1.086459834122e+00
6.000000000000e+00,9.600000000000e+00,1.074486957092e+00
6.000000000000e+00,9.800000000000e+00,1.062917516354e+00
6.000000000000e+00,1.000000000000e+01,1.051719909314e+00
6.000000000000e+00,1.020000000000e+01,1.040866211770e+00
6.000000000000e+00,1.040000000000e+01,1.030331662722e+00
6.000000000000e+00,1.060000000000e+01,1.020094231128e+00
6.000000000000e+00,1.080000000000e+01,1.010134250089e+00
6.000000000000e+00,1.100000000000e+01,1.000434106759e+00
6.000000000000e+00,1.120000000000e+01,9.909779785190e-01
6.000000000000e+00,1.140000000000e+01,9.817516077392e-01
6.000000000000e+00,1.160000000000e+01,9.727421088394e-01
6.000000000000e+00,1.180000000000e+01,9.639378024926e-01
6.000000000000e+00,1.200000000000e+01,9.553280727280e-01
6.000000000000e+00,1.220000000000e+01,9.469032434118e-01
6.000000000000e+00,1.240000000000e+01,9.386544711864e-01
6.000000000000e+00,1.260000000000e+01,9.305736524281e-01
6.000000000000e+00,1.280000000000e+01,9.226533421834e-01
6.000000000000e+00,1.300000000000e+01,9.148866833693e-01
6.000000000000e+00,1.320000000000e+01,9.072673447920e-01
6.000000000000e+00,1.340000000000e+01,8.997894667630e-01
6.000000000000e+00,1.360000000000e+01,8.924476132760e-01
6.000000000000e+00,1.380000000000e+01,8.852367298646e-01
6.000000000000e+00,1.400000000000e+01,8.781521063874e-01
6.000000000000e+00,1.420000000000e+01,8.711893441010e-01
6.000000000000e+00,1.440000000000e+01,8.643443264671e-01
6.000000000000e+00,1.460000000000e+01,8.576131932227e-01
6.000000000000e+00,1.480000000000e+01,8.509923173055e-01
6.000000000000e+00,1.500000000000e+01,8.444782842816e-01
6.000000000000e+00,1.520000000000e+01,8.380678739718e-01
6.000000000000e+00,1.540000000000e+01,8.317580440140e-01
6.000000000000e+00,1.560000000000e+01,8.255459151293e-01
6.000000000000e+00,1.580000000000e+01,8.194287578964e-01
6.000000000000e+00,1.600000000000e+01,8.134039808566e-01
6.200000000000e+00,3.000000000000e+00,inf
6.200000000000e+00,3.200000000000e+00,4.487456928810e+00
6.200000000000e+00,3.400000000000e+00,3.649360253533e+00
6.200000000000e+00,3.600000000000e+00,3.094185178696e+00
6.200000000000e+00,3.800000000000e+00,2.708255004488e+00
6.200000000000e+00,4.000000000000e+00,2.428885224044e+00
6.200000000000e+00,4.200000000000e+00,2.219519493822e+00
6.200000000000e+00,4.400000000000e+00,2.057862760636e+00
6.200000000000e+00,4.600000000000e+00,1.929907668519e+00
6.200000000000e+00,4.800000000000e+00,1.826368522626e+00
6.200000000000e+00,5.000000000000e+00,1.740955512247e+00
6.200000000000e+00,5.200000000000e+00,1.669290763990e+00
6.200000000000e+00,5.400000000000e+00,1.608252677096e+00
6.200000000000e+00,5.600000000000e+00,1.555567019743e+00
6.200000000000e+00,5.800000000000e+00,1.509544772069e+00
6.200000000000e+00,6.000000000000e+00,1.468909780674e+00
6.200000000000e+00,6.200000000000e+00,1.432682838397e+00
6.200000000000e+00,6.400000000000e+00,1.400102074506e+00
6.200000000000e+00,6.600000000000e+00,1.370567230965e+00
6.200000000000e+00,6.800000000000e+00,1.343599972676e+00
6.200000000000e+00,7.000000000000e+00,1.318791932904e+00
6.200000000000e+00,7.200000000000e+00,1.295839256437e+00
6.200000000000e+00,7.400000000000e+00,1.274501991800e+00
6.200000000000e+00,7.600000000000e+00,1.254567779884e+00
6.200000000000e+00,7.800000000000e+00,1.235859848707e+00
6.200000000000e+00,8.000000000000e+00,1.218230051874e+00
6.200000000000e+00,8.200000000000e+00,1.201553451637e+00
6.200000000000e+00,8.400000000000e+00,1.185724065225e+00
6.200000000000e+00,8.600000000000e+00,1.170651496223e+00
6.200000000000e+00,8.800000000000e+00,1.156258245743e+00
6.200000000000e+00,9.000000000000e+00,1.142477550361e+00
6.200000000000e+00,9.200000000000e+00,1.129251631675e+00
6.200000000000e+00,9.400000000000e+00,1.116530269982e+00
6.200000000000e+00,9.600000000000e+00,1.104269635085e+00
6.200000000000e+00,9.800000000000e+00,1.092431322450e+00
6.200000000000e+00,1.000000000000e+01,1.080981554451e+00
6.200000000000e+00,1.020000000000e+01,1.069890515124e+00
6.200000000000e+00,1.040000000000e+01,1.059131793524e+00
6.200000000000e+00,1.060000000000e+01,1.048681915902e+00
6.200000000000e+00,1.080000000000e+01,1.038519950878e+00
6.200000000000e+00,1.100000000000e+01,1.028627174924e+00
6.200000000000e+00,1.120000000000e+01,1.018986787870e+00
6.200000000000e+00,1.140000000000e+01,1.009583670111e+00
6.200000000000e+00,1.160000000000e+01,1.000404174701e+00
6.200000000000e+00,1.180000000000e+01,9.914359487529e-01
6.200000000000e+00,1.200000000000e+01,9.826677795397e-01
6.200000000000e+00,1.220000000000e+01,9.740894615113e-01
6.200000000000e+00,1.240000000000e+01,9.656916810499e-01
6.200000000000e+00,1.260000000000e+01,9.574659163413e-01
6.200000000000e+00,1.280000000000e+01,9.494043501551e-01
6.200000000000e+00,1.300000000000e+01,9.414997936837e-01
6.200000000000e+00,1.320000000000e+01,9.337456198822e-01
6.200000000000e+00,1.340000000000e+01,9.261357049911e-01
6.200000000000e+00,1.360000000000e+01,9.186643771245e-01
6.200000000000e+00,1.380000000000e+01,9.113263709758e-01
6.200000000000e+00,1.400000000000e+01,9.041167878294e-01
6.200000000000e+00,1.420000000000e+01,8.970310601874e-01
6.200000000000e+00,1.440000000000e+01,8.900649204183e-01
6.200000000000e+00,1.460000000000e+01,8.832143729174e-01
6.200000000000e+00,1.480000000000e+01,8.764756693403e-01
6.200000000000e+00,1.500000000000e+01,8.698452865306e-01
6.200000000000e+00,1.520000000000e+01,8.633199068147e-01
6.200000000000e+00,1.540000000000e+01,8.568964003786e-01
6.200000000000e+00,1.560000000000e+01,8.505718094804e-01
6.200000000000e+00,1.580000000000e+01,8.443433342841e-01
6.200000000000e+00,1.600000000000e+01,8.382083201274e-01
6.400000000000e+00,3.000000000000e+00,inf
6.400000000000e+00,3.200000000000e+00,4.842532180305e+00
6.400000000000e+00,3.400000000000e+00,3.901546136187e+00
6.400000000000e+00,3.600000000000e+00,3.283031752731e+00
6.400000000000e+00,3.800000000000e+00,2.856014699389e+00
6.400000000000e+00,4.000000000000e+00,2.548807287220e+00
6.400000000000e+00,4.200000000000e+00,2.319869319406e+00
6.400000000000e+00,4.400000000000e+00,2.144006609345e+00
6.400000000000e+00,4.600000000000e+00,2.005457451992e+00
6.400000000000e+00,4.800000000000e+00,1.893827809067e+00
6.400000000000e+00,5.000000000000e+00,1.802107061549e+00
6.400000000000e+00,5.200000000000e+00,1.725434795652e+00
6.400000000000e+00,5.400000000000e+00,1.660357861956e+00
6.400000000000e+00,5.600000000000e+00,1.604368813140e+00
6.400000000000e+00,5.800000000000e+00,1.555611061970e+00
6.400000000000e+00,6.000000000000e+00,1.512685717990e+00
6.400000000000e+00,6.200000000000e+00,1.474522090931e+00
6.400000000000e+00,6.400000000000e+00,1.440289032724e+00
6.400000000000e+00,6.600000000000e+00,1.409333061704e+00
6.400000000000e+00,6.800000000000e+00,1.381134412044e+00
6.400000000000e+00,7.000000000000e+00,1.355251578450e+00
6.400000000000e+00,7.200000000000e+00,1.331354934184e+00
6.400000000000e+00,7.400000000000e+00,1.309183964474e+00
6.400000000000e+00,7.600000000000e+00,1.288509317556e+00
6.400000000000e+00,7.800000000000e+00,1.269140309576e+00
6.400000000000e+00,8.000000000000e+00,1.250917316596e+00
6.400000000000e+00,8.200000000000e+00,1.233705864630e+00
6.400000000000e+00,8.400000000000e+00,1.217391996117e+00
6.400000000000e+00,8.600000000000e+00,1.201878605788e+00
6.400000000000e+00,8.800000000000e+00,1.187082519881e+00
6.400000000000e+00,9.000000000000e+00,1.172932150464e+00
6.400000000000e+00,9.200000000000e+00,1.159365598482e+00
6.400000000000e+00,9.400000000000e+00,1.146329109676e+00
6.400000000000e+00,9.600000000000e+00,1.133775810048e+00
6.400000000000e+00,9.800000000000e+00,1.121664664338e+00
6.400000000000e+00,1.000000000000e+01,1.109959613573e+00
6.400000000000e+00,1.020000000000e+01,1.098628857298e+00
6.400000000000e+00,1.040000000000e+01,1.087644253359e+00
6.400000000000e+00,1.060000000000e+01,1.076980813769e+00
6.400000000000e+00,1.080000000000e+01,1.066616279459e+00
6.400000000000e+00,1.100000000000e+01,1.056530760150e+00
6.400000000000e+00,1.120000000000e+01,1.046706428227e+00
6.400000000000e+00,1.140000000000e+01,1.037127257565e+00
6.400000000000e+00,1.160000000000e+01,1.027778799976e+00
6.400000000000e+00,1.180000000000e+01,1.018647993219e+00
6.400000000000e+00,1.200000000000e+01,1.009722995616e+00
6.400000000000e+00,1.220000000000e+01,1.000993043173e+00
6.400000000000e+00,1.240000000000e+01,9.924483257995e-01
6.400000000000e+00,1.260000000000e+01,9.840798797745e-01
6.400000000000e+00,1.280000000000e+01,9.758794941043e-01
6.400000000000e+00,1.300000000000e+01,9.678396287643e-01
6.400000000000e+00,1.320000000000e+01,9.599533431549e-01
6.400000000000e+00,1.340000000000e+01,9.522142333505e-01
6.400000000000e+00,1.360000000000e+01,9.446163769410e-01
6.400000000000e+00,1.380000000000e+01,9.371542844451e-01
6.400000000000e+00,1.400000000000e+01,9.298228564239e-01
6.400000000000e+00,1.420000000000e+01,9.226173455523e-01
6.400000000000e+00,1.440000000000e+01,9.155333230094e-01
6.400000000000e+00,1.460000000000e+01,9.085666486415e-01
6.400000000000e+00,1.480000000000e+01,9.017134444249e-01
6.400000000000e+00,1.500000000000e+01,8.949700708227e-01
6.400000000000e+00,1.520000000000e+01,8.883331056830e-01
6.400000000000e+00,1.540000000000e+01,8.817993253733e-01
6.400000000000e+00,1.560000000000e+01,8.753656878866e-01
6.400000000000e+00,1.580000000000e+01,8.690293176875e-01
6.400000000000e+00,1.600000000000e+01,8.627874920989e-01
6.600000000000e+00,3.000000000000e+00,inf
6.600000000000e+00,3.200000000000e+00,inf
6.600000000000e+00,3.400000000000e+00,4.171748820734e+00
6.600000000000e+00,3.600000000000e+00,3.483615570269e+00
6.600000000000e+00,3.800000000000e+00,3.011734679581e+00
6.600000000000e+00,4.000000000000e+00,2.674305282111e+00
6.600000000000e+00,4.200000000000e+00,2.424227814366e+00
6.600000000000e+00,4.400000000000e+00,2.233092647625e+00
6.600000000000e+00,4.600000000000e+00,2.083201564313e+00
6.600000000000e+00,4.800000000000e+00,1.962942762015e+00
6.600000000000e+00,5.000000000000e+00,1.864516937194e+00
6.600000000000e+00,5.200000000000e+00,1.782537761390e+00
6.600000000000e+00,5.400000000000e+00,1.713192072581e+00
6.600000000000e+00,5.600000000000e+00,1.653720073144e+00
6.600000000000e+00,5.800000000000e+00,1.602084458977e+00
6.600000000000e+00,6.000000000000e+00,1.556754381902e+00
6.600000000000e+00,6.200000000000e+00,1.516561081541e+00
6.600000000000e+00,6.400000000000e+00,1.480599345454e+00
6.600000000000e+00,6.600000000000e+00,1.448158933676e+00
6.600000000000e+00,6.800000000000e+00,1.418676000893e+00
6.600000000000e+00,7.000000000000e+00,1.391673891570e+00
6.600000000000e+00,7.200000000000e+00,1.366795659822e+00
6.600000000000e+00,7.400000000000e+00,1.343759021652e+00
6.600000000000e+00,7.600000000000e+00,1.322316681974e+00
6.600000000000e+00,7.800000000000e+00,1.302263288174e+00
6.600000000000e+00,8.000000000000e+00,1.283427130075e+00
6.600000000000e+00,8.200000000000e+00,1.265663703274e+00
6.600000000000e+00,8.400000000000e+00,1.248850670582e+00
6.600000000000e+00,8.600000000000e+00,1.232883883407e+00
6.600000000000e+00,8.800000000000e+00,1.217674214551e+00
6.600000000000e+00,9.000000000000e+00,1.203145017802e+00
6.600000000000e+00,9.200000000000e+00,1.189230075867e+00
6.600000000000e+00,9.400000000000e+00,1.175871931781e+00
6.600000000000e+00,9.600000000000e+00,1.163020523746e+00
6.600000000000e+00,9.800000000000e+00,1.150632061716e+00
6.600000000000e+00,1.000000000000e+01,1.138668097895e+00
6.600000000000e+00,1.020000000000e+01,1.127094753727e+00
6.600000000000e+00,1.040000000000e+01,1.115882073934e+00
6.600000000000e+00,1.060000000000e+01,1.105003484277e+00
6.600000000000e+00,1.080000000000e+01,1.094435334421e+00
6.600000000000e+00,1.100000000000e+01,1.084156511000e+00
6.600000000000e+00,1.120000000000e+01,1.074148108840e+00
6.600000000000e+00,1.140000000000e+01,1.064393150587e+00
6.600000000000e+00,1.160000000000e+01,1.054876346797e+00
6.600000000000e+00,1.180000000000e+01,1.045583889962e+00
6.600000000000e+00,1.200000000000e+01,1.036503277147e+00
6.600000000000e+00,1.220000000000e+01,1.027623156786e+00
6.600000000000e+00,1.240000000000e+01,1.018933195992e+00
6.600000000000e+00,1.260000000000e+01,1.010423965316e+00
6.600000000000e+00,1.280000000000e+01,1.002086838399e+00
6.600000000000e+00,1.300000000000e+01,9.939139043871e-01
6.600000000000e+00,1.320000000000e+01,9.858978912943e-01
6.600000000000e+00,1.340000000000e+01,9.780320987986e-01
6.600000000000e+00,1.360000000000e+01,9.703103391784e-01
6.600000000000e+00,1.380000000000e+01,9.627268852933e-01
6.600000000000e+00,1.400000000000e+01,9.552764246767e-01
6.600000000000e+00,1.420000000000e+01,9.479540189411e-01
6.600000000000e+00,1.440000000000e+01,9.407550678132e-01
6.600000000000e+00,1.460000000000e+01,9.336752772114e-01
6.600000000000e+00,1.480000000000e+01,9.267106308601e-01
6.600000000000e+00,1.500000000000e+01,9.198573650049e-01
6.600000000000e+00,1.520000000000e+01,9.131119458514e-01
6.600000000000e+00,1.540000000000e+01,9.064710493994e-01
6.600000000000e+00,1.560000000000e+01,8.999315433911e-01
6.600000000000e+00,1.580000000000e+01,8.934904711230e-01
6.600000000000e+00,1.600000000000e+01,8.871450369083e-01
6.800000000000e+00,3.000000000000e+00,inf
6.800000000000e+00,3.200000000000e+00,inf
6.800000000000e+00,3.400000000000e+00,4.461332754416e+00
6.800000000000e+00,3.600000000000e+00,3.696754536085e+00
6.800000000000e+00,3.800000000000e+00,3.175932898790e+00
6.800000000000e+00,4.000000000000e+00,2.805722630422e+00
6.800000000000e+00,4.200000000000e+00,2.532832024989e+00
6.800000000000e+00,4.400000000000e+00,2.325290616968e+00
6.800000000000e+00,4.600000000000e+00,2.163265822230e+00
6.800000000000e+00,4.800000000000e+00,2.033809749429e+00
6.800000000000e+00,5.000000000000e+00,1.928261283925e+00
6.800000000000e+00,5.200000000000e+00,1.840661610236e+00
6.800000000000e+00,5.400000000000e+00,1.766807087365e+00
6.800000000000e+00,5.600000000000e+00,1.703665148185e+00
6.800000000000e+00,5.800000000000e+00,1.649003780474e+00
6.800000000000e+00,6.000000000000e+00,1.601150395193e+00
6.800000000000e+00,6.200000000000e+00,1.558831192318e+00
6.800000000000e+00,6.400000000000e+00,1.521061843632e+00
6.800000000000e+00,6.600000000000e+00,1.487071630826e+00
6.800000000000e+00,6.800000000000e+00,1.456249848632e+00
6.800000000000e+00,7.000000000000e+00,1.428082584376e+00
6.800000000000e+00,7.200000000000e+00,1.402183956896e+00
6.800000000000e+00,7.400000000000e+00,1.378248656914e+00
6.800000000000e+00,7.600000000000e+00,1.356010458062e+00
6.800000000000e+00,7.800000000000e+00,1.335248554331e+00
6.800000000000e+00,8.000000000000e+00,1.315778519838e+00
6.800000000000e+00,8.200000000000e+00,1.297445309950e+00
6.800000000000e+00,8.400000000000e+00,1.280117791221e+00
6.800000000000e+00,8.600000000000e+00,1.263684428337e+00
6.800000000000e+00,8.800000000000e+00,1.248049855329e+00
6.800000000000e+00,9.000000000000e+00,1.233132128798e+00
6.800000000000e+00,9.200000000000e+00,1.218860511718e+00
6.800000000000e+00,9.400000000000e+00,1.205173673323e+00
6.800000000000e+00,9.600000000000e+00,1.192018217780e+00
6.800000000000e+00,9.800000000000e+00,1.179347474514e+00
6.800000000000e+00,1.000000000000e+01,1.167120498158e+00
6.800000000000e+00,1.020000000000e+01,1.155301237504e+00
6.800000000000e+00,1.040000000000e+01,1.143857841529e+00
6.800000000000e+00,1.060000000000e+01,1.132762077200e+00
6.800000000000e+00,1.080000000000e+01,1.121988838959e+00
6.800000000000e+00,1.100000000000e+01,1.111515733722e+00
6.800000000000e+00,1.120000000000e+01,1.101322728439e+00
6.800000000000e+00,1.140000000000e+01,1.091391849655e+00
6.800000000000e+00,1.160000000000e+01,1.081706926525e+00
6.800000000000e+00,1.180000000000e+01,1.072253370272e+00
6.800000000000e+00,1.200000000000e+01,1.063017984307e+00
6.800000000000e+00,1.220000000000e+01,1.053988800285e+00
6.800000000000e+00,1.240000000000e+01,1.045154936129e+00
6.800000000000e+00,1.260000000000e+01,1.036506472761e+00
6.800000000000e+00,1.280000000000e+01,1.028034346778e+00
6.800000000000e+00,1.300000000000e+01,1.019730256797e+00
6.800000000000e+00,1.320000000000e+01,1.011586581525e+00
6.800000000000e+00,1.340000000000e+01,1.003596307915e+00
6.800000000000e+00,1.360000000000e+01,9.957529680399e-01
6.800000000000e+00,1.380000000000e+01,9.880505835046e-01
6.800000000000e+00,1.400000000000e+01,9.804836163904e-01
6.800000000000e+00,1.420000000000e+01,9.730469258865e-01
6.800000000000e+00,1.440000000000e+01,9.657357298723e-01
6.800000000000e+00,1.460000000000e+01,9.585455708228e-01
6.800000000000e+00,1.480000000000e+01,9.514722854964e-01
6.800000000000e+00,1.500000000000e+01,9.445119779390e-01
6.800000000000e+00,1.520000000000e+01,9.376609953999e-01
6.800000000000e+00,1.540000000000e+01,9.309159068110e-01
6.800000000000e+00,1.560000000000e+01,9.242734835240e-01
6.800000000000e+00,1.580000000000e+01,9.177306820430e-01
6.800000000000e+00,1.600000000000e+01,9.112846285204e-01
7.000000000000e+00,3.000000000000e+00,inf
7.000000000000e+00,3.200000000000e+00,inf
7.000000000000e+00,3.400000000000e+00,4.771754535905e+00
7.000000000000e+00,3.600000000000e+00,3.923314412850e+00
7.000000000000e+00,3.800000000000e+00,3.349153714975e+00
7.000000000000e+00,4.000000000000e+00,2.943417952542e+00
7.000000000000e+00,4.200000000000e+00,2.645927946635e+00
7.000000000000e+00,4.400000000000e+00,2.420775532964e+00
7.000000000000e+00,4.600000000000e+00,2.245779065957e+00
7.000000000000e+00,4.800000000000e+00,2.106526741136e+00
7.000000000000e+00,5.000000000000e+00,1.993416929267e+00
7.000000000000e+00,5.200000000000e+00,1.899868369634e+00
7.000000000000e+00,5.400000000000e+00,1.821254361311e+00
7.000000000000e+00,5.600000000000e+00,1.754247795046e+00
7.000000000000e+00,5.800000000000e+00,1.696407073897e+00
7.000000000000e+00,6.000000000000e+00,1.645907494193e+00
7.000000000000e+00,6.200000000000e+00,1.601362845620e+00
7.000000000000e+00,6.400000000000e+00,1.561704355923e+00
7.000000000000e+00,6.600000000000e+00,1.526096914459e+00
7.000000000000e+00,6.800000000000e+00,1.493880037866e+00
7.000000000000e+00,7.000000000000e+00,1.464500350006e+00
7.000000000000e+00,7.200000000000e+00,1.437541346693e+00
7.000000000000e+00,7.400000000000e+00,1.412673384888e+00
7.000000000000e+00,7.600000000000e+00,1.389610280007e+00
7.000000000000e+00,7.800000000000e+00,1.368114958961e+00
7.000000000000e+00,8.000000000000e+00,1.347989628920e+00
7.000000000000e+00,8.200000000000e+00,1.329068178810e+00
7.000000000000e+00,8.400000000000e+00,1.311210249881e+00
7.000000000000e+00,8.600000000000e+00,1.294296567278e+00
7.000000000000e+00,8.800000000000e+00,1.278225233762e+00
7.000000000000e+00,9.000000000000e+00,1.262908764382e+00
7.000000000000e+00,9.200000000000e+00,1.248271696737e+00
7.000000000000e+00,9.400000000000e+00,1.234248651997e+00
7.000000000000e+00,9.600000000000e+00,1.220782751662e+00
7.000000000000e+00,9.800000000000e+00,1.207824317065e+00
7.000000000000e+00,1.000000000000e+01,1.195329795149e+00
7.000000000000e+00,1.020000000000e+01,1.183260866477e+00
7.000000000000e+00,1.040000000000e+01,1.171583700885e+00
7.000000000000e+00,1.060000000000e+01,1.160268333445e+00
7.000000000000e+00,1.080000000000e+01,1.149288138988e+00
7.000000000000e+00,1.100000000000e+01,1.138619387786e+00
7.000000000000e+00,1.120000000000e+01,1.128240868363e+00
7.000000000000e+00,1.140000000000e+01,1.118133566130e+00
7.000000000000e+00,1.160000000000e+01,1.108280388586e+00
7.000000000000e+00,1.180000000000e+01,1.098665929579e+00
7.000000000000e+00,1.200000000000e+01,1.089276266409e+00
7.000000000000e+00,1.220000000000e+01,1.080098784684e+00
7.000000000000e+00,1.240000000000e+01,1.071122026691e+00
7.000000000000e+00,1.260000000000e+01,1.062335559771e+00
7.000000000000e+00,1.280000000000e+01,1.053729861746e+00
7.000000000000e+00,1.300000000000e+01,1.045296220950e+00
7.000000000000e+00,1.320000000000e+01,1.037026648798e+00
7.000000000000e+00,1.340000000000e+01,1.028913803122e+00
7.000000000000e+00,1.360000000000e+01,1.020950920823e+00
7.000000000000e+00,1.380000000000e+01,1.013131758573e+00
7.000000000000e+00,1.400000000000e+01,1.005450540488e+00
7.000000000000e+00,1.420000000000e+01,9.979019118783e-01
7.000000000000e+00,1.440000000000e+01,9.904808982810e-01
7.000000000000e+00,1.460000000000e+01,9.831828691047e-01
7.000000000000e+00,1.480000000000e+01,9.760035053158e-01
7.000000000000e+00,1.500000000000e+01,9.689387706611e-01
7.000000000000e+00,1.520000000000e+01,9.619848860002e-01
7.000000000000e+00,1.540000000000e+01,9.551383063714e-01
7.000000000000e+00,1.560000000000e+01,9.483957004699e-01
7.000000000000e+00,1.580000000000e+01,9.417539322533e-01
7.000000000000e+00,1.600000000000e+01,9.352100444306e-01
7.200000000000e+00,3.000000000000e+00,inf
7.200000000000e+00,3.200000000000e+00,inf
7.200000000000e+00,3.400000000000e+00,5.104569794254e+00
7.200000000000e+00,3.600000000000e+00,4.164211970864e+00
7.200000000000e+00,3.800000000000e+00,3.531969465987e+00
7.200000000000e+00,4.000000000000e+00,3.087765944774e+00
7.200000000000e+00,4.200000000000e+00,2.763771071371e+00
7.200000000000e+00,4.400000000000e+00,2.519728065266e+00
7.200000000000e+00,4.600000000000e+00,2.330873446777e+00
7.200000000000e+00,4.800000000000e+00,2.181193541513e+00
7.200000000000e+00,5.000000000000e+00,2.060061581174e+00
7.200000000000e+00,5.200000000000e+00,1.960220319230e+00
7.200000000000e+00,5.400000000000e+00,1.876585182524e+00
7.200000000000e+00,5.600000000000e+00,1.805511322001e+00
7.200000000000e+00,5.800000000000e+00,1.744331748964e+00
7.200000000000e+00,6.000000000000e+00,1.691058651650e+00
7.200000000000e+00,6.200000000000e+00,1.644185618583e+00
7.200000000000e+00,6.400000000000e+00,1.602553815526e+00
7.200000000000e+00,6.600000000000e+00,1.565259622821e+00
7.200000000000e+00,6.800000000000e+00,1.531589717081e+00
7.200000000000e+00,7.000000000000e+00,1.500948948678e+00
7.200000000000e+00,7.200000000000e+00,1.472888427905e+00
7.200000000000e+00,7.400000000000e+00,1.447052814758e+00
7.200000000000e+00,7.600000000000e+00,1.423134898802e+00
7.200000000000e+00,7.800000000000e+00,1.400880495850e+00
7.200000000000e+00,8.000000000000e+00,1.380077772121e+00
7.200000000000e+00,8.200000000000e+00,1.360549006702e+00
7.200000000000e+00,8.400000000000e+00,1.342144173474e+00
7.200000000000e+00,8.600000000000e+00,1.324735895313e+00
7.200000000000e+00,8.800000000000e+00,1.308215443652e+00
7.200000000000e+00,9.000000000000e+00,1.292489541855e+00
7.200000000000e+00,9.200000000000e+00,1.277477792087e+00
7.200000000000e+00,9.400000000000e+00,1.263110589826e+00
7.200000000000e+00,9.600000000000e+00,1.249327422700e+00
7.200000000000e+00,9.800000000000e+00,1.236075474432e+00
7.200000000000e+00,1.000000000000e+01,1.223308472677e+00
7.200000000000e+00,1.020000000000e+01,1.210985733070e+00
7.200000000000e+00,1.040000000000e+01,1.199071362078e+00
7.200000000000e+00,1.060000000000e+01,1.187533589145e+00
7.200000000000e+00,1.080000000000e+01,1.176344204658e+00
7.200000000000e+00,1.100000000000e+01,1.165478084968e+00
7.200000000000e+00,1.120000000000e+01,1.154912789392e+00
7.200000000000e+00,1.140000000000e+01,1.144628216996e+00
7.200000000000e+00,1.160000000000e+01,1.134606313245e+00
7.200000000000e+00,1.180000000000e+01,1.124830818424e+00
7.200000000000e+00,1.200000000000e+01,1.115287051196e+00
7.200000000000e+00,1.220000000000e+01,1.105961721810e+00
7.200000000000e+00,1.240000000000e+01,1.096842770436e+00
7.200000000000e+00,1.260000000000e+01,1.087919226847e+00
7.200000000000e+00,1.280000000000e+01,1.079181088326e+00
7.200000000000e+00,1.300000000000e+01,1.070619213139e+00
7.200000000000e+00,1.320000000000e+01,1.062225227384e+00
7.200000000000e+00,1.340000000000e+01,1.053991443333e+00
7.200000000000e+00,1.360000000000e+01,1.045910787701e+00
7.200000000000e+00,1.380000000000e+01,1.037976738489e+00
7.200000000000e+00,1.400000000000e+01,1.030183269278e+00
7.200000000000e+00,1.420000000000e+01,1.022524799973e+00
7.200000000000e+00,1.440000000000e+01,1.014996153198e+00
7.200000000000e+00,1.460000000000e+01,1.007592515592e+00
7.200000000000e+00,1.480000000000e+01,1.000309403416e+00
7.200000000000e+00,1.500000000000e+01,9.931426319286e-01
7.200000000000e+00,1.520000000000e+01,9.860882880688e-01
7.200000000000e+00,1.540000000000e+01,9.791427060566e-01
7.200000000000e+00,1.560000000000e+01,9.723024455599e-01
7.200000000000e+00,1.580000000000e+01,9.655642721294e-01
7.200000000000e+00,1.600000000000e+01,9.589251396384e-01
7.400000000000e+00,3.000000000000e+00,inf
7.400000000000e+00,3.200000000000e+00,inf
7.400000000000e+00,3.400000000000e+00,5.461440591693e+00
7.400000000000e+00,3.600000000000e+00,4.420418349519e+00
7.400000000000e+00,3.800000000000e+00,3.724982125406e+00
7.400000000000e+00,4.000000000000e+00,3.239158280308e+00
7.400000000000e+00,4.200000000000e+00,2.886626935709e+00
7.400000000000e+00,4.400000000000e+00,2.622334908170e+00
7.400000000000e+00,4.600000000000e+00,2.418684701665e+00
7.400000000000e+00,4.800000000000e+00,2.257912008064e+00
7.400000000000e+00,5.000000000000e+00,2.128274011511e+00
7.400000000000e+00,5.200000000000e+00,2.021780150902e+00
7.400000000000e+00,5.400000000000e+00,1.932850815567e+00
7.400000000000e+00,5.600000000000e+00,1.857498719600e+00
7.400000000000e+00,5.800000000000e+00,1.792814698398e+00
7.400000000000e+00,6.000000000000e+00,1.736636188966e+00
7.400000000000e+00,6.200000000000e+00,1.687328347887e+00
7.400000000000e+00,6.400000000000e+00,1.643636358146e+00
7.400000000000e+00,6.600000000000e+00,1.604583762712e+00
7.400000000000e+00,6.800000000000e+00,1.569401186239e+00
7.400000000000e+00,7.000000000000e+00,1.537449287503e+00
7.400000000000e+00,7.200000000000e+00,1.508244950861e+00
7.400000000000e+00,7.400000000000e+00,1.481405719083e+00
7.400000000000e+00,7.600000000000e+00,1.456602245840e+00
7.400000000000e+00,7.800000000000e+00,1.433562360194e+00
7.400000000000e+00,8.000000000000e+00,1.412059489651e+00
7.400000000000e+00,8.200000000000e+00,1.391903742109e+00
7.400000000000e+00,8.400000000000e+00,1.372934968381e+00
7.400000000000e+00,8.600000000000e+00,1.355017315954e+00
7.400000000000e+00,8.800000000000e+00,1.338034916935e+00
7.400000000000e+00,9.000000000000e+00,1.321888446776e+00
7.400000000000e+00,9.200000000000e+00,1.306492357486e+00
7.400000000000e+00,9.400000000000e+00,1.291772637643e+00
7.400000000000e+00,9.600000000000e+00,1.277664987054e+00
7.400000000000e+00,9.800000000000e+00,1.264113320221e+00
7.400000000000e+00,1.000000000000e+01,1.251068532316e+00
7.400000000000e+00,1.020000000000e+01,1.238487476135e+00
7.400000000000e+00,1.040000000000e+01,1.226332109638e+00
7.400000000000e+00,1.060000000000e+01,1.214568782230e+00
7.400000000000e+00,1.080000000000e+01,1.203167634506e+00
7.400000000000e+00,1.100000000000e+01,1.192102091258e+00
7.400000000000e+00,1.120000000000e+01,1.181348431544e+00
7.400000000000e+00,1.140000000000e+01,1.170885422687e+00
7.400000000000e+00,1.160000000000e+01,1.160694007600e+00
7.400000000000e+00,1.180000000000e+01,1.150757036733e+00
7.400000000000e+00,1.200000000000e+01,1.141059037525e+00
7.400000000000e+00,1.220000000000e+01,1.131586015513e+00
7.400000000000e+00,1.240000000000e+01,1.122325282232e+00
7.400000000000e+00,1.260000000000e+01,1.113265305891e+00
7.400000000000e+00,1.280000000000e+01,1.104395581448e+00
7.400000000000e+00,1.300000000000e+01,1.095706517294e+00
7.400000000000e+00,1.320000000000e+01,1.087189336170e+00
7.400000000000e+00,1.340000000000e+01,1.078835988326e+00
7.400000000000e+00,1.360000000000e+01,1.070639075243e+00
7.400000000000e+00,1.380000000000e+01,1.062591782487e+00
7.400000000000e+00,1.400000000000e+01,1.054687820484e+00
7.400000000000e+00,1.420000000000e+01,1.046921372167e+00
7.400000000000e+00,1.440000000000e+01,1.039287046621e+00
7.400000000000e+00,1.460000000000e+01,1.031779837955e+00
7.400000000000e+00,1.480000000000e+01,1.024395088748e+00
7.400000000000e+00,1.500000000000e+01,1.017128457508e+00
7.400000000000e+00,1.520000000000e+01,1.009975889650e+00
7.400000000000e+00,1.540000000000e+01,1.002933591572e+00
7.400000000000e+00,1.560000000000e+01,9.959980074605e-01
7.400000000000e+00,1.580000000000e+01,9.891657985122e-01
7.400000000000e+00,1.600000000000e+01,9.824338242832e-01
7.600000000000e+00,3.000000000000e+00,inf
7.600000000000e+00,3.200000000000e+00,inf
7.600000000000e+00,3.400000000000e+00,5.844143384790e+00
7.600000000000e+00,3.600000000000e+00,4.692962647520e+00
7.600000000000e+00,3.800000000000e+00,3.928825048752e+00
7.600000000000e+00,4.000000000000e+00,3.398004540343e+00
7.600000000000e+00,4.200000000000e+00,3.014771672727e+00
7.600000000000e+00,4.400000000000e+00,2.728789144902e+00
7.600000000000e+00,4.600000000000e+00,2.509352417436e+00
7.600000000000e+00,4.800000000000e+00,2.336786258046e+00
7.600000000000e+00,5.000000000000e+00,2.198134227275e+00
7.600000000000e+00,5.200000000000e+00,2.084611116753e+00
7.600000000000e+00,5.400000000000e+00,1.990102633258e+00
7.600000000000e+00,5.600000000000e+00,1.910252780476e+00
7.600000000000e+00,5.800000000000e+00,1.841892408347e+00
7.600000000000e+00,6.000000000000e+00,1.782671878858e+00
7.600000000000e+00,6.200000000000e+00,1.730819225687e+00
7.600000000000e+00,6.400000000000e+00,1.684977411871e+00
7.600000000000e+00,6.600000000000e+00,1.644092593765e+00
7.600000000000e+00,6.800000000000e+00,1.607335975754e+00
7.600000000000e+00,7.000000000000e+00,1.574021494394e+00
7.600000000000e+00,7.200000000000e+00,1.543629886548e+00
7.600000000000e+00,7.400000000000e+00,1.515750098087e+00
7.600000000000e+00,7.600000000000e+00,1.490029492608e+00
7.600000000000e+00,7.800000000000e+00,1.466177003842e+00
7.600000000000e+00,8.000000000000e+00,1.443950598058e+00
7.600000000000e+00,8.200000000000e+00,1.423147631898e+00
7.600000000000e+00,8.400000000000e+00,1.403597363172e+00
7.600000000000e+00,8.600000000000e+00,1.385155079987e+00
7.600000000000e+00,8.800000000000e+00,1.367697458789e+00
7.600000000000e+00,9.000000000000e+00,1.351118864496e+00
7.600000000000e+00,9.200000000000e+00,1.335328379319e+00
7.600000000000e+00,9.400000000000e+00,1.320247399934e+00
7.600000000000e+00,9.600000000000e+00,1.305807681472e+00
7.600000000000e+00,9.800000000000e+00,1.291949735360e+00
7.600000000000e+00,1.000000000000e+01,1.278621509380e+00
7.600000000000e+00,1.020000000000e+01,1.265777294276e+00
7.600000000000e+00,1.040000000000e+01,1.253376813370e+00
7.600000000000e+00,1.060000000000e+01,1.241384460871e+00
7.600000000000e+00,1.080000000000e+01,1.229768661681e+00
7.600000000000e+00,1.100000000000e+01,1.218501330989e+00
7.600000000000e+00,1.120000000000e+01,1.207557416237e+00
7.600000000000e+00,1.140000000000e+01,1.196914507400e+00
7.600000000000e+00,1.160000000000e+01,1.186552504179e+00
7.600000000000e+00,1.180000000000e+01,1.176453330805e+00
7.600000000000e+00,1.200000000000e+01,1.166600690847e+00
7.600000000000e+00,1.220000000000e+01,1.156979855732e+00
7.600000000000e+00,1.240000000000e+01,1.147577481829e+00
7.600000000000e+00,1.260000000000e+01,1.138381451758e+00
7.600000000000e+00,1.280000000000e+01,1.129380736366e+00
7.600000000000e+00,1.300000000000e+01,1.120565274358e+00
7.600000000000e+00,1.320000000000e+01,1.111925867069e+00
7.600000000000e+00,1.340000000000e+01,1.103454086253e+00
7.600000000000e+00,1.360000000000e+01,1.095142193101e+00
7.600000000000e+00,1.380000000000e+01,1.086983066960e+00
7.600000000000e+00,1.400000000000e+01,1.078970142462e+00
7.600000000000e+00,1.420000000000e+01,1.071097353969e+00
7.600000000000e+00,1.440000000000e+01,1.063359086370e+00
7.600000000000e+00,1.460000000000e+01,1.055750131440e+00
7.600000000000e+00,1.480000000000e+01,1.048265649056e+00
7.600000000000e+00,1.500000000000e+01,1.040901132663e+00
7.600000000000e+00,1.520000000000e+01,1.033652378493e+00
7.600000000000e+00,1.540000000000e+01,1.026515458054e+00
7.600000000000e+00,1.560000000000e+01,1.019486693536e+00
7.600000000000e+00,1.580000000000e+01,1.012562635765e+00
7.600000000000e+00,1.600000000000e+01,1.005740044426e+00
7.800000000000e+00,3.000000000000e+00,inf
7.800000000000e+00,3.200000000000e+00,inf
7.800000000000e+00,3.400000000000e+00,inf
7.800000000000e+00,3.600000000000e+00,4.982935758342e+00
7.800000000000e+00,3.800000000000e+00,4.144164819667e+00
7.800000000000e+00,4.000000000000e+00,3.564733181402e+00
7.800000000000e+00,4.200000000000e+00,3.148492572541e+00
7.800000000000e+00,4.400000000000e+00,2.839290608477e+00
7.800000000000e+00,4.600000000000e+00,2.603020286646e+00
7.800000000000e+00,4.800000000000e+00,2.417922865054e+00
7.800000000000e+00,5.000000000000e+00,2.269723631239e+00
7.800000000000e+00,5.200000000000e+00,2.148777166565e+00
7.800000000000e+00,5.400000000000e+00,2.048392238250e+00
7.800000000000e+00,5.600000000000e+00,1.963816209407e+00
7.800000000000e+00,5.800000000000e+00,1.891601059594e+00
7.800000000000e+00,6.000000000000e+00,1.829197039387e+00
7.800000000000e+00,6.200000000000e+00,1.774685887536e+00
7.800000000000e+00,6.400000000000e+00,1.726601779658e+00
7.800000000000e+00,6.600000000000e+00,1.683808705951e+00
7.800000000000e+00,6.800000000000e+00,1.645414919336e+00
7.800000000000e+00,7.000000000000e+00,1.610684986454e+00
7.800000000000e+00,7.200000000000e+00,1.579061490705e+00
7.800000000000e+00,7.400000000000e+00,1.550103239596e+00
7.800000000000e+00,7.600000000000e+00,1.523433106596e+00
7.800000000000e+00,7.800000000000e+00,1.498740187273e+00
7.800000000000e+00,8.000000000000e+00,1.475766238395e+00
7.800000000000e+00,8.200000000000e+00,1.454295265791e+00
7.800000000000e+00,8.400000000000e+00,1.434145449492e+00
7.800000000000e+00,8.600000000000e+00,1.415162822887e+00
7.800000000000e+00,8.800000000000e+00,1.397216281717e+00
7.800000000000e+00,9.000000000000e+00,1.380193611036e+00
7.800000000000e+00,9.200000000000e+00,1.363998298431e+00
7.800000000000e+00,9.400000000000e+00,1.348546959687e+00
7.800000000000e+00,9.600000000000e+00,1.333767245311e+00
7.800000000000e+00,9.800000000000e+00,1.319596127431e+00
7.800000000000e+00,1.000000000000e+01,1.305978489699e+00
7.800000000000e+00,1.020000000000e+01,1.292865960191e+00
7.800000000000e+00,1.040000000000e+01,1.280215940389e+00
7.800000000000e+00,1.060000000000e+01,1.267990793341e+00
7.800000000000e+00,1.080000000000e+01,1.256157161746e+00
7.800000000000e+00,1.100000000000e+01,1.244685392690e+00
7.800000000000e+00,1.120000000000e+01,1.233549050319e+00
7.800000000000e+00,1.140000000000e+01,1.222724501410e+00
7.800000000000e+00,1.160000000000e+01,1.212190561625e+00
7.800000000000e+00,1.180000000000e+01,1.201928192486e+00
7.800000000000e+00,1.200000000000e+01,1.191920240962e+00
7.800000000000e+00,1.220000000000e+01,1.182151214936e+00
7.800000000000e+00,1.240000000000e+01,1.172607089045e+00
7.800000000000e+00,1.260000000000e+01,1.163275136293e+00
7.800000000000e+00,1.280000000000e+01,1.154143781623e+00
7.800000000000e+00,1.300000000000e+01,1.145202474244e+00
7.800000000000e+00,1.320000000000e+01,1.136441576039e+00
7.800000000000e+00,1.340000000000e+01,1.127852263800e+00
7.800000000000e+00,1.360000000000e+01,1.119426443367e+00
7.800000000000e+00,1.380000000000e+01,1.111156674078e+00
7.800000000000e+00,1.400000000000e+01,1.103036102130e+00
7.800000000000e+00,1.420000000000e+01,1.095058401696e+00
7.800000000000e+00,1.440000000000e+01,1.087217722794e+00
7.800000000000e+00,1.460000000000e+01,1.079508645042e+00
7.800000000000e+00,1.480000000000e+01,1.071926136557e+00
7.800000000000e+00,1.500000000000e+01,1.064465517382e+00
7.800000000000e+00,1.520000000000e+01,1.057122426860e+00
7.800000000000e+00,1.540000000000e+01,1.049892794505e+00
7.800000000000e+00,1.560000000000e+01,1.042772813939e+00
7.800000000000e+00,1.580000000000e+01,1.035758919551e+00
7.800000000000e+00,1.600000000000e+01,1.028847765542e+00
8.000000000000e+00,3.000000000000e+00,inf
8.000000000000e+00,3.200000000000e+00,inf
8.000000000000e+00,3.400000000000e+00,inf
8.000000000000e+00,3.600000000000e+00,5.291494467147e+00
8.000000000000e+00,3.800000000000e+00,4.371703205259e+00
8.000000000000e+00,4.000000000000e+00,3.739792544579e+00
8.000000000000e+00,4.200000000000e+00,3.288088654858e+00
8.000000000000e+00,4.400000000000e+00,2.954046241713e+00
8.000000000000e+00,4.600000000000e+00,2.699836357277e+00
8.000000000000e+00,4.800000000000e+00,2.501431047235e+00
8.000000000000e+00,5.000000000000e+00,2.343125173515e+00
8.000000000000e+00,5.200000000000e+00,2.214343076074e+00
8.000000000000e+00,5.400000000000e+00,2.107771575614e+00
8.000000000000e+00,5.600000000000e+00,2.018231724724e+00
8.000000000000e+00,5.800000000000e+00,1.941976620541e+00
8.000000000000e+00,6.000000000000e+00,1.876242620243e+00
8.000000000000e+00,6.200000000000e+00,1.818955493051e+00
8.000000000000e+00,6.400000000000e+00,1.768533715103e+00
8.000000000000e+00,6.600000000000e+00,1.723754090903e+00
8.000000000000e+00,6.800000000000e+00,1.683658221166e+00
8.000000000000e+00,7.000000000000e+00,1.647458533220e+00
8.000000000000e+00,7.200000000000e+00,1.614557363285e+00
8.000000000000e+00,7.400000000000e+00,1.584481774851e+00
8.000000000000e+00,7.600000000000e+00,1.556828903542e+00
8.000000000000e+00,7.800000000000e+00,1.531267028387e+00
8.000000000000e+00,8.000000000000e+00,1.507520921641e+00
8.000000000000e+00,8.200000000000e+00,1.485360618504e+00
8.000000000000e+00,8.400000000000e+00,1.464592721021e+00
8.000000000000e+00,8.600000000000e+00,1.445053600699e+00
8.000000000000e+00,8.800000000000e+00,1.426604038438e+00
8.000000000000e+00,9.000000000000e+00,1.409124963083e+00
8.000000000000e+00,9.200000000000e+00,1.392514037353e+00
8.000000000000e+00,9.400000000000e+00,1.376682902946e+00
8.000000000000e+00,9.600000000000e+00,1.361554942549e+00
8.000000000000e+00,9.800000000000e+00,1.347063450238e+00
8.000000000000e+00,1.000000000000e+01,1.333150126851e+00
8.000000000000e+00,1.020000000000e+01,1.319763835681e+00
8.000000000000e+00,1.040000000000e+01,1.306859568020e+00
8.000000000000e+00,1.060000000000e+01,1.294397578905e+00
8.000000000000e+00,1.080000000000e+01,1.282342661665e+00
8.000000000000e+00,1.100000000000e+01,1.270663536281e+00
8.000000000000e+00,1.120000000000e+01,1.259332331556e+00
8.000000000000e+00,1.140000000000e+01,1.248324144955e+00
8.000000000000e+00,1.160000000000e+01,1.237616667078e+00
8.000000000000e+00,1.180000000000e+01,1.227189860122e+00
8.000000000000e+00,1.200000000000e+01,1.217025681642e+00
8.000000000000e+00,1.220000000000e+01,1.207107846485e+00
8.000000000000e+00,1.240000000000e+01,1.197421620964e+00
8.000000000000e+00,1.260000000000e+01,1.187953644429e+00
8.000000000000e+00,1.280000000000e+01,1.178691774121e+00
8.000000000000e+00,1.300000000000e+01,1.169624949951e+00
8.000000000000e+00,1.320000000000e+01,1.160743076315e+00
8.000000000000e+00,1.340000000000e+01,1.152036918580e+00
8.000000000000e+00,1.360000000000e+01,1.143498012191e+00
8.000000000000e+00,1.380000000000e+01,1.135118582693e+00
8.000000000000e+00,1.400000000000e+01,1.126891475200e+00
8.000000000000e+00,1.420000000000e+01,1.118810092088e+00
8.000000000000e+00,1.440000000000e+01,1.110868337821e+00
8.000000000000e+00,1.460000000000e+01,1.103060570018e+00
8.000000000000e+00,1.480000000000e+01,1.095381555975e+00
8.000000000000e+00,1.500000000000e+01,1.087826433959e+00
8.000000000000e+00,1.520000000000e+01,1.080390678703e+00
8.000000000000e+00,1.540000000000e+01,1.073070070582e+00
8.000000000000e+00,1.560000000000e+01,1.065860668053e+00
8.000000000000e+00,1.580000000000e+01,1.058758782956e+00
8.000000000000e+00,1.600000000000e+01,1.051760958357e+00
8.200000000000e+00,3.000000000000e+00,inf
8.200000000000e+00,3.200000000000e+00,inf
8.200000000000e+00,3.400000000000e+00,inf
8.200000000000e+00,3.600000000000e+00,5.619865825263e+00
8.200000000000e+00,3.800000000000e+00,4.612179229346e+00
8.200000000000e+00,4.000000000000e+00,3.923651912139e+00
8.200000000000e+00,4.200000000000e+00,3.433871257145e+00
8.200000000000e+00,4.400000000000e+00,3.073270458850e+00
8.200000000000e+00,4.600000000000e+00,2.799953277998e+00
8.200000000000e+00,4.800000000000e+00,2.587422848637e+00
8.200000000000e+00,5.000000000000e+00,2.418423495326e+00
8.200000000000e+00,5.200000000000e+00,2.281374567222e+00
8.200000000000e+00,5.400000000000e+00,2.168293037497e+00
8.200000000000e+00,5.600000000000e+00,2.073542152028e+00
8.200000000000e+00,5.800000000000e+00,1.993054932845e+00
8.200000000000e+00,6.000000000000e+00,1.923839282064e+00
8.200000000000e+00,6.200000000000e+00,1.863654800044e+00
8.200000000000e+00,6.400000000000e+00,1.810796992092e+00
8.200000000000e+00,6.600000000000e+00,1.763950207563e+00
8.200000000000e+00,6.800000000000e+00,1.722085517856e+00
8.200000000000e+00,7.000000000000e+00,1.684360315133e+00
8.200000000000e+00,7.200000000000e+00,1.650134503597e+00
8.200000000000e+00,7.400000000000e+00,1.618901730406e+00
8.200000000000e+00,7.600000000000e+00,1.590232096207e+00
8.200000000000e+00,7.800000000000e+00,1.563772048221e+00
8.200000000000e+00,8.000000000000e+00,1.539228571435e+00
8.200000000000e+00,8.200000000000e+00,1.516357089576e+00
8.200000000000e+00,8.400000000000e+00,1.494952110465e+00
8.200000000000e+00,8.600000000000e+00,1.474839924273e+00
8.200000000000e+00,8.800000000000e+00,1.455872853457e+00
8.200000000000e+00,9.000000000000e+00,1.437924686988e+00
8.200000000000e+00,9.200000000000e+00,1.420887026799e+00
8.200000000000e+00,9.400000000000e+00,1.404666342905e+00
8.200000000000e+00,9.600000000000e+00,1.389181583549e+00
8.200000000000e+00,9.800000000000e+00,1.374362223352e+00
8.200000000000e+00,1.000000000000e+01,1.360146659587e+00
8.200000000000e+00,1.020000000000e+01,1.346480887046e+00
8.200000000000e+00,1.040000000000e+01,1.333317397249e+00
8.200000000000e+00,1.060000000000e+01,1.320614259433e+00
8.200000000000e+00,1.080000000000e+01,1.308334349658e+00
8.200000000000e+00,1.100000000000e+01,1.296444701263e+00
8.200000000000e+00,1.120000000000e+01,1.284915955247e+00
8.200000000000e+00,1.140000000000e+01,1.273721893355e+00
8.200000000000e+00,1.160000000000e+01,1.262839039891e+00
8.200000000000e+00,1.180000000000e+01,1.252246320951e+00
8.200000000000e+00,1.200000000000e+01,1.241924771769e+00
8.200000000000e+00,1.220000000000e+01,1.231857284593e+00
8.200000000000e+00,1.240000000000e+01,1.222028390793e+00
8.200000000000e+00,1.260000000000e+01,1.212424072000e+00
8.200000000000e+00,1.280000000000e+01,1.203031595962e+00
8.200000000000e+00,1.300000000000e+01,1.193839373492e+00
8.200000000000e+00,1.320000000000e+01,1.184836833476e+00
8.200000000000e+00,1.340000000000e+01,1.176014313413e+00
8.200000000000e+00,1.360000000000e+01,1.167362963318e+00
8.200000000000e+00,1.380000000000e+01,1.158874661173e+00
8.200000000000e+00,1.400000000000e+01,1.150541938381e+00
8.200000000000e+00,1.420000000000e+01,1.142357913912e+00
8.200000000000e+00,1.440000000000e+01,1.134316235997e+00
8.200000000000e+00,1.460000000000e+01,1.126411030422e+00
8.200000000000e+00,1.480000000000e+01,1.118636854584e+00
8.200000000000e+00,1.500000000000e+01,1.110988656601e+00
8.200000000000e+00,1.520000000000e+01,1.103461738853e+00
8.200000000000e+00,1.540000000000e+01,1.096051725421e+00
8.200000000000e+00,1.560000000000e+01,1.088754532966e+00
8.200000000000e+00,1.580000000000e+01,1.081566344646e+00
8.200000000000e+00,1.600000000000e+01,1.074483586706e+00
8.400000000000e+00,3.000000000000e+00,inf
8.400000000000e+00,3.200000000000e+00,inf
8.400000000000e+00,3.400000000000e+00,inf
8.400000000000e+00,3.600000000000e+00,5.969351818585e+00
8.400000000000e+00,3.800000000000e+00,4.866371372016e+00
8.400000000000e+00,4.000000000000e+00,4.116802616656e+00
8.400000000000e+00,4.200000000000e+00,3.586164641741e+00
8.400000000000e+00,4.400000000000e+00,3.197185511015e+00
8.400000000000e+00,4.600000000000e+00,2.903528540697e+00
8.400000000000e+00,4.800000000000e+00,2.676013315028e+00
8.400000000000e+00,5.000000000000e+00,2.495705066155e+00
8.400000000000e+00,5.200000000000e+00,2.349938421438e+00
8.400000000000e+00,5.400000000000e+00,2.230009560798e+00
8.400000000000e+00,5.600000000000e+00,2.129790511108e+00
8.400000000000e+00,5.800000000000e+00,2.044871790492e+00
8.400000000000e+00,6.000000000000e+00,1.972017469500e+00
8.400000000000e+00,6.200000000000e+00,1.908810232734e+00
8.400000000000e+00,6.400000000000e+00,1.853414968904e+00
8.400000000000e+00,6.600000000000e+00,1.804418042659e+00
8.400000000000e+00,6.800000000000e+00,1.760715935610e+00
8.400000000000e+00,7.000000000000e+00,1.721407977604e+00
8.400000000000e+00,7.200000000000e+00,1.685809361399e+00
8.400000000000e+00,7.400000000000e+00,1.653378576384e+00
8.400000000000e+00,7.600000000000e+00,1.623657339849e+00
8.400000000000e+00,7.800000000000e+00,1.596269213719e+00
8.400000000000e+00,8.000000000000e+00,1.570902564203e+00
8.400000000000e+00,8.200000000000e+00,1.547297540918e+00
8.400000000000e+00,8.400000000000e+00,1.525236024590e+00
8.400000000000e+00,8.600000000000e+00,1.504533791845e+00
8.400000000000e+00,8.800000000000e+00,1.485034353250e+00
8.400000000000e+00,9.000000000000e+00,1.466604066624e+00
8.400000000000e+00,9.200000000000e+00,1.449128231282e+00
8.400000000000e+00,9.400000000000e+00,1.432507943352e+00
8.400000000000e+00,9.600000000000e+00,1.416657546425e+00
8.400000000000e+00,9.800000000000e+00,1.401502551458e+00
8.400000000000e+00,1.000000000000e+01,1.386977929234e+00
8.400000000000e+00,1.020000000000e+01,1.373026700632e+00
8.400000000000e+00,1.040000000000e+01,1.359598766502e+00
8.400000000000e+00,1.060000000000e+01,1.346649931475e+00
8.400000000000e+00,1.080000000000e+01,1.334141085669e+00
8.400000000000e+00,1.100000000000e+01,1.322037515644e+00
8.400000000000e+00,1.120000000000e+01,1.310308321697e+00
8.400000000000e+00,1.140000000000e+01,1.298925923103e+00
8.400000000000e+00,1.160000000000e+01,1.287865636398e+00
8.400000000000e+00,1.180000000000e+01,1.277105314632e+00
8.400000000000e+00,1.200000000000e+01,1.266625037686e+00
8.400000000000e+00,1.220000000000e+01,1.256406845580e+00
8.400000000000e+00,1.240000000000e+01,1.246434508063e+00
8.400000000000e+00,1.260000000000e+01,1.236693324970e+00
8.400000000000e+00,1.280000000000e+01,1.227169952753e+00
8.400000000000e+00,1.300000000000e+01,1.217852253333e+00
8.400000000000e+00,1.320000000000e+01,1.208729162078e+00
8.400000000000e+00,1.340000000000e+01,1.199790572192e+00
8.400000000000e+00,1.360000000000e+01,1.191027233243e+00
8.400000000000e+00,1.380000000000e+01,1.182430661900e+00
8.400000000000e+00,1.400000000000e+01,1.173993063245e+00
8.400000000000e+00,1.420000000000e+01,1.165707261247e+00
8.400000000000e+00,1.440000000000e+01,1.157566637239e+00
8.400000000000e+00,1.460000000000e+01,1.149565075344e+00
8.400000000000e+00,1.480000000000e+01,1.141696913992e+00
8.400000000000e+00,1.500000000000e+01,1.133956902775e+00
8.400000000000e+00,1.520000000000e+01,1.126340163973e+00
8.400000000000e+00,1.540000000000e+01,1.118842158205e+00
8.400000000000e+00,1.560000000000e+01,1.111458653700e+00
8.400000000000e+00,1.580000000000e+01,1.104185698779e+00
8.400000000000e+00,1.600000000000e+01,1.097019597159e+00
8.600000000000e+00,3.000000000000e+00,inf
8.600000000000e+00,3.200000000000e+00,inf
8.600000000000e+00,3.400000000000e+00,inf
8.600000000000e+00,3.600000000000e+00,6.341334346695e+00
8.600000000000e+00,3.800000000000e+00,5.135099903698e+00
8.600000000000e+00,4.000000000000e+00,4.319759207590e+00
8.600000000000e+00,4.200000000000e+00,3.745306625087e+00
8.600000000000e+00,4.400000000000e+00,3.326021857662e+00
8.600000000000e+00,4.600000000000e+00,3.010724721793e+00
8.600000000000e+00,4.800000000000e+00,2.767320665408e+00
8.600000000000e+00,5.000000000000e+00,2.575058315305e+00
8.600000000000e+00,5.200000000000e+00,2.420102586868e+00
8.600000000000e+00,5.400000000000e+00,2.292974718700e+00
8.600000000000e+00,5.600000000000e+00,2.187020096797e+00
8.600000000000e+00,5.800000000000e+00,2.097463013013e+00
8.600000000000e+00,6.000000000000e+00,2.020807478672e+00
8.600000000000e+00,6.200000000000e+00,1.954447944634e+00
8.600000000000e+00,6.400000000000e+00,1.896410647297e+00
8.600000000000e+00,6.600000000000e+00,1.845178166472e+00
8.600000000000e+00,6.800000000000e+00,1.799568143004e+00
8.600000000000e+00,7.000000000000e+00,1.758618681005e+00
8.600000000000e+00,7.200000000000e+00,1.721597884263e+00
8.600000000000e+00,7.400000000000e+00,1.687927271299e+00
8.600000000000e+00,7.600000000000e+00,1.657118774592e+00
8.600000000000e+00,7.800000000000e+00,1.628771977708e+00
8.600000000000e+00,8.000000000000e+00,1.602555766792e+00
8.600000000000e+00,8.200000000000e+00,1.578194332150e+00
8.600000000000e+00,8.400000000000e+00,1.555456377321e+00
8.600000000000e+00,8.600000000000e+00,1.534146719941e+00
8.600000000000e+00,8.800000000000e+00,1.514099695038e+00
8.600000000000e+00,9.000000000000e+00,1.495173930085e+00
8.600000000000e+00,9.200000000000e+00,1.477248173787e+00
8.600000000000e+00,9.400000000000e+00,1.460217941382e+00
8.600000000000e+00,9.600000000000e+00,1.443992797848e+00
8.600000000000e+00,9.800000000000e+00,1.428494143340e+00
8.600000000000e+00,1.000000000000e+01,1.413653396924e+00
8.600000000000e+00,1.020000000000e+01,1.399410498368e+00
8.600000000000e+00,1.040000000000e+01,1.385712665555e+00
8.600000000000e+00,1.060000000000e+01,1.372513358620e+00
8.600000000000e+00,1.080000000000e+01,1.359771412233e+00
8.600000000000e+00,1.100000000000e+01,1.347450305394e+00
8.600000000000e+00,1.120000000000e+01,1.335517544310e+00
8.600000000000e+00,1.140000000000e+01,1.323944138673e+00
8.600000000000e+00,1.160000000000e+01,1.312704155508e+00
8.600000000000e+00,1.180000000000e+01,1.301774337677e+00
8.600000000000e+00,1.200000000000e+01,1.291133776542e+00
8.600000000000e+00,1.220000000000e+01,1.280763630169e+00
8.600000000000e+00,1.240000000000e+01,1.270646879954e+00
8.600000000000e+00,1.260000000000e+01,1.260768119827e+00
8.600000000000e+00,1.280000000000e+01,1.251113373128e+00
8.600000000000e+00,1.300000000000e+01,1.241669933099e+00
8.600000000000e+00,1.320000000000e+01,1.232426223586e+00
8.600000000000e+00,1.340000000000e+01,1.223371677088e+00
8.600000000000e+00,1.360000000000e+01,1.214496627736e+00
8.600000000000e+00,1.380000000000e+01,1.205792217158e+00
8.600000000000e+00,1.400000000000e+01,1.197250311518e+00
8.600000000000e+00,1.420000000000e+01,1.188863428219e+00
8.600000000000e+00,1.440000000000e+01,1.180624671045e+00
8.600000000000e+00,1.460000000000e+01,1.172527672640e+00
8.600000000000e+00,1.480000000000e+01,1.164566543412e+00
8.600000000000e+00,1.500000000000e+01,1.156735826055e+00
8.600000000000e+00,1.520000000000e+01,1.149030455009e+00
8.600000000000e+00,1.540000000000e+01,1.141445720261e+00
8.600000000000e+00,1.560000000000e+01,1.133977234965e+00
8.600000000000e+00,1.580000000000e+01,1.126620906444e+00
8.600000000000e+00,1.600000000000e+01,1.119372910168e+00
8.800000000000e+00,3.000000000000e+00,inf
8.800000000000e+00,3.200000000000e+00,inf
8.800000000000e+00,3.400000000000e+00,inf
8.800000000000e+00,3.600000000000e+00,6.737280530206e+00
8.800000000000e+00,3.800000000000e+00,5.419229361752e+00
8.800000000000e+00,4.000000000000e+00,4.533060680021e+00
8.800000000000e+00,4.200000000000e+00,3.911649232088e+00
8.800000000000e+00,4.400000000000e+00,3.460018546004e+00
8.800000000000e+00,4.600000000000e+00,3.121709723766e+00
8.800000000000e+00,4.800000000000e+00,2.861466460296e+00
8.800000000000e+00,5.000000000000e+00,2.656573758784e+00
8.800000000000e+00,5.200000000000e+00,2.491936280358e+00
8.800000000000e+00,5.400000000000e+00,2.357242806810e+00
8.800000000000e+00,5.600000000000e+00,2.245274554472e+00
8.800000000000e+00,5.800000000000e+00,2.150864513484e+00
8.800000000000e+00,6.000000000000e+00,2.070239519595e+00
8.800000000000e+00,6.200000000000e+00,2.000593876627e+00
8.800000000000e+00,6.400000000000e+00,1.939806727018e+00
8.800000000000e+00,6.600000000000e+00,1.886250784305e+00
8.800000000000e+00,6.800000000000e+00,1.838660399730e+00
8.800000000000e+00,7.000000000000e+00,1.796009146920e+00
8.800000000000e+00,7.200000000000e+00,1.757515561474e+00
8.800000000000e+00,7.400000000000e+00,1.722562303703e+00
8.800000000000e+00,7.600000000000e+00,1.690630064894e+00
8.800000000000e+00,7.800000000000e+00,1.661293316233e+00
8.800000000000e+00,8.000000000000e+00,1.634200571728e+00
8.800000000000e+00,8.200000000000e+00,1.609059353825e+00
8.800000000000e+00,8.400000000000e+00,1.585624620957e+00
8.800000000000e+00,8.600000000000e+00,1.563689772641e+00
8.800000000000e+00,8.800000000000e+00,1.543079594136e+00
8.800000000000e+00,9.000000000000e+00,1.523644675164e+00
8.800000000000e+00,9.200000000000e+00,1.505256959435e+00
8.800000000000e+00,9.400000000000e+00,1.487806169296e+00
8.800000000000e+00,9.600000000000e+00,1.471196913236e+00
8.800000000000e+00,9.800000000000e+00,1.455346330401e+00
8.800000000000e+00,1.000000000000e+01,1.440182160512e+00
8.800000000000e+00,1.020000000000e+01,1.425641153135e+00
8.800000000000e+00,1.040000000000e+01,1.411667749418e+00
8.800000000000e+00,1.060000000000e+01,1.398212983959e+00
8.800000000000e+00,1.080000000000e+01,1.385233565569e+00
8.800000000000e+00,1.100000000000e+01,1.372691104229e+00
8.800000000000e+00,1.120000000000e+01,1.360551458129e+00
8.800000000000e+00,1.140000000000e+01,1.348784179871e+00
8.800000000000e+00,1.160000000000e+01,1.337362044920e+00
8.800000000000e+00,1.180000000000e+01,1.326260648590e+00
8.800000000000e+00,1.200000000000e+01,1.315458060400e+00
8.800000000000e+00,1.220000000000e+01,1.304934526626e+00
8.800000000000e+00,1.240000000000e+01,1.294672213515e+00
8.800000000000e+00,1.260000000000e+01,1.284654984936e+00
8.800000000000e+00,1.280000000000e+01,1.274868209282e+00
8.800000000000e+00,1.300000000000e+01,1.265298591321e+00
8.800000000000e+00,1.320000000000e+01,1.255934025390e+00
8.800000000000e+00,1.340000000000e+01,1.246763466887e+00
8.800000000000e+00,1.360000000000e+01,1.237776819529e+00
8.800000000000e+00,1.380000000000e+01,1.228964836205e+00
8.800000000000e+00,1.400000000000e+01,1.220319031589e+00
8.800000000000e+00,1.420000000000e+01,1.211831604971e+00
8.800000000000e+00,1.440000000000e+01,1.203495371961e+00
8.800000000000e+00,1.460000000000e+01,1.195303703930e+00
8.800000000000e+00,1.480000000000e+01,1.187250474219e+00
8.800000000000e+00,1.500000000000e+01,1.179330010272e+00
8.800000000000e+00,1.520000000000e+01,1.171537050956e+00
8.800000000000e+00,1.540000000000e+01,1.163866708464e+00
8.800000000000e+00,1.560000000000e+01,1.156314434234e+00
8.800000000000e+00,1.580000000000e+01,1.148875988427e+00
8.800000000000e+00,1.600000000000e+01,1.141547412545e+00
9.000000000000e+00,3.000000000000e+00,inf
9.000000000000e+00,3.200000000000e+00,inf
9.000000000000e+00,3.400000000000e+00,inf
9.000000000000e+00,3.600000000000e+00,inf
9.000000000000e+00,3.800000000000e+00,5.719671177563e+00
9.000000000000e+00,4.000000000000e+00,4.757271770019e+00
9.000000000000e+00,4.200000000000e+00,4.085559378469e+00
9.000000000000e+00,4.400000000000e+00,3.599423600338e+00
9.000000000000e+00,4.600000000000e+00,3.236657018223e+00
9.000000000000e+00,4.800000000000e+00,2.958575767819e+00
9.000000000000e+00,5.000000000000e+00,2.740344122350e+00
9.000000000000e+00,5.200000000000e+00,2.565510084938e+00
9.000000000000e+00,5.400000000000e+00,2.422868924559e+00
9.000000000000e+00,5.600000000000e+00,2.304597950799e+00
9.000000000000e+00,5.800000000000e+00,2.205112361841e+00
9.000000000000e+00,6.000000000000e+00,2.120343774077e+00
9.000000000000e+00,6.200000000000e+00,2.047273810709e+00
9.000000000000e+00,6.400000000000e+00,1.983625656198e+00
9.000000000000e+00,6.600000000000e+00,1.927655784040e+00
9.000000000000e+00,6.800000000000e+00,1.878010601679e+00
9.000000000000e+00,7.000000000000e+00,1.833595700964e+00
9.000000000000e+00,7.200000000000e+00,1.793577464721e+00
9.000000000000e+00,7.400000000000e+00,1.757297730867e+00
9.000000000000e+00,7.600000000000e+00,1.724204436277e+00
9.000000000000e+00,7.800000000000e+00,1.693845763404e+00
9.000000000000e+00,8.000000000000e+00,1.665848930208e+00
9.000000000000e+00,8.200000000000e+00,1.639904058603e+00
9.000000000000e+00,8.400000000000e+00,1.615751775576e+00
9.000000000000e+00,8.600000000000e+00,1.593173589235e+00
9.000000000000e+00,8.800000000000e+00,1.571984349894e+00
9.000000000000e+00,9.000000000000e+00,1.552026293619e+00
9.000000000000e+00,9.200000000000e+00,1.533164298110e+00
9.000000000000e+00,9.400000000000e+00,1.515282075631e+00
9.000000000000e+00,9.600000000000e+00,1.498279096234e+00
9.000000000000e+00,9.800000000000e+00,1.482068084647e+00
9.000000000000e+00,1.000000000000e+01,1.466572971100e+00
9.000000000000e+00,1.020000000000e+01,1.451727203890e+00
9.000000000000e+00,1.040000000000e+01,1.437472352100e+00
9.000000000000e+00,1.060000000000e+01,1.423756942531e+00
9.000000000000e+00,1.080000000000e+01,1.410535486783e+00
9.000000000000e+00,1.100000000000e+01,1.397767663602e+00
9.000000000000e+00,1.120000000000e+01,1.385417628676e+00
9.000000000000e+00,1.140000000000e+01,1.373453429566e+00
9.000000000000e+00,1.160000000000e+01,1.361846507799e+00
9.000000000000e+00,1.180000000000e+01,1.350571273539e+00
9.000000000000e+00,1.200000000000e+01,1.339604740956e+00
9.000000000000e+00,1.220000000000e+01,1.328926214577e+00
9.000000000000e+00,1.240000000000e+01,1.318517018615e+00
9.000000000000e+00,1.260000000000e+01,1.308360262668e+00
9.000000000000e+00,1.280000000000e+01,1.298440638322e+00
9.000000000000e+00,1.300000000000e+01,1.288744242069e+00
9.000000000000e+00,1.320000000000e+01,1.279258420744e+00
9.000000000000e+00,1.340000000000e+01,1.269971636263e+00
9.000000000000e+00,1.360000000000e+01,1.260873346980e+00
9.000000000000e+00,1.380000000000e+01,1.251953903356e+00
9.000000000000e+00,1.400000000000e+01,1.243204456038e+00
9.000000000000e+00,1.420000000000e+01,1.234616874682e+00
9.000000000000e+00,1.440000000000e+01,1.226183676118e+00
9.000000000000e+00,1.460000000000e+01,1.217897960676e+00
9.000000000000e+00,1.480000000000e+01,1.209753355610e+00
9.000000000000e+00,1.500000000000e+01,1.201743964775e+00
9.000000000000e+00,1.520000000000e+01,1.193864323748e+00
9.000000000000e+00,1.540000000000e+01,1.186109359780e+00
9.000000000000e+00,1.560000000000e+01,1.178474355959e+00
9.000000000000e+00,1.580000000000e+01,1.170954919128e+00
9.000000000000e+00,1.600000000000e+01,1.163546951098e+00
9.200000000000e+00,3.000000000000e+00,inf
9.200000000000e+00,3.200000000000e+00,inf
9.200000000000e+00,3.400000000000e+00,inf
9.200000000000e+00,3.600000000000e+00,inf
9.200000000000e+00,3.800000000000e+00,6.037386462182e+00
9.200000000000e+00,4.000000000000e+00,4.992984321027e+00
9.200000000000e+00,4.200000000000e+00,4.267419583885e+00
9.200000000000e+00,4.400000000000e+00,3.744494423065e+00
9.200000000000e+00,4.600000000000e+00,3.355745891768e+00
9.200000000000e+00,4.800000000000e+00,3.058777328515e+00
9.200000000000e+00,5.000000000000e+00,2.826464461477e+00
9.200000000000e+00,5.200000000000e+00,2.640896043442e+00
9.200000000000e+00,5.400000000000e+00,2.489909052451e+00
9.200000000000e+00,5.600000000000e+00,2.365034840261e+00
9.200000000000e+00,5.800000000000e+00,2.260242844045e+00
9.200000000000e+00,6.000000000000e+00,2.171150449571e+00
9.200000000000e+00,6.200000000000e+00,2.094513419825e+00
9.200000000000e+00,6.400000000000e+00,2.027889678000e+00
9.200000000000e+00,6.600000000000e+00,1.969412780152e+00
9.200000000000e+00,6.800000000000e+00,1.917636322653e+00
9.200000000000e+00,7.000000000000e+00,1.871394312431e+00
9.200000000000e+00,7.200000000000e+00,1.829798285853e+00
9.200000000000e+00,7.400000000000e+00,1.792147214723e+00
9.200000000000e+00,7.600000000000e+00,1.757854709540e+00
9.200000000000e+00,7.800000000000e+00,1.726441443916e+00
9.200000000000e+00,8.000000000000e+00,1.697512382975e+00
9.200000000000e+00,8.200000000000e+00,1.670739490507e+00
9.200000000000e+00,8.400000000000e+00,1.645848456694e+00
9.200000000000e+00,8.600000000000e+00,1.622608410315e+00
9.200000000000e+00,8.800000000000e+00,1.600823870258e+00
9.200000000000e+00,9.000000000000e+00,1.580328394233e+00
9.200000000000e+00,9.200000000000e+00,1.560979526048e+00
9.200000000000e+00,9.400000000000e+00,1.542654745310e+00
9.200000000000e+00,9.600000000000e+00,1.525248197459e+00
9.200000000000e+00,9.800000000000e+00,1.508668036065e+00
9.200000000000e+00,1.000000000000e+01,1.492834249093e+00
9.200000000000e+00,1.020000000000e+01,1.477676870428e+00
9.200000000000e+00,1.040000000000e+01,1.463134500132e+00
9.200000000000e+00,1.060000000000e+01,1.449153073661e+00
9.200000000000e+00,1.080000000000e+01,1.435684833036e+00
9.200000000000e+00,1.100000000000e+01,1.422687462774e+00
9.200000000000e+00,1.120000000000e+01,1.410123360954e+00
9.200000000000e+00,1.140000000000e+01,1.397959021674e+00
9.200000000000e+00,1.160000000000e+01,1.386164509790e+00
9.200000000000e+00,1.180000000000e+01,1.374713012435e+00
9.200000000000e+00,1.200000000000e+01,1.363580454727e+00
9.200000000000e+00,1.220000000000e+01,1.352745169341e+00
9.200000000000e+00,1.240000000000e+01,1.342187611466e+00
9.200000000000e+00,1.260000000000e+01,1.331890112163e+00
9.200000000000e+00,1.280000000000e+01,1.321836664305e+00
9.200000000000e+00,1.300000000000e+01,1.312012736286e+00
9.200000000000e+00,1.320000000000e+01,1.302405109447e+00
9.200000000000e+00,1.340000000000e+01,1.293001735852e+00
9.200000000000e+00,1.360000000000e+01,1.283791613549e+00
9.200000000000e+00,1.380000000000e+01,1.274764676915e+00
9.200000000000e+00,1.400000000000e+01,1.265911700053e+00
9.200000000000e+00,1.420000000000e+01,1.257224211484e+00
9.200000000000e+00,1.440000000000e+01,1.248694418691e+00
9.200000000000e+00,1.460000000000e+01,1.240315141209e+00
9.200000000000e+00,1.480000000000e+01,1.232079751216e+00
9.200000000000e+00,1.500000000000e+01,1.223982120658e+00
9.200000000000e+00,1.520000000000e+01,1.216016574129e+00
9.200000000000e+00,1.540000000000e+01,1.208177846799e+00
9.200000000000e+00,1.560000000000e+01,1.200461046791e+00
9.200000000000e+00,1.580000000000e+01,1.192861621482e+00
9.200000000000e+00,1.600000000000e+01,1.185375327275e+00
9.400000000000e+00,3.000000000000e+00,inf
9.400000000000e+00,3.200000000000e+00,inf
9.400000000000e+00,3.400000000000e+00,inf
9.400000000000e+00,3.600000000000e+00,inf
9.400000000000e+00,3.800000000000e+00,6.373388958683e+00
9.400000000000e+00,4.000000000000e+00,5.240818725449e+00
9.400000000000e+00,4.200000000000e+00,4.457628718377e+00
9.400000000000e+00,4.400000000000e+00,3.895498209145e+00
9.400000000000e+00,4.600000000000e+00,3.479161695834e+00
9.400000000000e+00,4.800000000000e+00,3.162203719724e+00
9.400000000000e+00,5.000000000000e+00,2.915032278904e+00
9.400000000000e+00,5.200000000000e+00,2.718167748859e+00
9.400000000000e+00,5.400000000000e+00,2.558420125690e+00
9.400000000000e+00,5.600000000000e+00,2.426630327956e+00
9.400000000000e+00,5.800000000000e+00,2.316292517522e+00
9.400000000000e+00,6.000000000000e+00,2.222689829379e+00
9.400000000000e+00,6.200000000000e+00,2.142338314170e+00
9.400000000000e+00,6.400000000000e+00,2.072620873886e+00
9.400000000000e+00,6.600000000000e+00,2.011541154479e+00
9.400000000000e+00,6.800000000000e+00,1.957554853017e+00
9.400000000000e+00,7.000000000000e+00,1.909420631061e+00
9.400000000000e+00,7.200000000000e+00,1.866192371901e+00
9.400000000000e+00,7.400000000000e+00,1.827124055268e+00
9.400000000000e+00,7.600000000000e+00,1.791593332601e+00
9.400000000000e+00,7.800000000000e+00,1.759092103382e+00
9.400000000000e+00,8.000000000000e+00,1.729202089174e+00
9.400000000000e+00,8.200000000000e+00,1.701576312341e+00
9.400000000000e+00,8.400000000000e+00,1.675924901264e+00
9.400000000000e+00,8.600000000000e+00,1.652004102384e+00
9.400000000000e+00,8.800000000000e+00,1.629607695001e+00
9.400000000000e+00,9.000000000000e+00,1.608560224690e+00
9.400000000000e+00,9.200000000000e+00,1.588711626386e+00
9.400000000000e+00,9.400000000000e+00,1.569932918895e+00
9.400000000000e+00,9.600000000000e+00,1.552112732484e+00
9.400000000000e+00,9.800000000000e+00,1.535154489369e+00
9.400000000000e+00,1.000000000000e+01,1.518974099738e+00
9.400000000000e+00,1.020000000000e+01,1.503498067762e+00
9.400000000000e+00,1.040000000000e+01,1.488661925811e+00
9.400000000000e+00,1.060000000000e+01,1.474408933098e+00
9.400000000000e+00,1.080000000000e+01,1.460688988633e+00
9.400000000000e+00,1.100000000000e+01,1.447457718870e+00
9.400000000000e+00,1.120000000000e+01,1.434675708522e+00
9.400000000000e+00,1.140000000000e+01,1.422307849295e+00
9.400000000000e+00,1.160000000000e+01,1.410322786240e+00
9.400000000000e+00,1.180000000000e+01,1.398692445289e+00
9.400000000000e+00,1.200000000000e+01,1.387391628581e+00
9.400000000000e+00,1.220000000000e+01,1.376397666667e+00
9.400000000000e+00,1.240000000000e+01,1.365690118616e+00
9.400000000000e+00,1.260000000000e+01,1.355250512595e+00
9.400000000000e+00,1.280000000000e+01,1.345062120817e+00
9.400000000000e+00,1.300000000000e+01,1.335109763723e+00
9.400000000000e+00,1.320000000000e+01,1.325379639163e+00
9.400000000000e+00,1.340000000000e+01,1.315859172976e+00
9.400000000000e+00,1.360000000000e+01,1.306536887979e+00
9.400000000000e+00,1.380000000000e+01,1.297402288825e+00
9.400000000000e+00,1.400000000000e+01,1.288445760574e+00
9.400000000000e+00,1.420000000000e+01,1.279658479150e+00
9.400000000000e+00,1.440000000000e+01,1.271032332134e+00
9.400000000000e+00,1.460000000000e+01,1.262559848554e+00
9.400000000000e+00,1.480000000000e+01,1.254234136535e+00
9.400000000000e+00,1.500000000000e+01,1.246048827827e+00
9.400000000000e+00,1.520000000000e+01,1.237998028364e+00
9.400000000000e+00,1.540000000000e+01,1.230076274124e+00
9.400000000000e+00,1.560000000000e+01,1.222278491661e+00
9.400000000000e+00,1.580000000000e+01,1.214599962752e+00
9.400000000000e+00,1.600000000000e+01,1.207036292692e+00
9.600000000000e+00,3.000000000000e+00,inf
9.600000000000e+00,3.200000000000e+00,inf
9.600000000000e+00,3.400000000000e+00,inf
9.600000000000e+00,3.600000000000e+00,inf
9.600000000000e+00,3.800000000000e+00,6.728748169708e+00
9.600000000000e+00,4.000000000000e+00,5.501425445610e+00
9.600000000000e+00,4.200000000000e+00,4.656602784710e+00
9.600000000000e+00,4.400000000000e+00,4.052712375624e+00
9.600000000000e+00,4.600000000000e+00,3.607096101615e+00
9.600000000000e+00,4.800000000000e+00,3.268991520375e+00
9.600000000000e+00,5.000000000000e+00,3.006147640428e+00
9.600000000000e+00,5.200000000000e+00,2.797400431942e+00
9.600000000000e+00,5.400000000000e+00,2.628460104652e+00
9.600000000000e+00,5.600000000000e+00,2.489430129095e+00
9.600000000000e+00,5.800000000000e+00,2.373298263283e+00
9.600000000000e+00,6.000000000000e+00,2.274992319591e+00
9.600000000000e+00,6.200000000000e+00,2.190774084324e+00
9.600000000000e+00,6.400000000000e+00,2.117841203811e+00
9.600000000000e+00,6.600000000000e+00,2.054060094065e+00
9.600000000000e+00,6.800000000000e+00,1.997783235551e+00
9.600000000000e+00,7.000000000000e+00,1.947690021150e+00
9.600000000000e+00,7.200000000000e+00,1.902773757614e+00
9.600000000000e+00,7.400000000000e+00,1.862241221620e+00
9.600000000000e+00,7.600000000000e+00,1.825432410154e+00
9.600000000000e+00,7.800000000000e+00,1.791809136643e+00
9.600000000000e+00,8.000000000000e+00,1.760928853347e+00
9.600000000000e+00,8.200000000000e+00,1.732424831385e+00
9.600000000000e+00,8.400000000000e+00,1.705990992099e+00
9.600000000000e+00,8.600000000000e+00,1.681370181020e+00
9.600000000000e+00,8.800000000000e+00,1.658345017656e+00
9.600000000000e+00,9.000000000000e+00,1.636730692296e+00
9.600000000000e+00,9.200000000000e+00,1.616369248687e+00
9.600000000000e+00,9.400000000000e+00,1.597125010939e+00
9.600000000000e+00,9.600000000000e+00,1.578880899047e+00
9.600000000000e+00,9.800000000000e+00,1.561535440083e+00
9.600000000000e+00,1.000000000000e+01,1.545000328113e+00
9.600000000000e+00,1.020000000000e+01,1.529198420040e+00
9.600000000000e+00,1.040000000000e+01,1.514062080084e+00
9.600000000000e+00,1.060000000000e+01,1.499531804899e+00
9.600000000000e+00,1.080000000000e+01,1.485555075933e+00
9.600000000000e+00,1.100000000000e+01,1.472085396859e+00
9.600000000000e+00,1.120000000000e+01,1.459081482570e+00
9.600000000000e+00,1.140000000000e+01,1.446506572903e+00
9.600000000000e+00,1.160000000000e+01,1.434327849561e+00
9.600000000000e+00,1.180000000000e+01,1.422515938770e+00
9.600000000000e+00,1.200000000000e+01,1.411044485518e+00
9.600000000000e+00,1.220000000000e+01,1.399889787786e+00
9.600000000000e+00,1.240000000000e+01,1.389030481283e+00
9.600000000000e+00,1.260000000000e+01,1.378447266840e+00
9.600000000000e+00,1.280000000000e+01,1.368122673994e+00
9.600000000000e+00,1.300000000000e+01,1.358040855351e+00
9.600000000000e+00,1.320000000000e+01,1.348187407246e+00
9.600000000000e+00,1.340000000000e+01,1.338549212919e+00
9.600000000000e+00,1.360000000000e+01,1.329114305041e+00
9.600000000000e+00,1.380000000000e+01,1.319871744914e+00
9.600000000000e+00,1.400000000000e+01,1.310811516081e+00
9.600000000000e+00,1.420000000000e+01,1.301924430423e+00
9.600000000000e+00,1.440000000000e+01,1.293202045098e+00
9.600000000000e+00,1.460000000000e+01,1.284636588935e+00
9.600000000000e+00,1.480000000000e+01,1.276220897064e+00
9.600000000000e+00,1.500000000000e+01,1.267948352774e+00
9.600000000000e+00,1.520000000000e+01,1.259812835686e+00
9.600000000000e+00,1.540000000000e+01,1.251808675497e+00
9.600000000000e+00,1.560000000000e+01,1.243930610610e+00
9.600000000000e+00,1.580000000000e+01,1.236173751087e+00
9.600000000000e+00,1.600000000000e+01,1.228533545425e+00
9.800000000000e+00,3.000000000000e+00,inf
9.800000000000e+00,3.200000000000e+00,inf
9.800000000000e+00,3.400000000000e+00,inf
9.800000000000e+00,3.600000000000e+00,inf
9.800000000000e+00,3.800000000000e+00,7.104592668993e+00
9.800000000000e+00,4.000000000000e+00,5.775486618159e+00
9.800000000000e+00,4.200000000000e+00,4.864775738985e+00
9.800000000000e+00,4.400000000000e+00,4.216425007816e+00
9.800000000000e+00,4.600000000000e+00,3.739747361165e+00
9.800000000000e+00,4.800000000000e+00,3.379281476911e+00
9.800000000000e+00,5.000000000000e+00,3.099913289485e+00
9.800000000000e+00,5.200000000000e+00,2.878671046547e+00
9.800000000000e+00,5.400000000000e+00,2.700088042627e+00
9.800000000000e+00,5.600000000000e+00,2.553480625582e+00
9.800000000000e+00,5.800000000000e+00,2.431297335090e+00
9.800000000000e+00,6.000000000000e+00,2.328088493091e+00
9.800000000000e+00,6.200000000000e+00,2.239846341506e+00
9.800000000000e+00,6.400000000000e+00,2.163572543644e+00
9.800000000000e+00,6.600000000000e+00,2.096988626320e+00
9.800000000000e+00,6.800000000000e+00,2.038338298744e+00
9.800000000000e+00,7.000000000000e+00,1.986217593225e+00
9.800000000000e+00,7.200000000000e+00,1.939556195685e+00
9.800000000000e+00,7.400000000000e+00,1.897511380908e+00
9.800000000000e+00,7.600000000000e+00,1.859383731293e+00
9.800000000000e+00,7.800000000000e+00,1.824603614173e+00
9.800000000000e+00,8.000000000000e+00,1.792703150655e+00
9.800000000000e+00,8.200000000000e+00,1.763295023462e+00
9.800000000000e+00,8.400000000000e+00,1.736056280801e+00
9.800000000000e+00,8.600000000000e+00,1.710715832685e+00
9.800000000000e+00,8.800000000000e+00,1.687044706217e+00
9.800000000000e+00,9.000000000000e+00,1.664848383583e+00
9.800000000000e+00,9.200000000000e+00,1.643960727475e+00
9.800000000000e+00,9.400000000000e+00,1.624239127462e+00
9.800000000000e+00,9.600000000000e+00,1.605560593479e+00
9.800000000000e+00,9.800000000000e+00,1.587818589960e+00
9.800000000000e+00,1.000000000000e+01,1.570920453556e+00
9.800000000000e+00,1.020000000000e+01,1.554785274001e+00
9.800000000000e+00,1.040000000000e+01,1.539342145053e+00
9.800000000000e+00,1.060000000000e+01,1.524528713014e+00
9.800000000000e+00,1.080000000000e+01,1.510289966041e+00
9.800000000000e+00,1.100000000000e+01,1.496577219379e+00
9.800000000000e+00,1.120000000000e+01,1.483347260905e+00
9.800000000000e+00,1.140000000000e+01,1.470561628542e+00
9.800000000000e+00,1.160000000000e+01,1.458185996639e+00
9.800000000000e+00,1.180000000000e+01,1.446189652868e+00
9.800000000000e+00,1.200000000000e+01,1.434545050625e+00
9.800000000000e+00,1.220000000000e+01,1.423227424666e+00
9.800000000000e+00,1.240000000000e+01,1.412214459957e+00
9.800000000000e+00,1.260000000000e+01,1.401486005442e+00
9.800000000000e+00,1.280000000000e+01,1.391023825895e+00
9.800000000000e+00,1.300000000000e+01,1.380811386152e+00
9.800000000000e+00,1.320000000000e+01,1.370833662986e+00
9.800000000000e+00,1.340000000000e+01,1.361076980655e+00
9.800000000000e+00,1.360000000000e+01,1.351528866767e+00
9.800000000000e+00,1.380000000000e+01,1.342177925657e+00
9.800000000000e+00,1.400000000000e+01,1.333013726898e+00
9.800000000000e+00,1.420000000000e+01,1.324026706902e+00
9.800000000000e+00,1.440000000000e+01,1.315208081910e+00
9.800000000000e+00,1.460000000000e+01,1.306549770884e+00
9.800000000000e+00,1.480000000000e+01,1.298044327045e+00
9.800000000000e+00,1.500000000000e+01,1.289684876981e+00
9.800000000000e+00,1.520000000000e+01,1.281465066378e+00
9.800000000000e+00,1.540000000000e+01,1.273379011581e+00
9.800000000000e+00,1.560000000000e+01,1.265421256285e+00
9.800000000000e+00,1.580000000000e+01,1.257586732742e+00
9.800000000000e+00,1.600000000000e+01,1.249870726980e+00
1.000000000000e+01,3.000000000000e+00,inf
1.000000000000e+01,3.200000000000e+00,inf
1.000000000000e+01,3.400000000000e+00,inf
1.000000000000e+01,3.600000000000e+00,inf
1.000000000000e+01,3.800000000000e+00,7.502113606131e+00
1.000000000000e+01,4.000000000000e+00,6.063717746035e+00
1.000000000000e+01,4.200000000000e+00,5.082600351868e+00
1.000000000000e+01,4.400000000000e+00,4.386935323644e+00
1.000000000000e+01,4.600000000000e+00,3.877320575666e+00
1.000000000000e+01,4.800000000000e+00,3.493218671086e+00
1.000000000000e+01,5.000000000000e+00,3.196434761084e+00
1.000000000000e+01,5.200000000000e+00,2.962058353156e+00
1.000000000000e+01,5.400000000000e+00,2.773364151212e+00
1.000000000000e+01,5.600000000000e+00,2.618828920028e+00
1.000000000000e+01,5.800000000000e+00,2.490327405972e+00
1.000000000000e+01,6.000000000000e+00,2.382009130922e+00
1.000000000000e+01,6.200000000000e+00,2.289580755251e+00
1.000000000000e+01,6.400000000000e+00,2.209836720067e+00
1.000000000000e+01,6.600000000000e+00,2.140345651756e+00
1.000000000000e+01,6.800000000000e+00,2.079236687758e+00
1.000000000000e+01,7.000000000000e+00,2.025018233503e+00
1.000000000000e+01,7.200000000000e+00,1.976553184870e+00
1.000000000000e+01,7.400000000000e+00,1.932946925167e+00
1.000000000000e+01,7.600000000000e+00,1.893458795263e+00
1.000000000000e+01,7.800000000000e+00,1.857486306728e+00
1.000000000000e+01,8.000000000000e+00,1.824535150464e+00
1.000000000000e+01,8.200000000000e+00,1.794196555485e+00
1.000000000000e+01,8.400000000000e+00,1.766130009287e+00
1.000000000000e+01,8.600000000000e+00,1.740049935242e+00
1.000000000000e+01,8.800000000000e+00,1.715715322656e+00
1.000000000000e+01,9.000000000000e+00,1.692921582851e+00
1.000000000000e+01,9.200000000000e+00,1.671494099800e+00
1.000000000000e+01,9.400000000000e+00,1.651283082562e+00
1.000000000000e+01,9.600000000000e+00,1.632159426384e+00
1.000000000000e+01,9.800000000000e+00,1.614011361731e+00
1.000000000000e+01,1.000000000000e+01,1.596741723496e+00
1.000000000000e+01,1.020000000000e+01,1.580265711930e+00
1.000000000000e+01,1.040000000000e+01,1.564509046072e+00
1.000000000000e+01,1.060000000000e+01,1.549406432541e+00
1.000000000000e+01,1.080000000000e+01,1.534900289247e+00
1.000000000000e+01,1.100000000000e+01,1.520939676376e+00
1.000000000000e+01,1.120000000000e+01,1.507479396832e+00
1.000000000000e+01,1.140000000000e+01,1.494479235951e+00
1.000000000000e+01,1.160000000000e+01,1.481903316246e+00
1.000000000000e+01,1.180000000000e+01,1.469719547612e+00
1.000000000000e+01,1.200000000000e+01,1.457899157119e+00
1.000000000000e+01,1.220000000000e+01,1.446416285423e+00
1.000000000000e+01,1.240000000000e+01,1.435247639197e+00
1.000000000000e+01,1.260000000000e+01,1.424372190825e+00
1.000000000000e+01,1.280000000000e+01,1.413770918142e+00
1.000000000000e+01,1.300000000000e+01,1.403426578222e+00
1.000000000000e+01,1.320000000000e+01,1.393323510197e+00
1.000000000000e+01,1.340000000000e+01,1.383447462939e+00
1.000000000000e+01,1.360000000000e+01,1.373785444071e+00
1.000000000000e+01,1.380000000000e+01,1.364325587355e+00
1.000000000000e+01,1.400000000000e+01,1.355057035949e+00
1.000000000000e+01,1.420000000000e+01,1.345969839395e+00
1.000000000000e+01,1.440000000000e+01,1.337054862540e+00
1.000000000000e+01,1.460000000000e+01,1.328303704840e+00
1.000000000000e+01,1.480000000000e+01,1.319708628719e+00
1.000000000000e+01,1.500000000000e+01,1.311262495852e+00
1.000000000000e+01,1.520000000000e+01,1.302958710390e+00
1.000000000000e+01,1.540000000000e+01,1.294791168287e+00
1.000000000000e+01,1.560000000000e+01,1.286754211991e+00
1.000000000000e+01,1.580000000000e+01,1.278842589873e+00
1.000000000000e+01,1.600000000000e+01,1.271051419840e+00
1.020000000000e+01,3.000000000000e+00,inf
1.020000000000e+01,3.200000000000e+00,inf
1.020000000000e+01,3.400000000000e+00,inf
1.020000000000e+01,3.600000000000e+00,inf
1.020000000000e+01,3.800000000000e+00,7.922568414362e+00
1.020000000000e+01,4.000000000000e+00,6.366869482125e+00
1.020000000000e+01,4.200000000000e+00,5.310549112689e+00
1.020000000000e+01,4.400000000000e+00,4.564554157586e+00
1.020000000000e+01,4.600000000000e+00,4.020027971859e+00
1.020000000000e+01,4.800000000000e+00,3.610952690304e+00
1.020000000000e+01,5.000000000000e+00,3.295820495590e+00
1.020000000000e+01,5.200000000000e+00,3.047643000976e+00
1.020000000000e+01,5.400000000000e+00,2.848349863696e+00
1.020000000000e+01,5.600000000000e+00,2.685522887503e+00
1.020000000000e+01,5.800000000000e+00,2.550426612401e+00
1.020000000000e+01,6.000000000000e+00,2.436785261294e+00
1.020000000000e+01,6.200000000000e+00,2.340003088738e+00
1.020000000000e+01,6.400000000000e+00,2.256655543199e+00
1.020000000000e+01,6.600000000000e+00,2.184149974513e+00
1.020000000000e+01,6.800000000000e+00,2.120494893269e+00
1.020000000000e+01,7.000000000000e+00,2.064106631304e+00
1.020000000000e+01,7.200000000000e+00,2.013777996160e+00
1.020000000000e+01,7.400000000000e+00,1.968559996387e+00
1.020000000000e+01,7.600000000000e+00,1.927668835456e+00
1.020000000000e+01,7.800000000000e+00,1.890467708361e+00
1.020000000000e+01,8.000000000000e+00,1.856434738399e+00
1.020000000000e+01,8.200000000000e+00,1.825138806575e+00
1.020000000000e+01,8.400000000000e+00,1.796221129983e+00
1.020000000000e+01,8.600000000000e+00,1.769381077244e+00
1.020000000000e+01,8.800000000000e+00,1.744365141324e+00
1.020000000000e+01,9.000000000000e+00,1.720958289674e+00
1.020000000000e+01,9.200000000000e+00,1.698977121871e+00
1.020000000000e+01,9.400000000000e+00,1.678264414182e+00
1.020000000000e+01,9.600000000000e+00,1.658684737551e+00
1.020000000000e+01,9.800000000000e+00,1.640120913182e+00
1.020000000000e+01,1.000000000000e+01,1.622471126725e+00
1.020000000000e+01,1.020000000000e+01,1.605646564111e+00
1.020000000000e+01,1.040000000000e+01,1.589569463411e+00
1.020000000000e+01,1.060000000000e+01,1.574171500619e+00
1.020000000000e+01,1.080000000000e+01,1.559392445164e+00
1.020000000000e+01,1.100000000000e+01,1.545179034525e+00
1.020000000000e+01,1.120000000000e+01,1.531484027851e+00
1.020000000000e+01,1.140000000000e+01,1.518265406581e+00
1.020000000000e+01,1.160000000000e+01,1.505485696395e+00
1.020000000000e+01,1.180000000000e+01,1.493111389784e+00
1.020000000000e+01,1.200000000000e+01,1.481112452447e+00
1.020000000000e+01,1.220000000000e+01,1.469461899824e+00
1.020000000000e+01,1.240000000000e+01,1.458135432559e+00
1.020000000000e+01,1.260000000000e+01,1.447111121664e+00
1.020000000000e+01,1.280000000000e+01,1.436369135766e+00
1.020000000000e+01,1.300000000000e+01,1.425891504115e+00
1.020000000000e+01,1.320000000000e+01,1.415661910074e+00
1.020000000000e+01,1.340000000000e+01,1.405665510700e+00
1.020000000000e+01,1.360000000000e+01,1.395888778703e+00
1.020000000000e+01,1.380000000000e+01,1.386319363661e+00
1.020000000000e+01,1.400000000000e+01,1.376945969885e+00
1.020000000000e+01,1.420000000000e+01,1.367758248658e+00
1.020000000000e+01,1.440000000000e+01,1.358746702980e+00
1.020000000000e+01,1.460000000000e+01,1.349902603186e+00
1.020000000000e+01,1.480000000000e+01,1.341217912036e+00
1.020000000000e+01,1.500000000000e+01,1.332685218108e+00
1.020000000000e+01,1.520000000000e+01,1.324297676445e+00
1.020000000000e+01,1.540000000000e+01,1.316048955593e+00
1.020000000000e+01,1.560000000000e+01,1.307933190246e+00
1.020000000000e+01,1.580000000000e+01,1.299944938840e+00
1.020000000000e+01,1.600000000000e+01,1.292079145534e+00
1.040000000000e+01,3.000000000000e+00,inf
1.040000000000e+01,3.200000000000e+00,inf
1.040000000000e+01,3.400000000000e+00,inf
1.040000000000e+01,3.600000000000e+00,inf
1.040000000000e+01,3.800000000000e+00,inf
1.040000000000e+01,4.000000000000e+00,6.685729508851e+00
1.040000000000e+01,4.200000000000e+00,5.549115178639e+00
1.040000000000e+01,4.400000000000e+00,4.749604465621e+00
1.040000000000e+01,4.600000000000e+00,4.168089187556e+00
1.040000000000e+01,4.800000000000e+00,3.732637801145e+00
1.040000000000e+01,5.000000000000e+00,3.398181952818e+00
1.040000000000e+01,5.200000000000e+00,3.135507608979e+00
1.040000000000e+01,5.400000000000e+00,2.925107896760e+00
1.040000000000e+01,5.600000000000e+00,2.753611225316e+00
1.040000000000e+01,5.800000000000e+00,2.611633596359e+00
1.040000000000e+01,6.000000000000e+00,2.492448196458e+00
1.040000000000e+01,6.200000000000e+00,2.391139232020e+00
1.040000000000e+01,6.400000000000e+00,2.304050837146e+00
1.040000000000e+01,6.600000000000e+00,2.228420330875e+00
1.040000000000e+01,6.800000000000e+00,2.162129278353e+00
1.040000000000e+01,7.000000000000e+00,2.103497304601e+00
1.040000000000e+01,7.200000000000e+00,2.051243697171e+00
1.040000000000e+01,7.400000000000e+00,2.004362509865e+00
1.040000000000e+01,7.600000000000e+00,1.962024841813e+00
1.040000000000e+01,7.800000000000e+00,1.923558057906e+00
1.040000000000e+01,8.000000000000e+00,1.888411536964e+00
1.040000000000e+01,8.200000000000e+00,1.856130887836e+00
1.040000000000e+01,8.400000000000e+00,1.826338324778e+00
1.040000000000e+01,8.600000000000e+00,1.798717576070e+00
1.040000000000e+01,8.800000000000e+00,1.773002166273e+00
1.040000000000e+01,9.000000000000e+00,1.748966235434e+00
1.040000000000e+01,9.200000000000e+00,1.726417284803e+00
1.040000000000e+01,9.400000000000e+00,1.705190399078e+00
1.040000000000e+01,9.600000000000e+00,1.685143610148e+00
1.040000000000e+01,9.800000000000e+00,1.666154150589e+00
1.040000000000e+01,1.000000000000e+01,1.648115406069e+00
1.040000000000e+01,1.020000000000e+01,1.630934420777e+00
1.040000000000e+01,1.040000000000e+01,1.614529843479e+00
1.040000000000e+01,1.060000000000e+01,1.598830226950e+00
1.040000000000e+01,1.080000000000e+01,1.583772612568e+00
1.040000000000e+01,1.100000000000e+01,1.569301346390e+00
1.040000000000e+01,1.120000000000e+01,1.555367084176e+00
1.040000000000e+01,1.140000000000e+01,1.541925951477e+00
1.040000000000e+01,1.160000000000e+01,1.528938831605e+00
1.040000000000e+01,1.180000000000e+01,1.516370759590e+00
1.040000000000e+01,1.200000000000e+01,1.504190404380e+00
1.040000000000e+01,1.220000000000e+01,1.492369624821e+00
1.040000000000e+01,1.240000000000e+01,1.480883087594e+00
1.040000000000e+01,1.260000000000e+01,1.469707937378e+00
1.040000000000e+01,1.280000000000e+01,1.458823511205e+00
1.040000000000e+01,1.300000000000e+01,1.448211090359e+00
1.040000000000e+01,1.320000000000e+01,1.437853684256e+00
1.040000000000e+01,1.340000000000e+01,1.427735841675e+00
1.040000000000e+01,1.360000000000e+01,1.417843485461e+00
1.040000000000e+01,1.380000000000e+01,1.408163767398e+00
1.040000000000e+01,1.400000000000e+01,1.398684940519e+00
1.040000000000e+01,1.420000000000e+01,1.389396246471e+00
1.040000000000e+01,1.440000000000e+01,1.380287815973e+00
1.040000000000e+01,1.460000000000e+01,1.371350580642e+00
1.040000000000e+01,1.480000000000e+01,1.362576194734e+00
1.040000000000e+01,1.500000000000e+01,1.353956965568e+00
1.040000000000e+01,1.520000000000e+01,1.345485791534e+00
1.040000000000e+01,1.540000000000e+01,1.337156106780e+00
1.040000000000e+01,1.560000000000e+01,1.328961831758e+00
1.040000000000e+01,1.580000000000e+01,1.320897328946e+00
1.040000000000e+01,1.600000000000e+01,1.312957363146e+00
1.060000000000e+01,3.000000000000e+00,inf
1.060000000000e+01,3.200000000000e+00,inf
1.060000000000e+01,3.400000000000e+00,inf
1.060000000000e+01,3.600000000000e+00,inf
1.060000000000e+01,3.800000000000e+00,inf
1.060000000000e+01,4.000000000000e+00,7.021124518050e+00
1.060000000000e+01,4.200000000000e+00,5.798813371233e+00
1.060000000000e+01,4.400000000000e+00,4.942421852501e+00
1.060000000000e+01,4.600000000000e+00,4.321731567138e+00
1.060000000000e+01,4.800000000000e+00,3.858433126702e+00
1.060000000000e+01,5.000000000000e+00,3.503633726899e+00
1.060000000000e+01,5.200000000000e+00,3.225736846250e+00
1.060000000000e+01,5.400000000000e+00,3.003702310770e+00
1.060000000000e+01,5.600000000000e+00,2.823143501067e+00
1.060000000000e+01,5.800000000000e+00,2.673987545564e+00
1.060000000000e+01,6.000000000000e+00,2.549029567679e+00
1.060000000000e+01,6.200000000000e+00,2.443015233343e+00
1.060000000000e+01,6.400000000000e+00,2.352044468674e+00
1.060000000000e+01,6.600000000000e+00,2.273175415949e+00
1.060000000000e+01,6.800000000000e+00,2.204156103614e+00
1.060000000000e+01,7.000000000000e+00,2.143204623864e+00
1.060000000000e+01,7.200000000000e+00,2.088963174893e+00
1.060000000000e+01,7.400000000000e+00,2.040366175990e+00
1.060000000000e+01,7.600000000000e+00,1.996537581727e+00
1.060000000000e+01,7.800000000000e+00,1.956767359068e+00
1.060000000000e+01,8.000000000000e+00,1.920474924841e+00
1.060000000000e+01,8.200000000000e+00,1.887181660893e+00
1.060000000000e+01,8.400000000000e+00,1.856490022811e+00
1.060000000000e+01,8.600000000000e+00,1.828067494977e+00
1.060000000000e+01,8.800000000000e+00,1.801634147587e+00
1.060000000000e+01,9.000000000000e+00,1.776952898923e+00
1.060000000000e+01,9.200000000000e+00,1.753821829501e+00
1.060000000000e+01,9.400000000000e+00,1.732068066996e+00
1.060000000000e+01,9.600000000000e+00,1.711542884205e+00
1.060000000000e+01,9.800000000000e+00,1.692117741510e+00
1.060000000000e+01,1.000000000000e+01,1.673681070509e+00
1.060000000000e+01,1.020000000000e+01,1.656135643548e+00
1.060000000000e+01,1.040000000000e+01,1.639396409615e+00
1.060000000000e+01,1.060000000000e+01,1.623388703941e+00
1.060000000000e+01,1.080000000000e+01,1.608046758905e+00
1.060000000000e+01,1.100000000000e+01,1.593312459316e+00
1.060000000000e+01,1.120000000000e+01,1.579134297024e+00
1.060000000000e+01,1.140000000000e+01,1.565466488986e+00
1.060000000000e+01,1.160000000000e+01,1.552268230038e+00
1.060000000000e+01,1.180000000000e+01,1.539503057246e+00
1.060000000000e+01,1.200000000000e+01,1.527138307067e+00
1.060000000000e+01,1.220000000000e+01,1.515144650096e+00
1.060000000000e+01,1.240000000000e+01,1.503495690899e+00
1.060000000000e+01,1.260000000000e+01,1.492167622691e+00
1.060000000000e+01,1.280000000000e+01,1.481138928401e+00
1.060000000000e+01,1.300000000000e+01,1.470390121117e+00
1.060000000000e+01,1.320000000000e+01,1.459903518058e+00
1.060000000000e+01,1.340000000000e+01,1.449663043225e+00
1.060000000000e+01,1.360000000000e+01,1.439654054619e+00
1.060000000000e+01,1.380000000000e+01,1.429863192607e+00
1.060000000000e+01,1.400000000000e+01,1.420278246513e+00
1.060000000000e+01,1.420000000000e+01,1.410888036982e+00
1.060000000000e+01,1.440000000000e+01,1.401682312027e+00
1.060000000000e+01,1.460000000000e+01,1.392651654970e+00
1.060000000000e+01,1.480000000000e+01,1.383787402745e+00
1.060000000000e+01,1.500000000000e+01,1.375081573274e+00
1.060000000000e+01,1.520000000000e+01,1.366526800774e+00
1.060000000000e+01,1.540000000000e+01,1.358116278026e+00
1.060000000000e+01,1.560000000000e+01,1.349843704779e+00
1.060000000000e+01,1.580000000000e+01,1.341703241554e+00
1.060000000000e+01,1.600000000000e+01,1.333689468213e+00
1.080000000000e+01,3.000000000000e+00,inf
1.080000000000e+01,3.200000000000e+00,inf
1.080000000000e+01,3.400000000000e+00,inf
1.080000000000e+01,3.600000000000e+00,inf
1.080000000000e+01,3.800000000000e+00,inf
1.080000000000e+01,4.000000000000e+00,7.373922295675e+00
1.080000000000e+01,4.200000000000e+00,6.060181222214e+00
1.080000000000e+01,4.400000000000e+00,5.143355122662e+00
1.080000000000e+01,4.600000000000e+00,4.481190467880e+00
1.080000000000e+01,4.800000000000e+00,3.988502828309e+00
1.080000000000e+01,5.000000000000e+00,3.612293662326e+00
1.080000000000e+01,5.200000000000e+00,3.318417511942e+00
1.080000000000e+01,5.400000000000e+00,3.084198568936e+00
1.080000000000e+01,5.600000000000e+00,2.894170199214e+00
1.080000000000e+01,5.800000000000e+00,2.737528232028e+00
1.080000000000e+01,6.000000000000e+00,2.606561358502e+00
1.080000000000e+01,6.200000000000e+00,2.495657328748e+00
1.080000000000e+01,6.400000000000e+00,2.400658374194e+00
1.080000000000e+01,6.600000000000e+00,2.318433908688e+00
1.080000000000e+01,6.800000000000e+00,2.246591550681e+00
1.080000000000e+01,7.000000000000e+00,2.183242834329e+00
1.080000000000e+01,7.200000000000e+00,2.126949156937e+00
1.080000000000e+01,7.400000000000e+00,2.076582520590e+00
1.080000000000e+01,7.600000000000e+00,2.031217619575e+00
1.080000000000e+01,7.800000000000e+00,1.990105399195e+00
1.080000000000e+01,8.000000000000e+00,1.952634054947e+00
1.080000000000e+01,8.200000000000e+00,1.918299755254e+00
1.080000000000e+01,8.400000000000e+00,1.886684417158e+00
1.080000000000e+01,8.600000000000e+00,1.857438659126e+00
1.080000000000e+01,8.800000000000e+00,1.830268596745e+00
1.080000000000e+01,9.000000000000e+00,1.804925521061e+00
1.080000000000e+01,9.200000000000e+00,1.781197760736e+00
1.080000000000e+01,9.400000000000e+00,1.758904214110e+00
1.080000000000e+01,9.600000000000e+00,1.737889169416e+00
1.080000000000e+01,9.800000000000e+00,1.718018126956e+00
1.080000000000e+01,1.000000000000e+01,1.699174406733e+00
1.080000000000e+01,1.020000000000e+01,1.681256376382e+00
1.080000000000e+01,1.040000000000e+01,1.664175172426e+00
1.080000000000e+01,1.060000000000e+01,1.647852816455e+00
1.080000000000e+01,1.080000000000e+01,1.632220649465e+00
1.080000000000e+01,1.100000000000e+01,1.617218024040e+00
1.080000000000e+01,1.120000000000e+01,1.602791206670e+00
1.080000000000e+01,1.140000000000e+01,1.588892452267e+00
1.080000000000e+01,1.160000000000e+01,1.575479220494e+00
1.080000000000e+01,1.180000000000e+01,1.562513509462e+00
1.080000000000e+01,1.200000000000e+01,1.549961287024e+00
1.080000000000e+01,1.220000000000e+01,1.537792003568e+00
1.080000000000e+01,1.240000000000e+01,1.525978173155e+00
1.080000000000e+01,1.260000000000e+01,1.514495012229e+00
1.080000000000e+01,1.280000000000e+01,1.503320126970e+00
1.080000000000e+01,1.300000000000e+01,1.492433241932e+00
1.080000000000e+01,1.320000000000e+01,1.481815963819e+00
1.080000000000e+01,1.340000000000e+01,1.471451575296e+00
1.080000000000e+01,1.360000000000e+01,1.461324854516e+00
1.080000000000e+01,1.380000000000e+01,1.451421916785e+00
1.080000000000e+01,1.400000000000e+01,1.441730075280e+00
1.080000000000e+01,1.420000000000e+01,1.432237718281e+00
1.080000000000e+01,1.440000000000e+01,1.422934200681e+00
1.080000000000e+01,1.460000000000e+01,1.413809747943e+00
1.080000000000e+01,1.480000000000e+01,1.404855370881e+00
1.080000000000e+01,1.500000000000e+01,1.396062789904e+00
1.080000000000e+01,1.520000000000e+01,1.387424367555e+00
1.080000000000e+01,1.540000000000e+01,1.378933048310e+00
1.080000000000e+01,1.560000000000e+01,1.370582304779e+00
1.080000000000e+01,1.580000000000e+01,1.362366089544e+00
1.080000000000e+01,1.600000000000e+01,1.354278791970e+00
1.100000000000e+01,3.000000000000e+00,inf
1.100000000000e+01,3.200000000000e+00,inf
1.100000000000e+01,3.400000000000e+00,inf
1.100000000000e+01,3.600000000000e+00,inf
1.100000000000e+01,3.800000000000e+00,inf
1.100000000000e+01,4.000000000000e+00,7.745033916060e+00
1.100000000000e+01,4.200000000000e+00,6.333780071071e+00
1.100000000000e+01,4.400000000000e+00,5.352766856006e+00
1.100000000000e+01,4.600000000000e+00,4.646709577951e+00
1.100000000000e+01,4.800000000000e+00,4.123016292240e+00
1.100000000000e+01,5.000000000000e+00,3.724282971597e+00
1.100000000000e+01,5.200000000000e+00,3.413638615152e+00
1.100000000000e+01,5.400000000000e+00,3.166663595578e+00
1.100000000000e+01,5.600000000000e+00,2.966742766351e+00
1.100000000000e+01,5.800000000000e+00,2.802296049166e+00
1.100000000000e+01,6.000000000000e+00,2.665075936478e+00
1.100000000000e+01,6.200000000000e+00,2.549091970120e+00
1.100000000000e+01,6.400000000000e+00,2.449914585182e+00
1.100000000000e+01,6.600000000000e+00,2.364214495391e+00
1.100000000000e+01,6.800000000000e+00,2.289451744232e+00
1.100000000000e+01,7.000000000000e+00,2.223626076847e+00
1.100000000000e+01,7.200000000000e+00,2.165214231396e+00
1.100000000000e+01,7.400000000000e+00,2.113022903945e+00
1.100000000000e+01,7.600000000000e+00,2.066075334980e+00
1.100000000000e+01,7.800000000000e+00,2.023581766843e+00
1.100000000000e+01,8.000000000000e+00,1.984897871343e+00
1.100000000000e+01,8.200000000000e+00,1.949493584594e+00
1.100000000000e+01,8.400000000000e+00,1.916929480502e+00
1.100000000000e+01,8.600000000000e+00,1.886838670644e+00
1.100000000000e+01,8.800000000000e+00,1.858912801098e+00
1.100000000000e+01,9.000000000000e+00,1.832891118781e+00
1.100000000000e+01,9.200000000000e+00,1.808551860448e+00
1.100000000000e+01,9.400000000000e+00,1.785705415740e+00
1.100000000000e+01,9.600000000000e+00,1.764188857282e+00
1.100000000000e+01,9.800000000000e+00,1.743861532976e+00
1.100000000000e+01,1.000000000000e+01,1.724601490148e+00
1.100000000000e+01,1.020000000000e+01,1.706302556028e+00
1.100000000000e+01,1.040000000000e+01,1.688871939702e+00
1.100000000000e+01,1.060000000000e+01,1.672228251182e+00
1.100000000000e+01,1.080000000000e+01,1.656299856222e+00
1.100000000000e+01,1.100000000000e+01,1.641023503008e+00
1.100000000000e+01,1.120000000000e+01,1.626343170258e+00
1.100000000000e+01,1.140000000000e+01,1.612209096613e+00
1.100000000000e+01,1.160000000000e+01,1.598576959233e+00
1.100000000000e+01,1.180000000000e+01,1.585407175794e+00
1.100000000000e+01,1.200000000000e+01,1.572664309029e+00
1.100000000000e+01,1.220000000000e+01,1.560316556838e+00
1.100000000000e+01,1.240000000000e+01,1.548335314147e+00
1.100000000000e+01,1.260000000000e+01,1.536694795121e+00
1.100000000000e+01,1.280000000000e+01,1.525371706392e+00
1.100000000000e+01,1.300000000000e+01,1.514344963532e+00
1.100000000000e+01,1.320000000000e+01,1.503595444328e+00
1.100000000000e+01,1.340000000000e+01,1.493105773492e+00
1.100000000000e+01,1.360000000000e+01,1.482860134282e+00
1.100000000000e+01,1.380000000000e+01,1.472844103272e+00
1.100000000000e+01,1.400000000000e+01,1.463044505050e+00
1.100000000000e+01,1.420000000000e+01,1.453449284158e+00
1.100000000000e+01,1.440000000000e+01,1.444047391964e+00
1.100000000000e+01,1.460000000000e+01,1.434828686523e+00
1.100000000000e+01,1.480000000000e+01,1.425783843742e+00
1.100000000000e+01,1.500000000000e+01,1.416904278423e+00
1.100000000000e+01,1.520000000000e+01,1.408182073957e+00
1.100000000000e+01,1.540000000000e+01,1.399609919594e+00
1.100000000000e+01,1.560000000000e+01,1.391181054394e+00
1.100000000000e+01,1.580000000000e+01,1.382889217048e+00
1.100000000000e+01,1.600000000000e+01,1.374728600882e+00
1.120000000000e+01,3.000000000000e+00,inf
1.120000000000e+01,3.200000000000e+00,inf
1.120000000000e+01,3.400000000000e+00,inf
1.120000000000e+01,3.600000000000e+00,inf
1.120000000000e+01,3.800000000000e+00,inf
1.120000000000e+01,4.000000000000e+00,8.135416050739e+00
1.120000000000e+01,4.200000000000e+00,6.620196216373e+00
1.120000000000e+01,4.400000000000e+00,5.571034009805e+00
1.120000000000e+01,4.600000000000e+00,4.818541246871e+00
1.120000000000e+01,4.800000000000e+00,4.262148321916e+00
1.120000000000e+01,5.000000000000e+00,3.839726354829e+00
1.120000000000e+01,5.200000000000e+00,3.511491455001e+00
1.120000000000e+01,5.400000000000e+00,3.251165833721e+00
1.120000000000e+01,5.600000000000e+00,3.040913655405e+00
1.120000000000e+01,5.800000000000e+00,2.868332047622e+00
1.120000000000e+01,6.000000000000e+00,2.724606083523e+00
1.120000000000e+01,6.200000000000e+00,2.603345851831e+00
1.120000000000e+01,6.400000000000e+00,2.499835252218e+00
1.120000000000e+01,6.600000000000e+00,2.410535891819e+00
1.120000000000e+01,6.800000000000e+00,2.332752772660e+00
1.120000000000e+01,7.000000000000e+00,2.264368407401e+00
1.120000000000e+01,7.200000000000e+00,2.203770865430e+00
1.120000000000e+01,7.400000000000e+00,2.149698538575e+00
1.120000000000e+01,7.600000000000e+00,2.101120939890e+00
1.120000000000e+01,7.800000000000e+00,2.057205868219e+00
1.120000000000e+01,8.000000000000e+00,2.017275125077e+00
1.120000000000e+01,8.200000000000e+00,1.980771362016e+00
1.120000000000e+01,8.400000000000e+00,1.947232979844e+00
1.120000000000e+01,8.600000000000e+00,1.916274922795e+00
1.120000000000e+01,8.800000000000e+00,1.887573837492e+00
1.120000000000e+01,9.000000000000e+00,1.860856498126e+00
1.120000000000e+01,9.200000000000e+00,1.835890700307e+00
1.120000000000e+01,9.400000000000e+00,1.812478038396e+00
1.120000000000e+01,9.600000000000e+00,1.790448132636e+00
1.120000000000e+01,9.800000000000e+00,1.769653981647e+00
1.120000000000e+01,1.000000000000e+01,1.749968195370e+00
1.120000000000e+01,1.020000000000e+01,1.731279922005e+00
1.120000000000e+01,1.040000000000e+01,1.713492325886e+00
1.120000000000e+01,1.060000000000e+01,1.696520505621e+00
1.120000000000e+01,1.080000000000e+01,1.680289766329e+00
1.120000000000e+01,1.100000000000e+01,1.664734178393e+00
1.120000000000e+01,1.120000000000e+01,1.649795369348e+00
1.120000000000e+01,1.140000000000e+01,1.635421506531e+00
1.120000000000e+01,1.160000000000e+01,1.621566436622e+00
1.120000000000e+01,1.180000000000e+01,1.608188954855e+00
1.120000000000e+01,1.200000000000e+01,1.595252181899e+00
1.120000000000e+01,1.220000000000e+01,1.582723030563e+00
1.120000000000e+01,1.240000000000e+01,1.570571747729e+00
1.120000000000e+01,1.260000000000e+01,1.558771519571e+00
1.120000000000e+01,1.280000000000e+01,1.547298130213e+00
1.120000000000e+01,1.300000000000e+01,1.536129665669e+00
1.120000000000e+01,1.320000000000e+01,1.525246256312e+00
1.120000000000e+01,1.340000000000e+01,1.514629852215e+00
1.120000000000e+01,1.360000000000e+01,1.504264026648e+00
1.120000000000e+01,1.380000000000e+01,1.494133803754e+00
1.120000000000e+01,1.400000000000e+01,1.484225507066e+00
1.120000000000e+01,1.420000000000e+01,1.474526626012e+00
1.120000000000e+01,1.440000000000e+01,1.465025698030e+00
1.120000000000e+01,1.460000000000e+01,1.455712204224e+00
1.120000000000e+01,1.480000000000e+01,1.446576476824e+00
1.120000000000e+01,1.500000000000e+01,1.437609616945e+00
1.120000000000e+01,1.520000000000e+01,1.428803421367e+00
1.120000000000e+01,1.540000000000e+01,1.420150317220e+00
1.120000000000e+01,1.560000000000e+01,1.411643303620e+00
1.120000000000e+01,1.580000000000e+01,1.403275899433e+00
1.120000000000e+01,1.600000000000e+01,1.395042096440e+00
1.140000000000e+01,3.000000000000e+00,inf
1.140000000000e+01,3.200000000000e+00,inf
1.140000000000e+01,3.400000000000e+00,inf
1.140000000000e+01,3.600000000000e+00,inf
1.140000000000e+01,3.800000000000e+00,inf
1.140000000000e+01,4.000000000000e+00,8.546073397068e+00
1.140000000000e+01,4.200000000000e+00,6.920042123162e+00
1.140000000000e+01,4.400000000000e+00,5.798548547906e+00
1.140000000000e+01,4.600000000000e+00,4.996946829182e+00
1.140000000000e+01,4.800000000000e+00,4.406079336132e+00
1.140000000000e+01,5.000000000000e+00,3.958752121708e+00
1.140000000000e+01,5.200000000000e+00,3.612069701192e+00
1.140000000000e+01,5.400000000000e+00,3.337775302244e+00
1.140000000000e+01,5.600000000000e+00,3.116736368922e+00
1.140000000000e+01,5.800000000000e+00,2.935677969959e+00
1.140000000000e+01,6.000000000000e+00,2.785185025051e+00
1.140000000000e+01,6.200000000000e+00,2.658445936128e+00
1.140000000000e+01,6.400000000000e+00,2.550442667743e+00
1.140000000000e+01,6.600000000000e+00,2.457416864061e+00
1.140000000000e+01,6.800000000000e+00,2.376510707506e+00
1.140000000000e+01,7.000000000000e+00,2.305483815436e+00
1.140000000000e+01,7.200000000000e+00,2.242631422688e+00
1.140000000000e+01,7.400000000000e+00,2.186620505909e+00
1.140000000000e+01,7.600000000000e+00,2.136364494586e+00
1.140000000000e+01,7.800000000000e+00,2.090986942586e+00
1.140000000000e+01,8.000000000000e+00,2.049774389029e+00
1.140000000000e+01,8.200000000000e+00,2.012141114383e+00
1.140000000000e+01,8.400000000000e+00,1.977602490318e+00
1.140000000000e+01,8.600000000000e+00,1.945754613298e+00
1.140000000000e+01,8.800000000000e+00,1.916258585105e+00
1.140000000000e+01,9.000000000000e+00,1.888828266593e+00
1.140000000000e+01,9.200000000000e+00,1.863220653589e+00
1.140000000000e+01,9.400000000000e+00,1.839228251171e+00
1.140000000000e+01,9.600000000000e+00,1.816672984557e+00
1.140000000000e+01,9.800000000000e+00,1.795401301535e+00
1.140000000000e+01,1.000000000000e+01,1.775280206205e+00
1.140000000000e+01,1.020000000000e+01,1.756194026126e+00
1.140000000000e+01,1.040000000000e+01,1.738041761145e+00
1.140000000000e+01,1.060000000000e+01,1.720734896688e+00
1.140000000000e+01,1.080000000000e+01,1.704195590281e+00
1.140000000000e+01,1.100000000000e+01,1.688355159820e+00
1.140000000000e+01,1.120000000000e+01,1.673152817212e+00
1.140000000000e+01,1.140000000000e+01,1.658534602619e+00
1.140000000000e+01,1.160000000000e+01,1.644452483590e+00
1.140000000000e+01,1.180000000000e+01,1.630863590357e+00
1.140000000000e+01,1.200000000000e+01,1.617729564151e+00
1.140000000000e+01,1.220000000000e+01,1.605015999721e+00
1.140000000000e+01,1.240000000000e+01,1.592691966722e+00
1.140000000000e+01,1.260000000000e+01,1.580729597398e+00
1.140000000000e+01,1.280000000000e+01,1.569103730227e+00
1.140000000000e+01,1.300000000000e+01,1.557791600957e+00
1.140000000000e+01,1.320000000000e+01,1.546772573943e+00
1.140000000000e+01,1.340000000000e+01,1.536027907860e+00
1.140000000000e+01,1.360000000000e+01,1.525540550836e+00
1.140000000000e+01,1.380000000000e+01,1.515294960850e+00
1.140000000000e+01,1.400000000000e+01,1.505276947886e+00
1.140000000000e+01,1.420000000000e+01,1.495473534876e+00
1.140000000000e+01,1.440000000000e+01,1.485872834917e+00
1.140000000000e+01,1.460000000000e+01,1.476463942625e+00
1.140000000000e+01,1.480000000000e+01,1.467236837788e+00
1.140000000000e+01,1.500000000000e+01,1.458182299771e+00
1.140000000000e+01,1.520000000000e+01,1.449291831302e+00
1.140000000000e+01,1.540000000000e+01,1.440557590511e+00
1.140000000000e+01,1.560000000000e+01,1.431972330203e+00
1.140000000000e+01,1.580000000000e+01,1.423529343510e+00
1.140000000000e+01,1.600000000000e+01,1.415222415171e+00
1.160000000000e+01,3.000000000000e+00,inf
1.160000000000e+01,3.200000000000e+00,inf
1.160000000000e+01,3.400000000000e+00,inf
1.160000000000e+01,3.600000000000e+00,inf
1.160000000000e+01,3.800000000000e+00,inf
1.160000000000e+01,4.000000000000e+00,8.978061232232e+00
1.160000000000e+01,4.200000000000e+00,7.233957688703e+00
1.160000000000e+01,4.400000000000e+00,6.035718098446e+00
1.160000000000e+01,4.600000000000e+00,5.182197042098e+00
1.160000000000e+01,4.800000000000e+00,4.554995573834e+00
1.160000000000e+01,5.000000000000e+00,4.081492316139e+00
1.160000000000e+01,5.200000000000e+00,3.715469475289e+00
1.160000000000e+01,5.400000000000e+00,3.426563652757e+00
1.160000000000e+01,5.600000000000e+00,3.194265501609e+00
1.160000000000e+01,5.800000000000e+00,3.004376284375e+00
1.160000000000e+01,6.000000000000e+00,2.846846458010e+00
1.160000000000e+01,6.200000000000e+00,2.714419477368e+00
1.160000000000e+01,6.400000000000e+00,2.601759287665e+00
1.160000000000e+01,6.600000000000e+00,2.504876248238e+00
1.160000000000e+01,6.800000000000e+00,2.420741621765e+00
1.160000000000e+01,7.000000000000e+00,2.346986241065e+00
1.160000000000e+01,7.200000000000e+00,2.281808179654e+00
1.160000000000e+01,7.400000000000e+00,2.223799771901e+00
1.160000000000e+01,7.600000000000e+00,2.171815922674e+00
1.160000000000e+01,7.800000000000e+00,2.124934076698e+00
1.160000000000e+01,8.000000000000e+00,2.082404071845e+00
1.160000000000e+01,8.200000000000e+00,2.043610695753e+00
1.160000000000e+01,8.400000000000e+00,2.008045408169e+00
1.160000000000e+01,8.600000000000e+00,1.975284756855e+00
1.160000000000e+01,8.800000000000e+00,1.944973737532e+00
1.160000000000e+01,9.000000000000e+00,1.916812844787e+00
1.160000000000e+01,9.200000000000e+00,1.890547906385e+00
1.160000000000e+01,9.400000000000e+00,1.865962036519e+00
1.160000000000e+01,9.600000000000e+00,1.842869216723e+00
1.160000000000e+01,9.800000000000e+00,1.821109137608e+00
1.160000000000e+01,1.000000000000e+01,1.800543025148e+00
1.160000000000e+01,1.020000000000e+01,1.781050241564e+00
1.160000000000e+01,1.040000000000e+01,1.762525500012e+00
1.160000000000e+01,1.060000000000e+01,1.744876568957e+00
1.160000000000e+01,1.080000000000e+01,1.728022369744e+00
1.160000000000e+01,1.100000000000e+01,1.711891391787e+00
1.160000000000e+01,1.120000000000e+01,1.696420365854e+00
1.160000000000e+01,1.140000000000e+01,1.681553148199e+00
1.160000000000e+01,1.160000000000e+01,1.667239777878e+00
1.160000000000e+01,1.180000000000e+01,1.653435676997e+00
1.160000000000e+01,1.200000000000e+01,1.640100969509e+00
1.160000000000e+01,1.220000000000e+01,1.627199898770e+00
1.160000000000e+01,1.240000000000e+01,1.614700327721e+00
1.160000000000e+01,1.260000000000e+01,1.602573308501e+00
1.160000000000e+01,1.280000000000e+01,1.590792710617e+00
1.160000000000e+01,1.300000000000e+01,1.579334898694e+00
1.160000000000e+01,1.320000000000e+01,1.568178452354e+00
1.160000000000e+01,1.340000000000e+01,1.557303922026e+00
1.160000000000e+01,1.360000000000e+01,1.546693615483e+00
1.160000000000e+01,1.380000000000e+01,1.536331410759e+00
1.160000000000e+01,1.400000000000e+01,1.526202591769e+00
1.160000000000e+01,1.420000000000e+01,1.516293703545e+00
1.160000000000e+01,1.440000000000e+01,1.506592424425e+00
1.160000000000e+01,1.460000000000e+01,1.497087452998e+00
1.160000000000e+01,1.480000000000e+01,1.487768407860e+00
1.160000000000e+01,1.500000000000e+01,1.478625738567e+00
1.160000000000e+01,1.520000000000e+01,1.469650646370e+00
1.160000000000e+01,1.540000000000e+01,1.460835013540e+00
1.160000000000e+01,1.560000000000e+01,1.452171340217e+00
1.160000000000e+01,1.580000000000e+01,1.443652687911e+00
1.160000000000e+01,1.600000000000e+01,1.435272628850e+00
1.180000000000e+01,3.000000000000e+00,inf
1.180000000000e+01,3.200000000000e+00,inf
1.180000000000e+01,3.400000000000e+00,inf
1.180000000000e+01,3.600000000000e+00,inf
1.180000000000e+01,3.800000000000e+00,inf
1.180000000000e+01,4.000000000000e+00,inf
1.180000000000e+01,4.200000000000e+00,7.562611568990e+00
1.180000000000e+01,4.400000000000e+00,6.282966641243e+00
1.180000000000e+01,4.600000000000e+00,5.374572337830e+00
1.180000000000e+01,4.800000000000e+00,4.709089305900e+00
1.180000000000e+01,5.000000000000e+00,4.208082843926e+00
1.180000000000e+01,5.200000000000e+00,3.821789432981e+00
1.180000000000e+01,5.400000000000e+00,3.517604226426e+00
1.180000000000e+01,5.600000000000e+00,3.273556782279e+00
1.180000000000e+01,5.800000000000e+00,3.074470217565e+00
1.180000000000e+01,6.000000000000e+00,2.909624577946e+00
1.180000000000e+01,6.200000000000e+00,2.771294045235e+00
1.180000000000e+01,6.400000000000e+00,2.653807751913e+00
1.180000000000e+01,6.600000000000e+00,2.552932969170e+00
1.180000000000e+01,6.800000000000e+00,2.465461607149e+00
1.180000000000e+01,7.000000000000e+00,2.388889591278e+00
1.180000000000e+01,7.200000000000e+00,2.321313341004e+00
1.180000000000e+01,7.400000000000e+00,2.261247201692e+00
1.180000000000e+01,7.600000000000e+00,2.207485025159e+00
1.180000000000e+01,7.800000000000e+00,2.159056218354e+00
1.180000000000e+01,8.000000000000e+00,2.115172431001e+00
1.180000000000e+01,8.200000000000e+00,2.075187800013e+00
1.180000000000e+01,8.400000000000e+00,2.038568962960e+00
1.180000000000e+01,8.600000000000e+00,2.004872196943e+00
1.180000000000e+01,8.800000000000e+00,1.973725814167e+00
1.180000000000e+01,9.000000000000e+00,1.944816477406e+00
1.180000000000e+01,9.200000000000e+00,1.917878468191e+00
1.180000000000e+01,9.400000000000e+00,1.892685200456e+00
1.180000000000e+01,9.600000000000e+00,1.869042457215e+00
1.180000000000e+01,9.800000000000e+00,1.846782960651e+00
1.180000000000e+01,1.000000000000e+01,1.825761982401e+00
1.180000000000e+01,1.020000000000e+01,1.805853771498e+00
1.180000000000e+01,1.040000000000e+01,1.786948629651e+00
1.180000000000e+01,1.060000000000e+01,1.768950502534e+00
1.180000000000e+01,1.080000000000e+01,1.751774985055e+00
1.180000000000e+01,1.100000000000e+01,1.735347660800e+00
1.180000000000e+01,1.120000000000e+01,1.719602712784e+00
1.180000000000e+01,1.140000000000e+01,1.704481755723e+00
1.180000000000e+01,1.160000000000e+01,1.689932850095e+00
1.180000000000e+01,1.180000000000e+01,1.675909666161e+00
1.180000000000e+01,1.200000000000e+01,1.662370772279e+00
1.180000000000e+01,1.220000000000e+01,1.649279026684e+00
1.180000000000e+01,1.240000000000e+01,1.636601055808e+00
1.180000000000e+01,1.260000000000e+01,1.624306805259e+00
1.180000000000e+01,1.280000000000e+01,1.612369152046e+00
1.180000000000e+01,1.300000000000e+01,1.600763568656e+00
1.180000000000e+01,1.320000000000e+01,1.589467831143e+00
1.180000000000e+01,1.340000000000e+01,1.578461764746e+00
1.180000000000e+01,1.360000000000e+01,1.567727021597e+00
1.180000000000e+01,1.380000000000e+01,1.557246885952e+00
1.180000000000e+01,1.400000000000e+01,1.547006103106e+00
1.180000000000e+01,1.420000000000e+01,1.536990728758e+00
1.180000000000e+01,1.440000000000e+01,1.527187996064e+00
1.180000000000e+01,1.460000000000e+01,1.517586198042e+00
1.180000000000e+01,1.480000000000e+01,1.508174583342e+00
1.180000000000e+01,1.500000000000e+01,1.498943263666e+00
1.180000000000e+01,1.520000000000e+01,1.489883131375e+00
1.180000000000e+01,1.540000000000e+01,1.480985786031e+00
1.180000000000e+01,1.560000000000e+01,1.472243468781e+00
1.180000000000e+01,1.580000000000e+01,1.463649003640e+00
1.180000000000e+01,1.600000000000e+01,1.455195744872e+00
1.200000000000e+01,3.000000000000e+00,inf
1.200000000000e+01,3.200000000000e+00,inf
1.200000000000e+01,3.400000000000e+00,inf
1.200000000000e+01,3.600000000000e+00,inf
1.200000000000e+01,3.800000000000e+00,inf
1.200000000000e+01,4.000000000000e+00,inf
1.200000000000e+01,4.200000000000e+00,7.906702568485e+00
1.200000000000e+01,4.400000000000e+00,6.540735226066e+00
1.200000000000e+01,4.600000000000e+00,5.574363291307e+00
1.200000000000e+01,4.800000000000e+00,4.868559054418e+00
1.200000000000e+01,5.000000000000e+00,4.338663603808e+00
1.200000000000e+01,5.200000000000e+00,3.931130847548e+00
1.200000000000e+01,5.400000000000e+00,3.610972110893e+00
1.200000000000e+01,5.600000000000e+00,3.354667115353e+00
1.200000000000e+01,5.800000000000e+00,3.146003786856e+00
1.200000000000e+01,6.000000000000e+00,2.973554105205e+00
1.200000000000e+01,6.200000000000e+00,2.829097547020e+00
1.200000000000e+01,6.400000000000e+00,2.706610904049e+00
1.200000000000e+01,6.600000000000e+00,2.601606058090e+00
1.200000000000e+01,6.800000000000e+00,2.510686790413e+00
1.200000000000e+01,7.000000000000e+00,2.431207755209e+00
1.200000000000e+01,7.200000000000e+00,2.361159054050e+00
1.200000000000e+01,7.400000000000e+00,2.298973573391e+00
1.200000000000e+01,7.600000000000e+00,2.243381493655e+00
1.200000000000e+01,7.800000000000e+00,2.193362189112e+00
1.200000000000e+01,8.000000000000e+00,2.148087585084e+00
1.200000000000e+01,8.200000000000e+00,2.106879972736e+00
1.200000000000e+01,8.400000000000e+00,2.069180229042e+00
1.200000000000e+01,8.600000000000e+00,2.034523616909e+00
1.200000000000e+01,8.800000000000e+00,2.002521170937e+00
1.200000000000e+01,9.000000000000e+00,1.972845243602e+00
1.200000000000e+01,9.200000000000e+00,1.945218181917e+00
1.200000000000e+01,9.400000000000e+00,1.919403382201e+00
1.200000000000e+01,9.600000000000e+00,1.895198167809e+00
1.200000000000e+01,9.800000000000e+00,1.872428076208e+00
1.200000000000e+01,1.000000000000e+01,1.850942244464e+00
1.200000000000e+01,1.020000000000e+01,1.830609657338e+00
1.200000000000e+01,1.040000000000e+01,1.811316077734e+00
1.200000000000e+01,1.060000000000e+01,1.792961520587e+00
1.200000000000e+01,1.080000000000e+01,1.775458162408e+00
1.200000000000e+01,1.100000000000e+01,1.758728602212e+00
1.200000000000e+01,1.120000000000e+01,1.742704407519e+00
1.200000000000e+01,1.140000000000e+01,1.727324892949e+00
1.200000000000e+01,1.160000000000e+01,1.712536089564e+00
1.200000000000e+01,1.180000000000e+01,1.698289871452e+00
1.200000000000e+01,1.200000000000e+01,1.684543212554e+00
1.200000000000e+01,1.220000000000e+01,1.671257551856e+00
1.200000000000e+01,1.240000000000e+01,1.658398249158e+00
1.200000000000e+01,1.260000000000e+01,1.645934116839e+00
1.200000000000e+01,1.280000000000e+01,1.633837015681e+00
1.200000000000e+01,1.300000000000e+01,1.622081504846e+00
1.200000000000e+01,1.320000000000e+01,1.610644537847e+00
1.200000000000e+01,1.340000000000e+01,1.599505197692e+00
1.200000000000e+01,1.360000000000e+01,1.588644465509e+00
1.200000000000e+01,1.380000000000e+01,1.578045017883e+00
1.200000000000e+01,1.400000000000e+01,1.567691048892e+00
1.200000000000e+01,1.420000000000e+01,1.557568113451e+00
1.200000000000e+01,1.440000000000e+01,1.547662989082e+00
1.200000000000e+01,1.460000000000e+01,1.537963553687e+00
1.200000000000e+01,1.480000000000e+01,1.528458677214e+00
1.200000000000e+01,1.500000000000e+01,1.519138125470e+00
1.200000000000e+01,1.520000000000e+01,1.509992474521e+00
1.200000000000e+01,1.540000000000e+01,1.501013034390e+00
1.200000000000e+01,1.560000000000e+01,1.492191780909e+00
1.200000000000e+01,1.580000000000e+01,1.483521294745e+00
1.200000000000e+01,1.600000000000e+01,1.474994706769e+00
1.220000000000e+01,3.000000000000e+00,inf
1.220000000000e+01,3.200000000000e+00,inf
1.220000000000e+01,3.400000000000e+00,inf
1.220000000000e+01,3.600000000000e+00,inf
1.220000000000e+01,3.800000000000e+00,inf
1.220000000000e+01,4.000000000000e+00,inf
1.220000000000e+01,4.200000000000e+00,8.266961095681e+00
1.220000000000e+01,4.400000000000e+00,6.809482722971e+00
1.220000000000e+01,4.600000000000e+00,5.781871003955e+00
1.220000000000e+01,4.800000000000e+00,5.033609819896e+00
1.220000000000e+01,5.000000000000e+00,4.473378622173e+00
1.220000000000e+01,5.200000000000e+00,4.043597694766e+00
1.220000000000e+01,5.400000000000e+00,3.706744197473e+00
1.220000000000e+01,5.600000000000e+00,3.437654622038e+00
1.220000000000e+01,5.800000000000e+00,3.219021831726e+00
1.220000000000e+01,6.000000000000e+00,3.038670310373e+00
1.220000000000e+01,6.200000000000e+00,2.887858249081e+00
1.220000000000e+01,6.400000000000e+00,2.760191810006e+00
1.220000000000e+01,6.600000000000e+00,2.650914669474e+00
1.220000000000e+01,6.800000000000e+00,2.556433348805e+00
1.220000000000e+01,7.000000000000e+00,2.473954618548e+00
1.220000000000e+01,7.200000000000e+00,2.401357422352e+00
1.220000000000e+01,7.400000000000e+00,2.336989591036e+00
1.220000000000e+01,7.600000000000e+00,2.279514922808e+00
1.220000000000e+01,7.800000000000e+00,2.227860696251e+00
1.220000000000e+01,8.000000000000e+00,2.181157525331e+00
1.220000000000e+01,8.200000000000e+00,2.138694622345e+00
1.220000000000e+01,8.400000000000e+00,2.099886136347e+00
1.220000000000e+01,8.600000000000e+00,2.064245550417e+00
1.220000000000e+01,8.800000000000e+00,2.031366010407e+00
1.220000000000e+01,9.000000000000e+00,2.000905066766e+00
1.220000000000e+01,9.200000000000e+00,1.972572733336e+00
1.220000000000e+01,9.400000000000e+00,1.946122063310e+00
1.220000000000e+01,9.600000000000e+00,1.921341652774e+00
1.220000000000e+01,9.800000000000e+00,1.898049633051e+00
1.220000000000e+01,1.000000000000e+01,1.876088822279e+00
1.220000000000e+01,1.020000000000e+01,1.855322786556e+00
1.220000000000e+01,1.040000000000e+01,1.835632619945e+00
1.220000000000e+01,1.060000000000e+01,1.816914296538e+00
1.220000000000e+01,1.080000000000e+01,1.799076480730e+00
1.220000000000e+01,1.100000000000e+01,1.782038706789e+00
1.220000000000e+01,1.120000000000e+01,1.765729857834e+00
1.220000000000e+01,1.140000000000e+01,1.750086888884e+00
1.220000000000e+01,1.160000000000e+01,1.735053749968e+00
1.220000000000e+01,1.180000000000e+01,1.720580474035e+00
1.220000000000e+01,1.200000000000e+01,1.706622401274e+00
1.220000000000e+01,1.220000000000e+01,1.693139516871e+00
1.220000000000e+01,1.240000000000e+01,1.680095883523e+00
1.220000000000e+01,1.260000000000e+01,1.667459153417e+00
1.220000000000e+01,1.280000000000e+01,1.655200147142e+00
1.220000000000e+01,1.300000000000e+01,1.643292489176e+00
1.220000000000e+01,1.320000000000e+01,1.631712291379e+00
1.220000000000e+01,1.340000000000e+01,1.620437877372e+00
1.220000000000e+01,1.360000000000e+01,1.609449541827e+00
1.220000000000e+01,1.380000000000e+01,1.598729339705e+00
1.220000000000e+01,1.400000000000e+01,1.588260901224e+00
1.220000000000e+01,1.420000000000e+01,1.578029269023e+00
1.220000000000e+01,1.440000000000e+01,1.568020754527e+00
1.220000000000e+01,1.460000000000e+01,1.558222810954e+00
1.220000000000e+01,1.480000000000e+01,1.548623920798e+00
1.220000000000e+01,1.500000000000e+01,1.539213495927e+00
1.220000000000e+01,1.520000000000e+01,1.529981788715e+00
1.220000000000e+01,1.540000000000e+01,1.520919812823e+00
1.220000000000e+01,1.560000000000e+01,1.512019272462e+00
1.220000000000e+01,1.580000000000e+01,1.503272499118e+00
1.220000000000e+01,1.600000000000e+01,1.494672394848e+00
1.240000000000e+01,3.000000000000e+00,inf
1.240000000000e+01,3.200000000000e+00,inf
1.240000000000e+01,3.400000000000e+00,inf
1.240000000000e+01,3.600000000000e+00,inf
1.240000000000e+01,3.800000000000e+00,inf
1.240000000000e+01,4.000000000000e+00,inf
1.240000000000e+01,4.200000000000e+00,8.644150687214e+00
1.240000000000e+01,4.400000000000e+00,7.089686605920e+00
1.240000000000e+01,4.600000000000e+00,5.997407524237e+00
1.240000000000e+01,4.800000000000e+00,5.204453316849e+00
1.240000000000e+01,5.000000000000e+00,4.612376191740e+00
1.240000000000e+01,5.200000000000e+00,4.159296739456e+00
1.240000000000e+01,5.400000000000e+00,3.804999238787e+00
1.240000000000e+01,5.600000000000e+00,3.522578681315e+00
1.240000000000e+01,5.800000000000e+00,3.293570044817e+00
1.240000000000e+01,6.000000000000e+00,3.105009039045e+00
1.240000000000e+01,6.200000000000e+00,2.947604797547e+00
1.240000000000e+01,6.400000000000e+00,2.814573776058e+00
1.240000000000e+01,6.600000000000e+00,2.700878097091e+00
1.240000000000e+01,6.800000000000e+00,2.602717524729e+00
1.240000000000e+01,7.000000000000e+00,2.517144077181e+00
1.240000000000e+01,7.200000000000e+00,2.441920518555e+00
1.240000000000e+01,7.400000000000e+00,2.375305896799e+00
1.240000000000e+01,7.600000000000e+00,2.315894821986e+00
1.240000000000e+01,7.800000000000e+00,2.262560344009e+00
1.240000000000e+01,8.000000000000e+00,2.214390126476e+00
1.240000000000e+01,8.200000000000e+00,2.170639030599e+00
1.240000000000e+01,8.400000000000e+00,2.130693480552e+00
1.240000000000e+01,8.600000000000e+00,2.094044391293e+00
1.240000000000e+01,8.800000000000e+00,2.060266391319e+00
1.240000000000e+01,9.000000000000e+00,2.029001723755e+00
1.240000000000e+01,9.200000000000e+00,1.999947660015e+00
1.240000000000e+01,9.400000000000e+00,1.972846576300e+00
1.240000000000e+01,9.600000000000e+00,1.947478067209e+00
1.240000000000e+01,9.800000000000e+00,1.923652631222e+00
1.240000000000e+01,1.000000000000e+01,1.901206578980e+00
1.240000000000e+01,1.020000000000e+01,1.879997900135e+00
1.240000000000e+01,1.040000000000e+01,1.859902887144e+00
1.240000000000e+01,1.060000000000e+01,1.840813360930e+00
1.240000000000e+01,1.080000000000e+01,1.822634378249e+00
1.240000000000e+01,1.100000000000e+01,1.805282326993e+00
1.240000000000e+01,1.120000000000e+01,1.788683335766e+00
1.240000000000e+01,1.140000000000e+01,1.772771939502e+00
1.240000000000e+01,1.160000000000e+01,1.757489954784e+00
1.240000000000e+01,1.180000000000e+01,1.742785527801e+00
1.240000000000e+01,1.200000000000e+01,1.728612325116e+00
1.240000000000e+01,1.220000000000e+01,1.714928843128e+00
1.240000000000e+01,1.240000000000e+01,1.701697816605e+00
1.240000000000e+01,1.260000000000e+01,1.688885710284e+00
1.240000000000e+01,1.280000000000e+01,1.676462280366e+00
1.240000000000e+01,1.300000000000e+01,1.664400195093e+00
1.240000000000e+01,1.320000000000e+01,1.652674705411e+00
1.240000000000e+01,1.340000000000e+01,1.641263358275e+00
1.240000000000e+01,1.360000000000e+01,1.630145746365e+00
1.240000000000e+01,1.380000000000e+01,1.619303288986e+00
1.240000000000e+01,1.400000000000e+01,1.608719039799e+00
1.240000000000e+01,1.420000000000e+01,1.598377517641e+00
1.240000000000e+01,1.440000000000e+01,1.588264557345e+00
1.240000000000e+01,1.460000000000e+01,1.578367177868e+00
1.240000000000e+01,1.480000000000e+01,1.568673465480e+00
1.240000000000e+01,1.500000000000e+01,1.559172470072e+00
1.240000000000e+01,1.520000000000e+01,1.549854112931e+00
1.240000000000e+01,1.540000000000e+01,1.540709104540e+00
1.240000000000e+01,1.560000000000e+01,1.531728871198e+00
1.240000000000e+01,1.580000000000e+01,1.522905489379e+00
1.240000000000e+01,1.600000000000e+01,1.514231626932e+00
1.260000000000e+01,3.000000000000e+00,inf
1.260000000000e+01,3.200000000000e+00,inf
1.260000000000e+01,3.400000000000e+00,inf
1.260000000000e+01,3.600000000000e+00,inf
1.260000000000e+01,3.800000000000e+00,inf
1.260000000000e+01,4.000000000000e+00,inf
1.260000000000e+01,4.200000000000e+00,9.039069603395e+00
1.260000000000e+01,4.400000000000e+00,7.381843770942e+00
1.260000000000e+01,4.600000000000e+00,6.221296285593e+00
1.260000000000e+01,4.800000000000e+00,5.381308218186e+00
1.260000000000e+01,5.000000000000e+00,4.755809014515e+00
1.260000000000e+01,5.200000000000e+00,4.278337623897e+00
1.260000000000e+01,5.400000000000e+00,3.905817906976e+00
1.260000000000e+01,5.600000000000e+00,3.609499970861e+00
1.260000000000e+01,5.800000000000e+00,3.369695002533e+00
1.260000000000e+01,6.000000000000e+00,3.172606736012e+00
1.260000000000e+01,6.200000000000e+00,3.008366238356e+00
1.260000000000e+01,6.400000000000e+00,2.869780366066e+00
1.260000000000e+01,6.600000000000e+00,2.751515789323e+00
1.260000000000e+01,6.800000000000e+00,2.649555639677e+00
1.260000000000e+01,7.000000000000e+00,2.560790050088e+00
1.260000000000e+01,7.200000000000e+00,2.482860396518e+00
1.260000000000e+01,7.400000000000e+00,2.413933082501e+00
1.260000000000e+01,7.600000000000e+00,2.352530626287e+00
1.260000000000e+01,7.800000000000e+00,2.297469644174e+00
1.260000000000e+01,8.000000000000e+00,2.247793156972e+00
1.260000000000e+01,8.200000000000e+00,2.202720362478e+00
1.260000000000e+01,8.400000000000e+00,2.161608932649e+00
1.260000000000e+01,8.600000000000e+00,2.123926402800e+00
1.260000000000e+01,8.800000000000e+00,2.089228237578e+00
1.260000000000e+01,9.000000000000e+00,2.057140853606e+00
1.260000000000e+01,9.200000000000e+00,2.027348359754e+00
1.260000000000e+01,9.400000000000e+00,1.999582112825e+00
1.260000000000e+01,9.600000000000e+00,1.973612424943e+00
1.260000000000e+01,9.800000000000e+00,1.949241929665e+00
1.260000000000e+01,1.000000000000e+01,1.926300237252e+00
1.260000000000e+01,1.020000000000e+01,1.904639599662e+00
1.260000000000e+01,1.040000000000e+01,1.884131372180e+00
1.260000000000e+01,1.060000000000e+01,1.864663107971e+00
1.260000000000e+01,1.080000000000e+01,1.846136158786e+00
1.260000000000e+01,1.100000000000e+01,1.828463682997e+00
1.260000000000e+01,1.120000000000e+01,1.811568983362e+00
1.260000000000e+01,1.140000000000e+01,1.795384113239e+00
1.260000000000e+01,1.160000000000e+01,1.779848702524e+00
1.260000000000e+01,1.180000000000e+01,1.764908964350e+00
1.260000000000e+01,1.200000000000e+01,1.750516851229e+00
1.260000000000e+01,1.220000000000e+01,1.736629335330e+00
1.260000000000e+01,1.240000000000e+01,1.723207792299e+00
1.260000000000e+01,1.260000000000e+01,1.710217471857e+00
1.260000000000e+01,1.280000000000e+01,1.697627041381e+00
1.260000000000e+01,1.300000000000e+01,1.685408191125e+00
1.260000000000e+01,1.320000000000e+01,1.673535291698e+00
1.260000000000e+01,1.340000000000e+01,1.661985095991e+00
1.260000000000e+01,1.360000000000e+01,1.650736479041e+00
1.260000000000e+01,1.380000000000e+01,1.639770210399e+00
1.260000000000e+01,1.400000000000e+01,1.629068754409e+00
1.260000000000e+01,1.420000000000e+01,1.618616094537e+00
1.260000000000e+01,1.440000000000e+01,1.608397578497e+00
1.260000000000e+01,1.460000000000e+01,1.598399781385e+00
1.260000000000e+01,1.480000000000e+01,1.588610384471e+00
1.260000000000e+01,1.500000000000e+01,1.579018067623e+00
1.260000000000e+01,1.520000000000e+01,1.569612413643e+00
1.260000000000e+01,1.540000000000e+01,1.560383823029e+00
1.260000000000e+01,1.560000000000e+01,1.551323437881e+00
1.260000000000e+01,1.580000000000e+01,1.542423073853e+00
1.260000000000e+01,1.600000000000e+01,1.533675159194e+00
1.280000000000e+01,3.000000000000e+00,inf
1.280000000000e+01,3.200000000000e+00,inf
1.280000000000e+01,3.400000000000e+00,inf
1.280000000000e+01,3.600000000000e+00,inf
1.280000000000e+01,3.800000000000e+00,inf
1.280000000000e+01,4.000000000000e+00,inf
1.280000000000e+01,4.200000000000e+00,9.452552498165e+00
1.280000000000e+01,4.400000000000e+00,7.686471390116e+00
1.280000000000e+01,4.600000000000e+00,6.453872562461e+00
1.280000000000e+01,4.800000000000e+00,5.564400408811e+00
1.280000000000e+01,5.000000000000e+00,4.903834349294e+00
1.280000000000e+01,5.200000000000e+00,4.400832958292e+00
1.280000000000e+01,5.400000000000e+00,4.009282852661e+00
1.280000000000e+01,5.600000000000e+00,3.698480507995e+00
1.280000000000e+01,5.800000000000e+00,3.447444195317e+00
1.280000000000e+01,6.000000000000e+00,3.241500468946e+00
1.280000000000e+01,6.200000000000e+00,3.070172036700e+00
1.280000000000e+01,6.400000000000e+00,2.925835418093e+00
1.280000000000e+01,6.600000000000e+00,2.802847363818e+00
1.280000000000e+01,6.800000000000e+00,2.696964107499e+00
1.280000000000e+01,7.000000000000e+00,2.604906491600e+00
1.280000000000e+01,7.200000000000e+00,2.524189102787e+00
1.280000000000e+01,7.400000000000e+00,2.452881700482e+00
1.280000000000e+01,7.600000000000e+00,2.389431706920e+00
1.280000000000e+01,7.800000000000e+00,2.332597026055e+00
1.280000000000e+01,8.000000000000e+00,2.281374288606e+00
1.280000000000e+01,8.200000000000e+00,2.234945675493e+00
1.280000000000e+01,8.400000000000e+00,2.192639047960e+00
1.280000000000e+01,8.600000000000e+00,2.153897726381e+00
1.280000000000e+01,8.800000000000e+00,2.118257346741e+00
1.280000000000e+01,9.000000000000e+00,2.085327965768e+00
1.280000000000e+01,9.200000000000e+00,2.054780098569e+00
1.280000000000e+01,9.400000000000e+00,2.026333731402e+00
1.280000000000e+01,9.600000000000e+00,1.999749606016e+00
1.280000000000e+01,9.800000000000e+00,1.974822253454e+00
1.280000000000e+01,1.000000000000e+01,1.951374386313e+00
1.280000000000e+01,1.020000000000e+01,1.929252354065e+00
1.280000000000e+01,1.040000000000e+01,1.908322436392e+00
1.280000000000e+01,1.060000000000e+01,1.888467801789e+00
1.280000000000e+01,1.080000000000e+01,1.869585997752e+00
1.280000000000e+01,1.100000000000e+01,1.851586868452e+00
1.280000000000e+01,1.120000000000e+01,1.834390818204e+00
1.280000000000e+01,1.140000000000e+01,1.817927356270e+00
1.280000000000e+01,1.160000000000e+01,1.802133871771e+00
1.280000000000e+01,1.180000000000e+01,1.786954597793e+00
1.280000000000e+01,1.200000000000e+01,1.772339731803e+00
1.280000000000e+01,1.220000000000e+01,1.758244685826e+00
1.280000000000e+01,1.240000000000e+01,1.744629444806e+00
1.280000000000e+01,1.260000000000e+01,1.731458015576e+00
1.280000000000e+01,1.280000000000e+01,1.718697951987e+00
1.280000000000e+01,1.300000000000e+01,1.706319944350e+00
1.280000000000e+01,1.320000000000e+01,1.694297463345e+00
1.280000000000e+01,1.340000000000e+01,1.682606450258e+00
1.280000000000e+01,1.360000000000e+01,1.671225046740e+00
1.280000000000e+01,1.380000000000e+01,1.660133358394e+00
1.280000000000e+01,1.400000000000e+01,1.649313247427e+00
1.280000000000e+01,1.420000000000e+01,1.638748150311e+00
1.280000000000e+01,1.440000000000e+01,1.628422917083e+00
1.280000000000e+01,1.460000000000e+01,1.618323669353e+00
1.280000000000e+01,1.480000000000e+01,1.608437674596e+00
1.280000000000e+01,1.500000000000e+01,1.598753234601e+00
1.280000000000e+01,1.520000000000e+01,1.589259586292e+00
1.280000000000e+01,1.540000000000e+01,1.579946813373e+00
1.280000000000e+01,1.560000000000e+01,1.570805767466e+00
1.280000000000e+01,1.580000000000e+01,1.561827997602e+00
1.280000000000e+01,1.600000000000e+01,1.553005687056e+00
1.300000000000e+01,3.000000000000e+00,inf
1.300000000000e+01,3.200000000000e+00,inf
1.300000000000e+01,3.400000000000e+00,inf
1.300000000000e+01,3.600000000000e+00,inf
1.300000000000e+01,3.800000000000e+00,inf
1.300000000000e+01,4.000000000000e+00,inf
1.300000000000e+01,4.200000000000e+00,9.885472166667e+00
1.300000000000e+01,4.400000000000e+00,8.004107802693e+00
1.300000000000e+01,4.600000000000e+00,6.695483945044e+00
1.300000000000e+01,4.800000000000e+00,5.753963248832e+00
1.300000000000e+01,5.000000000000e+00,5.056614163992e+00
1.300000000000e+01,5.200000000000e+00,4.526898413484e+00
1.300000000000e+01,5.400000000000e+00,4.115478764760e+00
1.300000000000e+01,5.600000000000e+00,3.789583690785e+00
1.300000000000e+01,5.800000000000e+00,3.526866057698e+00
1.300000000000e+01,6.000000000000e+00,3.311727951648e+00
1.300000000000e+01,6.200000000000e+00,3.133052095932e+00
1.300000000000e+01,6.400000000000e+00,2.982763060436e+00
1.300000000000e+01,6.600000000000e+00,2.854892621551e+00
1.300000000000e+01,6.800000000000e+00,2.744959447056e+00
1.300000000000e+01,7.000000000000e+00,2.649507403027e+00
1.300000000000e+01,7.200000000000e+00,2.565918687467e+00
1.300000000000e+01,7.400000000000e+00,2.492162273877e+00
1.300000000000e+01,7.600000000000e+00,2.426607381014e+00
1.300000000000e+01,7.800000000000e+00,2.367950845895e+00
1.300000000000e+01,8.000000000000e+00,2.315141105580e+00
1.300000000000e+01,8.200000000000e+00,2.267321928456e+00
1.300000000000e+01,8.400000000000e+00,2.223790274646e+00
1.300000000000e+01,8.600000000000e+00,2.183964389913e+00
1.300000000000e+01,8.800000000000e+00,2.147359398023e+00
1.300000000000e+01,9.000000000000e+00,2.113568447874e+00
1.300000000000e+01,9.200000000000e+00,2.082248018229e+00
1.300000000000e+01,9.400000000000e+00,2.053106364725e+00
1.300000000000e+01,9.600000000000e+00,2.025894363766e+00
1.300000000000e+01,9.800000000000e+00,2.000398200663e+00
1.300000000000e+01,1.000000000000e+01,1.976433488560e+00
1.300000000000e+01,1.020000000000e+01,1.953840506025e+00
1.300000000000e+01,1.040000000000e+01,1.932480315789e+00
1.300000000000e+01,1.060000000000e+01,1.912231582390e+00
1.300000000000e+01,1.080000000000e+01,1.892987947886e+00
1.300000000000e+01,1.100000000000e+01,1.874655855990e+00
1.300000000000e+01,1.120000000000e+01,1.857152738689e+00
1.300000000000e+01,1.140000000000e+01,1.840405497570e+00
1.300000000000e+01,1.160000000000e+01,1.824349226024e+00
1.300000000000e+01,1.180000000000e+01,1.808926129382e+00
1.300000000000e+01,1.200000000000e+01,1.794084608482e+00
1.300000000000e+01,1.220000000000e+01,1.779778478808e+00
1.300000000000e+01,1.240000000000e+01,1.765966302630e+00
1.300000000000e+01,1.260000000000e+01,1.752610815685e+00
1.300000000000e+01,1.280000000000e+01,1.739678433338e+00
1.300000000000e+01,1.300000000000e+01,1.727138823778e+00
1.300000000000e+01,1.320000000000e+01,1.714964537989e+00
1.300000000000e+01,1.340000000000e+01,1.703130687974e+00
1.300000000000e+01,1.360000000000e+01,1.691614666129e+00
1.300000000000e+01,1.380000000000e+01,1.680395899833e+00
1.300000000000e+01,1.400000000000e+01,1.669455636259e+00
1.300000000000e+01,1.420000000000e+01,1.658776753218e+00
1.300000000000e+01,1.440000000000e+01,1.648343592461e+00
1.300000000000e+01,1.460000000000e+01,1.638141812464e+00
1.300000000000e+01,1.480000000000e+01,1.628158258092e+00
1.300000000000e+01,1.500000000000e+01,1.618380844988e+00
1.300000000000e+01,1.520000000000e+01,1.608798456795e+00
1.300000000000e+01,1.540000000000e+01,1.599400853615e+00
1.300000000000e+01,1.560000000000e+01,1.590178590323e+00
1.300000000000e+01,1.580000000000e+01,1.581122943524e+00
1.300000000000e+01,1.600000000000e+01,1.572225846158e+00
1.320000000000e+01,3.000000000000e+00,inf
1.320000000000e+01,3.200000000000e+00,inf
1.320000000000e+01,3.400000000000e+00,inf
1.320000000000e+01,3.600000000000e+00,inf
1.320000000000e+01,3.800000000000e+00,inf
1.320000000000e+01,4.000000000000e+00,inf
1.320000000000e+01,4.200000000000e+00,inf
1.320000000000e+01,4.400000000000e+00,8.335313444762e+00
1.320000000000e+01,4.600000000000e+00,6.946490833472e+00
1.320000000000e+01,4.800000000000e+00,5.950237846794e+00
1.320000000000e+01,5.000000000000e+00,5.214315293056e+00
1.320000000000e+01,5.200000000000e+00,4.656652816117e+00
1.320000000000e+01,5.400000000000e+00,4.224492431324e+00
1.320000000000e+01,5.600000000000e+00,3.882874339390e+00
1.320000000000e+01,5.800000000000e+00,3.608009998177e+00
1.320000000000e+01,6.000000000000e+00,3.383327566941e+00
1.320000000000e+01,6.200000000000e+00,3.197036776011e+00
1.320000000000e+01,6.400000000000e+00,3.040587727135e+00
1.320000000000e+01,6.600000000000e+00,2.907671560328e+00
1.320000000000e+01,6.800000000000e+00,2.793558294321e+00
1.320000000000e+01,7.000000000000e+00,2.694606843738e+00
1.320000000000e+01,7.200000000000e+00,2.608061214531e+00
1.320000000000e+01,7.400000000000e+00,2.531785306345e+00
1.320000000000e+01,7.600000000000e+00,2.464066920874e+00
1.320000000000e+01,7.800000000000e+00,2.403539395753e+00
1.320000000000e+01,8.000000000000e+00,2.349101113067e+00
1.320000000000e+01,8.200000000000e+00,2.299855989763e+00
1.320000000000e+01,8.400000000000e+00,2.255068961725e+00
1.320000000000e+01,8.600000000000e+00,2.214132315494e+00
1.320000000000e+01,8.800000000000e+00,2.176539959860e+00
1.320000000000e+01,9.000000000000e+00,2.141867573088e+00
1.320000000000e+01,9.200000000000e+00,2.109757143398e+00
1.320000000000e+01,9.400000000000e+00,2.079904826599e+00
1.320000000000e+01,9.600000000000e+00,2.052051331553e+00
1.320000000000e+01,9.800000000000e+00,2.025974248877e+00
1.320000000000e+01,1.000000000000e+01,2.001481885866e+00
1.320000000000e+01,1.020000000000e+01,1.978408278076e+00
1.320000000000e+01,1.040000000000e+01,1.956609126942e+00
1.320000000000e+01,1.060000000000e+01,1.935958471339e+00
1.320000000000e+01,1.080000000000e+01,1.916345944728e+00
1.320000000000e+01,1.100000000000e+01,1.897674502496e+00
1.320000000000e+01,1.120000000000e+01,1.879858529097e+00
1.320000000000e+01,1.140000000000e+01,1.862822253778e+00
1.320000000000e+01,1.160000000000e+01,1.846498418352e+00
1.320000000000e+01,1.180000000000e+01,1.830827151958e+00
1.320000000000e+01,1.200000000000e+01,1.815755016613e+00
1.320000000000e+01,1.220000000000e+01,1.801234194370e+00
1.320000000000e+01,1.240000000000e+01,1.787221792432e+00
1.320000000000e+01,1.260000000000e+01,1.773679246903e+00
1.320000000000e+01,1.280000000000e+01,1.760571809420e+00
1.320000000000e+01,1.300000000000e+01,1.747868103648e+00
1.320000000000e+01,1.320000000000e+01,1.735539740920e+00
1.320000000000e+01,1.340000000000e+01,1.723560986124e+00
1.320000000000e+01,1.360000000000e+01,1.711908466419e+00
1.320000000000e+01,1.380000000000e+01,1.700560916580e+00
1.320000000000e+01,1.400000000000e+01,1.689498955783e+00
1.320000000000e+01,1.420000000000e+01,1.678704891435e+00
1.320000000000e+01,1.440000000000e+01,1.668162546365e+00
1.320000000000e+01,1.460000000000e+01,1.657857106221e+00
1.320000000000e+01,1.480000000000e+01,1.647774984424e+00
1.320000000000e+01,1.500000000000e+01,1.637903702389e+00
1.320000000000e+01,1.520000000000e+01,1.628231783068e+00
1.320000000000e+01,1.540000000000e+01,1.618748656154e+00
1.320000000000e+01,1.560000000000e+01,1.609444573495e+00
1.320000000000e+01,1.580000000000e+01,1.600310533487e+00
1.320000000000e+01,1.600000000000e+01,1.591338213373e+00
1.340000000000e+01,3.000000000000e+00,inf
1.340000000000e+01,3.200000000000e+00,inf
1.340000000000e+01,3.400000000000e+00,inf
1.340000000000e+01,3.600000000000e+00,inf
1.340000000000e+01,3.800000000000e+00,inf
1.340000000000e+01,4.000000000000e+00,inf
1.340000000000e+01,4.200000000000e+00,inf
1.340000000000e+01,4.400000000000e+00,8.680671818880e+00
1.340000000000e+01,4.600000000000e+00,7.207266952069e+00
1.340000000000e+01,4.800000000000e+00,6.153473343294e+00
1.340000000000e+01,5.000000000000e+00,5.377109600229e+00
1.340000000000e+01,5.200000000000e+00,4.790218246409e+00
1.340000000000e+01,5.400000000000e+00,4.336412801511e+00
1.340000000000e+01,5.600000000000e+00,3.978418737752e+00
1.340000000000e+01,5.800000000000e+00,3.690926429044e+00
1.340000000000e+01,6.000000000000e+00,3.456338389263e+00
1.340000000000e+01,6.200000000000e+00,3.262156911534e+00
1.340000000000e+01,6.400000000000e+00,3.099334173009e+00
1.340000000000e+01,6.600000000000e+00,2.961204387795e+00
1.340000000000e+01,6.800000000000e+00,2.842777413963e+00
1.340000000000e+01,7.000000000000e+00,2.740218941720e+00
1.340000000000e+01,7.200000000000e+00,2.650628771626e+00
1.340000000000e+01,7.400000000000e+00,2.571761291288e+00
1.340000000000e+01,7.600000000000e+00,2.501819562751e+00
1.340000000000e+01,7.800000000000e+00,2.439370911897e+00
1.340000000000e+01,8.000000000000e+00,2.383261745296e+00
1.340000000000e+01,8.200000000000e+00,2.332554645207e+00
1.340000000000e+01,8.400000000000e+00,2.286481366654e+00
1.340000000000e+01,8.600000000000e+00,2.244407326795e+00
1.340000000000e+01,8.800000000000e+00,2.205804497059e+00
1.340000000000e+01,9.000000000000e+00,2.170230507051e+00
1.340000000000e+01,9.200000000000e+00,2.137312388382e+00
1.340000000000e+01,9.400000000000e+00,2.106733818491e+00
1.340000000000e+01,9.600000000000e+00,2.078225029124e+00
1.340000000000e+01,9.800000000000e+00,2.051554761365e+00
1.340000000000e+01,1.000000000000e+01,2.026523805574e+00
1.340000000000e+01,1.020000000000e+01,2.002959778402e+00
1.340000000000e+01,1.040000000000e+01,1.980712872596e+00
1.340000000000e+01,1.060000000000e+01,1.959652377181e+00
1.340000000000e+01,1.080000000000e+01,1.939663811850e+00
1.340000000000e+01,1.100000000000e+01,1.920646554145e+00
1.340000000000e+01,1.120000000000e+01,1.902511864434e+00
1.340000000000e+01,1.140000000000e+01,1.885181233848e+00
1.340000000000e+01,1.160000000000e+01,1.868584995864e+00
1.340000000000e+01,1.180000000000e+01,1.852661154236e+00
1.340000000000e+01,1.200000000000e+01,1.837354389348e+00
1.340000000000e+01,1.220000000000e+01,1.822615212418e+00
1.340000000000e+01,1.240000000000e+01,1.808399242767e+00
1.340000000000e+01,1.260000000000e+01,1.794666587980e+00
1.340000000000e+01,1.280000000000e+01,1.781381310437e+00
1.340000000000e+01,1.300000000000e+01,1.768510966636e+00
1.340000000000e+01,1.320000000000e+01,1.756026208115e+00
1.340000000000e+01,1.340000000000e+01,1.743900434659e+00
1.340000000000e+01,1.360000000000e+01,1.732109492075e+00
1.340000000000e+01,1.380000000000e+01,1.720631408057e+00
1.340000000000e+01,1.400000000000e+01,1.709446160731e+00
1.340000000000e+01,1.420000000000e+01,1.698535475306e+00
1.340000000000e+01,1.440000000000e+01,1.687882644990e+00
1.340000000000e+01,1.460000000000e+01,1.677472372881e+00
1.340000000000e+01,1.480000000000e+01,1.667290632094e+00
1.340000000000e+01,1.500000000000e+01,1.657324541712e+00
1.340000000000e+01,1.520000000000e+01,1.647562256578e+00
1.340000000000e+01,1.540000000000e+01,1.637992869156e+00
1.340000000000e+01,1.560000000000e+01,1.628606321998e+00
1.340000000000e+01,1.580000000000e+01,1.619393329499e+00
1.340000000000e+01,1.600000000000e+01,1.610345307859e+00
1.360000000000e+01,3.000000000000e+00,inf
1.360000000000e+01,3.200000000000e+00,inf
1.360000000000e+01,3.400000000000e+00,inf
1.360000000000e+01,3.600000000000e+00,inf
1.360000000000e+01,3.800000000000e+00,inf
1.360000000000e+01,4.000000000000e+00,inf
1.360000000000e+01,4.200000000000e+00,inf
1.360000000000e+01,4.400000000000e+00,9.040790505184e+00
1.360000000000e+01,4.600000000000e+00,7.478199884382e+00
1.360000000000e+01,4.800000000000e+00,6.363927205389e+00
1.360000000000e+01,5.000000000000e+00,5.545174146909e+00
1.360000000000e+01,5.200000000000e+00,4.927720138720e+00
1.360000000000e+01,5.400000000000e+00,4.451331048825e+00
1.360000000000e+01,5.600000000000e+00,4.076284675725e+00
1.360000000000e+01,5.800000000000e+00,3.775666796184e+00
1.360000000000e+01,6.000000000000e+00,3.530800207021e+00
1.360000000000e+01,6.200000000000e+00,3.328443829403e+00
1.360000000000e+01,6.400000000000e+00,3.159027488273e+00
1.360000000000e+01,6.600000000000e+00,3.015511533987e+00
1.360000000000e+01,6.800000000000e+00,2.892633710459e+00
1.360000000000e+01,7.000000000000e+00,2.786357903663e+00
1.360000000000e+01,7.200000000000e+00,2.693633479395e+00
1.360000000000e+01,7.400000000000e+00,2.612100720604e+00
1.360000000000e+01,7.600000000000e+00,2.539874515142e+00
1.360000000000e+01,7.800000000000e+00,2.475453582750e+00
1.360000000000e+01,8.000000000000e+00,2.417630373198e+00
1.360000000000e+01,8.200000000000e+00,2.365424605367e+00
1.360000000000e+01,8.400000000000e+00,2.318033662484e+00
1.360000000000e+01,8.600000000000e+00,2.274795156013e+00
1.360000000000e+01,8.800000000000e+00,2.235158377548e+00
1.360000000000e+01,9.000000000000e+00,2.198662314451e+00
1.360000000000e+01,9.200000000000e+00,2.164918563519e+00
1.360000000000e+01,9.400000000000e+00,2.133597935747e+00
1.360000000000e+01,9.600000000000e+00,2.104419868652e+00
1.360000000000e+01,9.800000000000e+00,2.077143992951e+00
1.360000000000e+01,1.000000000000e+01,2.051563366184e+00
1.360000000000e+01,1.020000000000e+01,2.027499006353e+00
1.360000000000e+01,1.040000000000e+01,2.004795447004e+00
1.360000000000e+01,1.060000000000e+01,1.983317100602e+00
1.360000000000e+01,1.080000000000e+01,1.962945265840e+00
1.360000000000e+01,1.100000000000e+01,1.943575651214e+00
1.360000000000e+01,1.120000000000e+01,1.925116315070e+00
1.360000000000e+01,1.140000000000e+01,1.907485943517e+00
1.360000000000e+01,1.160000000000e+01,1.890612404000e+00
1.360000000000e+01,1.180000000000e+01,1.874431524922e+00
1.360000000000e+01,1.200000000000e+01,1.858886061589e+00
1.360000000000e+01,1.220000000000e+01,1.843924816446e+00
1.360000000000e+01,1.240000000000e+01,1.829501887691e+00
1.360000000000e+01,1.260000000000e+01,1.815576025138e+00
1.360000000000e+01,1.280000000000e+01,1.802110076080e+00
1.360000000000e+01,1.300000000000e+01,1.789070506969e+00
1.360000000000e+01,1.320000000000e+01,1.776426989196e+00
1.360000000000e+01,1.340000000000e+01,1.764152039292e+00
1.360000000000e+01,1.360000000000e+01,1.752220705464e+00
1.360000000000e+01,1.380000000000e+01,1.740610293738e+00
1.360000000000e+01,1.400000000000e+01,1.729300128052e+00
1.360000000000e+01,1.420000000000e+01,1.718271339552e+00
1.360000000000e+01,1.440000000000e+01,1.707506681072e+00
1.360000000000e+01,1.460000000000e+01,1.696990363399e+00
1.360000000000e+01,1.480000000000e+01,1.686707910444e+00
1.360000000000e+01,1.500000000000e+01,1.676646030840e+00
1.360000000000e+01,1.520000000000e+01,1.666792503883e+00
1.360000000000e+01,1.540000000000e+01,1.657136077986e+00
1.360000000000e+01,1.560000000000e+01,1.647666380126e+00
1.360000000000e+01,1.580000000000e+01,1.638373834912e+00
1.360000000000e+01,1.600000000000e+01,1.629249592153e+00
1.380000000000e+01,3.000000000000e+00,inf
1.380000000000e+01,3.200000000000e+00,inf
1.380000000000e+01,3.400000000000e+00,inf
1.380000000000e+01,3.600000000000e+00,inf
1.380000000000e+01,3.800000000000e+00,inf
1.380000000000e+01,4.000000000000e+00,inf
1.380000000000e+01,4.200000000000e+00,inf
1.380000000000e+01,4.400000000000e+00,9.416302215559e+00
1.380000000000e+01,4.600000000000e+00,7.759691629708e+00
1.380000000000e+01,4.800000000000e+00,6.581865532170e+00
1.380000000000e+01,5.000000000000e+00,5.718691366338e+00
1.380000000000e+01,5.200000000000e+00,5.069287385085e+00
1.380000000000e+01,5.400000000000e+00,4.569340635738e+00
1.380000000000e+01,5.600000000000e+00,4.176541491735e+00
1.380000000000e+01,5.800000000000e+00,3.862283608953e+00
1.380000000000e+01,6.000000000000e+00,3.606753544763e+00
1.380000000000e+01,6.200000000000e+00,3.395929366182e+00
1.380000000000e+01,6.400000000000e+00,3.219693112772e+00
1.380000000000e+01,6.600000000000e+00,3.070613663468e+00
1.380000000000e+01,6.800000000000e+00,2.943144238784e+00
1.380000000000e+01,7.000000000000e+00,2.833038024610e+00
1.380000000000e+01,7.200000000000e+00,2.737087500368e+00
1.380000000000e+01,7.400000000000e+00,2.652814093002e+00
1.380000000000e+01,7.600000000000e+00,2.578240966667e+00
1.380000000000e+01,7.800000000000e+00,2.511795556411e+00
1.380000000000e+01,8.000000000000e+00,2.452214311634e+00
1.380000000000e+01,8.200000000000e+00,2.398472512590e+00
1.380000000000e+01,8.400000000000e+00,2.349731944624e+00
1.380000000000e+01,8.600000000000e+00,2.305301450442e+00
1.380000000000e+01,8.800000000000e+00,2.264606878768e+00
1.380000000000e+01,9.000000000000e+00,2.227167965240e+00
1.380000000000e+01,9.200000000000e+00,2.192580381231e+00
1.380000000000e+01,9.400000000000e+00,2.160501673479e+00
1.380000000000e+01,9.600000000000e+00,2.130640160462e+00
1.380000000000e+01,9.800000000000e+00,2.102746095575e+00
1.380000000000e+01,1.000000000000e+01,2.076604582761e+00
1.380000000000e+01,1.020000000000e+01,2.052029857689e+00
1.380000000000e+01,1.040000000000e+01,2.028860641016e+00
1.380000000000e+01,1.060000000000e+01,2.006956339358e+00
1.380000000000e+01,1.080000000000e+01,1.986193921069e+00
1.380000000000e+01,1.100000000000e+01,1.966465332686e+00
1.380000000000e+01,1.120000000000e+01,1.947675351183e+00
1.380000000000e+01,1.140000000000e+01,1.929739789582e+00
1.380000000000e+01,1.160000000000e+01,1.912583990644e+00
1.380000000000e+01,1.180000000000e+01,1.896141556669e+00
1.380000000000e+01,1.200000000000e+01,1.880353273780e+00
1.380000000000e+01,1.220000000000e+01,1.865166197180e+00
1.380000000000e+01,1.240000000000e+01,1.850532870244e+00
1.380000000000e+01,1.260000000000e+01,1.836410655395e+00
1.380000000000e+01,1.280000000000e+01,1.822761158709e+00
1.380000000000e+01,1.300000000000e+01,1.809549733450e+00
1.380000000000e+01,1.320000000000e+01,1.796745050308e+00
1.380000000000e+01,1.340000000000e+01,1.784318724233e+00
1.380000000000e+01,1.360000000000e+01,1.772244989446e+00
1.380000000000e+01,1.380000000000e+01,1.760500415600e+00
1.380000000000e+01,1.400000000000e+01,1.749063659219e+00
1.380000000000e+01,1.420000000000e+01,1.737915245444e+00
1.380000000000e+01,1.440000000000e+01,1.727037375928e+00
1.380000000000e+01,1.460000000000e+01,1.716413759337e+00
1.380000000000e+01,1.480000000000e+01,1.706029461450e+00
1.380000000000e+01,1.500000000000e+01,1.695870772304e+00
1.380000000000e+01,1.520000000000e+01,1.685925088193e+00
1.380000000000e+01,1.540000000000e+01,1.676180806646e+00
1.380000000000e+01,1.560000000000e+01,1.666627232780e+00
1.380000000000e+01,1.580000000000e+01,1.657254495633e+00
1.380000000000e+01,1.600000000000e+01,1.648053473278e+00
1.400000000000e+01,3.000000000000e+00,inf
1.400000000000e+01,3.200000000000e+00,inf
1.400000000000e+01,3.400000000000e+00,inf
1.400000000000e+01,3.600000000000e+00,inf
1.400000000000e+01,3.800000000000e+00,inf
1.400000000000e+01,4.000000000000e+00,inf
1.400000000000e+01,4.200000000000e+00,inf
1.400000000000e+01,4.400000000000e+00,9.807865892515e+00
1.400000000000e+01,4.600000000000e+00,8.052159181831e+00
1.400000000000e+01,4.800000000000e+00,6.807563371869e+00
1.400000000000e+01,5.000000000000e+00,5.897849243883e+00
1.400000000000e+01,5.200000000000e+00,5.215052441870e+00
1.400000000000e+01,5.400000000000e+00,4.690537379823e+00
1.400000000000e+01,5.600000000000e+00,4.279260116045e+00
1.400000000000e+01,5.800000000000e+00,3.950830470184e+00
1.400000000000e+01,6.000000000000e+00,3.684239685227e+00
1.400000000000e+01,6.200000000000e+00,3.464645885197e+00
1.400000000000e+01,6.400000000000e+00,3.281356849877e+00
1.400000000000e+01,6.600000000000e+00,3.126531687093e+00
1.400000000000e+01,6.800000000000e+00,2.994326214697e+00
1.400000000000e+01,7.000000000000e+00,2.880273697201e+00
1.400000000000e+01,7.200000000000e+00,2.781003047446e+00
1.400000000000e+01,7.400000000000e+00,2.693911921921e+00
1.400000000000e+01,7.600000000000e+00,2.616928093543e+00
1.400000000000e+01,7.800000000000e+00,2.548404947781e+00
1.400000000000e+01,8.000000000000e+00,2.487020826243e+00
1.400000000000e+01,8.200000000000e+00,2.431704947599e+00
1.400000000000e+01,8.400000000000e+00,2.381582237249e+00
1.400000000000e+01,8.600000000000e+00,2.335931778686e+00
1.400000000000e+01,8.800000000000e+00,2.294155193720e+00
1.400000000000e+01,9.000000000000e+00,2.255752340520e+00
1.400000000000e+01,9.200000000000e+00,2.220302461753e+00
1.400000000000e+01,9.400000000000e+00,2.187449432144e+00
1.400000000000e+01,9.600000000000e+00,2.156890118460e+00
1.400000000000e+01,9.800000000000e+00,2.128365123578e+00
1.400000000000e+01,1.000000000000e+01,2.101651372068e+00
1.400000000000e+01,1.020000000000e+01,2.076556129569e+00
1.400000000000e+01,1.040000000000e+01,2.052912146920e+00
1.400000000000e+01,1.060000000000e+01,2.030573692961e+00
1.400000000000e+01,1.080000000000e+01,2.009413294233e+00
1.400000000000e+01,1.100000000000e+01,1.989319040640e+00
1.400000000000e+01,1.120000000000e+01,1.970192346999e+00
1.400000000000e+01,1.140000000000e+01,1.951946083994e+00
1.400000000000e+01,1.160000000000e+01,1.934503010074e+00
1.400000000000e+01,1.180000000000e+01,1.917794449874e+00
1.400000000000e+01,1.200000000000e+01,1.901759175565e+00
1.400000000000e+01,1.220000000000e+01,1.886342456076e+00
1.400000000000e+01,1.240000000000e+01,1.871495245806e+00
1.400000000000e+01,1.260000000000e+01,1.857173489784e+00
1.400000000000e+01,1.280000000000e+01,1.843337526421e+00
1.400000000000e+01,1.300000000000e+01,1.829951572392e+00
1.400000000000e+01,1.320000000000e+01,1.816983276910e+00
1.400000000000e+01,1.340000000000e+01,1.804403334842e+00
1.400000000000e+01,1.360000000000e+01,1.792185149889e+00
1.400000000000e+01,1.380000000000e+01,1.780304540512e+00
1.400000000000e+01,1.400000000000e+01,1.768739482490e+00
1.400000000000e+01,1.420000000000e+01,1.757469882941e+00
1.400000000000e+01,1.440000000000e+01,1.746477381469e+00
1.400000000000e+01,1.460000000000e+01,1.735745174759e+00
1.400000000000e+01,1.480000000000e+01,1.725257861495e+00
1.400000000000e+01,1.500000000000e+01,1.715001304939e+00
1.400000000000e+01,1.520000000000e+01,1.704962510912e+00
1.400000000000e+01,1.540000000000e+01,1.695129519209e+00
1.400000000000e+01,1.560000000000e+01,1.685491306800e+00
1.400000000000e+01,1.580000000000e+01,1.676037701358e+00
1.400000000000e+01,1.600000000000e+01,1.666759303876e+00
1.420000000000e+01,3.000000000000e+00,inf
1.420000000000e+01,3.200000000000e+00,inf
1.420000000000e+01,3.400000000000e+00,inf
1.420000000000e+01,3.600000000000e+00,inf
1.420000000000e+01,3.800000000000e+00,inf
1.420000000000e+01,4.000000000000e+00,inf
1.420000000000e+01,4.200000000000e+00,inf
1.420000000000e+01,4.400000000000e+00,1.021616785452e+01
1.420000000000e+01,4.600000000000e+00,8.356035130727e+00
1.420000000000e+01,4.800000000000e+00,7.041305050906e+00
1.420000000000e+01,5.000000000000e+00,6.082841503611e+00
1.420000000000e+01,5.200000000000e+00,5.365151439720e+00
1.420000000000e+01,5.400000000000e+00,4.815019521500e+00
1.420000000000e+01,5.600000000000e+00,4.384513114729e+00
1.420000000000e+01,5.800000000000e+00,4.041362106384e+00
1.420000000000e+01,6.000000000000e+00,3.763300691309e+00
1.420000000000e+01,6.200000000000e+00,3.534626293404e+00
1.420000000000e+01,6.400000000000e+00,3.344044880091e+00
1.420000000000e+01,6.600000000000e+00,3.183286773433e+00
1.420000000000e+01,6.800000000000e+00,3.046197024675e+00
1.420000000000e+01,7.000000000000e+00,2.928079420550e+00
1.420000000000e+01,7.200000000000e+00,2.825392392011e+00
1.420000000000e+01,7.400000000000e+00,2.735404743067e+00
1.420000000000e+01,7.600000000000e+00,2.655945066695e+00
1.420000000000e+01,7.800000000000e+00,2.585289845334e+00
1.420000000000e+01,8.000000000000e+00,2.522057139934e+00
1.420000000000e+01,8.200000000000e+00,2.465128435756e+00
1.420000000000e+01,8.400000000000e+00,2.413590499358e+00
1.420000000000e+01,8.600000000000e+00,2.366691636548e+00
1.420000000000e+01,8.800000000000e+00,2.323808436687e+00
1.420000000000e+01,9.000000000000e+00,2.284420238114e+00
1.420000000000e+01,9.200000000000e+00,2.248089338564e+00
1.420000000000e+01,9.400000000000e+00,2.214445522832e+00
1.420000000000e+01,9.600000000000e+00,2.183173865290e+00
1.420000000000e+01,9.800000000000e+00,2.154005038719e+00
1.420000000000e+01,1.000000000000e+01,2.126707557449e+00
1.420000000000e+01,1.020000000000e+01,2.101081525298e+00
1.420000000000e+01,1.040000000000e+01,2.076953563049e+00
1.420000000000e+01,1.060000000000e+01,2.054172667159e+00
1.420000000000e+01,1.080000000000e+01,2.032606808692e+00
1.420000000000e+01,1.100000000000e+01,2.012140124454e+00
1.420000000000e+01,1.120000000000e+01,1.992670584858e+00
1.420000000000e+01,1.140000000000e+01,1.974108047786e+00
1.420000000000e+01,1.160000000000e+01,1.956372626749e+00
1.420000000000e+01,1.180000000000e+01,1.939393316330e+00
1.420000000000e+01,1.200000000000e+01,1.923106829294e+00
1.420000000000e+01,1.220000000000e+01,1.907456608698e+00
1.420000000000e+01,1.240000000000e+01,1.892391985339e+00
1.420000000000e+01,1.260000000000e+01,1.877867456459e+00
1.420000000000e+01,1.280000000000e+01,1.863842066025e+00
1.420000000000e+01,1.300000000000e+01,1.850278870454e+00
1.420000000000e+01,1.320000000000e+01,1.837144476486e+00
1.420000000000e+01,1.340000000000e+01,1.824408640216e+00
1.420000000000e+01,1.360000000000e+01,1.812043918136e+00
1.420000000000e+01,1.380000000000e+01,1.800025362569e+00
1.420000000000e+01,1.400000000000e+01,1.788330255120e+00
1.420000000000e+01,1.420000000000e+01,1.776937872784e+00
1.420000000000e+01,1.440000000000e+01,1.765829282179e+00
1.420000000000e+01,1.460000000000e+01,1.754987158098e+00
1.420000000000e+01,1.480000000000e+01,1.744395623120e+00
1.420000000000e+01,1.500000000000e+01,1.734040105530e+00
1.420000000000e+01,1.520000000000e+01,1.723907213177e+00
1.420000000000e+01,1.540000000000e+01,1.713984621259e+00
1.420000000000e+01,1.560000000000e+01,1.704260972299e+00
1.420000000000e+01,1.580000000000e+01,1.694725786806e+00
1.420000000000e+01,1.600000000000e+01,1.685369383350e+00
1.440000000000e+01,3.000000000000e+00,inf
1.440000000000e+01,3.200000000000e+00,inf
1.440000000000e+01,3.400000000000e+00,inf
1.440000000000e+01,3.600000000000e+00,inf
1.440000000000e+01,3.800000000000e+00,inf
1.440000000000e+01,4.000000000000e+00,inf
1.440000000000e+01,4.200000000000e+00,inf
1.440000000000e+01,4.400000000000e+00,1.064192298958e+01
1.440000000000e+01,4.600000000000e+00,8.671768288012e+00
1.440000000000e+01,4.800000000000e+00,7.283384515246e+00
1.440000000000e+01,5.000000000000e+00,6.273867801416e+00
1.440000000000e+01,5.200000000000e+00,5.519724296946e+00
1.440000000000e+01,5.400000000000e+00,4.942887793513e+00
1.440000000000e+01,5.600000000000e+00,4.492374734417e+00
1.440000000000e+01,5.800000000000e+00,4.133934398195e+00
1.440000000000e+01,6.000000000000e+00,3.843979428004e+00
1.440000000000e+01,6.200000000000e+00,3.605904058081e+00
1.440000000000e+01,6.400000000000e+00,3.407783774374e+00
1.440000000000e+01,6.600000000000e+00,3.240900359890e+00
1.440000000000e+01,6.800000000000e+00,3.098774235514e+00
1.440000000000e+01,7.000000000000e+00,2.976469808782e+00
1.440000000000e+01,7.200000000000e+00,2.870267871698e+00
1.440000000000e+01,7.400000000000e+00,2.777303121617e+00
1.440000000000e+01,7.600000000000e+00,2.695301058519e+00
1.440000000000e+01,7.800000000000e+00,2.622458317546e+00
1.440000000000e+01,8.000000000000e+00,2.557330439042e+00
1.440000000000e+01,8.200000000000e+00,2.498749452995e+00
1.440000000000e+01,8.400000000000e+00,2.445762630518e+00
1.440000000000e+01,8.600000000000e+00,2.397586452605e+00
1.440000000000e+01,8.800000000000e+00,2.353571648661e+00
1.440000000000e+01,9.000000000000e+00,2.313176377851e+00
1.440000000000e+01,9.200000000000e+00,2.275945463534e+00
1.440000000000e+01,9.400000000000e+00,2.241494172290e+00
1.440000000000e+01,9.600000000000e+00,2.209495437223e+00
1.440000000000e+01,9.800000000000e+00,2.179669714942e+00
1.440000000000e+01,1.000000000000e+01,2.151776873471e+00
1.440000000000e+01,1.020000000000e+01,2.125609658843e+00
1.440000000000e+01,1.040000000000e+01,2.100988398175e+00
1.440000000000e+01,1.060000000000e+01,2.077756678198e+00
1.440000000000e+01,1.080000000000e+01,2.055777798603e+00
1.440000000000e+01,1.100000000000e+01,2.034931844817e+00
1.440000000000e+01,1.120000000000e+01,2.015113259096e+00
1.440000000000e+01,1.140000000000e+01,1.996228814826e+00
1.440000000000e+01,1.160000000000e+01,1.978195918937e+00
1.440000000000e+01,1.180000000000e+01,1.960941182727e+00
1.440000000000e+01,1.200000000000e+01,1.944399213401e+00
1.440000000000e+01,1.220000000000e+01,1.928511587967e+00
1.440000000000e+01,1.240000000000e+01,1.913225978509e+00
1.440000000000e+01,1.260000000000e+01,1.898495403687e+00
1.440000000000e+01,1.280000000000e+01,1.884277585914e+00
1.440000000000e+01,1.300000000000e+01,1.870534397397e+00
1.440000000000e+01,1.320000000000e+01,1.857231381177e+00
1.440000000000e+01,1.340000000000e+01,1.844337335696e+00
1.440000000000e+01,1.360000000000e+01,1.831823953391e+00
1.440000000000e+01,1.380000000000e+01,1.819665505369e+00
1.440000000000e+01,1.400000000000e+01,1.807838565528e+00
1.440000000000e+01,1.420000000000e+01,1.796321768548e+00
1.440000000000e+01,1.440000000000e+01,1.785095597055e+00
1.440000000000e+01,1.460000000000e+01,1.774142193982e+00
1.440000000000e+01,1.480000000000e+01,1.763445196754e+00
1.440000000000e+01,1.500000000000e+01,1.752989590436e+00
1.440000000000e+01,1.520000000000e+01,1.742761577385e+00
1.440000000000e+01,1.540000000000e+01,1.732748461319e+00
1.440000000000e+01,1.560000000000e+01,1.722938543997e+00
1.440000000000e+01,1.580000000000e+01,1.713321032962e+00
1.440000000000e+01,1.600000000000e+01,1.703885959012e+00
1.460000000000e+01,3.000000000000e+00,inf
1.460000000000e+01,3.200000000000e+00,inf
1.460000000000e+01,3.400000000000e+00,inf
1.460000000000e+01,3.600000000000e+00,inf
1.460000000000e+01,3.800000000000e+00,inf
1.460000000000e+01,4.000000000000e+00,inf
1.460000000000e+01,4.200000000000e+00,inf
1.460000000000e+01,4.400000000000e+00,1.108587599907e+01
1.460000000000e+01,4.600000000000e+00,8.999824336961e+00
1.460000000000e+01,4.800000000000e+00,7.534105684461e+00
1.460000000000e+01,5.000000000000e+00,6.471133924906e+00
1.460000000000e+01,5.200000000000e+00,5.678914836498e+00
1.460000000000e+01,5.400000000000e+00,5.074245492249e+00
1.460000000000e+01,5.600000000000e+00,4.602920947901e+00
1.460000000000e+01,5.800000000000e+00,4.228604411159e+00
1.460000000000e+01,6.000000000000e+00,3.926319584364e+00
1.460000000000e+01,6.200000000000e+00,3.678513223372e+00
1.460000000000e+01,6.400000000000e+00,3.472600507259e+00
1.460000000000e+01,6.600000000000e+00,3.299394163537e+00
1.460000000000e+01,6.800000000000e+00,3.152075603628e+00
1.460000000000e+01,7.000000000000e+00,3.025459599254e+00
1.460000000000e+01,7.200000000000e+00,2.915641897839e+00
1.460000000000e+01,7.400000000000e+00,2.819617659091e+00
1.460000000000e+01,7.600000000000e+00,2.735005249332e+00
1.460000000000e+01,7.800000000000e+00,2.659918419003e+00
1.460000000000e+01,8.000000000000e+00,2.592847879175e+00
1.460000000000e+01,8.200000000000e+00,2.532574431449e+00
1.460000000000e+01,8.400000000000e+00,2.478104476308e+00
1.460000000000e+01,8.600000000000e+00,2.428621593491e+00
1.460000000000e+01,8.800000000000e+00,2.383449802479e+00
1.460000000000e+01,9.000000000000e+00,2.342025406572e+00
1.460000000000e+01,9.200000000000e+00,2.303875211804e+00
1.460000000000e+01,9.400000000000e+00,2.268599527677e+00
1.460000000000e+01,9.600000000000e+00,2.235858788801e+00
1.460000000000e+01,9.800000000000e+00,2.205362942902e+00
1.460000000000e+01,1.000000000000e+01,2.176862970337e+00
1.460000000000e+01,1.020000000000e+01,2.150144059132e+00
1.460000000000e+01,1.040000000000e+01,2.125020075689e+00
1.460000000000e+01,1.060000000000e+01,2.101329056888e+00
1.460000000000e+01,1.080000000000e+01,2.078929512877e+00
1.460000000000e+01,1.100000000000e+01,2.057697377560e+00
1.460000000000e+01,1.120000000000e+01,2.037523479760e+00
1.460000000000e+01,1.140000000000e+01,2.018311435416e+00
1.460000000000e+01,1.160000000000e+01,1.999975882190e+00
1.460000000000e+01,1.180000000000e+01,1.982440994008e+00
1.460000000000e+01,1.200000000000e+01,1.965639225644e+00
1.460000000000e+01,1.220000000000e+01,1.949510247283e+00
1.460000000000e+01,1.240000000000e+01,1.934000036694e+00
1.460000000000e+01,1.260000000000e+01,1.919060102743e+00
1.460000000000e+01,1.280000000000e+01,1.904646818838e+00
1.460000000000e+01,1.300000000000e+01,1.890720848742e+00
1.460000000000e+01,1.320000000000e+01,1.877246650326e+00
1.460000000000e+01,1.340000000000e+01,1.864192045303e+00
1.460000000000e+01,1.360000000000e+01,1.851527845045e+00
1.460000000000e+01,1.380000000000e+01,1.839227524230e+00
1.460000000000e+01,1.400000000000e+01,1.827266935400e+00
1.460000000000e+01,1.420000000000e+01,1.815624058641e+00
1.460000000000e+01,1.440000000000e+01,1.804278781505e+00
1.460000000000e+01,1.460000000000e+01,1.793212705038e+00
1.460000000000e+01,1.480000000000e+01,1.782408972413e+00
1.460000000000e+01,1.500000000000e+01,1.771852117195e+00
1.460000000000e+01,1.520000000000e+01,1.761527928700e+00
1.460000000000e+01,1.540000000000e+01,1.751423332260e+00
1.460000000000e+01,1.560000000000e+01,1.741526282544e+00
1.460000000000e+01,1.580000000000e+01,1.731825668312e+00
1.460000000000e+01,1.600000000000e+01,1.722311227238e+00
1.480000000000e+01,3.000000000000e+00,inf
1.480000000000e+01,3.200000000000e+00,inf
1.480000000000e+01,3.400000000000e+00,inf
1.480000000000e+01,3.600000000000e+00,inf
1.480000000000e+01,3.800000000000e+00,inf
1.480000000000e+01,4.000000000000e+00,inf
1.480000000000e+01,4.200000000000e+00,inf
1.480000000000e+01,4.400000000000e+00,inf
1.480000000000e+01,4.600000000000e+00,9.340686507916e+00
1.480000000000e+01,4.800000000000e+00,7.793782818897e+00
1.480000000000e+01,5.000000000000e+00,6.674852000283e+00
1.480000000000e+01,5.200000000000e+00,5.842870906693e+00
1.480000000000e+01,5.400000000000e+00,5.209198550985e+00
1.480000000000e+01,5.600000000000e+00,4.716229500670e+00
1.480000000000e+01,5.800000000000e+00,4.325430426864e+00
1.480000000000e+01,6.000000000000e+00,4.010365695517e+00
1.480000000000e+01,6.200000000000e+00,3.752488426729e+00
1.480000000000e+01,6.400000000000e+00,3.538522469750e+00
1.480000000000e+01,6.600000000000e+00,3.358790191710e+00
1.480000000000e+01,6.800000000000e+00,3.206119084072e+00
1.480000000000e+01,7.000000000000e+00,3.075063660491e+00
1.480000000000e+01,7.200000000000e+00,2.961526962617e+00
1.480000000000e+01,7.400000000000e+00,2.862358999938e+00
1.480000000000e+01,7.600000000000e+00,2.775066833521e+00
1.480000000000e+01,7.800000000000e+00,2.697678196227e+00
1.480000000000e+01,8.000000000000e+00,2.628616590777e+00
1.480000000000e+01,8.200000000000e+00,2.566609764801e+00
1.480000000000e+01,8.400000000000e+00,2.510621833490e+00
1.480000000000e+01,8.600000000000e+00,2.459802368913e+00
1.480000000000e+01,8.800000000000e+00,2.413447807701e+00
1.480000000000e+01,9.000000000000e+00,2.370971902881e+00
1.480000000000e+01,9.200000000000e+00,2.331882886424e+00
1.480000000000e+01,9.400000000000e+00,2.295765661090e+00
1.480000000000e+01,9.600000000000e+00,2.262267797247e+00
1.480000000000e+01,9.800000000000e+00,2.231088434269e+00
1.480000000000e+01,1.000000000000e+01,2.201969418080e+00
1.480000000000e+01,1.020000000000e+01,2.174688174139e+00
1.480000000000e+01,1.040000000000e+01,2.149051937588e+00
1.480000000000e+01,1.060000000000e+01,2.124893052480e+00
1.480000000000e+01,1.080000000000e+01,2.102065118941e+00
1.480000000000e+01,1.100000000000e+01,2.080439817316e+00
1.480000000000e+01,1.120000000000e+01,2.059904276160e+00
1.480000000000e+01,1.140000000000e+01,2.040358879733e+00
1.480000000000e+01,1.160000000000e+01,2.021715432686e+00
1.480000000000e+01,1.180000000000e+01,2.003895616600e+00
1.480000000000e+01,1.200000000000e+01,1.986829686220e+00
1.480000000000e+01,1.220000000000e+01,1.970455363533e+00
1.480000000000e+01,1.240000000000e+01,1.954716895877e+00
1.480000000000e+01,1.260000000000e+01,1.939564250698e+00
1.480000000000e+01,1.280000000000e+01,1.924952424588e+00
1.480000000000e+01,1.300000000000e+01,1.910840848341e+00
1.480000000000e+01,1.320000000000e+01,1.897192872945e+00
1.480000000000e+01,1.340000000000e+01,1.883975324100e+00
1.480000000000e+01,1.360000000000e+01,1.871158114936e+00
1.480000000000e+01,1.380000000000e+01,1.858713908345e+00
1.480000000000e+01,1.400000000000e+01,1.846617821748e+00
1.480000000000e+01,1.420000000000e+01,1.834847168264e+00
1.480000000000e+01,1.440000000000e+01,1.823381229211e+00
1.480000000000e+01,1.460000000000e+01,1.812201053656e+00
1.480000000000e+01,1.480000000000e+01,1.801289281369e+00
1.480000000000e+01,1.500000000000e+01,1.790629986101e+00
1.480000000000e+01,1.520000000000e+01,1.780208536541e+00
1.480000000000e+01,1.540000000000e+01,1.770011472710e+00
1.480000000000e+01,1.560000000000e+01,1.760026395837e+00
1.480000000000e+01,1.580000000000e+01,1.750241870078e+00
1.480000000000e+01,1.600000000000e+01,1.740647334616e+00
1.500000000000e+01,3.000000000000e+00,inf
1.500000000000e+01,3.200000000000e+00,inf
1.500000000000e+01,3.400000000000e+00,inf
1.500000000000e+01,3.600000000000e+00,inf
1.500000000000e+01,3.800000000000e+00,inf
1.500000000000e+01,4.000000000000e+00,inf
1.500000000000e+01,4.200000000000e+00,inf
1.500000000000e+01,4.400000000000e+00,inf
1.500000000000e+01,4.600000000000e+00,9.694856279988e+00
1.500000000000e+01,4.800000000000e+00,8.062740900357e+00
1.500000000000e+01,5.000000000000e+00,6.885240706437e+00
1.500000000000e+01,5.200000000000e+00,6.011744505810e+00
1.500000000000e+01,5.400000000000e+00,5.347855615192e+00
1.500000000000e+01,5.600000000000e+00,4.832379958458e+00
1.500000000000e+01,5.800000000000e+00,4.424471974508e+00
1.500000000000e+01,6.000000000000e+00,4.096163164790e+00
1.500000000000e+01,6.200000000000e+00,3.827864915276e+00
1.500000000000e+01,6.400000000000e+00,3.605577482061e+00
1.500000000000e+01,6.600000000000e+00,3.419110752378e+00
1.500000000000e+01,6.800000000000e+00,3.260922839323e+00
1.500000000000e+01,7.000000000000e+00,3.125296999856e+00
1.500000000000e+01,7.200000000000e+00,3.007935645952e+00
1.500000000000e+01,7.400000000000e+00,2.905537837842e+00
1.500000000000e+01,7.600000000000e+00,2.815495025421e+00
1.500000000000e+01,7.800000000000e+00,2.735745693223e+00
1.500000000000e+01,8.000000000000e+00,2.664643684413e+00
1.500000000000e+01,8.200000000000e+00,2.600861813358e+00
1.500000000000e+01,8.400000000000e+00,2.543320454913e+00
1.500000000000e+01,8.600000000000e+00,2.491134036406e+00
1.500000000000e+01,8.800000000000e+00,2.443570515238e+00
1.500000000000e+01,9.000000000000e+00,2.400020381651e+00
1.500000000000e+01,9.200000000000e+00,2.359972722747e+00
1.500000000000e+01,9.400000000000e+00,2.322996573853e+00
1.500000000000e+01,9.600000000000e+00,2.288726266660e+00
1.500000000000e+01,9.800000000000e+00,2.256849825821e+00
1.500000000000e+01,1.000000000000e+01,2.227099710559e+00
1.500000000000e+01,1.020000000000e+01,2.199245374785e+00
1.500000000000e+01,1.040000000000e+01,2.173087248266e+00
1.500000000000e+01,1.060000000000e+01,2.148451836362e+00
1.500000000000e+01,1.080000000000e+01,2.125187706342e+00
1.500000000000e+01,1.100000000000e+01,2.103162181020e+00
1.500000000000e+01,1.120000000000e+01,2.082258600269e+00
1.500000000000e+01,1.140000000000e+01,2.062374041129e+00
1.500000000000e+01,1.160000000000e+01,2.043417410416e+00
1.500000000000e+01,1.180000000000e+01,2.025307841501e+00
1.500000000000e+01,1.200000000000e+01,2.007973340759e+00
1.500000000000e+01,1.220000000000e+01,1.991349639977e+00
1.500000000000e+01,1.240000000000e+01,1.975379219438e+00
1.500000000000e+01,1.260000000000e+01,1.960010473100e+00
1.500000000000e+01,1.280000000000e+01,1.945196992580e+00
1.500000000000e+01,1.300000000000e+01,1.930896950867e+00
1.500000000000e+01,1.320000000000e+01,1.917072570103e+00
1.500000000000e+01,1.340000000000e+01,1.903689660482e+00
1.500000000000e+01,1.360000000000e+01,1.890717219536e+00
1.500000000000e+01,1.380000000000e+01,1.878127082874e+00
1.500000000000e+01,1.400000000000e+01,1.865893618910e+00
1.500000000000e+01,1.420000000000e+01,1.853993461318e+00
1.500000000000e+01,1.440000000000e+01,1.842405273942e+00
1.500000000000e+01,1.460000000000e+01,1.831109543713e+00
1.500000000000e+01,1.480000000000e+01,1.820088397793e+00
1.500000000000e+01,1.500000000000e+01,1.809325441756e+00
1.500000000000e+01,1.520000000000e+01,1.798805616051e+00
1.500000000000e+01,1.540000000000e+01,1.788515068432e+00
1.500000000000e+01,1.560000000000e+01,1.778441040325e+00
1.500000000000e+01,1.580000000000e+01,1.768571765437e+00
1.500000000000e+01,1.600000000000e+01,1.758896379094e+00
1.520000000000e+01,3.000000000000e+00,inf
1.520000000000e+01,3.200000000000e+00,inf
1.520000000000e+01,3.400000000000e+00,inf
1.520000000000e+01,3.600000000000e+00,inf
1.520000000000e+01,3.800000000000e+00,inf
1.520000000000e+01,4.000000000000e+00,inf
1.520000000000e+01,4.200000000000e+00,inf
1.520000000000e+01,4.400000000000e+00,inf
1.520000000000e+01,4.600000000000e+00,1.006285410996e+01
1.520000000000e+01,4.800000000000e+00,8.341316026717e+00
1.520000000000e+01,5.000000000000e+00,7.102525496482e+00
1.520000000000e+01,5.200000000000e+00,6.185691910723e+00
1.520000000000e+01,5.400000000000e+00,5.490328119967e+00
1.520000000000e+01,5.600000000000e+00,4.951453755860e+00
1.520000000000e+01,5.800000000000e+00,4.525789862945e+00
1.520000000000e+01,6.000000000000e+00,4.183758285976e+00
1.520000000000e+01,6.200000000000e+00,3.904678562133e+00
1.520000000000e+01,6.400000000000e+00,3.673793806211e+00
1.520000000000e+01,6.600000000000e+00,3.480378464311e+00
1.520000000000e+01,6.800000000000e+00,3.316505247825e+00
1.520000000000e+01,7.000000000000e+00,3.176174770975e+00
1.520000000000e+01,7.200000000000e+00,3.054880622129e+00
1.520000000000e+01,7.400000000000e+00,2.949164921775e+00
1.520000000000e+01,7.600000000000e+00,2.856299064940e+00
1.520000000000e+01,7.800000000000e+00,2.774128956772e+00
1.520000000000e+01,8.000000000000e+00,2.700936255808e+00
1.520000000000e+01,8.200000000000e+00,2.635336908892e+00
1.520000000000e+01,8.400000000000e+00,2.576206054177e+00
1.520000000000e+01,8.600000000000e+00,2.522621805856e+00
1.520000000000e+01,8.800000000000e+00,2.473822721747e+00
1.520000000000e+01,9.000000000000e+00,2.429175298309e+00
1.520000000000e+01,9.200000000000e+00,2.388148892605e+00
1.520000000000e+01,9.400000000000e+00,2.350296200594e+00
1.520000000000e+01,9.600000000000e+00,2.315237931992e+00
1.520000000000e+01,9.800000000000e+00,2.282650683332e+00
1.520000000000e+01,1.000000000000e+01,2.252257269254e+00
1.520000000000e+01,1.020000000000e+01,2.223818958640e+00
1.520000000000e+01,1.040000000000e+01,2.197129198133e+00
1.520000000000e+01,1.060000000000e+01,2.172008505588e+00
1.520000000000e+01,1.080000000000e+01,2.148300290175e+00
1.520000000000e+01,1.100000000000e+01,2.125867411249e+00
1.520000000000e+01,1.120000000000e+01,2.104589329967e+00
1.520000000000e+01,1.140000000000e+01,2.084359739282e+00
1.520000000000e+01,1.160000000000e+01,2.065084582249e+00
1.520000000000e+01,1.180000000000e+01,2.046680387252e+00
1.520000000000e+01,1.200000000000e+01,2.029072863193e+00
1.520000000000e+01,1.220000000000e+01,2.012195709029e+00
1.520000000000e+01,1.240000000000e+01,1.995989600831e+00
1.520000000000e+01,1.260000000000e+01,1.980401326571e+00
1.520000000000e+01,1.280000000000e+01,1.965383044348e+00
1.520000000000e+01,1.300000000000e+01,1.950891644211e+00
1.520000000000e+01,1.320000000000e+01,1.936888197232e+00
1.520000000000e+01,1.340000000000e+01,1.923337478391e+00
1.520000000000e+01,1.360000000000e+01,1.910207552085e+00
1.520000000000e+01,1.380000000000e+01,1.897469410988e+00
1.520000000000e+01,1.400000000000e+01,1.885096660498e+00
1.520000000000e+01,1.420000000000e+01,1.873065242264e+00
1.520000000000e+01,1.440000000000e+01,1.861353191330e+00
1.520000000000e+01,1.460000000000e+01,1.849940422261e+00
1.520000000000e+01,1.480000000000e+01,1.838808540352e+00
1.520000000000e+01,1.500000000000e+01,1.827940674592e+00
1.520000000000e+01,1.520000000000e+01,1.817321329538e+00
1.520000000000e+01,1.540000000000e+01,1.806936253692e+00
1.520000000000e+01,1.560000000000e+01,1.796772322292e+00
1.520000000000e+01,1.580000000000e+01,1.786817432739e+00
1.520000000000e+01,1.600000000000e+01,1.777060411119e+00
1.540000000000e+01,3.000000000000e+00,inf
1.540000000000e+01,3.200000000000e+00,inf
1.540000000000e+01,3.400000000000e+00,inf
1.540000000000e+01,3.600000000000e+00,inf
1.540000000000e+01,3.800000000000e+00,inf
1.540000000000e+01,4.000000000000e+00,inf
1.540000000000e+01,4.200000000000e+00,inf
1.540000000000e+01,4.400000000000e+00,inf
1.540000000000e+01,4.600000000000e+00,1.044522018937e+01
1.540000000000e+01,4.800000000000e+00,8.629855820904e+00
1.540000000000e+01,5.000000000000e+00,7.326938826954e+00
1.540000000000e+01,5.200000000000e+00,6.364873809691e+00
1.540000000000e+01,5.400000000000e+00,5.636730369705e+00
1.540000000000e+01,5.600000000000e+00,5.073534246102e+00
1.540000000000e+01,5.800000000000e+00,4.629446213259e+00
1.540000000000e+01,6.000000000000e+00,4.273198265784e+00
1.540000000000e+01,6.200000000000e+00,3.982965882733e+00
1.540000000000e+01,6.400000000000e+00,3.743200158501e+00
1.540000000000e+01,6.600000000000e+00,3.542616267084e+00
1.540000000000e+01,6.800000000000e+00,3.372884912333e+00
1.540000000000e+01,7.000000000000e+00,3.227712280945e+00
1.540000000000e+01,7.200000000000e+00,3.102374666197e+00
1.540000000000e+01,7.400000000000e+00,2.993251061812e+00
1.540000000000e+01,7.600000000000e+00,2.897488222939e+00
1.540000000000e+01,7.800000000000e+00,2.812836041488e+00
1.540000000000e+01,8.000000000000e+00,2.737501390652e+00
1.540000000000e+01,8.200000000000e+00,2.670041359233e+00
1.540000000000e+01,8.400000000000e+00,2.609284310070e+00
1.540000000000e+01,8.600000000000e+00,2.554270843792e+00
1.540000000000e+01,8.800000000000e+00,2.504209173801e+00
1.540000000000e+01,9.000000000000e+00,2.458441052903e+00
1.540000000000e+01,9.200000000000e+00,2.416415508281e+00
1.540000000000e+01,9.400000000000e+00,2.377668413124e+00
1.540000000000e+01,9.600000000000e+00,2.341806462840e+00
1.540000000000e+01,9.800000000000e+00,2.308494505273e+00
1.540000000000e+01,1.000000000000e+01,2.277445446885e+00
1.540000000000e+01,1.020000000000e+01,2.248412153460e+00
1.540000000000e+01,1.040000000000e+01,2.221180907064e+00
1.540000000000e+01,1.060000000000e+01,2.195566086238e+00
1.540000000000e+01,1.080000000000e+01,2.171405814365e+00
1.540000000000e+01,1.100000000000e+01,2.148558379414e+00
1.540000000000e+01,1.120000000000e+01,2.126899272152e+00
1.540000000000e+01,1.140000000000e+01,2.106318723217e+00
1.540000000000e+01,1.160000000000e+01,2.086719644863e+00
1.540000000000e+01,1.180000000000e+01,2.068015902776e+00
1.540000000000e+01,1.200000000000e+01,2.050130858514e+00
1.540000000000e+01,1.220000000000e+01,2.032996134925e+00
1.540000000000e+01,1.240000000000e+01,2.016550566175e+00
1.540000000000e+01,1.260000000000e+01,2.000739301294e+00
1.540000000000e+01,1.280000000000e+01,1.985513035955e+00
1.540000000000e+01,1.300000000000e+01,1.970827351806e+00
1.540000000000e+01,1.320000000000e+01,1.956642146364e+00
1.540000000000e+01,1.340000000000e+01,1.942921139462e+00
1.540000000000e+01,1.360000000000e+01,1.929631444642e+00
1.540000000000e+01,1.380000000000e+01,1.916743195837e+00
1.540000000000e+01,1.400000000000e+01,1.904229221288e+00
1.540000000000e+01,1.420000000000e+01,1.892064757933e+00
1.540000000000e+01,1.440000000000e+01,1.880227200597e+00
1.540000000000e+01,1.460000000000e+01,1.868695881179e+00
1.540000000000e+01,1.480000000000e+01,1.857451873787e+00
1.540000000000e+01,1.500000000000e+01,1.846477822367e+00
1.540000000000e+01,1.520000000000e+01,1.835757787893e+00
1.540000000000e+01,1.540000000000e+01,1.825277112601e+00
1.540000000000e+01,1.560000000000e+01,1.815022299129e+00
1.540000000000e+01,1.580000000000e+01,1.804980902701e+00
1.540000000000e+01,1.600000000000e+01,1.795141434766e+00
1.560000000000e+01,3.000000000000e+00,inf
1.560000000000e+01,3.200000000000e+00,inf
1.560000000000e+01,3.400000000000e+00,inf
1.560000000000e+01,3.600000000000e+00,inf
1.560000000000e+01,3.800000000000e+00,inf
1.560000000000e+01,4.000000000000e+00,inf
1.560000000000e+01,4.200000000000e+00,inf
1.560000000000e+01,4.400000000000e+00,inf
1.560000000000e+01,4.600000000000e+00,1.084251523075e+01
1.560000000000e+01,4.800000000000e+00,8.928719854694e+00
1.560000000000e+01,5.000000000000e+00,7.558720394900e+00
1.560000000000e+01,5.200000000000e+00,6.549455439451e+00
1.560000000000e+01,5.400000000000e+00,5.787179620105e+00
1.560000000000e+01,5.600000000000e+00,5.198706752022e+00
1.560000000000e+01,5.800000000000e+00,4.735504491920e+00
1.560000000000e+01,6.000000000000e+00,4.364531246504e+00
1.560000000000e+01,6.200000000000e+00,4.062764051155e+00
1.560000000000e+01,6.400000000000e+00,3.813825721902e+00
1.560000000000e+01,6.600000000000e+00,3.605847430920e+00
1.560000000000e+01,6.800000000000e+00,3.430080668065e+00
1.560000000000e+01,7.000000000000e+00,3.279924997325e+00
1.560000000000e+01,7.200000000000e+00,3.150430660156e+00
1.560000000000e+01,7.400000000000e+00,3.037807134731e+00
1.560000000000e+01,7.600000000000e+00,2.939071806400e+00
1.560000000000e+01,7.800000000000e+00,2.851875014656e+00
1.560000000000e+01,8.000000000000e+00,2.774346169185e+00
1.560000000000e+01,8.200000000000e+00,2.704981452660e+00
1.560000000000e+01,8.400000000000e+00,2.642560870788e+00
1.560000000000e+01,8.600000000000e+00,2.586086277480e+00
1.560000000000e+01,8.800000000000e+00,2.534734571868e+00
1.560000000000e+01,9.000000000000e+00,2.487821993964e+00
1.560000000000e+01,9.200000000000e+00,2.444776626278e+00
1.560000000000e+01,9.400000000000e+00,2.405117024123e+00
1.560000000000e+01,9.600000000000e+00,2.368435467045e+00
1.560000000000e+01,9.800000000000e+00,2.334384726335e+00
1.560000000000e+01,1.000000000000e+01,2.302667530856e+00
1.560000000000e+01,1.020000000000e+01,2.273028120548e+00
1.560000000000e+01,1.040000000000e+01,2.245245427684e+00
1.560000000000e+01,1.060000000000e+01,2.219127536625e+00
1.560000000000e+01,1.080000000000e+01,2.194507154798e+00
1.560000000000e+01,1.100000000000e+01,2.171237888814e+00
1.560000000000e+01,1.120000000000e+01,2.149191165708e+00
1.560000000000e+01,1.140000000000e+01,2.128253674200e+00
1.560000000000e+01,1.160000000000e+01,2.108325227556e+00
1.560000000000e+01,1.180000000000e+01,2.089316970114e+00
1.560000000000e+01,1.200000000000e+01,2.071149865422e+00
1.560000000000e+01,1.220000000000e+01,2.053753416288e+00
1.560000000000e+01,1.240000000000e+01,2.037064576728e+00
1.560000000000e+01,1.260000000000e+01,2.021026823418e+00
1.560000000000e+01,1.280000000000e+01,2.005589360305e+00
1.560000000000e+01,1.300000000000e+01,1.990706434859e+00
1.560000000000e+01,1.320000000000e+01,1.976336748282e+00
1.560000000000e+01,1.340000000000e+01,1.962442945100e+00
1.560000000000e+01,1.360000000000e+01,1.948991170088e+00
1.560000000000e+01,1.380000000000e+01,1.935950682472e+00
1.560000000000e+01,1.400000000000e+01,1.923293519062e+00
1.560000000000e+01,1.420000000000e+01,1.910994199285e+00
1.560000000000e+01,1.440000000000e+01,1.899029466240e+00
1.560000000000e+01,1.460000000000e+01,1.887378058781e+00
1.560000000000e+01,1.480000000000e+01,1.876020510443e+00
1.560000000000e+01,1.500000000000e+01,1.864938971624e+00
1.560000000000e+01,1.520000000000e+01,1.854117051978e+00
1.560000000000e+01,1.540000000000e+01,1.843539680433e+00
1.560000000000e+01,1.560000000000e+01,1.833192980589e+00
1.560000000000e+01,1.580000000000e+01,1.823064159593e+00
1.560000000000e+01,1.600000000000e+01,1.813141408852e+00
1.580000000000e+01,3.000000000000e+00,inf
1.580000000000e+01,3.200000000000e+00,inf
1.580000000000e+01,3.400000000000e+00,inf
1.580000000000e+01,3.600000000000e+00,inf
1.580000000000e+01,3.800000000000e+00,inf
1.580000000000e+01,4.000000000000e+00,inf
1.580000000000e+01,4.200000000000e+00,inf
1.580000000000e+01,4.400000000000e+00,inf
1.580000000000e+01,4.600000000000e+00,1.125532128410e+01
1.580000000000e+01,4.800000000000e+00,9.238280087782e+00
1.580000000000e+01,5.000000000000e+00,7.798117383096e+00
1.580000000000e+01,5.200000000000e+00,6.739606726747e+00
1.580000000000e+01,5.400000000000e+00,5.941796162584e+00
1.580000000000e+01,5.600000000000e+00,5.327058618332e+00
1.580000000000e+01,5.800000000000e+00,4.844029544564e+00
1.580000000000e+01,6.000000000000e+00,4.457806328944e+00
1.580000000000e+01,6.200000000000e+00,4.144110916506e+00
1.580000000000e+01,6.400000000000e+00,3.885700158370e+00
1.580000000000e+01,6.600000000000e+00,3.670095566400e+00
1.580000000000e+01,6.800000000000e+00,3.488111590697e+00
1.580000000000e+01,7.000000000000e+00,3.332828554957e+00
1.580000000000e+01,7.200000000000e+00,3.199061598941e+00
1.580000000000e+01,7.400000000000e+00,3.082844089405e+00
1.580000000000e+01,7.600000000000e+00,2.981059163383e+00
1.580000000000e+01,7.800000000000e+00,2.891253960865e+00
1.580000000000e+01,8.000000000000e+00,2.811477670571e+00
1.580000000000e+01,8.200000000000e+00,2.740163462078e+00
1.580000000000e+01,8.400000000000e+00,2.676041357959e+00
1.580000000000e+01,8.600000000000e+00,2.618073198804e+00
1.580000000000e+01,8.800000000000e+00,2.565403574081e+00
1.580000000000e+01,9.000000000000e+00,2.517322422191e+00
1.580000000000e+01,9.200000000000e+00,2.473236250912e+00
1.580000000000e+01,9.400000000000e+00,2.432645790642e+00
1.580000000000e+01,9.600000000000e+00,2.395128494124e+00
1.580000000000e+01,9.800000000000e+00,2.360324720783e+00
1.580000000000e+01,1.000000000000e+01,2.327926746529e+00
1.580000000000e+01,1.020000000000e+01,2.297669957961e+00
1.580000000000e+01,1.040000000000e+01,2.269325748504e+00
1.580000000000e+01,1.060000000000e+01,2.242695750363e+00
1.580000000000e+01,1.080000000000e+01,2.217607122305e+00
1.580000000000e+01,1.100000000000e+01,2.193908677549e+00
1.580000000000e+01,1.120000000000e+01,2.171467684348e+00
1.580000000000e+01,1.140000000000e+01,2.150167208501e+00
1.580000000000e+01,1.160000000000e+01,2.129903894941e+00
1.580000000000e+01,1.180000000000e+01,2.110586107038e+00
1.580000000000e+01,1.200000000000e+01,2.092132358866e+00
1.580000000000e+01,1.220000000000e+01,2.074469988593e+00
1.580000000000e+01,1.240000000000e+01,2.057534031281e+00
1.580000000000e+01,1.260000000000e+01,2.041266257369e+00
1.580000000000e+01,1.280000000000e+01,2.025614349387e+00
1.580000000000e+01,1.300000000000e+01,2.010531194517e+00
1.580000000000e+01,1.320000000000e+01,1.995974274608e+00
1.580000000000e+01,1.340000000000e+01,1.981905138489e+00
1.580000000000e+01,1.360000000000e+01,1.968288944057e+00
1.580000000000e+01,1.380000000000e+01,1.955094059702e+00
1.580000000000e+01,1.400000000000e+01,1.942291716390e+00
1.580000000000e+01,1.420000000000e+01,1.929855703125e+00
1.580000000000e+01,1.440000000000e+01,1.917762099672e+00
1.580000000000e+01,1.460000000000e+01,1.905989041382e+00
1.580000000000e+01,1.480000000000e+01,1.894516511770e+00
1.580000000000e+01,1.500000000000e+01,1.883326159120e+00
1.580000000000e+01,1.520000000000e+01,1.872401133993e+00
1.580000000000e+01,1.540000000000e+01,1.861725944924e+00
1.580000000000e+01,1.560000000000e+01,1.851286330007e+00
1.580000000000e+01,1.580000000000e+01,1.841069142403e+00
1.580000000000e+01,1.600000000000e+01,1.831062248046e+00
1.600000000000e+01,3.000000000000e+00,inf
1.600000000000e+01,3.200000000000e+00,inf
1.600000000000e+01,3.400000000000e+00,inf
1.600000000000e+01,3.600000000000e+00,inf
1.600000000000e+01,3.800000000000e+00,inf
1.600000000000e+01,4.000000000000e+00,inf
1.600000000000e+01,4.200000000000e+00,inf
1.600000000000e+01,4.400000000000e+00,inf
1.600000000000e+01,4.600000000000e+00,1.168424258472e+01
1.600000000000e+01,4.800000000000e+00,9.558921322609e+00
1.600000000000e+01,5.000000000000e+00,8.045384713615e+00
1.600000000000e+01,5.200000000000e+00,6.935502434432e+00
1.600000000000e+01,5.400000000000e+00,6.100703411217e+00
1.600000000000e+01,5.600000000000e+00,5.458679265219e+00
1.600000000000e+01,5.800000000000e+00,4.955087630450e+00
1.600000000000e+01,6.000000000000e+00,4.553073595638e+00
1.600000000000e+01,6.200000000000e+00,4.227045019383e+00
1.600000000000e+01,6.400000000000e+00,3.958853621126e+00
1.600000000000e+01,6.600000000000e+00,3.735384634069e+00
1.600000000000e+01,6.800000000000e+00,3.546997004195e+00
1.600000000000e+01,7.000000000000e+00,3.386438762599e+00
1.600000000000e+01,7.200000000000e+00,3.248280596230e+00
1.600000000000e+01,7.400000000000e+00,3.128372952007e+00
1.600000000000e+01,7.600000000000e+00,3.023459687792e+00
1.600000000000e+01,7.800000000000e+00,2.930980986442e+00
1.600000000000e+01,8.000000000000e+00,2.848902977096e+00
1.600000000000e+01,8.200000000000e+00,2.775593649014e+00
1.600000000000e+01,8.400000000000e+00,2.709731370479e+00
1.600000000000e+01,8.600000000000e+00,2.650236667978e+00
1.600000000000e+01,8.800000000000e+00,2.596220799834e+00
1.600000000000e+01,9.000000000000e+00,2.546946593946e+00
1.600000000000e+01,9.200000000000e+00,2.501798337725e+00
1.600000000000e+01,9.400000000000e+00,2.460258417445e+00
1.600000000000e+01,9.600000000000e+00,2.421889038530e+00
1.600000000000e+01,9.800000000000e+00,2.386317805648e+00
1.600000000000e+01,1.000000000000e+01,2.353226260356e+00
1.600000000000e+01,1.020000000000e+01,2.322340703570e+00
1.600000000000e+01,1.040000000000e+01,2.293424796910e+00
1.600000000000e+01,1.060000000000e+01,2.266273559284e+00
1.600000000000e+01,1.080000000000e+01,2.240708465522e+00
1.600000000000e+01,1.100000000000e+01,2.216573421306e+00
1.600000000000e+01,1.120000000000e+01,2.193731439333e+00
1.600000000000e+01,1.140000000000e+01,2.172061880047e+00
1.600000000000e+01,1.160000000000e+01,2.151458149520e+00
1.600000000000e+01,1.180000000000e+01,2.131825769559e+00
1.600000000000e+01,1.200000000000e+01,2.113080752484e+00
1.600000000000e+01,1.220000000000e+01,2.095148226536e+00
1.600000000000e+01,1.240000000000e+01,2.077961268454e+00
1.600000000000e+01,1.260000000000e+01,2.061459908077e+00
1.600000000000e+01,1.280000000000e+01,2.045590276425e+00
1.600000000000e+01,1.300000000000e+01,2.030303873945e+00
1.600000000000e+01,1.320000000000e+01,2.015556939813e+00
1.600000000000e+01,1.340000000000e+01,2.001309906531e+00
1.600000000000e+01,1.360000000000e+01,1.987526926807e+00
1.600000000000e+01,1.380000000000e+01,1.974175461895e+00
1.600000000000e+01,1.400000000000e+01,1.961225922365e+00
1.600000000000e+01,1.420000000000e+01,1.948651353762e+00
1.600000000000e+01,1.440000000000e+01,1.936427160815e+00
1.600000000000e+01,1.460000000000e+01,1.924530864831e+00
1.600000000000e+01,1.480000000000e+01,1.912941889783e+00
1.600000000000e+01,1.500000000000e+01,1.901641373226e+00
1.600000000000e+01,1.520000000000e+01,1.890611998804e+00
1.600000000000e+01,1.540000000000e+01,1.879837847535e+00
1.600000000000e+01,1.560000000000e+01,1.869304265518e+00
1.600000000000e+01,1.580000000000e+01,1.858997745984e+00
1.600000000000e+01,1.600000000000e+01,1.848905823949e+00
1.620000000000e+01,3.000000000000e+00,inf
1.620000000000e+01,3.200000000000e+00,inf
1.620000000000e+01,3.400000000000e+00,inf
1.620000000000e+01,3.600000000000e+00,inf
1.620000000000e+01,3.800000000000e+00,inf
1.620000000000e+01,4.000000000000e+00,inf
1.620000000000e+01,4.200000000000e+00,inf
1.620000000000e+01,4.400000000000e+00,inf
1.620000000000e+01,4.600000000000e+00,1.212990643345e+01
1.620000000000e+01,4.800000000000e+00,9.891041675447e+00
1.620000000000e+01,5.000000000000e+00,8.300785309995e+00
1.620000000000e+01,5.200000000000e+00,7.137322312277e+00
1.620000000000e+01,5.400000000000e+00,6.264027992259e+00
1.620000000000e+01,5.600000000000e+00,5.593660243359e+00
1.620000000000e+01,5.800000000000e+00,5.068746457632e+00
1.620000000000e+01,6.000000000000e+00,4.650384134398e+00
1.620000000000e+01,6.200000000000e+00,4.311605608434e+00
1.620000000000e+01,6.400000000000e+00,4.033316766901e+00
1.620000000000e+01,6.600000000000e+00,3.801738953936e+00
1.620000000000e+01,6.800000000000e+00,3.606756488520e+00
1.620000000000e+01,7.000000000000e+00,3.440771609414e+00
1.620000000000e+01,7.200000000000e+00,3.298100890076e+00
1.620000000000e+01,7.400000000000e+00,3.174404831046e+00
1.620000000000e+01,7.600000000000e+00,3.066282823968e+00
1.620000000000e+01,7.800000000000e+00,2.971064223720e+00
1.620000000000e+01,8.000000000000e+00,2.886629178167e+00
1.620000000000e+01,8.200000000000e+00,2.811278267427e+00
1.620000000000e+01,8.400000000000e+00,2.743636488168e+00
1.620000000000e+01,8.600000000000e+00,2.682581717078e+00
1.620000000000e+01,8.800000000000e+00,2.627190833215e+00
1.620000000000e+01,9.000000000000e+00,2.576698724594e+00
1.620000000000e+01,9.200000000000e+00,2.530466796738e+00
1.620000000000e+01,9.400000000000e+00,2.487958560184e+00
1.620000000000e+01,9.600000000000e+00,2.448720542763e+00
1.620000000000e+01,9.800000000000e+00,2.412367243766e+00
1.620000000000e+01,1.000000000000e+01,2.378569182850e+00
1.620000000000e+01,1.020000000000e+01,2.347043337971e+00
1.620000000000e+01,1.040000000000e+01,2.317545442011e+00
1.620000000000e+01,1.060000000000e+01,2.289863736228e+00
1.620000000000e+01,1.080000000000e+01,2.263813873615e+00
1.620000000000e+01,1.100000000000e+01,2.239234736028e+00
1.620000000000e+01,1.120000000000e+01,2.215984982073e+00
1.620000000000e+01,1.140000000000e+01,2.193940182955e+00
1.620000000000e+01,1.160000000000e+01,2.172990434161e+00
1.620000000000e+01,1.180000000000e+01,2.153038354339e+00
1.620000000000e+01,1.200000000000e+01,2.133997400942e+00
1.620000000000e+01,1.220000000000e+01,2.115790446311e+00
1.620000000000e+01,1.240000000000e+01,2.098348568904e+00
1.620000000000e+01,1.260000000000e+01,2.081610023116e+00
1.620000000000e+01,1.280000000000e+01,2.065519357953e+00
1.620000000000e+01,1.300000000000e+01,2.050026660339e+00
1.620000000000e+01,1.320000000000e+01,2.035086903163e+00
1.620000000000e+01,1.340000000000e+01,2.020659381725e+00
1.620000000000e+01,1.360000000000e+01,2.006707225031e+00
1.620000000000e+01,1.380000000000e+01,1.993196970724e+00
1.620000000000e+01,1.400000000000e+01,1.980098194279e+00
1.620000000000e+01,1.420000000000e+01,1.967383184629e+00
1.620000000000e+01,1.440000000000e+01,1.955026659654e+00
1.620000000000e+01,1.460000000000e+01,1.943005515996e+00
1.620000000000e+01,1.480000000000e+01,1.931298608492e+00
1.620000000000e+01,1.500000000000e+01,1.919886555292e+00
1.620000000000e+01,1.520000000000e+01,1.908751565247e+00
1.620000000000e+01,1.540000000000e+01,1.897877284706e+00
1.620000000000e+01,1.560000000000e+01,1.887248661238e+00
1.620000000000e+01,1.580000000000e+01,1.876851822181e+00
1.620000000000e+01,1.600000000000e+01,1.866673966171e+00
1.640000000000e+01,3.000000000000e+00,inf
1.640000000000e+01,3.200000000000e+00,inf
1.640000000000e+01,3.400000000000e+00,inf
1.640000000000e+01,3.600000000000e+00,inf
1.640000000000e+01,3.800000000000e+00,inf
1.640000000000e+01,4.000000000000e+00,inf
1.640000000000e+01,4.200000000000e+00,inf
1.640000000000e+01,4.400000000000e+00,inf
1.640000000000e+01,4.600000000000e+00,1.259296411070e+01
1.640000000000e+01,4.800000000000e+00,1.023505306426e+01
1.640000000000e+01,5.000000000000e+00,8.564590368249e+00
1.640000000000e+01,5.200000000000e+00,7.345251252613e+00
1.640000000000e+01,5.400000000000e+00,6.431899836359e+00
1.640000000000e+01,5.600000000000e+00,5.732095290384e+00
1.640000000000e+01,5.800000000000e+00,5.185075218905e+00
1.640000000000e+01,6.000000000000e+00,4.749790062217e+00
1.640000000000e+01,6.200000000000e+00,4.397832657041e+00
1.640000000000e+01,6.400000000000e+00,4.109120768182e+00
1.640000000000e+01,6.600000000000e+00,3.869183214906e+00
1.640000000000e+01,6.800000000000e+00,3.667409887217e+00
1.640000000000e+01,7.000000000000e+00,3.495843271311e+00
1.640000000000e+01,7.200000000000e+00,3.348535848390e+00
1.640000000000e+01,7.400000000000e+00,3.220950922228e+00
1.640000000000e+01,7.600000000000e+00,3.109538071111e+00
1.640000000000e+01,7.800000000000e+00,3.011511835124e+00
1.640000000000e+01,8.000000000000e+00,2.924663374165e+00
1.640000000000e+01,8.200000000000e+00,2.847223567365e+00
1.640000000000e+01,8.400000000000e+00,2.777762275268e+00
1.640000000000e+01,8.600000000000e+00,2.715113353410e+00
1.640000000000e+01,8.800000000000e+00,2.658318226264e+00
1.640000000000e+01,9.000000000000e+00,2.606582991674e+00
1.640000000000e+01,9.200000000000e+00,2.559245495549e+00
1.640000000000e+01,9.400000000000e+00,2.515749828428e+00
1.640000000000e+01,9.600000000000e+00,2.475626400330e+00
1.640000000000e+01,9.800000000000e+00,2.438476246684e+00
1.640000000000e+01,1.000000000000e+01,2.403958571428e+00
1.640000000000e+01,1.020000000000e+01,2.371780787266e+00
1.640000000000e+01,1.040000000000e+01,2.341690497370e+00
1.640000000000e+01,1.060000000000e+01,2.313468997711e+00
1.640000000000e+01,1.080000000000e+01,2.286925978884e+00
1.640000000000e+01,1.100000000000e+01,2.261895180455e+00
1.640000000000e+01,1.120000000000e+01,2.238230806612e+00
1.640000000000e+01,1.140000000000e+01,2.215804553965e+00
1.640000000000e+01,1.160000000000e+01,2.194503134465e+00
1.640000000000e+01,1.180000000000e+01,2.174226200993e+00
1.640000000000e+01,1.200000000000e+01,2.154884602184e+00
1.640000000000e+01,1.220000000000e+01,2.136398907791e+00
1.640000000000e+01,1.240000000000e+01,2.118698157451e+00
1.640000000000e+01,1.260000000000e+01,2.101718794768e+00
1.640000000000e+01,1.280000000000e+01,2.085403755820e+00
1.640000000000e+01,1.300000000000e+01,2.069701686860e+00
1.640000000000e+01,1.320000000000e+01,2.054566270590e+00
1.640000000000e+01,1.340000000000e+01,2.039955643979e+00
1.640000000000e+01,1.360000000000e+01,2.025831893607e+00
1.640000000000e+01,1.380000000000e+01,2.012160616856e+00
1.640000000000e+01,1.400000000000e+01,1.998910539256e+00
1.640000000000e+01,1.420000000000e+01,1.986053179844e+00
1.640000000000e+01,1.440000000000e+01,1.973562557745e+00
1.640000000000e+01,1.460000000000e+01,1.961414934211e+00
1.640000000000e+01,1.480000000000e+01,1.949588585286e+00
1.640000000000e+01,1.500000000000e+01,1.938063600972e+00
1.640000000000e+01,1.520000000000e+01,1.926821707406e+00
1.640000000000e+01,1.540000000000e+01,1.915846109062e+00
1.640000000000e+01,1.560000000000e+01,1.905121348424e+00
1.640000000000e+01,1.580000000000e+01,1.894633180939e+00
1.640000000000e+01,1.600000000000e+01,1.884368463378e+00
1.660000000000e+01,3.000000000000e+00,inf
1.660000000000e+01,3.200000000000e+00,inf
1.660000000000e+01,3.400000000000e+00,inf
1.660000000000e+01,3.600000000000e+00,inf
1.660000000000e+01,3.800000000000e+00,inf
1.660000000000e+01,4.000000000000e+00,inf
1.660000000000e+01,4.200000000000e+00,inf
1.660000000000e+01,4.400000000000e+00,inf
1.660000000000e+01,4.600000000000e+00,inf
1.660000000000e+01,4.800000000000e+00,1.059138171390e+01
1.660000000000e+01,5.000000000000e+00,8.837079636975e+00
1.660000000000e+01,5.200000000000e+00,7.559479450959e+00
1.660000000000e+01,5.400000000000e+00,6.604452273539e+00
1.660000000000e+01,5.600000000000e+00,5.874080388887e+00
1.660000000000e+01,5.800000000000e+00,5.304144628547e+00
1.660000000000e+01,6.000000000000e+00,4.851344549565e+00
1.660000000000e+01,6.200000000000e+00,4.485766880170e+00
1.660000000000e+01,6.400000000000e+00,4.186297325476e+00
1.660000000000e+01,6.600000000000e+00,3.937742484143e+00
1.660000000000e+01,6.800000000000e+00,3.728977314889e+00
1.660000000000e+01,7.000000000000e+00,3.551670117157e+00
1.660000000000e+01,7.200000000000e+00,3.399598974281e+00
1.660000000000e+01,7.400000000000e+00,3.268022513185e+00
1.660000000000e+01,7.600000000000e+00,3.153234987549e+00
1.660000000000e+01,7.800000000000e+00,3.052332017114e+00
1.660000000000e+01,8.000000000000e+00,2.963012680126e+00
1.660000000000e+01,8.200000000000e+00,2.883435798450e+00
1.660000000000e+01,8.400000000000e+00,2.812114283783e+00
1.660000000000e+01,8.600000000000e+00,2.747836562726e+00
1.660000000000e+01,8.800000000000e+00,2.689607502095e+00
1.660000000000e+01,9.000000000000e+00,2.636603537932e+00
1.660000000000e+01,9.200000000000e+00,2.588138262288e+00
1.660000000000e+01,9.400000000000e+00,2.543635788548e+00
1.660000000000e+01,9.600000000000e+00,2.502609958567e+00
1.660000000000e+01,9.800000000000e+00,2.464647977416e+00
1.660000000000e+01,1.000000000000e+01,2.429397433116e+00
1.660000000000e+01,1.020000000000e+01,2.396555925718e+00
1.660000000000e+01,1.040000000000e+01,2.365862723592e+00
1.660000000000e+01,1.060000000000e+01,2.337092006465e+00
1.660000000000e+01,1.080000000000e+01,2.310047359256e+00
1.660000000000e+01,1.100000000000e+01,2.284557258564e+00
1.660000000000e+01,1.120000000000e+01,2.260471352014e+00
1.660000000000e+01,1.140000000000e+01,2.237657374762e+00
1.660000000000e+01,1.160000000000e+01,2.215998581036e+00
1.660000000000e+01,1.180000000000e+01,2.195391594311e+00
1.660000000000e+01,1.200000000000e+01,2.175744599587e+00
1.660000000000e+01,1.220000000000e+01,2.156975816633e+00
1.660000000000e+01,1.240000000000e+01,2.139012205117e+00
1.660000000000e+01,1.260000000000e+01,2.121788362009e+00
1.660000000000e+01,1.280000000000e+01,2.105245579109e+00
1.660000000000e+01,1.300000000000e+01,2.089331034507e+00
1.660000000000e+01,1.320000000000e+01,2.073997096504e+00
1.660000000000e+01,1.340000000000e+01,2.059200722362e+00
1.660000000000e+01,1.360000000000e+01,2.044902937293e+00
1.660000000000e+01,1.380000000000e+01,2.031068381587e+00
1.660000000000e+01,1.400000000000e+01,2.017664915826e+00
1.660000000000e+01,1.420000000000e+01,2.004663275740e+00
1.660000000000e+01,1.440000000000e+01,1.992036769675e+00
1.660000000000e+01,1.460000000000e+01,1.979761012689e+00
1.660000000000e+01,1.480000000000e+01,1.967813692290e+00
1.660000000000e+01,1.500000000000e+01,1.956174361528e+00
1.660000000000e+01,1.520000000000e+01,1.944824255851e+00
1.660000000000e+01,1.540000000000e+01,1.933746130614e+00
1.660000000000e+01,1.560000000000e+01,1.922924116613e+00
1.660000000000e+01,1.580000000000e+01,1.912343591388e+00
1.660000000000e+01,1.600000000000e+01,1.901991064334e+00
1.680000000000e+01,3.000000000000e+00,inf
1.680000000000e+01,3.200000000000e+00,inf
1.680000000000e+01,3.400000000000e+00,inf
1.680000000000e+01,3.600000000000e+00,inf
1.680000000000e+01,3.800000000000e+00,inf
1.680000000000e+01,4.000000000000e+00,inf
1.680000000000e+01,4.200000000000e+00,inf
1.680000000000e+01,4.400000000000e+00,inf
1.680000000000e+01,4.600000000000e+00,inf
1.680000000000e+01,4.800000000000e+00,1.096046867913e+01
1.680000000000e+01,5.000000000000e+00,9.118541706812e+00
1.680000000000e+01,5.200000000000e+00,7.780202571755e+00
1.680000000000e+01,5.400000000000e+00,6.781822131025e+00
1.680000000000e+01,5.600000000000e+00,6.019713826002e+00
1.680000000000e+01,5.800000000000e+00,5.426026959913e+00
1.680000000000e+01,6.000000000000e+00,4.955101845107e+00
1.680000000000e+01,6.200000000000e+00,4.575449751380e+00
1.680000000000e+01,6.400000000000e+00,4.264878679604e+00
1.680000000000e+01,6.600000000000e+00,4.007442216395e+00
1.680000000000e+01,6.800000000000e+00,3.791479164589e+00
1.680000000000e+01,7.000000000000e+00,3.608268714877e+00
1.680000000000e+01,7.200000000000e+00,3.451303911264e+00
1.680000000000e+01,7.400000000000e+00,3.315630988047e+00
1.680000000000e+01,7.600000000000e+00,3.197383194868e+00
1.680000000000e+01,7.800000000000e+00,3.093533003976e+00
1.680000000000e+01,8.000000000000e+00,3.001684229281e+00
1.680000000000e+01,8.200000000000e+00,2.919921213230e+00
1.680000000000e+01,8.400000000000e+00,2.846698056676e+00
1.680000000000e+01,8.600000000000e+00,2.780756312305e+00
1.680000000000e+01,8.800000000000e+00,2.721063157865e+00
1.680000000000e+01,9.000000000000e+00,2.666764474209e+00
1.680000000000e+01,9.200000000000e+00,2.617148888433e+00
1.680000000000e+01,9.400000000000e+00,2.571619966466e+00
1.680000000000e+01,9.600000000000e+00,2.529674521336e+00
1.680000000000e+01,9.800000000000e+00,2.490885553086e+00
1.680000000000e+01,1.000000000000e+01,2.454888727135e+00
1.680000000000e+01,1.020000000000e+01,2.421371578278e+00
1.680000000000e+01,1.040000000000e+01,2.390064830812e+00
1.680000000000e+01,1.060000000000e+01,2.360735373870e+00
1.680000000000e+01,1.080000000000e+01,2.333180540666e+00
1.680000000000e+01,1.100000000000e+01,2.307223421899e+00
1.680000000000e+01,1.120000000000e+01,2.282709004639e+00
1.680000000000e+01,1.140000000000e+01,2.259500974207e+00
1.680000000000e+01,1.160000000000e+01,2.237479051656e+00
1.680000000000e+01,1.180000000000e+01,2.216536766371e+00
1.680000000000e+01,1.200000000000e+01,2.196579584032e+00
1.680000000000e+01,1.220000000000e+01,2.177523326292e+00
1.680000000000e+01,1.240000000000e+01,2.159292831094e+00
1.680000000000e+01,1.260000000000e+01,2.141820812413e+00
1.680000000000e+01,1.280000000000e+01,2.125046886000e+00
1.680000000000e+01,1.300000000000e+01,2.108916733912e+00
1.680000000000e+01,1.320000000000e+01,2.093381385539e+00
1.680000000000e+01,1.340000000000e+01,2.078396596796e+00
1.680000000000e+01,1.360000000000e+01,2.063922312364e+00
1.680000000000e+01,1.380000000000e+01,2.049922198427e+00
1.680000000000e+01,1.400000000000e+01,2.036363235455e+00
1.680000000000e+01,1.420000000000e+01,2.023215362333e+00
1.680000000000e+01,1.440000000000e+01,2.010451164488e+00
1.680000000000e+01,1.460000000000e+01,1.998045599887e+00
1.680000000000e+01,1.480000000000e+01,1.985975757677e+00
1.680000000000e+01,1.500000000000e+01,1.974220645092e+00
1.680000000000e+01,1.520000000000e+01,1.962760998855e+00
1.680000000000e+01,1.540000000000e+01,1.951579117911e+00
1.680000000000e+01,1.560000000000e+01,1.940658714735e+00
1.680000000000e+01,1.580000000000e+01,1.929984782905e+00
1.680000000000e+01,1.600000000000e+01,1.919543478908e+00
1.700000000000e+01,3.000000000000e+00,inf
1.700000000000e+01,3.200000000000e+00,inf
1.700000000000e+01,3.400000000000e+00,inf
1.700000000000e+01,3.600000000000e+00,inf
1.700000000000e+01,3.800000000000e+00,inf
1.700000000000e+01,4.000000000000e+00,inf
1.700000000000e+01,4.200000000000e+00,inf
1.700000000000e+01,4.400000000000e+00,inf
1.700000000000e+01,4.600000000000e+00,inf
1.700000000000e+01,4.800000000000e+00,1.134277038621e+01
1.700000000000e+01,5.000000000000e+00,9.409274309526e+00
1.700000000000e+01,5.200000000000e+00,8.007621919346e+00
1.700000000000e+01,5.400000000000e+00,6.964149834010e+00
1.700000000000e+01,5.600000000000e+00,6.169096254620e+00
1.700000000000e+01,5.800000000000e+00,5.550796083928e+00
1.700000000000e+01,6.000000000000e+00,5.061117300874e+00
1.700000000000e+01,6.200000000000e+00,4.666923520046e+00
1.700000000000e+01,6.400000000000e+00,4.344897624053e+00
1.700000000000e+01,6.600000000000e+00,4.078308263284e+00
1.700000000000e+01,6.800000000000e+00,3.854936115134e+00
1.700000000000e+01,7.000000000000e+00,3.665655837443e+00
1.700000000000e+01,7.200000000000e+00,3.503664448342e+00
1.700000000000e+01,7.400000000000e+00,3.363787831897e+00
1.700000000000e+01,7.600000000000e+00,3.241992381902e+00
1.700000000000e+01,7.800000000000e+00,3.135123071479e+00
1.700000000000e+01,8.000000000000e+00,3.040685176466e+00
1.700000000000e+01,8.200000000000e+00,2.956686070386e+00
1.700000000000e+01,8.400000000000e+00,2.881519130924e+00
1.700000000000e+01,8.600000000000e+00,2.813877553885e+00
1.700000000000e+01,8.800000000000e+00,2.752689667621e+00
1.700000000000e+01,9.000000000000e+00,2.697069882203e+00
1.700000000000e+01,9.200000000000e+00,2.646281131495e+00
1.700000000000e+01,9.400000000000e+00,2.599705850287e+00
1.700000000000e+01,9.600000000000e+00,2.556823351586e+00
1.700000000000e+01,9.800000000000e+00,2.517192047441e+00
1.700000000000e+01,1.000000000000e+01,2.480435367365e+00
1.700000000000e+01,1.020000000000e+01,2.446230523008e+00
1.700000000000e+01,1.040000000000e+01,2.414299481064e+00
1.700000000000e+01,1.060000000000e+01,2.384401662276e+00
1.700000000000e+01,1.080000000000e+01,2.356327999328e+00
1.700000000000e+01,1.100000000000e+01,2.329896071797e+00
1.700000000000e+01,1.120000000000e+01,2.304946100325e+00
1.700000000000e+01,1.140000000000e+01,2.281337630466e+00
1.700000000000e+01,1.160000000000e+01,2.258946773372e+00
1.700000000000e+01,1.180000000000e+01,2.237663898586e+00
1.700000000000e+01,1.200000000000e+01,2.217391695891e+00
1.700000000000e+01,1.220000000000e+01,2.198043539958e+00
1.700000000000e+01,1.240000000000e+01,2.179542104628e+00
1.700000000000e+01,1.260000000000e+01,2.161818183996e+00
1.700000000000e+01,1.280000000000e+01,2.144809685549e+00
1.700000000000e+01,1.300000000000e+01,2.128460767080e+00
1.700000000000e+01,1.320000000000e+01,2.112721094238e+00
1.700000000000e+01,1.340000000000e+01,2.097545199687e+00
1.700000000000e+01,1.360000000000e+01,2.082891928195e+00
1.700000000000e+01,1.380000000000e+01,2.068723954628e+00
1.700000000000e+01,1.400000000000e+01,2.055007364028e+00
1.700000000000e+01,1.420000000000e+01,2.041711284752e+00
1.700000000000e+01,1.440000000000e+01,2.028807567063e+00
1.700000000000e+01,1.460000000000e+01,2.016270500833e+00
1.700000000000e+01,1.480000000000e+01,2.004076566953e+00
1.700000000000e+01,1.500000000000e+01,1.992204217895e+00
1.700000000000e+01,1.520000000000e+01,1.980633683573e+00
1.700000000000e+01,1.540000000000e+01,1.969346799181e+00
1.700000000000e+01,1.560000000000e+01,1.958326852199e+00
1.700000000000e+01,1.580000000000e+01,1.947558446159e+00
1.700000000000e+01,1.600000000000e+01,1.937027379075e+00
1.720000000000e+01,3.000000000000e+00,inf
1.720000000000e+01,3.200000000000e+00,inf
1.720000000000e+01,3.400000000000e+00,inf
1.720000000000e+01,3.600000000000e+00,inf
1.720000000000e+01,3.800000000000e+00,inf
1.720000000000e+01,4.000000000000e+00,inf
1.720000000000e+01,4.200000000000e+00,inf
1.720000000000e+01,4.400000000000e+00,inf
1.720000000000e+01,4.600000000000e+00,inf
1.720000000000e+01,4.800000000000e+00,1.173875919347e+01
1.720000000000e+01,5.000000000000e+00,9.709584626999e+00
1.720000000000e+01,5.200000000000e+00,8.241944614355e+00
1.720000000000e+01,5.400000000000e+00,7.151579509436e+00
1.720000000000e+01,5.600000000000e+00,6.322330756308e+00
1.720000000000e+01,5.800000000000e+00,5.678527508495e+00
1.720000000000e+01,6.000000000000e+00,5.169447397921e+00
1.720000000000e+01,6.200000000000e+00,4.760231228791e+00
1.720000000000e+01,6.400000000000e+00,4.426387517395e+00
1.720000000000e+01,6.600000000000e+00,4.150366882577e+00
1.720000000000e+01,6.800000000000e+00,3.919369138346e+00
1.720000000000e+01,7.000000000000e+00,3.723848468774e+00
1.720000000000e+01,7.200000000000e+00,3.556694524993e+00
1.720000000000e+01,7.400000000000e+00,3.412504635103e+00
1.720000000000e+01,7.600000000000e+00,3.287072308606e+00
1.720000000000e+01,7.800000000000e+00,3.177110540402e+00
1.720000000000e+01,8.000000000000e+00,3.080022701391e+00
1.720000000000e+01,8.200000000000e+00,2.993736637822e+00
1.720000000000e+01,8.400000000000e+00,2.916583040457e+00
1.720000000000e+01,8.600000000000e+00,2.847205226481e+00
1.720000000000e+01,8.800000000000e+00,2.784491485010e+00
1.720000000000e+01,9.000000000000e+00,2.727523817100e+00
1.720000000000e+01,9.200000000000e+00,2.675538717593e+00
1.720000000000e+01,9.400000000000e+00,2.627896892799e+00
1.720000000000e+01,9.600000000000e+00,2.584059673813e+00
1.720000000000e+01,9.800000000000e+00,2.543570493252e+00
1.720000000000e+01,1.000000000000e+01,2.506040224698e+00
1.720000000000e+01,1.020000000000e+01,2.471135493385e+00
1.720000000000e+01,1.040000000000e+01,2.438569290541e+00
1.720000000000e+01,1.060000000000e+01,2.408093387227e+00
1.720000000000e+01,1.080000000000e+01,2.379492163918e+00
1.720000000000e+01,1.100000000000e+01,2.352577561522e+00
1.720000000000e+01,1.120000000000e+01,2.327184926474e+00
1.720000000000e+01,1.140000000000e+01,2.303169573062e+00
1.720000000000e+01,1.160000000000e+01,2.280403924497e+00
1.720000000000e+01,1.180000000000e+01,2.258775123650e+00
1.720000000000e+01,1.200000000000e+01,2.238183026938e+00
1.720000000000e+01,1.220000000000e+01,2.218538512422e+00
1.720000000000e+01,1.240000000000e+01,2.199762046834e+00
1.720000000000e+01,1.260000000000e+01,2.181782466977e+00
1.720000000000e+01,1.280000000000e+01,2.164535939414e+00
1.720000000000e+01,1.300000000000e+01,2.147965069061e+00
1.720000000000e+01,1.320000000000e+01,2.132018132678e+00
1.720000000000e+01,1.340000000000e+01,2.116648417506e+00
1.720000000000e+01,1.360000000000e+01,2.101813648787e+00
1.720000000000e+01,1.380000000000e+01,2.087475492668e+00
1.720000000000e+01,1.400000000000e+01,2.073599123280e+00
1.720000000000e+01,1.420000000000e+01,2.060152844630e+00
1.720000000000e+01,1.440000000000e+01,2.047107759451e+00
1.720000000000e+01,1.460000000000e+01,2.034437478426e+00
1.720000000000e+01,1.480000000000e+01,2.022117864196e+00
1.720000000000e+01,1.500000000000e+01,2.010126805469e+00
1.720000000000e+01,1.520000000000e+01,1.998444017198e+00
1.720000000000e+01,1.540000000000e+01,1.987050863437e+00
1.720000000000e+01,1.560000000000e+01,1.975930199956e+00
1.720000000000e+01,1.580000000000e+01,1.965066234122e+00
1.720000000000e+01,1.600000000000e+01,1.954444399889e+00
1.740000000000e+01,3.000000000000e+00,inf
1.740000000000e+01,3.200000000000e+00,inf
1.740000000000e+01,3.400000000000e+00,inf
1.740000000000e+01,3.600000000000e+00,inf
1.740000000000e+01,3.800000000000e+00,inf
1.740000000000e+01,4.000000000000e+00,inf
1.740000000000e+01,4.200000000000e+00,inf
1.740000000000e+01,4.400000000000e+00,inf
1.740000000000e+01,4.600000000000e+00,inf
1.740000000000e+01,4.800000000000e+00,1.214892397169e+01
1.740000000000e+01,5.000000000000e+00,1.001978961040e+01
1.740000000000e+01,5.200000000000e+00,8.483383775597e+00
1.740000000000e+01,5.400000000000e+00,7.344259092877e+00
1.740000000000e+01,5.600000000000e+00,6.479522905965e+00
1.740000000000e+01,5.800000000000e+00,5.809298418886e+00
1.740000000000e+01,6.000000000000e+00,5.280149772490e+00
1.740000000000e+01,6.200000000000e+00,4.855416731172e+00
1.740000000000e+01,6.400000000000e+00,4.509382295795e+00
1.740000000000e+01,6.600000000000e+00,4.223644747464e+00
1.740000000000e+01,6.800000000000e+00,3.984799506248e+00
1.740000000000e+01,7.000000000000e+00,3.782863809549e+00
1.740000000000e+01,7.200000000000e+00,3.610408236039e+00
1.740000000000e+01,7.400000000000e+00,3.461793097541e+00
1.740000000000e+01,7.600000000000e+00,3.332632809804e+00
1.740000000000e+01,7.800000000000e+00,3.219503779949e+00
1.740000000000e+01,8.000000000000e+00,3.119704011800e+00
1.740000000000e+01,8.200000000000e+00,3.031079195618e+00
1.740000000000e+01,8.400000000000e+00,2.951895318967e+00
1.740000000000e+01,8.600000000000e+00,2.880744259078e+00
1.740000000000e+01,8.800000000000e+00,2.816473045883e+00
1.740000000000e+01,9.000000000000e+00,2.758130310096e+00
1.740000000000e+01,9.200000000000e+00,2.704925343896e+00
1.740000000000e+01,9.400000000000e+00,2.656196513869e+00
1.740000000000e+01,9.600000000000e+00,2.611386676393e+00
1.740000000000e+01,9.800000000000e+00,2.570023884610e+00
1.740000000000e+01,1.000000000000e+01,2.531706129291e+00
1.740000000000e+01,1.020000000000e+01,2.496089180508e+00
1.740000000000e+01,1.040000000000e+01,2.462876831763e+00
1.740000000000e+01,1.060000000000e+01,2.431813019579e+00
1.740000000000e+01,1.080000000000e+01,2.402675417651e+00
1.740000000000e+01,1.100000000000e+01,2.375270198308e+00
1.740000000000e+01,1.120000000000e+01,2.349427724060e+00
1.740000000000e+01,1.140000000000e+01,2.324998984824e+00
1.740000000000e+01,1.160000000000e+01,2.301852636520e+00
1.740000000000e+01,1.180000000000e+01,2.279872527418e+00
1.740000000000e+01,1.200000000000e+01,2.258955622176e+00
1.740000000000e+01,1.220000000000e+01,2.239010251861e+00
1.740000000000e+01,1.240000000000e+01,2.219954632445e+00
1.740000000000e+01,1.260000000000e+01,2.201715605488e+00
1.740000000000e+01,1.280000000000e+01,2.184227563510e+00
1.740000000000e+01,1.300000000000e+01,2.167431529559e+00
1.740000000000e+01,1.320000000000e+01,2.151274366036e+00
1.740000000000e+01,1.340000000000e+01,2.135708092309e+00
1.740000000000e+01,1.360000000000e+01,2.120689294249e+00
1.740000000000e+01,1.380000000000e+01,2.106178611684e+00
1.740000000000e+01,1.400000000000e+01,2.092140292182e+00
1.740000000000e+01,1.420000000000e+01,2.078541801441e+00
1.740000000000e+01,1.440000000000e+01,2.065353482177e+00
1.740000000000e+01,1.460000000000e+01,2.052548254679e+00
1.740000000000e+01,1.480000000000e+01,2.040101353271e+00
1.740000000000e+01,1.500000000000e+01,2.027990093811e+00
1.740000000000e+01,1.520000000000e+01,2.016193668081e+00
1.740000000000e+01,1.540000000000e+01,2.004692961556e+00
1.740000000000e+01,1.560000000000e+01,1.993470391538e+00
1.740000000000e+01,1.580000000000e+01,1.982509763070e+00
1.740000000000e+01,1.600000000000e+01,1.971796140433e+00
1.760000000000e+01,3.000000000000e+00,inf
1.760000000000e+01,3.200000000000e+00,inf
1.760000000000e+01,3.400000000000e+00,inf
1.760000000000e+01,3.600000000000e+00,inf
1.760000000000e+01,3.800000000000e+00,inf
1.760000000000e+01,4.000000000000e+00,inf
1.760000000000e+01,4.200000000000e+00,inf
1.760000000000e+01,4.400000000000e+00,inf
1.760000000000e+01,4.600000000000e+00,inf
1.760000000000e+01,4.800000000000e+00,1.257377070479e+01
1.760000000000e+01,5.000000000000e+00,1.034021630985e+01
1.760000000000e+01,5.200000000000e+00,8.732158707659e+00
1.760000000000e+01,5.400000000000e+00,7.542340438596e+00
1.760000000000e+01,5.600000000000e+00,6.640780838289e+00
1.760000000000e+01,5.800000000000e+00,5.943187719127e+00
1.760000000000e+01,6.000000000000e+00,5.393283242718e+00
1.760000000000e+01,6.200000000000e+00,4.952524709627e+00
1.760000000000e+01,6.400000000000e+00,4.593916485621e+00
1.760000000000e+01,6.600000000000e+00,4.298168955835e+00
1.760000000000e+01,6.800000000000e+00,4.051248798209e+00
1.760000000000e+01,7.000000000000e+00,3.842719282952e+00
1.760000000000e+01,7.200000000000e+00,3.664819836436e+00
1.760000000000e+01,7.400000000000e+00,3.511665032713e+00
1.760000000000e+01,7.600000000000e+00,3.378683798844e+00
1.760000000000e+01,7.800000000000e+00,3.262311211049e+00
1.760000000000e+01,8.000000000000e+00,3.159736346515e+00
1.760000000000e+01,8.200000000000e+00,3.068720038886e+00
1.760000000000e+01,8.400000000000e+00,2.987461502607e+00
1.760000000000e+01,8.600000000000e+00,2.914499573209e+00
1.760000000000e+01,8.800000000000e+00,2.848638770778e+00
1.760000000000e+01,9.000000000000e+00,2.788893370807e+00
1.760000000000e+01,9.200000000000e+00,2.734444680973e+00
1.760000000000e+01,9.400000000000e+00,2.684608102731e+00
1.760000000000e+01,9.600000000000e+00,2.638807513829e+00
1.760000000000e+01,9.800000000000e+00,2.596555179113e+00
1.760000000000e+01,1.000000000000e+01,2.557435872707e+00
1.760000000000e+01,1.020000000000e+01,2.521094235205e+00
1.760000000000e+01,1.040000000000e+01,2.487224635643e+00
1.760000000000e+01,1.060000000000e+01,2.455562987531e+00
1.760000000000e+01,1.080000000000e+01,2.425880100273e+00
1.760000000000e+01,1.100000000000e+01,2.397976245310e+00
1.760000000000e+01,1.120000000000e+01,2.371676689535e+00
1.760000000000e+01,1.140000000000e+01,2.346828003772e+00
1.760000000000e+01,1.160000000000e+01,2.323294995953e+00
1.760000000000e+01,1.180000000000e+01,2.300958150701e+00
1.760000000000e+01,1.200000000000e+01,2.279711481601e+00
1.760000000000e+01,1.220000000000e+01,2.259460721558e+00
1.760000000000e+01,1.240000000000e+01,2.240121791485e+00
1.760000000000e+01,1.260000000000e+01,2.221619499199e+00
1.760000000000e+01,1.280000000000e+01,2.203886429604e+00
1.760000000000e+01,1.300000000000e+01,2.186861994491e+00
1.760000000000e+01,1.320000000000e+01,2.170491616102e+00
1.760000000000e+01,1.340000000000e+01,2.154726023207e+00
1.760000000000e+01,1.360000000000e+01,2.139520642220e+00
1.760000000000e+01,1.380000000000e+01,2.124835068854e+00
1.760000000000e+01,1.400000000000e+01,2.110632608288e+00
1.760000000000e+01,1.420000000000e+01,2.096879873805e+00
1.760000000000e+01,1.440000000000e+01,2.083546435493e+00
1.760000000000e+01,1.460000000000e+01,2.070604511943e+00
1.760000000000e+01,1.480000000000e+01,2.058028699000e+00
1.760000000000e+01,1.500000000000e+01,2.045795730514e+00
1.760000000000e+01,1.520000000000e+01,2.033884266823e+00
1.760000000000e+01,1.540000000000e+01,2.022274707330e+00
1.760000000000e+01,1.560000000000e+01,2.010949024064e+00
1.760000000000e+01,1.580000000000e+01,1.999890613554e+00
1.760000000000e+01,1.600000000000e+01,1.989084164757e+00
1.780000000000e+01,3.000000000000e+00,inf
1.780000000000e+01,3.200000000000e+00,inf
1.780000000000e+01,3.400000000000e+00,inf
1.780000000000e+01,3.600000000000e+00,inf
1.780000000000e+01,3.800000000000e+00,inf
1.780000000000e+01,4.000000000000e+00,inf
1.780000000000e+01,4.200000000000e+00,inf
1.780000000000e+01,4.400000000000e+00,inf
1.780000000000e+01,4.600000000000e+00,inf
1.780000000000e+01,4.800000000000e+00,1.301382311165e+01
1.780000000000e+01,5.000000000000e+00,1.067120221488e+01
1.780000000000e+01,5.200000000000e+00,8.988495094321e+00
1.780000000000e+01,5.400000000000e+00,7.745979432873e+00
1.780000000000e+01,5.600000000000e+00,6.806215316093e+00
1.780000000000e+01,5.800000000000e+00,6.080276074437e+00
1.780000000000e+01,6.000000000000e+00,5.508907835909e+00
1.780000000000e+01,6.200000000000e+00,5.051600693702e+00
1.780000000000e+01,6.400000000000e+00,4.680025216177e+00
1.780000000000e+01,6.600000000000e+00,4.373967039591e+00
1.780000000000e+01,6.800000000000e+00,4.118738908062e+00
1.780000000000e+01,7.000000000000e+00,3.903432540341e+00
1.780000000000e+01,7.200000000000e+00,3.719943745974e+00
1.780000000000e+01,7.400000000000e+00,3.562132371779e+00
1.780000000000e+01,7.600000000000e+00,3.425235271136e+00
1.780000000000e+01,7.800000000000e+00,3.305541309552e+00
1.780000000000e+01,8.000000000000e+00,3.200126978374e+00
1.780000000000e+01,8.200000000000e+00,3.106665480514e+00
1.780000000000e+01,8.400000000000e+00,3.023287132588e+00
1.780000000000e+01,8.600000000000e+00,2.948476085440e+00
1.780000000000e+01,8.800000000000e+00,2.880993067306e+00
1.780000000000e+01,9.000000000000e+00,2.819816989574e+00
1.780000000000e+01,9.200000000000e+00,2.764100375035e+00
1.780000000000e+01,9.400000000000e+00,2.713135020170e+00
1.780000000000e+01,9.600000000000e+00,2.666325308877e+00
1.780000000000e+01,9.800000000000e+00,2.623167299964e+00
1.780000000000e+01,1.000000000000e+01,2.583232209977e+00
1.780000000000e+01,1.020000000000e+01,2.546153270051e+00
1.780000000000e+01,1.040000000000e+01,2.511615193468e+00
1.780000000000e+01,1.060000000000e+01,2.479345678570e+00
1.780000000000e+01,1.080000000000e+01,2.449108509973e+00
1.780000000000e+01,1.100000000000e+01,2.420697923476e+00
1.780000000000e+01,1.120000000000e+01,2.393933976671e+00
1.780000000000e+01,1.140000000000e+01,2.368658724913e+00
1.780000000000e+01,1.160000000000e+01,2.344733046088e+00
1.780000000000e+01,1.180000000000e+01,2.322033990995e+00
1.780000000000e+01,1.200000000000e+01,2.300452561886e+00
1.780000000000e+01,1.220000000000e+01,2.279891841553e+00
1.780000000000e+01,1.240000000000e+01,2.260265410887e+00
1.780000000000e+01,1.260000000000e+01,2.241496004905e+00
1.780000000000e+01,1.280000000000e+01,2.223514366850e+00
1.780000000000e+01,1.300000000000e+01,2.206258267479e+00
1.780000000000e+01,1.320000000000e+01,2.189671662737e+00
1.780000000000e+01,1.340000000000e+01,2.173703967784e+00
1.780000000000e+01,1.360000000000e+01,2.158309429253e+00
1.780000000000e+01,1.380000000000e+01,2.143446580737e+00
1.780000000000e+01,1.400000000000e+01,2.129077769030e+00
1.780000000000e+01,1.420000000000e+01,2.115168740745e+00
1.780000000000e+01,1.440000000000e+01,2.101688280603e+00
1.780000000000e+01,1.460000000000e+01,2.088607894086e+00
1.780000000000e+01,1.480000000000e+01,2.075901528307e+00
1.780000000000e+01,1.500000000000e+01,2.063545325873e+00
1.780000000000e+01,1.520000000000e+01,2.051517407341e+00
1.780000000000e+01,1.540000000000e+01,2.039797678494e+00
1.780000000000e+01,1.560000000000e+01,2.028367659233e+00
1.780000000000e+01,1.580000000000e+01,2.017210331348e+00
1.780000000000e+01,1.600000000000e+01,2.006310002789e+00
1.800000000000e+01,3.000000000000e+00,inf
1.800000000000e+01,3.200000000000e+00,inf
1.800000000000e+01,3.400000000000e+00,inf
1.800000000000e+01,3.600000000000e+00,inf
1.800000000000e+01,3.800000000000e+00,inf
1.800000000000e+01,4.000000000000e+00,inf
1.800000000000e+01,4.200000000000e+00,inf
1.800000000000e+01,4.400000000000e+00,inf
1.800000000000e+01,4.600000000000e+00,inf
1.800000000000e+01,4.800000000000e+00,1.346962328973e+01
1.800000000000e+01,5.000000000000e+00,1.101309560601e+01
1.800000000000e+01,5.200000000000e+00,9.252625197952e+00
1.800000000000e+01,5.400000000000e+00,7.955336110678e+00
1.800000000000e+01,5.600000000000e+00,6.975939800530e+00
1.800000000000e+01,5.800000000000e+00,6.220645954745e+00
1.800000000000e+01,6.000000000000e+00,5.627084816405e+00
1.800000000000e+01,6.200000000000e+00,5.152691078593e+00
1.800000000000e+01,6.400000000000e+00,4.767744232570e+00
1.800000000000e+01,6.600000000000e+00,4.451066973981e+00
1.800000000000e+01,6.800000000000e+00,4.187292051198e+00
1.800000000000e+01,7.000000000000e+00,3.965021466875e+00
1.800000000000e+01,7.200000000000e+00,3.775794553910e+00
1.800000000000e+01,7.400000000000e+00,3.613207167491e+00
1.800000000000e+01,7.600000000000e+00,3.472297307613e+00
1.800000000000e+01,7.800000000000e+00,3.349202609333e+00
1.800000000000e+01,8.000000000000e+00,3.240883217074e+00
1.800000000000e+01,8.200000000000e+00,3.144921853807e+00
1.800000000000e+01,8.400000000000e+00,3.059377757670e+00
1.800000000000e+01,8.600000000000e+00,2.982678709738e+00
1.800000000000e+01,8.800000000000e+00,2.913540332434e+00
1.800000000000e+01,9.000000000000e+00,2.850905139671e+00
1.800000000000e+01,9.200000000000e+00,2.793896050078e+00
1.800000000000e+01,9.400000000000e+00,2.741780600620e+00
1.800000000000e+01,9.600000000000e+00,2.693943154604e+00
1.800000000000e+01,9.800000000000e+00,2.649863137975e+00
1.800000000000e+01,1.000000000000e+01,2.609097861557e+00
1.800000000000e+01,1.020000000000e+01,2.571268861294e+00
1.800000000000e+01,1.040000000000e+01,2.536050958789e+00
1.800000000000e+01,1.060000000000e+01,2.503163441327e+00
1.800000000000e+01,1.080000000000e+01,2.472362905200e+00
1.800000000000e+01,1.100000000000e+01,2.443437413342e+00
1.800000000000e+01,1.120000000000e+01,2.416201698315e+00
1.800000000000e+01,1.140000000000e+01,2.390493201966e+00
1.800000000000e+01,1.160000000000e+01,2.366168788688e+00
1.800000000000e+01,1.180000000000e+01,2.343102004137e+00
1.800000000000e+01,1.200000000000e+01,2.321180778008e+00
1.800000000000e+01,1.220000000000e+01,2.300305490231e+00
1.800000000000e+01,1.240000000000e+01,2.280387336039e+00
1.800000000000e+01,1.260000000000e+01,2.261346938034e+00
1.800000000000e+01,1.280000000000e+01,2.243113163273e+00
1.800000000000e+01,1.300000000000e+01,2.225622111298e+00
1.800000000000e+01,1.320000000000e+01,2.208816245279e+00
1.800000000000e+01,1.340000000000e+01,2.192643643466e+00
1.800000000000e+01,1.360000000000e+01,2.177057352144e+00
1.800000000000e+01,1.380000000000e+01,2.162014824571e+00
1.800000000000e+01,1.400000000000e+01,2.147477432979e+00
1.800000000000e+01,1.420000000000e+01,2.133410042907e+00
1.800000000000e+01,1.440000000000e+01,2.119780640842e+00
1.800000000000e+01,1.460000000000e+01,2.106560007636e+00
1.800000000000e+01,1.480000000000e+01,2.093721431324e+00
1.800000000000e+01,1.500000000000e+01,2.081240453957e+00
1.800000000000e+01,1.520000000000e+01,2.069094647902e+00
1.800000000000e+01,1.540000000000e+01,2.057263417718e+00
1.800000000000e+01,1.560000000000e+01,2.045727824283e+00
1.800000000000e+01,1.580000000000e+01,2.034470428374e+00
1.800000000000e+01,1.600000000000e+01,2.023475151222e+00
1.820000000000e+01,3.000000000000e+00,inf
1.820000000000e+01,3.200000000000e+00,inf
1.820000000000e+01,3.400000000000e+00,inf
1.820000000000e+01,3.600000000000e+00,inf
1.820000000000e+01,3.800000000000e+00,inf
1.820000000000e+01,4.000000000000e+00,inf
1.820000000000e+01,4.200000000000e+00,inf
1.820000000000e+01,4.400000000000e+00,inf
1.820000000000e+01,4.600000000000e+00,inf
1.820000000000e+01,4.800000000000e+00,1.394173238124e+01
1.820000000000e+01,5.000000000000e+00,1.136625591778e+01
1.820000000000e+01,5.200000000000e+00,9.524788065048e+00
1.820000000000e+01,5.400000000000e+00,8.170574775771e+00
1.820000000000e+01,5.600000000000e+00,7.150070523276e+00
1.820000000000e+01,5.800000000000e+00,6.364381679318e+00
1.820000000000e+01,6.000000000000e+00,5.747876714065e+00
1.820000000000e+01,6.200000000000e+00,5.255843144005e+00
1.820000000000e+01,6.400000000000e+00,4.857109908725e+00
1.820000000000e+01,6.600000000000e+00,4.529497186995e+00
1.820000000000e+01,6.800000000000e+00,4.256930771646e+00
1.820000000000e+01,7.000000000000e+00,4.027504187086e+00
1.820000000000e+01,7.200000000000e+00,3.832387023522e+00
1.820000000000e+01,7.400000000000e+00,3.664901598063e+00
1.820000000000e+01,7.600000000000e+00,3.519880078092e+00
1.820000000000e+01,7.800000000000e+00,3.393303705302e+00
1.820000000000e+01,8.000000000000e+00,3.282012411917e+00
1.820000000000e+01,8.200000000000e+00,3.183495515043e+00
1.820000000000e+01,8.400000000000e+00,3.095738936569e+00
1.820000000000e+01,8.600000000000e+00,3.017112359763e+00
1.820000000000e+01,8.800000000000e+00,2.946284954675e+00
1.820000000000e+01,9.000000000000e+00,2.882161779425e+00
1.820000000000e+01,9.200000000000e+00,2.823835309939e+00
1.820000000000e+01,9.400000000000e+00,2.770548154158e+00
1.820000000000e+01,9.600000000000e+00,2.721664116334e+00
1.820000000000e+01,9.800000000000e+00,2.676645553476e+00
1.820000000000e+01,1.000000000000e+01,2.635035515214e+00
1.820000000000e+01,1.020000000000e+01,2.596443550698e+00
1.820000000000e+01,1.040000000000e+01,2.560534349233e+00
1.820000000000e+01,1.060000000000e+01,2.527018587357e+00
1.820000000000e+01,1.080000000000e+01,2.495645506420e+00
1.820000000000e+01,1.100000000000e+01,2.466196856741e+00
1.820000000000e+01,1.120000000000e+01,2.438481928076e+00
1.820000000000e+01,1.140000000000e+01,2.412333449016e+00
1.820000000000e+01,1.160000000000e+01,2.387604185614e+00
1.820000000000e+01,1.180000000000e+01,2.364164105892e+00
1.820000000000e+01,1.200000000000e+01,2.341898004803e+00
1.820000000000e+01,1.220000000000e+01,2.320703505845e+00
1.820000000000e+01,1.240000000000e+01,2.300489372282e+00
1.820000000000e+01,1.260000000000e+01,2.281174074107e+00
1.820000000000e+01,1.280000000000e+01,2.262684567188e+00
1.820000000000e+01,1.300000000000e+01,2.244955249259e+00
1.820000000000e+01,1.320000000000e+01,2.227927063897e+00
1.820000000000e+01,1.340000000000e+01,2.211546728844e+00
1.820000000000e+01,1.360000000000e+01,2.195766069219e+00
1.820000000000e+01,1.380000000000e+01,2.180541439517e+00
1.820000000000e+01,1.400000000000e+01,2.165833221056e+00
1.820000000000e+01,1.420000000000e+01,2.151605383739e+00
1.820000000000e+01,1.440000000000e+01,2.137825102822e+00
1.820000000000e+01,1.460000000000e+01,2.124462422893e+00
1.820000000000e+01,1.480000000000e+01,2.111489962465e+00
1.820000000000e+01,1.500000000000e+01,2.098882653642e+00
1.820000000000e+01,1.520000000000e+01,2.086617512126e+00
1.820000000000e+01,1.540000000000e+01,2.074673433584e+00
1.820000000000e+01,1.560000000000e+01,2.063031012929e+00
1.820000000000e+01,1.580000000000e+01,2.051672383609e+00
1.820000000000e+01,1.600000000000e+01,2.040581074386e+00
1.840000000000e+01,3.000000000000e+00,inf
1.840000000000e+01,3.200000000000e+00,inf
1.840000000000e+01,3.400000000000e+00,inf
1.840000000000e+01,3.600000000000e+00,inf
1.840000000000e+01,3.800000000000e+00,inf
1.840000000000e+01,4.000000000000e+00,inf
1.840000000000e+01,4.200000000000e+00,inf
1.840000000000e+01,4.400000000000e+00,inf
1.840000000000e+01,4.600000000000e+00,inf
1.840000000000e+01,4.800000000000e+00,inf
1.840000000000e+01,5.000000000000e+00,1.173105411357e+01
1.840000000000e+01,5.200000000000e+00,9.805229738075e+00
1.840000000000e+01,5.400000000000e+00,8.391864124326e+00
1.840000000000e+01,5.600000000000e+00,7.328726560720e+00
1.840000000000e+01,5.800000000000e+00,6.511569462546e+00
1.840000000000e+01,6.000000000000e+00,5.871347353408e+00
1.840000000000e+01,6.200000000000e+00,5.361105073362e+00
1.840000000000e+01,6.400000000000e+00,4.948159260568e+00
1.840000000000e+01,6.600000000000e+00,4.609286568810e+00
1.840000000000e+01,6.800000000000e+00,4.327677949155e+00
1.840000000000e+01,7.000000000000e+00,4.090899070410e+00
1.840000000000e+01,7.200000000000e+00,3.889736096613e+00
1.840000000000e+01,7.400000000000e+00,3.717227970953e+00
1.840000000000e+01,7.600000000000e+00,3.567993844571e+00
1.840000000000e+01,7.800000000000e+00,3.437853256331e+00
1.840000000000e+01,8.000000000000e+00,3.323521954474e+00
1.840000000000e+01,8.200000000000e+00,3.222392845934e+00
1.840000000000e+01,8.400000000000e+00,3.132376240262e+00
1.840000000000e+01,8.600000000000e+00,3.051781951060e+00
1.840000000000e+01,8.800000000000e+00,2.979231316194e+00
1.840000000000e+01,9.000000000000e+00,2.913590854239e+00
1.840000000000e+01,9.200000000000e+00,2.853921740265e+00
1.840000000000e+01,9.400000000000e+00,2.799440968428e+00
1.840000000000e+01,9.600000000000e+00,2.749491233526e+00
1.840000000000e+01,9.800000000000e+00,2.703517378158e+00
1.840000000000e+01,1.000000000000e+01,2.661047827816e+00
1.840000000000e+01,1.020000000000e+01,2.621679847310e+00
1.840000000000e+01,1.040000000000e+01,2.585067748239e+00
1.840000000000e+01,1.060000000000e+01,2.550913392844e+00
1.840000000000e+01,1.080000000000e+01,2.518958497781e+00
1.840000000000e+01,1.100000000000e+01,2.488978358457e+00
1.840000000000e+01,1.120000000000e+01,2.460776701939e+00
1.840000000000e+01,1.140000000000e+01,2.434181442100e+00
1.840000000000e+01,1.160000000000e+01,2.409041160378e+00
1.840000000000e+01,1.180000000000e+01,2.385222173487e+00
1.840000000000e+01,1.200000000000e+01,2.362606078463e+00
1.840000000000e+01,1.220000000000e+01,2.341087687984e+00
1.840000000000e+01,1.240000000000e+01,2.320573286342e+00
1.840000000000e+01,1.260000000000e+01,2.300979150143e+00
1.840000000000e+01,1.280000000000e+01,2.282230288575e+00
1.840000000000e+01,1.300000000000e+01,2.264259366558e+00
1.840000000000e+01,1.320000000000e+01,2.247005780900e+00
1.840000000000e+01,1.340000000000e+01,2.230414864946e+00
1.840000000000e+01,1.360000000000e+01,2.214437201574e+00
1.840000000000e+01,1.380000000000e+01,2.199028027876e+00
1.840000000000e+01,1.400000000000e+01,2.184146717714e+00
1.840000000000e+01,1.420000000000e+01,2.169756330637e+00
1.840000000000e+01,1.440000000000e+01,2.155823217542e+00
1.840000000000e+01,1.460000000000e+01,2.142316675002e+00
1.840000000000e+01,1.480000000000e+01,2.129208641473e+00
1.840000000000e+01,1.500000000000e+01,2.116473429629e+00
1.840000000000e+01,1.520000000000e+01,2.104087489963e+00
1.840000000000e+01,1.540000000000e+01,2.092029201529e+00
1.840000000000e+01,1.560000000000e+01,2.080278686273e+00
1.840000000000e+01,1.580000000000e+01,2.068817643960e+00
1.840000000000e+01,1.600000000000e+01,2.057629205100e+00
1.860000000000e+01,3.000000000000e+00,inf
1.860000000000e+01,3.200000000000e+00,inf
1.860000000000e+01,3.400000000000e+00,inf
1.860000000000e+01,3.600000000000e+00,inf
1.860000000000e+01,3.800000000000e+00,inf
1.860000000000e+01,4.000000000000e+00,inf
1.860000000000e+01,4.200000000000e+00,inf
1.860000000000e+01,4.400000000000e+00,inf
1.860000000000e+01,4.600000000000e+00,inf
1.860000000000e+01,4.800000000000e+00,inf
1.860000000000e+01,5.000000000000e+00,1.210787307261e+01
1.860000000000e+01,5.200000000000e+00,1.009420347378e+01
1.860000000000e+01,5.400000000000e+00,8.619377372146e+00
1.860000000000e+01,5.600000000000e+00,7.512029910219e+00
1.860000000000e+01,5.800000000000e+00,6.662297460909e+00
1.860000000000e+01,6.000000000000e+00,5.997561883408e+00
1.860000000000e+01,6.200000000000e+00,5.468525973372e+00
1.860000000000e+01,6.400000000000e+00,5.040929959386e+00
1.860000000000e+01,6.600000000000e+00,4.690464481310e+00
1.860000000000e+01,6.800000000000e+00,4.399556806271e+00
1.860000000000e+01,7.000000000000e+00,4.155224736692e+00
1.860000000000e+01,7.200000000000e+00,3.947856897955e+00
1.860000000000e+01,7.400000000000e+00,3.770198726588e+00
1.860000000000e+01,7.600000000000e+00,3.616648964435e+00
1.860000000000e+01,7.800000000000e+00,3.482859988105e+00
1.860000000000e+01,8.000000000000e+00,3.365419281168e+00
1.860000000000e+01,8.200000000000e+00,3.261620256011e+00
1.860000000000e+01,8.400000000000e+00,3.169295254226e+00
1.860000000000e+01,8.600000000000e+00,3.086692403174e+00
1.860000000000e+01,8.800000000000e+00,3.012383794829e+00
1.860000000000e+01,9.000000000000e+00,2.945196298547e+00
1.860000000000e+01,9.200000000000e+00,2.884158910400e+00
1.860000000000e+01,9.400000000000e+00,2.828462310474e+00
1.860000000000e+01,9.600000000000e+00,2.777427521568e+00
1.860000000000e+01,9.800000000000e+00,2.730481416820e+00
1.860000000000e+01,1.000000000000e+01,2.687137427060e+00
1.860000000000e+01,1.020000000000e+01,2.646980229148e+00
1.860000000000e+01,1.040000000000e+01,2.609653506713e+00
1.860000000000e+01,1.060000000000e+01,2.574850100229e+00
1.860000000000e+01,1.080000000000e+01,2.542304028722e+00
1.860000000000e+01,1.100000000000e+01,2.511783987792e+00
1.860000000000e+01,1.120000000000e+01,2.483088019817e+00
1.860000000000e+01,1.140000000000e+01,2.456039120730e+00
1.860000000000e+01,1.160000000000e+01,2.430481599637e+00
1.860000000000e+01,1.180000000000e+01,2.406278047070e+00
1.860000000000e+01,1.200000000000e+01,2.383306797974e+00
1.860000000000e+01,1.220000000000e+01,2.361459798983e+00
1.860000000000e+01,1.240000000000e+01,2.340640807709e+00
1.860000000000e+01,1.260000000000e+01,2.320763866010e+00
1.860000000000e+01,1.280000000000e+01,2.301752000400e+00
1.860000000000e+01,1.300000000000e+01,2.283536111559e+00
1.860000000000e+01,1.320000000000e+01,2.266054021998e+00
1.860000000000e+01,1.340000000000e+01,2.249249656468e+00
1.860000000000e+01,1.360000000000e+01,2.233072334276e+00
1.860000000000e+01,1.380000000000e+01,2.217476156250e+00
1.860000000000e+01,1.400000000000e+01,2.202419472068e+00
1.860000000000e+01,1.420000000000e+01,2.187864416050e+00
1.860000000000e+01,1.440000000000e+01,2.173776501464e+00
1.860000000000e+01,1.460000000000e+01,2.160124265004e+00
1.860000000000e+01,1.480000000000e+01,2.146878954430e+00
1.860000000000e+01,1.500000000000e+01,2.134014253422e+00
1.860000000000e+01,1.520000000000e+01,2.121506038650e+00
1.860000000000e+01,1.540000000000e+01,2.109332164764e+00
1.860000000000e+01,1.560000000000e+01,2.097472273696e+00
1.860000000000e+01,1.580000000000e+01,2.085907625127e+00
1.860000000000e+01,1.600000000000e+01,2.074620945494e+00
1.880000000000e+01,3.000000000000e+00,inf
1.880000000000e+01,3.200000000000e+00,inf
1.880000000000e+01,3.400000000000e+00,inf
1.880000000000e+01,3.600000000000e+00,inf
1.880000000000e+01,3.800000000000e+00,inf
1.880000000000e+01,4.000000000000e+00,inf
1.880000000000e+01,4.200000000000e+00,inf
1.880000000000e+01,4.400000000000e+00,inf
1.880000000000e+01,4.600000000000e+00,inf
1.880000000000e+01,4.800000000000e+00,inf
1.880000000000e+01,5.000000000000e+00,1.249710798947e+01
1.880000000000e+01,5.200000000000e+00,1.039196996816e+01
1.880000000000e+01,5.400000000000e+00,8.853292385585e+00
1.880000000000e+01,5.600000000000e+00,7.700105568460e+00
1.880000000000e+01,5.800000000000e+00,6.816655821167e+00
1.880000000000e+01,6.000000000000e+00,6.126586807999e+00
1.880000000000e+01,6.200000000000e+00,5.578155893984e+00
1.880000000000e+01,6.400000000000e+00,5.135460345382e+00
1.880000000000e+01,6.600000000000e+00,4.773060767681e+00
1.880000000000e+01,6.800000000000e+00,4.472590915445e+00
1.880000000000e+01,7.000000000000e+00,4.220500061663e+00
1.880000000000e+01,7.200000000000e+00,4.006764739692e+00
1.880000000000e+01,7.400000000000e+00,3.823826442028e+00
1.880000000000e+01,7.600000000000e+00,3.665855893609e+00
1.880000000000e+01,7.800000000000e+00,3.528332695897e+00
1.880000000000e+01,8.000000000000e+00,3.407711875778e+00
1.880000000000e+01,8.200000000000e+00,3.301184184924e+00
1.880000000000e+01,8.400000000000e+00,3.206501580584e+00
1.880000000000e+01,8.600000000000e+00,3.121848641683e+00
1.880000000000e+01,8.800000000000e+00,3.045746766036e+00
1.880000000000e+01,9.000000000000e+00,2.976982037680e+00
1.880000000000e+01,9.200000000000e+00,2.914550375196e+00
1.880000000000e+01,9.400000000000e+00,2.857615428504e+00
1.880000000000e+01,9.600000000000e+00,2.805475973493e+00
1.880000000000e+01,9.800000000000e+00,2.757540449058e+00
1.880000000000e+01,1.000000000000e+01,2.713306913119e+00
1.880000000000e+01,1.020000000000e+01,2.672347144821e+00
1.880000000000e+01,1.040000000000e+01,2.634293944626e+00
1.880000000000e+01,1.060000000000e+01,2.598830919778e+00
1.880000000000e+01,1.080000000000e+01,2.565684215509e+00
1.880000000000e+01,1.100000000000e+01,2.534615780087e+00
1.880000000000e+01,1.120000000000e+01,2.505417847034e+00
1.880000000000e+01,1.140000000000e+01,2.477908389352e+00
1.880000000000e+01,1.160000000000e+01,2.451927354628e+00
1.880000000000e+01,1.180000000000e+01,2.427333531122e+00
1.880000000000e+01,1.200000000000e+01,2.404001926499e+00
1.880000000000e+01,1.220000000000e+01,2.381821565276e+00
1.880000000000e+01,1.240000000000e+01,2.360693629967e+00
1.880000000000e+01,1.260000000000e+01,2.340529885723e+00
1.880000000000e+01,1.280000000000e+01,2.321251339885e+00
1.880000000000e+01,1.300000000000e+01,2.302787097044e+00
1.880000000000e+01,1.320000000000e+01,2.285073377517e+00
1.880000000000e+01,1.340000000000e+01,2.268052672961e+00
1.880000000000e+01,1.360000000000e+01,2.251673017521e+00
1.880000000000e+01,1.380000000000e+01,2.235887356675e+00
1.880000000000e+01,1.400000000000e+01,2.220652999001e+00
1.880000000000e+01,1.420000000000e+01,2.205931138549e+00
1.880000000000e+01,1.440000000000e+01,2.191686437551e+00
1.880000000000e+01,1.460000000000e+01,2.177886660839e+00
1.880000000000e+01,1.480000000000e+01,2.164502354736e+00
1.880000000000e+01,1.500000000000e+01,2.151506564281e+00
1.880000000000e+01,1.520000000000e+01,2.138874583624e+00
1.880000000000e+01,1.540000000000e+01,2.126583735168e+00
1.880000000000e+01,1.560000000000e+01,2.114613173720e+00
1.880000000000e+01,1.580000000000e+01,2.102943712437e+00
1.880000000000e+01,1.600000000000e+01,2.091557667818e+00
1.900000000000e+01,3.000000000000e+00,inf
1.900000000000e+01,3.200000000000e+00,inf
1.900000000000e+01,3.400000000000e+00,inf
1.900000000000e+01,3.600000000000e+00,inf
1.900000000000e+01,3.800000000000e+00,inf
1.900000000000e+01,4.000000000000e+00,inf
1.900000000000e+01,4.200000000000e+00,inf
1.900000000000e+01,4.400000000000e+00,inf
1.900000000000e+01,4.600000000000e+00,inf
1.900000000000e+01,4.800000000000e+00,inf
1.900000000000e+01,5.000000000000e+00,1.289916678650e+01
1.900000000000e+01,5.200000000000e+00,1.069879758824e+01
1.900000000000e+01,5.400000000000e+00,9.093791816235e+00
1.900000000000e+01,5.600000000000e+00,7.893081611993e+00
1.900000000000e+01,5.800000000000e+00,6.974736729797e+00
1.900000000000e+01,6.000000000000e+00,6.258490017286e+00
1.900000000000e+01,6.200000000000e+00,5.690045848732e+00
1.900000000000e+01,6.400000000000e+00,5.231789441434e+00
1.900000000000e+01,6.600000000000e+00,4.857105762108e+00
1.900000000000e+01,6.800000000000e+00,4.546804206147e+00
1.900000000000e+01,7.000000000000e+00,4.286744182403e+00
1.900000000000e+01,7.200000000000e+00,4.066475125692e+00
1.900000000000e+01,7.400000000000e+00,3.878123834572e+00
1.900000000000e+01,7.600000000000e+00,3.715625189634e+00
1.900000000000e+01,7.800000000000e+00,3.574280247276e+00
1.900000000000e+01,8.000000000000e+00,3.450407271875e+00
1.900000000000e+01,8.200000000000e+00,3.341091104683e+00
1.900000000000e+01,8.400000000000e+00,3.244000840189e+00
1.900000000000e+01,8.600000000000e+00,3.157255600164e+00
1.900000000000e+01,8.800000000000e+00,3.079324604756e+00
1.900000000000e+01,9.000000000000e+00,3.008951989666e+00
1.900000000000e+01,9.200000000000e+00,2.945099676749e+00
1.900000000000e+01,9.400000000000e+00,2.886903553576e+00
1.900000000000e+01,9.600000000000e+00,2.833639561631e+00
1.900000000000e+01,9.800000000000e+00,2.784697230874e+00
1.900000000000e+01,1.000000000000e+01,2.739558860220e+00
1.900000000000e+01,1.020000000000e+01,2.697783015083e+00
1.900000000000e+01,1.040000000000e+01,2.658991352530e+00
1.900000000000e+01,1.060000000000e+01,2.622858031076e+00
1.900000000000e+01,1.080000000000e+01,2.589101142711e+00
1.900000000000e+01,1.100000000000e+01,2.557475738163e+00
1.900000000000e+01,1.120000000000e+01,2.527768115750e+00
1.900000000000e+01,1.140000000000e+01,2.499791118747e+00
1.900000000000e+01,1.160000000000e+01,2.473380242547e+00
1.900000000000e+01,1.180000000000e+01,2.448390395810e+00
1.900000000000e+01,1.200000000000e+01,2.424693192705e+00
1.900000000000e+01,1.220000000000e+01,2.402174678699e+00
1.900000000000e+01,1.240000000000e+01,2.380733412072e+00
1.900000000000e+01,1.260000000000e+01,2.360278838699e+00
1.900000000000e+01,1.280000000000e+01,2.340729909740e+00
1.900000000000e+01,1.300000000000e+01,2.322013901409e+00
1.900000000000e+01,1.320000000000e+01,2.304065403573e+00
1.900000000000e+01,1.340000000000e+01,2.286825449981e+00
1.900000000000e+01,1.360000000000e+01,2.270240767755e+00
1.900000000000e+01,1.380000000000e+01,2.254263127714e+00
1.900000000000e+01,1.400000000000e+01,2.238848780225e+00
1.900000000000e+01,1.420000000000e+01,2.223957963863e+00
1.900000000000e+01,1.440000000000e+01,2.209554476277e+00
1.900000000000e+01,1.460000000000e+01,2.195605298331e+00
1.900000000000e+01,1.480000000000e+01,2.182080264067e+00
1.900000000000e+01,1.500000000000e+01,2.168951770146e+00
1.900000000000e+01,1.520000000000e+01,2.156194519428e+00
1.900000000000e+01,1.540000000000e+01,2.143785294154e+00
1.900000000000e+01,1.560000000000e+01,2.131702754852e+00
1.900000000000e+01,1.580000000000e+01,2.119927261658e+00
1.900000000000e+01,1.600000000000e+01,2.108440715234e+00
1.920000000000e+01,3.000000000000e+00,inf
1.920000000000e+01,3.200000000000e+00,inf
1.920000000000e+01,3.400000000000e+00,inf
1.920000000000e+01,3.600000000000e+00,inf
1.920000000000e+01,3.800000000000e+00,inf
1.920000000000e+01,4.000000000000e+00,inf
1.920000000000e+01,4.200000000000e+00,inf
1.920000000000e+01,4.400000000000e+00,inf
1.920000000000e+01,4.600000000000e+00,inf
1.920000000000e+01,4.800000000000e+00,inf
1.920000000000e+01,5.000000000000e+00,1.331447053963e+01
1.920000000000e+01,5.200000000000e+00,1.101496261084e+01
1.920000000000e+01,5.400000000000e+00,9.341063239495e+00
1.920000000000e+01,5.600000000000e+00,8.091089279969e+00
1.920000000000e+01,5.800000000000e+00,7.136634463724e+00
1.920000000000e+01,6.000000000000e+00,6.393340819511e+00
1.920000000000e+01,6.200000000000e+00,5.804247835504e+00
1.920000000000e+01,6.400000000000e+00,5.329956967077e+00
1.920000000000e+01,6.600000000000e+00,4.942630299561e+00
1.920000000000e+01,6.800000000000e+00,4.622220972024e+00
1.920000000000e+01,7.000000000000e+00,4.353976502786e+00
1.920000000000e+01,7.200000000000e+00,4.127003755876e+00
1.920000000000e+01,7.400000000000e+00,3.933103765316e+00
1.920000000000e+01,7.600000000000e+00,3.765967514700e+00
1.920000000000e+01,7.800000000000e+00,3.620711584755e+00
1.920000000000e+01,8.000000000000e+00,3.493513055193e+00
1.920000000000e+01,8.200000000000e+00,3.381347521813e+00
1.920000000000e+01,8.400000000000e+00,3.281798674632e+00
1.920000000000e+01,8.600000000000e+00,3.192918222082e+00
1.920000000000e+01,8.800000000000e+00,3.113121687216e+00
1.920000000000e+01,9.000000000000e+00,3.041110066954e+00
1.920000000000e+01,9.200000000000e+00,2.975810346072e+00
1.920000000000e+01,9.400000000000e+00,2.916329901223e+00
1.920000000000e+01,9.600000000000e+00,2.861921239185e+00
1.920000000000e+01,9.800000000000e+00,2.811954496220e+00
1.920000000000e+01,1.000000000000e+01,2.765895818163e+00
1.920000000000e+01,1.020000000000e+01,2.723290234314e+00
1.920000000000e+01,1.040000000000e+01,2.683747993025e+00
1.920000000000e+01,1.060000000000e+01,2.646933584468e+00
1.920000000000e+01,1.080000000000e+01,2.612556864608e+00
1.920000000000e+01,1.100000000000e+01,2.580365833717e+00
1.920000000000e+01,1.120000000000e+01,2.550140726331e+00
1.920000000000e+01,1.140000000000e+01,2.521689147377e+00
1.920000000000e+01,1.160000000000e+01,2.494842047866e+00
1.920000000000e+01,1.180000000000e+01,2.469450378283e+00
1.920000000000e+01,1.200000000000e+01,2.445382292037e+00
1.920000000000e+01,1.220000000000e+01,2.422520797745e+00
1.920000000000e+01,1.240000000000e+01,2.400761779580e+00
1.920000000000e+01,1.260000000000e+01,2.380012320958e+00
1.920000000000e+01,1.280000000000e+01,2.360189279334e+00
1.920000000000e+01,1.300000000000e+01,2.341218069820e+00
1.920000000000e+01,1.320000000000e+01,2.323031623202e+00
1.920000000000e+01,1.340000000000e+01,2.305569490185e+00
1.920000000000e+01,1.360000000000e+01,2.288777068747e+00
1.920000000000e+01,1.380000000000e+01,2.272604935506e+00
1.920000000000e+01,1.400000000000e+01,2.257008265308e+00
1.920000000000e+01,1.420000000000e+01,2.241946325883e+00
1.920000000000e+01,1.440000000000e+01,2.227382036602e+00
1.920000000000e+01,1.460000000000e+01,2.213281582135e+00
1.920000000000e+01,1.480000000000e+01,2.199614073295e+00
1.920000000000e+01,1.500000000000e+01,2.186351248532e+00
1.920000000000e+01,1.520000000000e+01,2.173467210575e+00
1.920000000000e+01,1.540000000000e+01,2.160938193521e+00
1.920000000000e+01,1.560000000000e+01,2.148742356401e+00
1.920000000000e+01,1.580000000000e+01,2.136859599791e+00
1.920000000000e+01,1.600000000000e+01,2.125271402574e+00
1.940000000000e+01,3.000000000000e+00,inf
1.940000000000e+01,3.200000000000e+00,inf
1.940000000000e+01,3.400000000000e+00,inf
1.940000000000e+01,3.600000000000e+00,inf
1.940000000000e+01,3.800000000000e+00,inf
1.940000000000e+01,4.000000000000e+00,inf
1.940000000000e+01,4.200000000000e+00,inf
1.940000000000e+01,4.400000000000e+00,inf
1.940000000000e+01,4.600000000000e+00,inf
1.940000000000e+01,4.800000000000e+00,inf
1.940000000000e+01,5.000000000000e+00,1.374345391787e+01
1.940000000000e+01,5.200000000000e+00,1.134074946863e+01
1.940000000000e+01,5.400000000000e+00,9.595299297107e+00
1.940000000000e+01,5.600000000000e+00,8.294263059153e+00
1.940000000000e+01,5.800000000000e+00,7.302445442363e+00
1.940000000000e+01,6.000000000000e+00,6.531209973771e+00
1.940000000000e+01,6.200000000000e+00,5.920814857741e+00
1.940000000000e+01,6.400000000000e+00,5.430003352714e+00
1.940000000000e+01,6.600000000000e+00,5.029665725701e+00
1.940000000000e+01,6.800000000000e+00,4.698865878090e+00
1.940000000000e+01,7.000000000000e+00,4.422216698931e+00
1.940000000000e+01,7.200000000000e+00,4.188366530509e+00
1.940000000000e+01,7.400000000000e+00,3.988779242663e+00
1.940000000000e+01,7.600000000000e+00,3.816893638608e+00
1.940000000000e+01,7.800000000000e+00,3.667635728375e+00
1.940000000000e+01,8.000000000000e+00,3.537036865930e+00
1.940000000000e+01,8.200000000000e+00,3.421959979462e+00
1.940000000000e+01,8.400000000000e+00,3.319900748189e+00
1.940000000000e+01,8.600000000000e+00,3.228841462619e+00
1.940000000000e+01,8.800000000000e+00,3.147142392668e+00
1.940000000000e+01,9.000000000000e+00,3.073460178079e+00
1.940000000000e+01,9.200000000000e+00,3.006685904697e+00
1.940000000000e+01,9.400000000000e+00,2.945897673005e+00
1.940000000000e+01,9.600000000000e+00,2.890323941752e+00
1.940000000000e+01,9.800000000000e+00,2.839314958484e+00
1.940000000000e+01,1.000000000000e+01,2.792320313770e+00
1.940000000000e+01,1.020000000000e+01,2.748871171949e+00
1.940000000000e+01,1.040000000000e+01,2.708566102159e+00
1.940000000000e+01,1.060000000000e+01,2.671059702433e+00
1.940000000000e+01,1.080000000000e+01,2.636053406552e+00
1.940000000000e+01,1.100000000000e+01,2.603288008652e+00
1.940000000000e+01,1.120000000000e+01,2.572537548660e+00
1.940000000000e+01,1.140000000000e+01,2.543604282676e+00
1.940000000000e+01,1.160000000000e+01,2.516314523611e+00
1.940000000000e+01,1.180000000000e+01,2.490515183924e+00
1.940000000000e+01,1.200000000000e+01,2.466070887951e+00
1.940000000000e+01,1.220000000000e+01,2.442861548765e+00
1.940000000000e+01,1.240000000000e+01,2.420780325828e+00
1.940000000000e+01,1.260000000000e+01,2.399731896289e+00
1.940000000000e+01,1.280000000000e+01,2.379630985843e+00
1.940000000000e+01,1.300000000000e+01,2.360401115331e+00
1.940000000000e+01,1.320000000000e+01,2.341973527448e+00
1.940000000000e+01,1.340000000000e+01,2.324286264408e+00
1.940000000000e+01,1.360000000000e+01,2.307283372640e+00
1.940000000000e+01,1.380000000000e+01,2.290914214788e+00
1.940000000000e+01,1.400000000000e+01,2.275132872671e+00
1.940000000000e+01,1.420000000000e+01,2.259897627630e+00
1.940000000000e+01,1.440000000000e+01,2.245170506919e+00
1.940000000000e+01,1.460000000000e+01,2.230916886662e+00
1.940000000000e+01,1.480000000000e+01,2.217105143384e+00
1.940000000000e+01,1.500000000000e+01,2.203706347406e+00
1.940000000000e+01,1.520000000000e+01,2.190693992397e+00
1.940000000000e+01,1.540000000000e+01,2.178043756267e+00
1.940000000000e+01,1.560000000000e+01,2.165733289273e+00
1.940000000000e+01,1.580000000000e+01,2.153742025843e+00
1.940000000000e+01,1.600000000000e+01,2.142051017093e+00
1.960000000000e+01,3.000000000000e+00,inf
1.960000000000e+01,3.200000000000e+00,inf
1.960000000000e+01,3.400000000000e+00,inf
1.960000000000e+01,3.600000000000e+00,inf
1.960000000000e+01,3.800000000000e+00,inf
1.960000000000e+01,4.000000000000e+00,inf
1.960000000000e+01,4.200000000000e+00,inf
1.960000000000e+01,4.400000000000e+00,inf
1.960000000000e+01,4.600000000000e+00,inf
1.960000000000e+01,4.800000000000e+00,inf
1.960000000000e+01,5.000000000000e+00,1.418656563694e+01
1.960000000000e+01,5.200000000000e+00,1.167645100350e+01
1.960000000000e+01,5.400000000000e+00,9.856697843756e+00
1.960000000000e+01,5.600000000000e+00,8.502740771253e+00
1.960000000000e+01,5.800000000000e+00,7.472268281016e+00
1.960000000000e+01,6.000000000000e+00,6.672169723538e+00
1.960000000000e+01,6.200000000000e+00,6.039800946085e+00
1.960000000000e+01,6.400000000000e+00,5.531969754076e+00
1.960000000000e+01,6.600000000000e+00,5.118243906905e+00
1.960000000000e+01,6.800000000000e+00,4.776763967962e+00
1.960000000000e+01,7.000000000000e+00,4.491484724649e+00
1.960000000000e+01,7.200000000000e+00,4.250579554468e+00
1.960000000000e+01,7.400000000000e+00,4.045163425801e+00
1.960000000000e+01,7.600000000000e+00,3.868414441700e+00
1.960000000000e+01,7.800000000000e+00,3.715061778233e+00
1.960000000000e+01,8.000000000000e+00,3.580986401007e+00
1.960000000000e+01,8.200000000000e+00,3.462935059437e+00
1.960000000000e+01,8.400000000000e+00,3.358312749701e+00
1.960000000000e+01,8.600000000000e+00,3.265030290440e+00
1.960000000000e+01,8.800000000000e+00,3.181391105057e+00
1.960000000000e+01,9.000000000000e+00,3.106006229264e+00
1.960000000000e+01,9.200000000000e+00,3.037729866219e+00
1.960000000000e+01,9.400000000000e+00,2.975610058010e+00
1.960000000000e+01,9.600000000000e+00,2.918850588775e+00
1.960000000000e+01,9.800000000000e+00,2.866781311912e+00
1.960000000000e+01,1.000000000000e+01,2.818834852282e+00
1.960000000000e+01,1.020000000000e+01,2.774528173849e+00
1.960000000000e+01,1.040000000000e+01,2.733447890770e+00
1.960000000000e+01,1.060000000000e+01,2.695238480909e+00
1.960000000000e+01,1.080000000000e+01,2.659592766262e+00
1.960000000000e+01,1.100000000000e+01,2.626244176360e+00
1.960000000000e+01,1.120000000000e+01,2.594960423397e+00
1.960000000000e+01,1.140000000000e+01,2.565538302288e+00
1.960000000000e+01,1.160000000000e+01,2.537799392574e+00
1.960000000000e+01,1.180000000000e+01,2.511586487550e+00
1.960000000000e+01,1.200000000000e+01,2.486760613087e+00
1.960000000000e+01,1.220000000000e+01,2.463198527134e+00
1.960000000000e+01,1.240000000000e+01,2.440790613077e+00
1.960000000000e+01,1.260000000000e+01,2.419439097362e+00
1.960000000000e+01,1.280000000000e+01,2.399056535338e+00
1.960000000000e+01,1.300000000000e+01,2.379564519953e+00
1.960000000000e+01,1.320000000000e+01,2.360892576422e+00
1.960000000000e+01,1.340000000000e+01,2.342977212687e+00
1.960000000000e+01,1.360000000000e+01,2.325761100953e+00
1.960000000000e+01,1.380000000000e+01,2.309192369878e+00
1.960000000000e+01,1.400000000000e+01,2.293223990547e+00
1.960000000000e+01,1.420000000000e+01,2.277813242192e+00
1.960000000000e+01,1.440000000000e+01,2.262921245967e+00
1.960000000000e+01,1.460000000000e+01,2.248512556964e+00
1.960000000000e+01,1.480000000000e+01,2.234554806258e+00
1.960000000000e+01,1.500000000000e+01,2.221018386023e+00
1.960000000000e+01,1.520000000000e+01,2.207876171867e+00
1.960000000000e+01,1.540000000000e+01,2.195103277391e+00
1.960000000000e+01,1.560000000000e+01,2.182676836748e+00
1.960000000000e+01,1.580000000000e+01,2.170575811575e+00
1.960000000000e+01,1.600000000000e+01,2.158780819197e+00
1.980000000000e+01,3.000000000000e+00,inf
1.980000000000e+01,3.200000000000e+00,inf
1.980000000000e+01,3.400000000000e+00,inf
1.980000000000e+01,3.600000000000e+00,inf
1.980000000000e+01,3.800000000000e+00,inf
1.980000000000e+01,4.000000000000e+00,inf
1.980000000000e+01,4.200000000000e+00,inf
1.980000000000e+01,4.400000000000e+00,inf
1.980000000000e+01,4.600000000000e+00,inf
1.980000000000e+01,4.800000000000e+00,inf
1.980000000000e+01,5.000000000000e+00,1.464426892768e+01
1.980000000000e+01,5.200000000000e+00,1.202236872754e+01
1.980000000000e+01,5.400000000000e+00,1.012546209783e+01
1.980000000000e+01,5.600000000000e+00,8.716663662623e+00
1.980000000000e+01,5.800000000000e+00,7.646203845655e+00
1.980000000000e+01,6.000000000000e+00,6.816293830974e+00
1.980000000000e+01,6.200000000000e+00,6.161261180499e+00
1.980000000000e+01,6.400000000000e+00,5.635898066934e+00
1.980000000000e+01,6.600000000000e+00,5.208397240421e+00
1.980000000000e+01,6.800000000000e+00,4.855940671158e+00
1.980000000000e+01,7.000000000000e+00,4.561800816898e+00
1.980000000000e+01,7.200000000000e+00,4.313659141497e+00
1.980000000000e+01,7.400000000000e+00,4.102269628138e+00
1.980000000000e+01,7.600000000000e+00,3.920540917730e+00
1.980000000000e+01,7.800000000000e+00,3.762998916971e+00
1.980000000000e+01,8.000000000000e+00,3.625369416251e+00
1.980000000000e+01,8.200000000000e+00,3.504279384191e+00
1.980000000000e+01,8.400000000000e+00,3.397040394410e+00
1.980000000000e+01,8.600000000000e+00,3.301489689395e+00
1.980000000000e+01,8.800000000000e+00,3.215872214640e+00
1.980000000000e+01,9.000000000000e+00,3.138752125962e+00
1.980000000000e+01,9.200000000000e+00,3.068945737779e+00
1.980000000000e+01,9.400000000000e+00,3.005470234287e+00
1.980000000000e+01,9.600000000000e+00,2.947504084948e+00
1.980000000000e+01,9.800000000000e+00,2.894356232973e+00
1.980000000000e+01,1.000000000000e+01,2.845441918692e+00
1.980000000000e+01,1.020000000000e+01,2.800263563605e+00
1.980000000000e+01,1.040000000000e+01,2.758395545777e+00
1.980000000000e+01,1.060000000000e+01,2.719471990561e+00
1.980000000000e+01,1.080000000000e+01,2.683176915080e+00
1.980000000000e+01,1.100000000000e+01,2.649236222949e+00
1.980000000000e+01,1.120000000000e+01,2.617411163190e+00
1.980000000000e+01,1.140000000000e+01,2.587492955263e+00
1.980000000000e+01,1.160000000000e+01,2.559298348490e+00
1.980000000000e+01,1.180000000000e+01,2.532665934563e+00
1.980000000000e+01,1.200000000000e+01,2.507453070408e+00
1.980000000000e+01,1.220000000000e+01,2.483533298358e+00
1.980000000000e+01,1.240000000000e+01,2.460794173604e+00
1.980000000000e+01,1.260000000000e+01,2.439135426807e+00
1.980000000000e+01,1.280000000000e+01,2.418467403843e+00
1.980000000000e+01,1.300000000000e+01,2.398709735693e+00
1.980000000000e+01,1.320000000000e+01,2.379790200308e+00
1.980000000000e+01,1.340000000000e+01,2.361643745255e+00
1.980000000000e+01,1.360000000000e+01,2.344211645555e+00
1.980000000000e+01,1.380000000000e+01,2.327440775629e+00
1.980000000000e+01,1.400000000000e+01,2.311282977911e+00
1.980000000000e+01,1.420000000000e+01,2.295694513635e+00
1.980000000000e+01,1.440000000000e+01,2.280635583714e+00
1.980000000000e+01,1.460000000000e+01,2.266069909601e+00
1.980000000000e+01,1.480000000000e+01,2.251964365641e+00
1.980000000000e+01,1.500000000000e+01,2.238288655752e+00
1.980000000000e+01,1.520000000000e+01,2.225015028391e+00
1.980000000000e+01,1.540000000000e+01,2.212118024665e+00
1.980000000000e+01,1.560000000000e+01,2.199574255229e+00
1.980000000000e+01,1.580000000000e+01,2.187362202235e+00
1.980000000000e+01,1.600000000000e+01,2.175462043145e+00
2.000000000000e+01,3.000000000000e+00,inf
2.000000000000e+01,3.200000000000e+00,inf
2.000000000000e+01,3.400000000000e+00,inf
2.000000000000e+01,3.600000000000e+00,inf
2.000000000000e+01,3.800000000000e+00,inf
2.000000000000e+01,4.000000000000e+00,inf
2.000000000000e+01,4.200000000000e+00,inf
2.000000000000e+01,4.400000000000e+00,inf
2.000000000000e+01,4.600000000000e+00,inf
2.000000000000e+01,4.800000000000e+00,inf
2.000000000000e+01,5.000000000000e+00,1.511704201940e+01
2.000000000000e+01,5.200000000000e+00,1.237881309196e+01
2.000000000000e+01,5.400000000000e+00,1.040180079647e+01
2.000000000000e+01,5.600000000000e+00,8.936176496388e+00
2.000000000000e+01,5.800000000000e+00,7.824355309119e+00
2.000000000000e+01,6.000000000000e+00,6.963657612093e+00
2.000000000000e+01,6.200000000000e+00,6.285251712861e+00
2.000000000000e+01,6.400000000000e+00,5.741830942090e+00
2.000000000000e+01,6.600000000000e+00,5.300158664664e+00
2.000000000000e+01,6.800000000000e+00,4.936421810448e+00
2.000000000000e+01,7.000000000000e+00,4.633185501252e+00
2.000000000000e+01,7.200000000000e+00,4.377621818435e+00
2.000000000000e+01,7.400000000000e+00,4.160111320708e+00
2.000000000000e+01,7.600000000000e+00,3.973284176703e+00
2.000000000000e+01,7.800000000000e+00,3.811456412201e+00
2.000000000000e+01,8.000000000000e+00,3.670193728549e+00
2.000000000000e+01,8.200000000000e+00,3.545999618753e+00
2.000000000000e+01,8.400000000000e+00,3.436089425722e+00
2.000000000000e+01,8.600000000000e+00,3.338224660179e+00
2.000000000000e+01,8.800000000000e+00,3.250590119545e+00
2.000000000000e+01,9.000000000000e+00,3.171701774340e+00
2.000000000000e+01,9.200000000000e+00,3.100337021495e+00
2.000000000000e+01,9.400000000000e+00,3.035481370234e+00
2.000000000000e+01,9.600000000000e+00,2.976287321555e+00
2.000000000000e+01,9.800000000000e+00,2.922042381672e+00
2.000000000000e+01,1.000000000000e+01,2.872143979037e+00
2.000000000000e+01,1.020000000000e+01,2.826079643810e+00
2.000000000000e+01,1.040000000000e+01,2.783411231418e+00
2.000000000000e+01,1.060000000000e+01,2.743762277995e+00
2.000000000000e+01,1.080000000000e+01,2.706807799162e+00
2.000000000000e+01,1.100000000000e+01,2.672266008426e+00
2.000000000000e+01,1.120000000000e+01,2.639891553837e+00
2.000000000000e+01,1.140000000000e+01,2.609469963197e+00
2.000000000000e+01,1.160000000000e+01,2.580813057166e+00
2.000000000000e+01,1.180000000000e+01,2.553755142062e+00
2.000000000000e+01,1.200000000000e+01,2.528149834291e+00
2.000000000000e+01,1.220000000000e+01,2.503867399156e+00
2.000000000000e+01,1.240000000000e+01,2.480792510757e+00
2.000000000000e+01,1.260000000000e+01,2.458822358248e+00
2.000000000000e+01,1.280000000000e+01,2.437865038355e+00
2.000000000000e+01,1.300000000000e+01,2.417838185550e+00
2.000000000000e+01,1.320000000000e+01,2.398667800350e+00
2.000000000000e+01,1.340000000000e+01,2.380287243504e+00
2.000000000000e+01,1.360000000000e+01,2.362636369604e+00
2.000000000000e+01,1.380000000000e+01,2.345660778343e+00
2.000000000000e+01,1.400000000000e+01,2.329311165379e+00
2.000000000000e+01,1.420000000000e+01,2.313542757878e+00
2.000000000000e+01,1.440000000000e+01,2.298314822220e+00
2.000000000000e+01,1.460000000000e+01,2.283590233478e+00
2.000000000000e+01,1.480000000000e+01,2.269335097876e+00
2.000000000000e+01,1.500000000000e+01,2.255518420867e+00
2.000000000000e+01,1.520000000000e+01,2.242111814587e+00
2.000000000000e+01,1.540000000000e+01,2.229089239390e+00
2.000000000000e+01,1.560000000000e+01,2.216426774977e+00
2.000000000000e+01,1.580000000000e+01,2.204102417268e+00
2.000000000000e+01,1.600000000000e+01,2.192095897745e+00
