depth_m,T_s,Hc_m
2.000000000000e+00,3.000000000000e+00,inf
2.000000000000e+00,3.200000000000e+00,inf
2.000000000000e+00,3.400000000000e+00,1.548472321987e+00
2.000000000000e+00,3.600000000000e+00,1.469520417669e+00
2.000000000000e+00,3.800000000000e+00,1.401725149449e+00
2.000000000000e+00,4.000000000000e+00,1.342508364180e+00
2.000000000000e+00,4.200000000000e+00,1.290007550530e+00
2.000000000000e+00,4.400000000000e+00,1.242768040438e+00
2.000000000000e+00,4.600000000000e+00,1.200102738250e+00
2.000000000000e+00,4.800000000000e+00,1.160962001869e+00
2.000000000000e+00,5.000000000000e+00,1.125095530371e+00
2.000000000000e+00,5.200000000000e+00,1.091728367775e+00
2.000000000000e+00,5.400000000000e+00,1.060831239919e+00
2.000000000000e+00,5.600000000000e+00,1.031865784779e+00
2.000000000000e+00,5.800000000000e+00,1.004708185281e+00
2.000000000000e+00,6.000000000000e+00,9.792425432796e-01
2.000000000000e+00,6.200000000000e+00,9.551236512550e-01
2.000000000000e+00,6.400000000000e+00,9.322917822905e-01
2.000000000000e+00,6.600000000000e+00,9.106994245929e-01
2.000000000000e+00,6.800000000000e+00,8.902311117833e-01
2.000000000000e+00,7.000000000000e+00,8.706363420085e-01
2.000000000000e+00,7.200000000000e+00,8.519632776704e-01
2.000000000000e+00,7.400000000000e+00,8.341650040675e-01
2.000000000000e+00,7.600000000000e+00,8.171731576148e-01
2.000000000000e+00,7.800000000000e+00,8.009271406781e-01
2.000000000000e+00,8.000000000000e+00,7.852652755297e-01
2.000000000000e+00,8.200000000000e+00,7.702360802468e-01
2.000000000000e+00,8.400000000000e+00,7.558157963064e-01
2.000000000000e+00,8.600000000000e+00,7.419644872893e-01
2.000000000000e+00,8.800000000000e+00,7.286459784192e-01
2.000000000000e+00,9.000000000000e+00,7.158273897780e-01
2.000000000000e+00,9.200000000000e+00,7.034751475524e-01
2.000000000000e+00,9.400000000000e+00,6.914855886509e-01
2.000000000000e+00,9.600000000000e+00,6.799189846034e-01
2.000000000000e+00,9.800000000000e+00,6.687518004283e-01
2.000000000000e+00,1.000000000000e+01,6.579623483155e-01
2.000000000000e+00,1.020000000000e+01,6.475305972987e-01
2.000000000000e+00,1.040000000000e+01,6.374380072439e-01
2.000000000000e+00,1.060000000000e+01,6.276673834749e-01
2.000000000000e+00,1.080000000000e+01,6.182027489938e-01
2.000000000000e+00,1.100000000000e+01,6.090292317690e-01
2.000000000000e+00,1.120000000000e+01,6.001222988906e-01
2.000000000000e+00,1.140000000000e+01,5.914408839048e-01
2.000000000000e+00,1.160000000000e+01,5.830145058304e-01
2.000000000000e+00,1.180000000000e+01,5.748316370748e-01
2.000000000000e+00,1.200000000000e+01,5.668814679582e-01
2.000000000000e+00,1.220000000000e+01,5.591538488392e-01
2.000000000000e+00,1.240000000000e+01,5.516392380143e-01
2.000000000000e+00,1.260000000000e+01,5.443286547051e-01
2.000000000000e+00,1.280000000000e+01,5.372136365399e-01
2.000000000000e+00,1.300000000000e+01,5.302862010162e-01
2.000000000000e+00,1.320000000000e+01,5.235388105001e-01
2.000000000000e+00,1.340000000000e+01,5.169643403755e-01
2.000000000000e+00,1.360000000000e+01,5.105560500035e-01
2.000000000000e+00,1.380000000000e+01,5.043075561974e-01
2.000000000000e+00,1.400000000000e+01,4.982128089527e-01
2.000000000000e+00,1.420000000000e+01,4.922660692039e-01
2.000000000000e+00,1.440000000000e+01,4.864429715589e-01
2.000000000000e+00,1.460000000000e+01,4.807513065958e-01
2.000000000000e+00,1.480000000000e+01,4.751932742787e-01
2.000000000000e+00,1.500000000000e+01,4.697641294213e-01
2.000000000000e+00,1.520000000000e+01,4.644593544211e-01
2.000000000000e+00,1.540000000000e+01,4.592746453883e-01
2.000000000000e+00,1.560000000000e+01,4.542058993079e-01
2.000000000000e+00,1.580000000000e+01,4.492492021435e-01
2.000000000000e+00,1.600000000000e+01,4.444008178010e-01
2.200000000000e+00,3.000000000000e+00,inf
2.200000000000e+00,3.200000000000e+00,inf
2.200000000000e+00,3.400000000000e+00,inf
2.200000000000e+00,3.600000000000e+00,1.635851265329e+00
2.200000000000e+00,3.800000000000e+00,1.557304078508e+00
2.200000000000e+00,4.000000000000e+00,1.489333739617e+00
2.200000000000e+00,4.200000000000e+00,1.429591862845e+00
2.200000000000e+00,4.400000000000e+00,1.376153658026e+00
2.200000000000e+00,4.600000000000e+00,1.328152730624e+00
2.200000000000e+00,4.800000000000e+00,1.284364078911e+00
2.200000000000e+00,5.000000000000e+00,1.244355912600e+00
2.200000000000e+00,5.200000000000e+00,1.207291950497e+00
2.200000000000e+00,5.400000000000e+00,1.173060131059e+00
2.200000000000e+00,5.600000000000e+00,1.141016605225e+00
2.200000000000e+00,5.800000000000e+00,1.111052714466e+00
2.200000000000e+00,6.000000000000e+00,1.082996829103e+00
2.200000000000e+00,6.200000000000e+00,1.056440416984e+00
2.200000000000e+00,6.400000000000e+00,1.031344964348e+00
2.200000000000e+00,6.600000000000e+00,1.007630676625e+00
2.200000000000e+00,6.800000000000e+00,9.851652028179e-01
2.200000000000e+00,7.000000000000e+00,9.636579121888e-01
2.200000000000e+00,7.200000000000e+00,9.431827076073e-01
2.200000000000e+00,7.400000000000e+00,9.236722366128e-01
2.200000000000e+00,7.600000000000e+00,9.050495405400e-01
2.200000000000e+00,7.800000000000e+00,8.872466400103e-01
2.200000000000e+00,8.000000000000e+00,8.700777064633e-01
2.200000000000e+00,8.200000000000e+00,8.536104197499e-01
2.200000000000e+00,8.400000000000e+00,8.378098970516e-01
2.200000000000e+00,8.600000000000e+00,8.226318736668e-01
2.200000000000e+00,8.800000000000e+00,8.080363430946e-01
2.200000000000e+00,9.000000000000e+00,7.939870161252e-01
2.200000000000e+00,9.200000000000e+00,7.804425309251e-01
2.200000000000e+00,9.400000000000e+00,7.672980681225e-01
2.200000000000e+00,9.600000000000e+00,7.546150437931e-01
2.200000000000e+00,9.800000000000e+00,7.423676589178e-01
2.200000000000e+00,1.000000000000e+01,7.305321676549e-01
2.200000000000e+00,1.020000000000e+01,7.190866616750e-01
2.200000000000e+00,1.040000000000e+01,7.080108826118e-01
2.200000000000e+00,1.060000000000e+01,6.972860582958e-01
2.200000000000e+00,1.080000000000e+01,6.868947592007e-01
2.200000000000e+00,1.100000000000e+01,6.768207721444e-01
2.200000000000e+00,1.120000000000e+01,6.670352352811e-01
2.200000000000e+00,1.140000000000e+01,6.574971725756e-01
2.200000000000e+00,1.160000000000e+01,6.482371260786e-01
2.200000000000e+00,1.180000000000e+01,6.392425554487e-01
2.200000000000e+00,1.200000000000e+01,6.305017050870e-01
2.200000000000e+00,1.220000000000e+01,6.220035401719e-01
2.200000000000e+00,1.240000000000e+01,6.137376891740e-01
2.200000000000e+00,1.260000000000e+01,6.056943920654e-01
2.200000000000e+00,1.280000000000e+01,5.978644535514e-01
2.200000000000e+00,1.300000000000e+01,5.902392007393e-01
2.200000000000e+00,1.320000000000e+01,5.828104447429e-01
2.200000000000e+00,1.340000000000e+01,5.755704457846e-01
2.200000000000e+00,1.360000000000e+01,5.685118814121e-01
2.200000000000e+00,1.380000000000e+01,5.616278175005e-01
2.200000000000e+00,1.400000000000e+01,5.549116817439e-01
2.200000000000e+00,1.420000000000e+01,5.483572393844e-01
2.200000000000e+00,1.440000000000e+01,5.419369447467e-01
2.200000000000e+00,1.460000000000e+01,5.356609379251e-01
2.200000000000e+00,1.480000000000e+01,5.295310163802e-01
2.200000000000e+00,1.500000000000e+01,5.235420235516e-01
2.200000000000e+00,1.520000000000e+01,5.176890496197e-01
2.200000000000e+00,1.540000000000e+01,5.119674164386e-01
2.200000000000e+00,1.560000000000e+01,5.063726635970e-01
2.200000000000e+00,1.580000000000e+01,5.009005355093e-01
2.200000000000e+00,1.600000000000e+01,4.955469694424e-01
2.400000000000e+00,3.000000000000e+00,inf
2.400000000000e+00,3.200000000000e+00,inf
2.400000000000e+00,3.400000000000e+00,inf
2.400000000000e+00,3.600000000000e+00,1.805836601763e+00
2.400000000000e+00,3.800000000000e+00,1.715370478615e+00
2.400000000000e+00,4.000000000000e+00,1.637824132920e+00
2.400000000000e+00,4.200000000000e+00,1.570250503181e+00
2.400000000000e+00,4.400000000000e+00,1.510189364559e+00
2.400000000000e+00,4.600000000000e+00,1.456544093852e+00
2.400000000000e+00,4.800000000000e+00,1.407882613314e+00
2.400000000000e+00,5.000000000000e+00,1.363569988014e+00
2.400000000000e+00,5.200000000000e+00,1.322692843186e+00
2.400000000000e+00,5.400000000000e+00,1.285044367790e+00
2.400000000000e+00,5.600000000000e+00,1.249866984313e+00
2.400000000000e+00,5.800000000000e+00,1.217061301259e+00
2.400000000000e+00,6.000000000000e+00,1.186394701061e+00
2.400000000000e+00,6.200000000000e+00,1.157391587315e+00
2.400000000000e+00,6.400000000000e+00,1.130032899477e+00
2.400000000000e+00,6.600000000000e+00,1.104203651563e+00
2.400000000000e+00,6.800000000000e+00,1.079752991259e+00
2.400000000000e+00,7.000000000000e+00,1.056348640545e+00
2.400000000000e+00,7.200000000000e+00,1.034090203016e+00
2.400000000000e+00,7.400000000000e+00,1.012888387186e+00
2.400000000000e+00,7.600000000000e+00,9.926570364472e-01
2.400000000000e+00,7.800000000000e+00,9.733203160662e-01
2.400000000000e+00,8.000000000000e+00,9.546675837253e-01
2.400000000000e+00,8.200000000000e+00,9.367862545466e-01
2.400000000000e+00,8.400000000000e+00,9.196294863574e-01
2.400000000000e+00,8.600000000000e+00,9.031485114139e-01
2.400000000000e+00,8.800000000000e+00,8.872993569728e-01
2.400000000000e+00,9.000000000000e+00,8.720422221571e-01
2.400000000000e+00,9.200000000000e+00,8.573274970078e-01
2.400000000000e+00,9.400000000000e+00,8.430500961135e-01
2.400000000000e+00,9.600000000000e+00,8.292719571652e-01
2.400000000000e+00,9.800000000000e+00,8.159649924766e-01
2.400000000000e+00,1.000000000000e+01,8.031033839321e-01
2.400000000000e+00,1.020000000000e+01,7.906633398497e-01
2.400000000000e+00,1.040000000000e+01,7.786228841703e-01
2.400000000000e+00,1.060000000000e+01,7.669616729043e-01
2.400000000000e+00,1.080000000000e+01,7.556608336741e-01
2.400000000000e+00,1.100000000000e+01,7.447028249100e-01
2.400000000000e+00,1.120000000000e+01,7.340542678007e-01
2.400000000000e+00,1.140000000000e+01,7.236747796916e-01
2.400000000000e+00,1.160000000000e+01,7.135956515389e-01
2.400000000000e+00,1.180000000000e+01,7.038033500073e-01
2.400000000000e+00,1.200000000000e+01,6.942851938053e-01
2.400000000000e+00,1.220000000000e+01,6.850292833789e-01
2.400000000000e+00,1.240000000000e+01,6.760244378401e-01
2.400000000000e+00,1.260000000000e+01,6.672601382416e-01
2.400000000000e+00,1.280000000000e+01,6.587264764316e-01
2.400000000000e+00,1.300000000000e+01,6.504141088334e-01
2.400000000000e+00,1.320000000000e+01,6.423142145799e-01
2.400000000000e+00,1.340000000000e+01,6.344184575120e-01
2.400000000000e+00,1.360000000000e+01,6.267189516143e-01
2.400000000000e+00,1.380000000000e+01,6.192082295128e-01
2.400000000000e+00,1.400000000000e+01,6.118792137128e-01
2.400000000000e+00,1.420000000000e+01,6.047251902876e-01
2.400000000000e+00,1.440000000000e+01,5.977153730715e-01
2.400000000000e+00,1.460000000000e+01,5.908624406804e-01
2.400000000000e+00,1.480000000000e+01,5.841677024730e-01
2.400000000000e+00,1.500000000000e+01,5.776256049257e-01
2.400000000000e+00,1.520000000000e+01,5.712308598318e-01
2.400000000000e+00,1.540000000000e+01,5.649784280523e-01
2.400000000000e+00,1.560000000000e+01,5.588635044938e-01
2.400000000000e+00,1.580000000000e+01,5.528815042016e-01
2.400000000000e+00,1.600000000000e+01,5.470280494699e-01
2.600000000000e+00,3.000000000000e+00,inf
2.600000000000e+00,3.200000000000e+00,inf
2.600000000000e+00,3.400000000000e+00,inf
2.600000000000e+00,3.600000000000e+00,1.980036086372e+00
2.600000000000e+00,3.800000000000e+00,1.876328604362e+00
2.600000000000e+00,4.000000000000e+00,1.788275814511e+00
2.600000000000e+00,4.200000000000e+00,1.712177163536e+00
2.600000000000e+00,4.400000000000e+00,1.645035705182e+00
2.600000000000e+00,4.600000000000e+00,1.585393520949e+00
2.600000000000e+00,4.800000000000e+00,1.531599657452e+00
2.600000000000e+00,5.000000000000e+00,1.482792704969e+00
2.600000000000e+00,5.200000000000e+00,1.437963648772e+00
2.600000000000e+00,5.400000000000e+00,1.396798251819e+00
2.600000000000e+00,5.600000000000e+00,1.358416396373e+00
2.600000000000e+00,5.800000000000e+00,1.322720666962e+00
2.600000000000e+00,6.000000000000e+00,1.289412128853e+00
2.600000000000e+00,6.200000000000e+00,1.257944281954e+00
2.600000000000e+00,6.400000000000e+00,1.228314878057e+00
2.600000000000e+00,6.600000000000e+00,1.200370934649e+00
2.600000000000e+00,6.800000000000e+00,1.173938883378e+00
2.600000000000e+00,7.000000000000e+00,1.148650581371e+00
2.600000000000e+00,7.200000000000e+00,1.124623512698e+00
2.600000000000e+00,7.400000000000e+00,1.101747489182e+00
2.600000000000e+00,7.600000000000e+00,1.079926472257e+00
2.600000000000e+00,7.800000000000e+00,1.059076230365e+00
2.600000000000e+00,8.000000000000e+00,1.038960710503e+00
2.600000000000e+00,8.200000000000e+00,1.019687331672e+00
2.600000000000e+00,8.400000000000e+00,1.001196552051e+00
2.600000000000e+00,8.600000000000e+00,9.834348901274e-01
2.600000000000e+00,8.800000000000e+00,9.663542413854e-01
2.600000000000e+00,9.000000000000e+00,9.499111640447e-01
2.600000000000e+00,9.200000000000e+00,9.340473864356e-01
2.600000000000e+00,9.400000000000e+00,9.186582847945e-01
2.600000000000e+00,9.600000000000e+00,9.038057512035e-01
2.600000000000e+00,9.800000000000e+00,8.894593687790e-01
2.600000000000e+00,1.000000000000e+01,8.755912188821e-01
2.600000000000e+00,1.020000000000e+01,8.621756081194e-01
2.600000000000e+00,1.040000000000e+01,8.491888323279e-01
2.600000000000e+00,1.060000000000e+01,8.366089716562e-01
2.600000000000e+00,1.080000000000e+01,8.244157119142e-01
2.600000000000e+00,1.100000000000e+01,8.125901882151e-01
2.600000000000e+00,1.120000000000e+01,8.010943394745e-01
2.600000000000e+00,1.140000000000e+01,7.898888163110e-01
2.600000000000e+00,1.160000000000e+01,7.790054066006e-01
2.600000000000e+00,1.180000000000e+01,7.684295987925e-01
2.600000000000e+00,1.200000000000e+01,7.581478016655e-01
2.600000000000e+00,1.220000000000e+01,7.481472673709e-01
2.600000000000e+00,1.240000000000e+01,7.384160225260e-01
2.600000000000e+00,1.260000000000e+01,7.289428063494e-01
2.600000000000e+00,1.280000000000e+01,7.197170149775e-01
2.600000000000e+00,1.300000000000e+01,7.107286512215e-01
2.600000000000e+00,1.320000000000e+01,7.019682791287e-01
2.600000000000e+00,1.340000000000e+01,6.934269827949e-01
2.600000000000e+00,1.360000000000e+01,6.850963289531e-01
2.600000000000e+00,1.380000000000e+01,6.769683329202e-01
2.600000000000e+00,1.400000000000e+01,6.690354275415e-01
2.600000000000e+00,1.420000000000e+01,6.612904348145e-01
2.600000000000e+00,1.440000000000e+01,6.536992773406e-01
2.600000000000e+00,1.460000000000e+01,6.462773413261e-01
2.600000000000e+00,1.480000000000e+01,6.390253693489e-01
2.600000000000e+00,1.500000000000e+01,6.319374243679e-01
2.600000000000e+00,1.520000000000e+01,6.250078527454e-01
2.600000000000e+00,1.540000000000e+01,6.182312668238e-01
2.600000000000e+00,1.560000000000e+01,6.116025288269e-01
2.600000000000e+00,1.580000000000e+01,6.051167359673e-01
2.600000000000e+00,1.600000000000e+01,5.987692066495e-01
2.800000000000e+00,3.000000000000e+00,inf
2.800000000000e+00,3.200000000000e+00,inf
2.800000000000e+00,3.400000000000e+00,inf
2.800000000000e+00,3.600000000000e+00,2.159057779711e+00
2.800000000000e+00,3.800000000000e+00,2.040620729027e+00
2.800000000000e+00,4.000000000000e+00,1.941017095019e+00
2.800000000000e+00,4.200000000000e+00,1.855636690500e+00
2.800000000000e+00,4.400000000000e+00,1.780879806871e+00
2.800000000000e+00,4.600000000000e+00,1.714842940436e+00
2.800000000000e+00,4.800000000000e+00,1.655621790381e+00
2.800000000000e+00,5.000000000000e+00,1.602102928167e+00
2.800000000000e+00,5.200000000000e+00,1.553160569184e+00
2.800000000000e+00,5.400000000000e+00,1.508359435832e+00
2.800000000000e+00,5.600000000000e+00,1.466687349297e+00
2.800000000000e+00,5.800000000000e+00,1.428040369435e+00
2.800000000000e+00,6.000000000000e+00,1.392047720861e+00
2.800000000000e+00,6.200000000000e+00,1.358087986775e+00
2.800000000000e+00,6.400000000000e+00,1.326172346508e+00
2.800000000000e+00,6.600000000000e+00,1.296107046820e+00
2.800000000000e+00,6.800000000000e+00,1.267684315939e+00
2.800000000000e+00,7.000000000000e+00,1.240527215828e+00
2.800000000000e+00,7.200000000000e+00,1.214741567729e+00
2.800000000000e+00,7.400000000000e+00,1.190204507811e+00
2.800000000000e+00,7.600000000000e+00,1.166809351852e+00
2.800000000000e+00,7.800000000000e+00,1.144455388268e+00
2.800000000000e+00,8.000000000000e+00,1.122903027527e+00
2.800000000000e+00,8.200000000000e+00,1.102257274345e+00
2.800000000000e+00,8.400000000000e+00,1.082452696805e+00
2.800000000000e+00,8.600000000000e+00,1.063430853751e+00
2.800000000000e+00,8.800000000000e+00,1.045139313049e+00
2.800000000000e+00,9.000000000000e+00,1.027530836500e+00
2.800000000000e+00,9.200000000000e+00,1.010538115131e+00
2.800000000000e+00,9.400000000000e+00,9.940575691004e-01
2.800000000000e+00,9.600000000000e+00,9.781505259578e-01
2.800000000000e+00,9.800000000000e+00,9.627841834590e-01
2.800000000000e+00,1.000000000000e+01,9.479284803974e-01
2.800000000000e+00,1.020000000000e+01,9.335557911005e-01
2.800000000000e+00,1.040000000000e+01,9.196406620606e-01
2.800000000000e+00,1.060000000000e+01,9.061595838915e-01
2.800000000000e+00,1.080000000000e+01,8.930907930471e-01
2.800000000000e+00,1.100000000000e+01,8.804140987293e-01
2.800000000000e+00,1.120000000000e+01,8.680866118604e-01
2.800000000000e+00,1.140000000000e+01,8.560703983272e-01
2.800000000000e+00,1.160000000000e+01,8.443975110619e-01
2.800000000000e+00,1.180000000000e+01,8.330524700632e-01
2.800000000000e+00,1.200000000000e+01,8.220207854304e-01
2.800000000000e+00,1.220000000000e+01,8.112888733937e-01
2.800000000000e+00,1.240000000000e+01,8.008439812717e-01
2.800000000000e+00,1.260000000000e+01,7.906741202232e-01
2.800000000000e+00,1.280000000000e+01,7.807680048232e-01
2.800000000000e+00,1.300000000000e+01,7.711149986336e-01
2.800000000000e+00,1.320000000000e+01,7.617050650572e-01
2.800000000000e+00,1.340000000000e+01,7.525287228561e-01
2.800000000000e+00,1.360000000000e+01,7.435770058059e-01
2.800000000000e+00,1.380000000000e+01,7.348414260216e-01
2.800000000000e+00,1.400000000000e+01,7.263139405537e-01
2.800000000000e+00,1.420000000000e+01,7.179869209041e-01
2.800000000000e+00,1.440000000000e+01,7.098229559544e-01
2.800000000000e+00,1.460000000000e+01,7.018402901522e-01
2.800000000000e+00,1.480000000000e+01,6.940390270150e-01
2.800000000000e+00,1.500000000000e+01,6.864128583847e-01
2.800000000000e+00,1.520000000000e+01,6.789557771991e-01
2.800000000000e+00,1.540000000000e+01,6.716620588899e-01
2.800000000000e+00,1.560000000000e+01,6.645262442099e-01
2.800000000000e+00,1.580000000000e+01,6.575431233567e-01
2.800000000000e+00,1.600000000000e+01,6.507077212755e-01
3.000000000000e+00,3.000000000000e+00,inf
3.000000000000e+00,3.200000000000e+00,inf
3.000000000000e+00,3.400000000000e+00,inf
3.000000000000e+00,3.600000000000e+00,inf
3.000000000000e+00,3.800000000000e+00,2.208720854135e+00
3.000000000000e+00,4.000000000000e+00,2.096401743038e+00
3.000000000000e+00,4.200000000000e+00,2.000907466947e+00
3.000000000000e+00,4.400000000000e+00,1.917928699724e+00
3.000000000000e+00,4.600000000000e+00,1.845052944424e+00
3.000000000000e+00,4.800000000000e+00,1.780073639236e+00
3.000000000000e+00,5.000000000000e+00,1.721597113266e+00
3.000000000000e+00,5.200000000000e+00,1.668357206747e+00
3.000000000000e+00,5.400000000000e+00,1.619782857361e+00
3.000000000000e+00,5.600000000000e+00,1.574719475105e+00
3.000000000000e+00,5.800000000000e+00,1.533047025647e+00
3.000000000000e+00,6.000000000000e+00,1.494317076263e+00
3.000000000000e+00,6.200000000000e+00,1.457829045620e+00
3.000000000000e+00,6.400000000000e+00,1.423603521351e+00
3.000000000000e+00,6.600000000000e+00,1.391403177010e+00
3.000000000000e+00,6.800000000000e+00,1.360983701458e+00
3.000000000000e+00,7.000000000000e+00,1.331958415545e+00
3.000000000000e+00,7.200000000000e+00,1.304419551330e+00
3.000000000000e+00,7.400000000000e+00,1.278230512321e+00
3.000000000000e+00,7.600000000000e+00,1.253273126873e+00
3.000000000000e+00,7.800000000000e+00,1.229429096106e+00
3.000000000000e+00,8.000000000000e+00,1.206456073671e+00
3.000000000000e+00,8.200000000000e+00,1.184455131157e+00
3.000000000000e+00,8.400000000000e+00,1.163354772731e+00
3.000000000000e+00,8.600000000000e+00,1.143091317549e+00
3.000000000000e+00,8.800000000000e+00,1.123607780527e+00
3.000000000000e+00,9.000000000000e+00,1.104852945971e+00
3.000000000000e+00,9.200000000000e+00,1.086750122674e+00
3.000000000000e+00,9.400000000000e+00,1.069197227134e+00
3.000000000000e+00,9.600000000000e+00,1.052254545081e+00
3.000000000000e+00,9.800000000000e+00,1.035886817493e+00
3.000000000000e+00,1.000000000000e+01,1.020061785072e+00
3.000000000000e+00,1.020000000000e+01,1.004749847354e+00
3.000000000000e+00,1.040000000000e+01,9.899237696294e-01
3.000000000000e+00,1.060000000000e+01,9.755584298476e-01
3.000000000000e+00,1.080000000000e+01,9.616305991194e-01
3.000000000000e+00,1.100000000000e+01,9.481187505860e-01
3.000000000000e+00,1.120000000000e+01,9.349750382990e-01
3.000000000000e+00,1.140000000000e+01,9.221632724035e-01
3.000000000000e+00,1.160000000000e+01,9.097155572124e-01
3.000000000000e+00,1.180000000000e+01,8.976154490522e-01
3.000000000000e+00,1.200000000000e+01,8.858475660958e-01
3.000000000000e+00,1.220000000000e+01,8.743974969617e-01
3.000000000000e+00,1.240000000000e+01,8.632517191913e-01
3.000000000000e+00,1.260000000000e+01,8.523975263290e-01
3.000000000000e+00,1.280000000000e+01,8.418229625214e-01
3.000000000000e+00,1.300000000000e+01,8.315167637055e-01
3.000000000000e+00,1.320000000000e+01,8.214683045928e-01
3.000000000000e+00,1.340000000000e+01,8.116675507605e-01
3.000000000000e+00,1.360000000000e+01,8.021050152623e-01
3.000000000000e+00,1.380000000000e+01,7.927717192428e-01
3.000000000000e+00,1.400000000000e+01,7.836591561136e-01
3.000000000000e+00,1.420000000000e+01,7.747592589017e-01
3.000000000000e+00,1.440000000000e+01,7.660312475069e-01
3.000000000000e+00,1.460000000000e+01,7.574963582580e-01
3.000000000000e+00,1.480000000000e+01,7.491539892308e-01
3.000000000000e+00,1.500000000000e+01,7.409974724575e-01
3.000000000000e+00,1.520000000000e+01,7.330204584560e-01
3.000000000000e+00,1.540000000000e+01,7.252168964406e-01
3.000000000000e+00,1.560000000000e+01,7.175810160671e-01
3.000000000000e+00,1.580000000000e+01,7.101073105696e-01
3.000000000000e+00,1.600000000000e+01,7.027905211620e-01
3.200000000000e+00,3.000000000000e+00,inf
3.200000000000e+00,3.200000000000e+00,inf
3.200000000000e+00,3.400000000000e+00,inf
3.200000000000e+00,3.600000000000e+00,inf
3.200000000000e+00,3.800000000000e+00,2.381130842370e+00
3.200000000000e+00,4.000000000000e+00,2.254804661024e+00
3.200000000000e+00,4.200000000000e+00,2.148275810618e+00
3.200000000000e+00,4.400000000000e+00,2.056404661814e+00
3.200000000000e+00,4.600000000000e+00,1.976198140382e+00
3.200000000000e+00,4.800000000000e+00,1.905093248173e+00
3.200000000000e+00,5.000000000000e+00,1.841384752420e+00
3.200000000000e+00,5.200000000000e+00,1.783640075192e+00
3.200000000000e+00,5.400000000000e+00,1.731136113546e+00
3.200000000000e+00,5.600000000000e+00,1.682565218167e+00
3.200000000000e+00,5.800000000000e+00,1.637780084622e+00
3.200000000000e+00,6.000000000000e+00,1.596248643702e+00
3.200000000000e+00,6.200000000000e+00,1.557186615210e+00
3.200000000000e+00,6.400000000000e+00,1.520619428005e+00
3.200000000000e+00,6.600000000000e+00,1.486263303108e+00
3.200000000000e+00,6.800000000000e+00,1.453834993240e+00
3.200000000000e+00,7.000000000000e+00,1.422936727392e+00
3.200000000000e+00,7.200000000000e+00,1.393645259219e+00
3.200000000000e+00,7.400000000000e+00,1.365809109529e+00
3.200000000000e+00,7.600000000000e+00,1.339297701037e+00
3.200000000000e+00,7.800000000000e+00,1.313974232760e+00
3.200000000000e+00,8.000000000000e+00,1.289593627644e+00
3.200000000000e+00,8.200000000000e+00,1.266252081932e+00
3.200000000000e+00,8.400000000000e+00,1.243871649248e+00
3.200000000000e+00,8.600000000000e+00,1.222383095877e+00
3.200000000000e+00,8.800000000000e+00,1.201724629898e+00
3.200000000000e+00,9.000000000000e+00,1.181840852290e+00
3.200000000000e+00,9.200000000000e+00,1.162645369021e+00
3.200000000000e+00,9.400000000000e+00,1.144037929546e+00
3.200000000000e+00,9.600000000000e+00,1.126077336158e+00
3.200000000000e+00,9.800000000000e+00,1.108725786847e+00
3.200000000000e+00,1.000000000000e+01,1.091948755610e+00
3.200000000000e+00,1.020000000000e+01,1.075714613061e+00
3.200000000000e+00,1.040000000000e+01,1.059994301095e+00
3.200000000000e+00,1.060000000000e+01,1.044761052646e+00
3.200000000000e+00,1.080000000000e+01,1.029990149248e+00
3.200000000000e+00,1.100000000000e+01,1.015658710442e+00
3.200000000000e+00,1.120000000000e+01,1.001713818970e+00
3.200000000000e+00,1.140000000000e+01,9.881213097916e-01
3.200000000000e+00,1.160000000000e+01,9.749131412996e-01
3.200000000000e+00,1.180000000000e+01,9.620719060130e-01
3.200000000000e+00,1.200000000000e+01,9.495813324899e-01
3.200000000000e+00,1.220000000000e+01,9.374261860267e-01
3.200000000000e+00,1.240000000000e+01,9.255921802639e-01
3.200000000000e+00,1.260000000000e+01,9.140658982699e-01
3.200000000000e+00,1.280000000000e+01,9.028347218902e-01
3.200000000000e+00,1.300000000000e+01,8.918867683269e-01
3.200000000000e+00,1.320000000000e+01,8.812108330634e-01
3.200000000000e+00,1.340000000000e+01,8.707963383714e-01
3.200000000000e+00,1.360000000000e+01,8.606332867464e-01
3.200000000000e+00,1.380000000000e+01,8.507122187036e-01
3.200000000000e+00,1.400000000000e+01,8.410241744428e-01
3.200000000000e+00,1.420000000000e+01,8.315606589556e-01
3.200000000000e+00,1.440000000000e+01,8.222774942329e-01
3.200000000000e+00,1.460000000000e+01,8.131990264161e-01
3.200000000000e+00,1.480000000000e+01,8.043238871831e-01
3.200000000000e+00,1.500000000000e+01,7.956450589395e-01
3.200000000000e+00,1.520000000000e+01,7.871558597583e-01
3.200000000000e+00,1.540000000000e+01,7.788499223835e-01
3.200000000000e+00,1.560000000000e+01,7.707211748791e-01
3.200000000000e+00,1.580000000000e+01,7.627638227699e-01
3.200000000000e+00,1.600000000000e+01,7.549723325329e-01
3.400000000000e+00,3.000000000000e+00,inf
3.400000000000e+00,3.200000000000e+00,inf
3.400000000000e+00,3.400000000000e+00,inf
3.400000000000e+00,3.600000000000e+00,inf
3.400000000000e+00,3.800000000000e+00,2.558378249248e+00
3.400000000000e+00,4.000000000000e+00,2.416619144782e+00
3.400000000000e+00,4.200000000000e+00,2.298042308667e+00
3.400000000000e+00,4.400000000000e+00,2.196541983321e+00
3.400000000000e+00,4.600000000000e+00,2.108463851217e+00
3.400000000000e+00,4.800000000000e+00,2.030828741794e+00
3.400000000000e+00,5.000000000000e+00,1.961585059374e+00
3.400000000000e+00,5.200000000000e+00,1.899105306640e+00
3.400000000000e+00,5.400000000000e+00,1.842480759440e+00
3.400000000000e+00,5.600000000000e+00,1.790286639359e+00
3.400000000000e+00,5.800000000000e+00,1.742288682770e+00
3.400000000000e+00,6.000000000000e+00,1.697877105265e+00
3.400000000000e+00,6.200000000000e+00,1.656189640287e+00
3.400000000000e+00,6.400000000000e+00,1.617240932689e+00
3.400000000000e+00,6.600000000000e+00,1.580701280579e+00
3.400000000000e+00,6.800000000000e+00,1.546246018399e+00
3.400000000000e+00,7.000000000000e+00,1.513464578319e+00
3.400000000000e+00,7.200000000000e+00,1.482416358517e+00
3.400000000000e+00,7.400000000000e+00,1.452933755490e+00
3.400000000000e+00,7.600000000000e+00,1.424872793158e+00
3.400000000000e+00,7.800000000000e+00,1.398077260008e+00
3.400000000000e+00,8.000000000000e+00,1.372299171748e+00
3.400000000000e+00,8.200000000000e+00,1.347628948645e+00
3.400000000000e+00,8.400000000000e+00,1.323981769697e+00
3.400000000000e+00,8.600000000000e+00,1.301282503094e+00
3.400000000000e+00,8.800000000000e+00,1.279464268579e+00
3.400000000000e+00,9.000000000000e+00,1.258467254050e+00
3.400000000000e+00,9.200000000000e+00,1.238195060982e+00
3.400000000000e+00,9.400000000000e+00,1.218549505216e+00
3.400000000000e+00,9.600000000000e+00,1.199587494388e+00
3.400000000000e+00,9.800000000000e+00,1.181268582984e+00
3.400000000000e+00,1.000000000000e+01,1.163555897025e+00
3.400000000000e+00,1.020000000000e+01,1.146415712834e+00
3.400000000000e+00,1.040000000000e+01,1.129817096702e+00
3.400000000000e+00,1.060000000000e+01,1.113731595251e+00
3.400000000000e+00,1.080000000000e+01,1.098132968195e+00
3.400000000000e+00,1.100000000000e+01,1.082996956746e+00
3.400000000000e+00,1.120000000000e+01,1.068265470228e+00
3.400000000000e+00,1.140000000000e+01,1.053906604784e+00
3.400000000000e+00,1.160000000000e+01,1.039951990273e+00
3.400000000000e+00,1.180000000000e+01,1.026383250465e+00
3.400000000000e+00,1.200000000000e+01,1.013183222261e+00
3.400000000000e+00,1.220000000000e+01,1.000335847977e+00
3.400000000000e+00,1.240000000000e+01,9.878260796435e-01
3.400000000000e+00,1.260000000000e+01,9.756397937308e-01
3.400000000000e+00,1.280000000000e+01,9.637637149428e-01
3.400000000000e+00,1.300000000000e+01,9.521853479310e-01
3.400000000000e+00,1.320000000000e+01,9.408929159455e-01
3.400000000000e+00,1.340000000000e+01,9.298753055764e-01
3.400000000000e+00,1.360000000000e+01,9.191220168635e-01
3.400000000000e+00,1.380000000000e+01,9.086231181457e-01
3.400000000000e+00,1.400000000000e+01,8.983692051097e-01
3.400000000000e+00,1.420000000000e+01,8.883513635669e-01
3.400000000000e+00,1.440000000000e+01,8.785219942341e-01
3.400000000000e+00,1.460000000000e+01,8.689086564912e-01
3.400000000000e+00,1.480000000000e+01,8.595091596417e-01
3.400000000000e+00,1.500000000000e+01,8.503161455113e-01
3.400000000000e+00,1.520000000000e+01,8.413226086572e-01
3.400000000000e+00,1.540000000000e+01,8.325218741377e-01
3.400000000000e+00,1.560000000000e+01,8.239075770452e-01
3.400000000000e+00,1.580000000000e+01,8.154736436323e-01
3.400000000000e+00,1.600000000000e+01,8.072142738820e-01
3.600000000000e+00,3.000000000000e+00,inf
3.600000000000e+00,3.200000000000e+00,inf
3.600000000000e+00,3.400000000000e+00,inf
3.600000000000e+00,3.600000000000e+00,inf
3.600000000000e+00,3.800000000000e+00,2.741015364621e+00
3.600000000000e+00,4.000000000000e+00,2.582255273121e+00
3.600000000000e+00,4.200000000000e+00,2.450519834105e+00
3.600000000000e+00,4.400000000000e+00,2.338584746954e+00
3.600000000000e+00,4.600000000000e+00,2.242043781428e+00
3.600000000000e+00,4.800000000000e+00,2.157435916652e+00
3.600000000000e+00,5.000000000000e+00,2.082324543140e+00
3.600000000000e+00,5.200000000000e+00,2.014856215976e+00
3.600000000000e+00,5.400000000000e+00,1.953918208261e+00
3.600000000000e+00,5.600000000000e+00,1.897953019664e+00
3.600000000000e+00,5.800000000000e+00,1.846629274408e+00
3.600000000000e+00,6.000000000000e+00,1.799242430504e+00
3.600000000000e+00,6.200000000000e+00,1.754874558784e+00
3.600000000000e+00,6.400000000000e+00,1.713496484764e+00
3.600000000000e+00,6.600000000000e+00,1.674738623127e+00
3.600000000000e+00,6.800000000000e+00,1.638232301450e+00
3.600000000000e+00,7.000000000000e+00,1.603552137790e+00
3.600000000000e+00,7.200000000000e+00,1.570738288762e+00
3.600000000000e+00,7.400000000000e+00,1.539605694585e+00
3.600000000000e+00,7.600000000000e+00,1.509995913648e+00
3.600000000000e+00,7.800000000000e+00,1.481732411710e+00
3.600000000000e+00,8.000000000000e+00,1.454563942795e+00
3.600000000000e+00,8.200000000000e+00,1.428574281324e+00
3.600000000000e+00,8.400000000000e+00,1.403671271316e+00
3.600000000000e+00,8.600000000000e+00,1.379773506656e+00
3.600000000000e+00,8.800000000000e+00,1.356808710607e+00
3.600000000000e+00,9.000000000000e+00,1.334712405171e+00
3.600000000000e+00,9.200000000000e+00,1.313377899887e+00
3.600000000000e+00,9.400000000000e+00,1.292709218559e+00
3.600000000000e+00,9.600000000000e+00,1.272760988643e+00
3.600000000000e+00,9.800000000000e+00,1.253490006843e+00
3.600000000000e+00,1.000000000000e+01,1.234856957731e+00
3.600000000000e+00,1.020000000000e+01,1.216825947125e+00
3.600000000000e+00,1.040000000000e+01,1.199364103840e+00
3.600000000000e+00,1.060000000000e+01,1.182441238247e+00
3.600000000000e+00,1.080000000000e+01,1.166029548254e+00
3.600000000000e+00,1.100000000000e+01,1.150103365056e+00
3.600000000000e+00,1.120000000000e+01,1.134599332924e+00
3.600000000000e+00,1.140000000000e+01,1.119488005284e+00
3.600000000000e+00,1.160000000000e+01,1.104800513992e+00
3.600000000000e+00,1.180000000000e+01,1.090517504445e+00
3.600000000000e+00,1.200000000000e+01,1.076620915602e+00
3.600000000000e+00,1.220000000000e+01,1.063093863284e+00
3.600000000000e+00,1.240000000000e+01,1.049920536700e+00
3.600000000000e+00,1.260000000000e+01,1.037086106405e+00
3.600000000000e+00,1.280000000000e+01,1.024576642209e+00
3.600000000000e+00,1.300000000000e+01,1.012379039739e+00
3.600000000000e+00,1.320000000000e+01,1.000480954574e+00
3.600000000000e+00,1.340000000000e+01,9.888707430250e-01
3.600000000000e+00,1.360000000000e+01,9.775374087395e-01
3.600000000000e+00,1.380000000000e+01,9.664705544664e-01
3.600000000000e+00,1.400000000000e+01,9.556603383636e-01
3.600000000000e+00,1.420000000000e+01,9.450974343430e-01
3.600000000000e+00,1.440000000000e+01,9.347308033667e-01
3.600000000000e+00,1.460000000000e+01,9.245913080866e-01
3.600000000000e+00,1.480000000000e+01,9.146758840192e-01
3.600000000000e+00,1.500000000000e+01,9.049768403180e-01
3.600000000000e+00,1.520000000000e+01,8.954868559039e-01
3.600000000000e+00,1.540000000000e+01,8.861989559673e-01
3.600000000000e+00,1.560000000000e+01,8.771064903552e-01
3.600000000000e+00,1.580000000000e+01,8.682031136612e-01
3.600000000000e+00,1.600000000000e+01,8.594827668548e-01
3.800000000000e+00,3.000000000000e+00,inf
3.800000000000e+00,3.200000000000e+00,inf
3.800000000000e+00,3.400000000000e+00,inf
3.800000000000e+00,3.600000000000e+00,inf
3.800000000000e+00,3.800000000000e+00,2.929619125848e+00
3.800000000000e+00,4.000000000000e+00,2.752139114435e+00
3.800000000000e+00,4.200000000000e+00,2.606032333994e+00
3.800000000000e+00,4.400000000000e+00,2.482785347645e+00
3.800000000000e+00,4.600000000000e+00,2.377138387454e+00
3.800000000000e+00,4.800000000000e+00,2.285076510459e+00
3.800000000000e+00,5.000000000000e+00,2.203735231052e+00
3.800000000000e+00,5.200000000000e+00,2.131001492322e+00
3.800000000000e+00,5.400000000000e+00,2.065538476471e+00
3.800000000000e+00,5.600000000000e+00,2.005639048707e+00
3.800000000000e+00,5.800000000000e+00,1.950863829506e+00
3.800000000000e+00,6.000000000000e+00,1.900405448856e+00
3.800000000000e+00,6.200000000000e+00,1.853283540995e+00
3.800000000000e+00,6.400000000000e+00,1.809420378650e+00
3.800000000000e+00,6.600000000000e+00,1.768402789418e+00
3.800000000000e+00,6.800000000000e+00,1.729815380564e+00
3.800000000000e+00,7.000000000000e+00,1.693215660846e+00
3.800000000000e+00,7.200000000000e+00,1.658622632168e+00
3.800000000000e+00,7.400000000000e+00,1.625832357070e+00
3.800000000000e+00,7.600000000000e+00,1.594670789224e+00
3.800000000000e+00,7.800000000000e+00,1.564940147040e+00
3.800000000000e+00,8.000000000000e+00,1.536385411883e+00
3.800000000000e+00,8.200000000000e+00,1.509082863900e+00
3.800000000000e+00,8.400000000000e+00,1.482932516628e+00
3.800000000000e+00,8.600000000000e+00,1.457846283481e+00
3.800000000000e+00,8.800000000000e+00,1.433746157381e+00
3.800000000000e+00,9.000000000000e+00,1.410562719391e+00
3.800000000000e+00,9.200000000000e+00,1.388178709883e+00
3.800000000000e+00,9.400000000000e+00,1.366500420459e+00
3.800000000000e+00,9.600000000000e+00,1.345579834449e+00
3.800000000000e+00,9.800000000000e+00,1.325370863251e+00
3.800000000000e+00,1.000000000000e+01,1.305831644792e+00
3.800000000000e+00,1.020000000000e+01,1.286924027746e+00
3.800000000000e+00,1.040000000000e+01,1.268613132278e+00
3.800000000000e+00,1.060000000000e+01,1.250866974252e+00
3.800000000000e+00,1.080000000000e+01,1.233656142312e+00
3.800000000000e+00,1.100000000000e+01,1.216953519238e+00
3.800000000000e+00,1.120000000000e+01,1.200690401452e+00
3.800000000000e+00,1.140000000000e+01,1.184839959110e+00
3.800000000000e+00,1.160000000000e+01,1.169432668316e+00
3.800000000000e+00,1.180000000000e+01,1.154448181939e+00
3.800000000000e+00,1.200000000000e+01,1.139867530592e+00
3.800000000000e+00,1.220000000000e+01,1.125672996342e+00
3.800000000000e+00,1.240000000000e+01,1.111848000949e+00
3.800000000000e+00,1.260000000000e+01,1.098377006626e+00
3.800000000000e+00,1.280000000000e+01,1.085245427693e+00
3.800000000000e+00,1.300000000000e+01,1.072439551680e+00
3.800000000000e+00,1.320000000000e+01,1.059946468680e+00
3.800000000000e+00,1.340000000000e+01,1.047754007941e+00
3.800000000000e+00,1.360000000000e+01,1.035850680786e+00
3.800000000000e+00,1.380000000000e+01,1.024225629120e+00
3.800000000000e+00,1.400000000000e+01,1.012868578868e+00
3.800000000000e+00,1.420000000000e+01,1.001769797770e+00
3.800000000000e+00,1.440000000000e+01,9.908747928401e-01
3.800000000000e+00,1.460000000000e+01,9.802178076722e-01
3.800000000000e+00,1.480000000000e+01,9.697948567603e-01
3.800000000000e+00,1.500000000000e+01,9.595979233619e-01
3.800000000000e+00,1.520000000000e+01,9.496193775967e-01
3.800000000000e+00,1.540000000000e+01,9.398519516387e-01
3.800000000000e+00,1.560000000000e+01,9.302887169238e-01
3.800000000000e+00,1.580000000000e+01,9.209230631737e-01
3.800000000000e+00,1.600000000000e+01,9.117486790615e-01
4.000000000000e+00,3.000000000000e+00,inf
4.000000000000e+00,3.200000000000e+00,inf
4.000000000000e+00,3.400000000000e+00,inf
4.000000000000e+00,3.600000000000e+00,inf
4.000000000000e+00,3.800000000000e+00,inf
4.000000000000e+00,4.000000000000e+00,2.926712529147e+00
4.000000000000e+00,4.200000000000e+00,2.764914183169e+00
4.000000000000e+00,4.400000000000e+00,2.629403556347e+00
4.000000000000e+00,4.600000000000e+00,2.513953768122e+00
4.000000000000e+00,4.800000000000e+00,2.413916973268e+00
4.000000000000e+00,5.000000000000e+00,2.325953373782e+00
4.000000000000e+00,5.200000000000e+00,2.247653856687e+00
4.000000000000e+00,5.400000000000e+00,2.177435555419e+00
4.000000000000e+00,5.600000000000e+00,2.113423448882e+00
4.000000000000e+00,5.800000000000e+00,2.055058454100e+00
4.000000000000e+00,6.000000000000e+00,2.001421724096e+00
4.000000000000e+00,6.200000000000e+00,1.951463126725e+00
4.000000000000e+00,6.400000000000e+00,1.905051403030e+00
4.000000000000e+00,6.600000000000e+00,1.861725847001e+00
4.000000000000e+00,6.800000000000e+00,1.821021490981e+00
4.000000000000e+00,7.000000000000e+00,1.782476189330e+00
4.000000000000e+00,7.200000000000e+00,1.746085833535e+00
4.000000000000e+00,7.400000000000e+00,1.711626098211e+00
4.000000000000e+00,7.600000000000e+00,1.678906121545e+00
4.000000000000e+00,7.800000000000e+00,1.647705930134e+00
4.000000000000e+00,8.000000000000e+00,1.617766083623e+00
4.000000000000e+00,8.200000000000e+00,1.589154532853e+00
4.000000000000e+00,8.400000000000e+00,1.561762931263e+00
4.000000000000e+00,8.600000000000e+00,1.535496076646e+00
4.000000000000e+00,8.800000000000e+00,1.510269872892e+00
4.000000000000e+00,9.000000000000e+00,1.486009663666e+00
4.000000000000e+00,9.200000000000e+00,1.462587349670e+00
4.000000000000e+00,9.400000000000e+00,1.439911477448e+00
4.000000000000e+00,9.600000000000e+00,1.418031040176e+00
4.000000000000e+00,9.800000000000e+00,1.396896923724e+00
4.000000000000e+00,1.000000000000e+01,1.376464602922e+00
4.000000000000e+00,1.020000000000e+01,1.356693572652e+00
4.000000000000e+00,1.040000000000e+01,1.337546864326e+00
4.000000000000e+00,1.060000000000e+01,1.318990633046e+00
4.000000000000e+00,1.080000000000e+01,1.300993803567e+00
4.000000000000e+00,1.100000000000e+01,1.283527765389e+00
4.000000000000e+00,1.120000000000e+01,1.266518391695e+00
4.000000000000e+00,1.140000000000e+01,1.249941595488e+00
4.000000000000e+00,1.160000000000e+01,1.233827049801e+00
4.000000000000e+00,1.180000000000e+01,1.218153396437e+00
4.000000000000e+00,1.200000000000e+01,1.202900743275e+00
4.000000000000e+00,1.220000000000e+01,1.188050527746e+00
4.000000000000e+00,1.240000000000e+01,1.173585396224e+00
4.000000000000e+00,1.260000000000e+01,1.159489097134e+00
4.000000000000e+00,1.280000000000e+01,1.145746385948e+00
4.000000000000e+00,1.300000000000e+01,1.132342940492e+00
4.000000000000e+00,1.320000000000e+01,1.119265285242e+00
4.000000000000e+00,1.340000000000e+01,1.106500723472e+00
4.000000000000e+00,1.360000000000e+01,1.094037276287e+00
4.000000000000e+00,1.380000000000e+01,1.081863627700e+00
4.000000000000e+00,1.400000000000e+01,1.069969075043e+00
4.000000000000e+00,1.420000000000e+01,1.058343484082e+00
4.000000000000e+00,1.440000000000e+01,1.046928897457e+00
4.000000000000e+00,1.460000000000e+01,1.035763005956e+00
4.000000000000e+00,1.480000000000e+01,1.024840859636e+00
4.000000000000e+00,1.500000000000e+01,1.014154121516e+00
4.000000000000e+00,1.520000000000e+01,1.003694858717e+00
4.000000000000e+00,1.540000000000e+01,9.934555162903e-01
4.000000000000e+00,1.560000000000e+01,9.834288932095e-01
4.000000000000e+00,1.580000000000e+01,9.736081202911e-01
4.000000000000e+00,1.600000000000e+01,9.639866398672e-01
4.200000000000e+00,3.000000000000e+00,inf
4.200000000000e+00,3.200000000000e+00,inf
4.200000000000e+00,3.400000000000e+00,inf
4.200000000000e+00,3.600000000000e+00,inf
4.200000000000e+00,3.800000000000e+00,inf
4.200000000000e+00,4.000000000000e+00,3.106433409663e+00
4.200000000000e+00,4.200000000000e+00,2.927509955388e+00
4.200000000000e+00,4.400000000000e+00,2.778705987680e+00
4.200000000000e+00,4.600000000000e+00,2.652700943002e+00
4.200000000000e+00,4.800000000000e+00,2.544127614615e+00
4.200000000000e+00,5.000000000000e+00,2.449118512419e+00
4.200000000000e+00,5.200000000000e+00,2.364929070754e+00
4.200000000000e+00,5.400000000000e+00,2.289706388292e+00
4.200000000000e+00,5.600000000000e+00,2.221387928639e+00
4.200000000000e+00,5.800000000000e+00,2.159282330413e+00
4.200000000000e+00,6.000000000000e+00,2.102349998289e+00
4.200000000000e+00,6.200000000000e+00,2.049463163860e+00
4.200000000000e+00,6.400000000000e+00,2.000431783480e+00
4.200000000000e+00,6.600000000000e+00,1.954743422093e+00
4.200000000000e+00,6.800000000000e+00,1.911880526649e+00
4.200000000000e+00,7.000000000000e+00,1.871358524543e+00
4.200000000000e+00,7.200000000000e+00,1.833148185160e+00
4.200000000000e+00,7.400000000000e+00,1.797003196298e+00
4.200000000000e+00,7.600000000000e+00,1.762714598920e+00
4.200000000000e+00,7.800000000000e+00,1.730039257079e+00
4.200000000000e+00,8.000000000000e+00,1.698712537409e+00
4.200000000000e+00,8.200000000000e+00,1.668793232849e+00
4.200000000000e+00,8.400000000000e+00,1.640164073950e+00
4.200000000000e+00,8.600000000000e+00,1.612722279635e+00
4.200000000000e+00,8.800000000000e+00,1.586377282080e+00
4.200000000000e+00,9.000000000000e+00,1.561048870439e+00
4.200000000000e+00,9.200000000000e+00,1.536597838974e+00
4.200000000000e+00,9.400000000000e+00,1.512934911672e+00
4.200000000000e+00,9.600000000000e+00,1.490105760246e+00
4.200000000000e+00,9.800000000000e+00,1.468058092628e+00
4.200000000000e+00,1.000000000000e+01,1.446744593310e+00
4.200000000000e+00,1.020000000000e+01,1.426122297144e+00
4.200000000000e+00,1.040000000000e+01,1.406152058123e+00
4.200000000000e+00,1.060000000000e+01,1.386798096674e+00
4.200000000000e+00,1.080000000000e+01,1.368027612143e+00
4.200000000000e+00,1.100000000000e+01,1.349810449692e+00
4.200000000000e+00,1.120000000000e+01,1.332066990017e+00
4.200000000000e+00,1.140000000000e+01,1.314775984786e+00
4.200000000000e+00,1.160000000000e+01,1.297966165901e+00
4.200000000000e+00,1.180000000000e+01,1.281615141348e+00
4.200000000000e+00,1.200000000000e+01,1.265702078044e+00
4.200000000000e+00,1.220000000000e+01,1.250207554397e+00
4.200000000000e+00,1.240000000000e+01,1.235113430267e+00
4.200000000000e+00,1.260000000000e+01,1.220402731917e+00
4.200000000000e+00,1.280000000000e+01,1.206059549937e+00
4.200000000000e+00,1.300000000000e+01,1.192068948393e+00
4.200000000000e+00,1.320000000000e+01,1.178416883753e+00
4.200000000000e+00,1.340000000000e+01,1.165090132342e+00
4.200000000000e+00,1.360000000000e+01,1.152076225248e+00
4.200000000000e+00,1.380000000000e+01,1.139363389789e+00
4.200000000000e+00,1.400000000000e+01,1.126940496724e+00
4.200000000000e+00,1.420000000000e+01,1.114797012558e+00
4.200000000000e+00,1.440000000000e+01,1.102871508417e+00
4.200000000000e+00,1.460000000000e+01,1.091205178009e+00
4.200000000000e+00,1.480000000000e+01,1.079792067022e+00
4.200000000000e+00,1.500000000000e+01,1.068623522799e+00
4.200000000000e+00,1.520000000000e+01,1.057691314242e+00
4.200000000000e+00,1.540000000000e+01,1.046987604234e+00
4.200000000000e+00,1.560000000000e+01,1.036504924359e+00
4.200000000000e+00,1.580000000000e+01,1.026236151684e+00
4.200000000000e+00,1.600000000000e+01,1.016174487401e+00
4.400000000000e+00,3.000000000000e+00,inf
4.400000000000e+00,3.200000000000e+00,inf
4.400000000000e+00,3.400000000000e+00,inf
4.400000000000e+00,3.600000000000e+00,inf
4.400000000000e+00,3.800000000000e+00,inf
4.400000000000e+00,4.000000000000e+00,3.291776243172e+00
4.400000000000e+00,4.200000000000e+00,3.094174504086e+00
4.400000000000e+00,4.400000000000e+00,2.930965869029e+00
4.400000000000e+00,4.600000000000e+00,2.793595422139e+00
4.400000000000e+00,4.800000000000e+00,2.675882034548e+00
4.400000000000e+00,5.000000000000e+00,2.573372820133e+00
4.400000000000e+00,5.200000000000e+00,2.482945212910e+00
4.400000000000e+00,5.400000000000e+00,2.402450105782e+00
4.400000000000e+00,5.600000000000e+00,2.329616387489e+00
4.400000000000e+00,5.800000000000e+00,2.263606901927e+00
4.400000000000e+00,6.000000000000e+00,2.203251368138e+00
4.400000000000e+00,6.200000000000e+00,2.147335978325e+00
4.400000000000e+00,6.400000000000e+00,2.095606350513e+00
4.400000000000e+00,6.600000000000e+00,2.047493869079e+00
4.400000000000e+00,6.800000000000e+00,2.002425215774e+00
4.400000000000e+00,7.000000000000e+00,1.959890408661e+00
4.400000000000e+00,7.200000000000e+00,1.919833015575e+00
4.400000000000e+00,7.400000000000e+00,1.881983049815e+00
4.400000000000e+00,7.600000000000e+00,1.846112102706e+00
4.400000000000e+00,7.800000000000e+00,1.811952873186e+00
4.400000000000e+00,8.000000000000e+00,1.779234654901e+00
4.400000000000e+00,8.200000000000e+00,1.748006254703e+00
4.400000000000e+00,8.400000000000e+00,1.718140885112e+00
4.400000000000e+00,8.600000000000e+00,1.689527695644e+00
4.400000000000e+00,8.800000000000e+00,1.662069240840e+00
4.400000000000e+00,9.000000000000e+00,1.635679418294e+00
4.400000000000e+00,9.200000000000e+00,1.610207650194e+00
4.400000000000e+00,9.400000000000e+00,1.585566703009e+00
4.400000000000e+00,9.600000000000e+00,1.561798607558e+00
4.400000000000e+00,9.800000000000e+00,1.538847729745e+00
4.400000000000e+00,1.000000000000e+01,1.516663826150e+00
4.400000000000e+00,1.020000000000e+01,1.495201356167e+00
4.400000000000e+00,1.040000000000e+01,1.474418899511e+00
4.400000000000e+00,1.060000000000e+01,1.454278660674e+00
4.400000000000e+00,1.080000000000e+01,1.434746045488e+00
4.400000000000e+00,1.100000000000e+01,1.415789297772e+00
4.400000000000e+00,1.120000000000e+01,1.397323241509e+00
4.400000000000e+00,1.140000000000e+01,1.379329535353e+00
4.400000000000e+00,1.160000000000e+01,1.361835840213e+00
4.400000000000e+00,1.180000000000e+01,1.344818703442e+00
4.400000000000e+00,1.200000000000e+01,1.328256329081e+00
4.400000000000e+00,1.220000000000e+01,1.312128418759e+00
4.400000000000e+00,1.240000000000e+01,1.296416031607e+00
4.400000000000e+00,1.260000000000e+01,1.281101460538e+00
4.400000000000e+00,1.280000000000e+01,1.266168122640e+00
4.400000000000e+00,1.300000000000e+01,1.251600461786e+00
4.400000000000e+00,1.320000000000e+01,1.237383861871e+00
4.400000000000e+00,1.340000000000e+01,1.223504569279e+00
4.400000000000e+00,1.360000000000e+01,1.209949623442e+00
4.400000000000e+00,1.380000000000e+01,1.196706794470e+00
4.400000000000e+00,1.400000000000e+01,1.183764527002e+00
4.400000000000e+00,1.420000000000e+01,1.171111889537e+00
4.400000000000e+00,1.440000000000e+01,1.158683977426e+00
4.400000000000e+00,1.460000000000e+01,1.146525533300e+00
4.400000000000e+00,1.480000000000e+01,1.134629561735e+00
4.400000000000e+00,1.500000000000e+01,1.122987097875e+00
4.400000000000e+00,1.520000000000e+01,1.111589616193e+00
4.400000000000e+00,1.540000000000e+01,1.100429001429e+00
4.400000000000e+00,1.560000000000e+01,1.089497521990e+00
4.400000000000e+00,1.580000000000e+01,1.078787805548e+00
4.400000000000e+00,1.600000000000e+01,1.068292816618e+00
4.600000000000e+00,3.000000000000e+00,inf
4.600000000000e+00,3.200000000000e+00,inf
4.600000000000e+00,3.400000000000e+00,inf
4.600000000000e+00,3.600000000000e+00,inf
4.600000000000e+00,3.800000000000e+00,inf
4.600000000000e+00,4.000000000000e+00,3.483232913804e+00
4.600000000000e+00,4.200000000000e+00,3.265273273461e+00
4.600000000000e+00,4.400000000000e+00,3.086463035488e+00
4.600000000000e+00,4.600000000000e+00,2.936856995637e+00
4.600000000000e+00,4.800000000000e+00,2.809356770289e+00
4.600000000000e+00,5.000000000000e+00,2.698860653529e+00
4.600000000000e+00,5.200000000000e+00,2.601822159299e+00
4.600000000000e+00,5.400000000000e+00,2.515767460970e+00
4.600000000000e+00,5.600000000000e+00,2.438194315417e+00
4.600000000000e+00,5.800000000000e+00,2.368105248062e+00
4.600000000000e+00,6.000000000000e+00,2.304188645590e+00
4.600000000000e+00,6.200000000000e+00,2.245135723738e+00
4.600000000000e+00,6.400000000000e+00,2.190621882881e+00
4.600000000000e+00,6.600000000000e+00,2.140017611008e+00
4.600000000000e+00,6.800000000000e+00,2.092690462912e+00
4.600000000000e+00,7.000000000000e+00,2.048101868741e+00
4.600000000000e+00,7.200000000000e+00,2.006166037125e+00
4.600000000000e+00,7.400000000000e+00,1.966587529844e+00
4.600000000000e+00,7.600000000000e+00,1.929117065502e+00
4.600000000000e+00,7.800000000000e+00,1.893462138608e+00
4.600000000000e+00,8.000000000000e+00,1.859344992706e+00
4.600000000000e+00,8.200000000000e+00,1.826803615519e+00
4.600000000000e+00,8.400000000000e+00,1.795701074755e+00
4.600000000000e+00,8.600000000000e+00,1.765917933396e+00
4.600000000000e+00,8.800000000000e+00,1.737349439886e+00
4.600000000000e+00,9.000000000000e+00,1.709903243918e+00
4.600000000000e+00,9.200000000000e+00,1.683417128872e+00
4.600000000000e+00,9.400000000000e+00,1.657805717636e+00
4.600000000000e+00,9.600000000000e+00,1.633107090096e+00
4.600000000000e+00,9.800000000000e+00,1.609262094838e+00
4.600000000000e+00,1.000000000000e+01,1.586217413050e+00
4.600000000000e+00,1.020000000000e+01,1.563924804452e+00
4.600000000000e+00,1.040000000000e+01,1.542340469774e+00
4.600000000000e+00,1.060000000000e+01,1.521424509292e+00
4.600000000000e+00,1.080000000000e+01,1.501140460907e+00
4.600000000000e+00,1.100000000000e+01,1.481454904408e+00
4.600000000000e+00,1.120000000000e+01,1.462277046873e+00
4.600000000000e+00,1.140000000000e+01,1.443591497326e+00
4.600000000000e+00,1.160000000000e+01,1.425424723037e+00
4.600000000000e+00,1.180000000000e+01,1.407752180034e+00
4.600000000000e+00,1.200000000000e+01,1.390551084018e+00
4.600000000000e+00,1.220000000000e+01,1.373800238843e+00
4.600000000000e+00,1.240000000000e+01,1.357479885742e+00
4.600000000000e+00,1.260000000000e+01,1.341571570369e+00
4.600000000000e+00,1.280000000000e+01,1.326058025196e+00
4.600000000000e+00,1.300000000000e+01,1.310923065188e+00
4.600000000000e+00,1.320000000000e+01,1.296151494987e+00
4.600000000000e+00,1.340000000000e+01,1.281729026112e+00
4.600000000000e+00,1.360000000000e+01,1.267642202903e+00
4.600000000000e+00,1.380000000000e+01,1.253878336104e+00
4.600000000000e+00,1.400000000000e+01,1.240425443156e+00
4.600000000000e+00,1.420000000000e+01,1.227272194397e+00
4.600000000000e+00,1.440000000000e+01,1.214350207647e+00
4.600000000000e+00,1.460000000000e+01,1.201707811502e+00
4.600000000000e+00,1.480000000000e+01,1.189336935573e+00
4.600000000000e+00,1.500000000000e+01,1.177228305245e+00
4.600000000000e+00,1.520000000000e+01,1.165373103365e+00
4.600000000000e+00,1.540000000000e+01,1.153762939653e+00
4.600000000000e+00,1.560000000000e+01,1.142389822711e+00
4.600000000000e+00,1.580000000000e+01,1.131246134389e+00
4.600000000000e+00,1.600000000000e+01,1.120324606251e+00
4.800000000000e+00,3.000000000000e+00,inf
4.800000000000e+00,3.200000000000e+00,inf
4.800000000000e+00,3.400000000000e+00,inf
4.800000000000e+00,3.600000000000e+00,inf
4.800000000000e+00,3.800000000000e+00,inf
4.800000000000e+00,4.000000000000e+00,3.681313683336e+00
4.800000000000e+00,4.200000000000e+00,3.441182781297e+00
4.800000000000e+00,4.400000000000e+00,3.245484094260e+00
4.800000000000e+00,4.600000000000e+00,3.082709689612e+00
4.800000000000e+00,4.800000000000e+00,2.944731107292e+00
4.800000000000e+00,5.000000000000e+00,2.825728264939e+00
4.800000000000e+00,5.200000000000e+00,2.721681223129e+00
4.800000000000e+00,5.400000000000e+00,2.629760418655e+00
4.800000000000e+00,5.600000000000e+00,2.547208343600e+00
4.800000000000e+00,5.800000000000e+00,2.472851606886e+00
4.800000000000e+00,6.000000000000e+00,2.405225862648e+00
4.800000000000e+00,6.200000000000e+00,2.342917871967e+00
4.800000000000e+00,6.400000000000e+00,2.285526588534e+00
4.800000000000e+00,6.600000000000e+00,2.232356614526e+00
4.800000000000e+00,6.800000000000e+00,2.182712822135e+00
4.800000000000e+00,7.000000000000e+00,2.136024688817e+00
4.800000000000e+00,7.200000000000e+00,2.092174818732e+00
4.800000000000e+00,7.400000000000e+00,2.050840454862e+00
4.800000000000e+00,7.600000000000e+00,2.011749949062e+00
4.800000000000e+00,7.800000000000e+00,1.974584510997e+00
4.800000000000e+00,8.000000000000e+00,1.939058269618e+00
4.800000000000e+00,8.200000000000e+00,1.905197551030e+00
4.800000000000e+00,8.400000000000e+00,1.872854620280e+00
4.800000000000e+00,8.600000000000e+00,1.841900910716e+00
4.800000000000e+00,8.800000000000e+00,1.812223914281e+00
4.800000000000e+00,9.000000000000e+00,1.783724657725e+00
4.800000000000e+00,9.200000000000e+00,1.756229015833e+00
4.800000000000e+00,9.400000000000e+00,1.729653236407e+00
4.800000000000e+00,9.600000000000e+00,1.704031145554e+00
4.800000000000e+00,9.800000000000e+00,1.679299888499e+00
4.800000000000e+00,1.000000000000e+01,1.655402914073e+00
4.800000000000e+00,1.020000000000e+01,1.632289149679e+00
4.800000000000e+00,1.040000000000e+01,1.609912304853e+00
4.800000000000e+00,1.060000000000e+01,1.588230280662e+00
4.800000000000e+00,1.080000000000e+01,1.567204666623e+00
4.800000000000e+00,1.100000000000e+01,1.546800310371e+00
4.800000000000e+00,1.120000000000e+01,1.526920745061e+00
4.800000000000e+00,1.140000000000e+01,1.507553550853e+00
4.800000000000e+00,1.160000000000e+01,1.488723885100e+00
4.800000000000e+00,1.180000000000e+01,1.470406078085e+00
4.800000000000e+00,1.200000000000e+01,1.452576328308e+00
4.800000000000e+00,1.220000000000e+01,1.435212517751e+00
4.800000000000e+00,1.240000000000e+01,1.418294049728e+00
4.800000000000e+00,1.260000000000e+01,1.401801706121e+00
4.800000000000e+00,1.280000000000e+01,1.385717521280e+00
4.800000000000e+00,1.300000000000e+01,1.370024670335e+00
4.800000000000e+00,1.320000000000e+01,1.354707369971e+00
4.800000000000e+00,1.340000000000e+01,1.339750790045e+00
4.800000000000e+00,1.360000000000e+01,1.325140974642e+00
4.800000000000e+00,1.380000000000e+01,1.310864771381e+00
4.800000000000e+00,1.400000000000e+01,1.296909767955e+00
4.800000000000e+00,1.420000000000e+01,1.283264235016e+00
4.800000000000e+00,1.440000000000e+01,1.269856313268e+00
4.800000000000e+00,1.460000000000e+01,1.256737946050e+00
4.800000000000e+00,1.480000000000e+01,1.243899956799e+00
4.800000000000e+00,1.500000000000e+01,1.231332762545e+00
4.800000000000e+00,1.520000000000e+01,1.219027256377e+00
4.800000000000e+00,1.540000000000e+01,1.206974775225e+00
4.800000000000e+00,1.560000000000e+01,1.195167070437e+00
4.800000000000e+00,1.580000000000e+01,1.183596280847e+00
4.800000000000e+00,1.600000000000e+01,1.172254908085e+00
5.000000000000e+00,3.000000000000e+00,inf
5.000000000000e+00,3.200000000000e+00,inf
5.000000000000e+00,3.400000000000e+00,inf
5.000000000000e+00,3.600000000000e+00,inf
5.000000000000e+00,3.800000000000e+00,inf
5.000000000000e+00,4.000000000000e+00,3.886548306298e+00
5.000000000000e+00,4.200000000000e+00,3.622291230042e+00
5.000000000000e+00,4.400000000000e+00,3.408322716285e+00
5.000000000000e+00,4.600000000000e+00,3.231381848107e+00
5.000000000000e+00,4.800000000000e+00,3.082187015877e+00
5.000000000000e+00,5.000000000000e+00,2.954123638624e+00
5.000000000000e+00,5.200000000000e+00,2.842644916623e+00
5.000000000000e+00,5.400000000000e+00,2.744531865065e+00
5.000000000000e+00,5.600000000000e+00,2.656745913604e+00
5.000000000000e+00,5.800000000000e+00,2.577921014201e+00
5.000000000000e+00,6.000000000000e+00,2.506427889876e+00
5.000000000000e+00,6.200000000000e+00,2.440738815071e+00
5.000000000000e+00,6.400000000000e+00,2.380369694596e+00
5.000000000000e+00,6.600000000000e+00,2.324553971512e+00
5.000000000000e+00,6.800000000000e+00,2.272530074327e+00
5.000000000000e+00,7.000000000000e+00,2.223691983842e+00
5.000000000000e+00,7.200000000000e+00,2.177888358285e+00
5.000000000000e+00,7.400000000000e+00,2.134767163038e+00
5.000000000000e+00,7.600000000000e+00,2.094032817624e+00
5.000000000000e+00,7.800000000000e+00,2.055339121451e+00
5.000000000000e+00,8.000000000000e+00,2.018390945224e+00
5.000000000000e+00,8.200000000000e+00,1.983202097431e+00
5.000000000000e+00,8.400000000000e+00,1.949613352001e+00
5.000000000000e+00,8.600000000000e+00,1.917486444080e+00
5.000000000000e+00,8.800000000000e+00,1.886700637286e+00
5.000000000000e+00,9.000000000000e+00,1.857149942202e+00
5.000000000000e+00,9.200000000000e+00,1.828648050489e+00
5.000000000000e+00,9.400000000000e+00,1.801112562913e+00
5.000000000000e+00,9.600000000000e+00,1.774572754211e+00
5.000000000000e+00,9.800000000000e+00,1.748961869878e+00
5.000000000000e+00,1.000000000000e+01,1.724219960314e+00
5.000000000000e+00,1.020000000000e+01,1.700292979901e+00
5.000000000000e+00,1.040000000000e+01,1.677132027592e+00
5.000000000000e+00,1.060000000000e+01,1.654692703823e+00
5.000000000000e+00,1.080000000000e+01,1.632934563515e+00
5.000000000000e+00,1.100000000000e+01,1.611820648823e+00
5.000000000000e+00,1.120000000000e+01,1.591248764374e+00
5.000000000000e+00,1.140000000000e+01,1.571209461752e+00
5.000000000000e+00,1.160000000000e+01,1.551726477678e+00
5.000000000000e+00,1.180000000000e+01,1.532772978713e+00
5.000000000000e+00,1.200000000000e+01,1.514324114047e+00
5.000000000000e+00,1.220000000000e+01,1.496356816716e+00
5.000000000000e+00,1.240000000000e+01,1.478849629373e+00
5.000000000000e+00,1.260000000000e+01,1.461782551110e+00
5.000000000000e+00,1.280000000000e+01,1.445136902347e+00
5.000000000000e+00,1.300000000000e+01,1.428895205337e+00
5.000000000000e+00,1.320000000000e+01,1.413041078153e+00
5.000000000000e+00,1.340000000000e+01,1.397559140387e+00
5.000000000000e+00,1.360000000000e+01,1.382434929042e+00
5.000000000000e+00,1.380000000000e+01,1.367654823315e+00
5.000000000000e+00,1.400000000000e+01,1.353205977169e+00
5.000000000000e+00,1.420000000000e+01,1.339076258727e+00
5.000000000000e+00,1.440000000000e+01,1.325190333866e+00
5.000000000000e+00,1.460000000000e+01,1.311603781828e+00
5.000000000000e+00,1.480000000000e+01,1.298306291063e+00
5.000000000000e+00,1.500000000000e+01,1.285287970668e+00
5.000000000000e+00,1.520000000000e+01,1.272539424904e+00
5.000000000000e+00,1.540000000000e+01,1.260051719291e+00
5.000000000000e+00,1.560000000000e+01,1.247816349669e+00
5.000000000000e+00,1.580000000000e+01,1.235825213915e+00
5.000000000000e+00,1.600000000000e+01,1.224070586045e+00
5.200000000000e+00,3.000000000000e+00,inf
5.200000000000e+00,3.200000000000e+00,inf
5.200000000000e+00,3.400000000000e+00,inf
5.200000000000e+00,3.600000000000e+00,inf
5.200000000000e+00,3.800000000000e+00,inf
5.200000000000e+00,4.000000000000e+00,inf
5.200000000000e+00,4.200000000000e+00,3.808999213955e+00
5.200000000000e+00,4.400000000000e+00,3.575280023293e+00
5.200000000000e+00,4.600000000000e+00,3.383106310362e+00
5.200000000000e+00,4.800000000000e+00,3.221909183839e+00
5.200000000000e+00,5.000000000000e+00,3.084196422503e+00
5.200000000000e+00,5.200000000000e+00,2.964836808298e+00
5.200000000000e+00,5.400000000000e+00,2.860185411715e+00
5.200000000000e+00,5.600000000000e+00,2.766895039769e+00
5.200000000000e+00,5.800000000000e+00,2.683389034582e+00
5.200000000000e+00,6.000000000000e+00,2.607860145092e+00
5.200000000000e+00,6.200000000000e+00,2.538655555874e+00
5.200000000000e+00,6.400000000000e+00,2.475201124344e+00
5.200000000000e+00,6.600000000000e+00,2.416653565993e+00
5.200000000000e+00,6.800000000000e+00,2.362180887863e+00
5.200000000000e+00,7.000000000000e+00,2.311137855316e+00
5.200000000000e+00,7.200000000000e+00,2.263336735051e+00
5.200000000000e+00,7.400000000000e+00,2.218394162861e+00
5.200000000000e+00,7.600000000000e+00,2.175988987965e+00
5.200000000000e+00,7.800000000000e+00,2.135746425535e+00
5.200000000000e+00,8.000000000000e+00,2.097360872055e+00
5.200000000000e+00,8.200000000000e+00,2.060832745285e+00
5.200000000000e+00,8.400000000000e+00,2.025990609313e+00
5.200000000000e+00,8.600000000000e+00,1.992685907444e+00
5.200000000000e+00,8.800000000000e+00,1.960789182168e+00
5.200000000000e+00,9.000000000000e+00,1.930187016937e+00
5.200000000000e+00,9.200000000000e+00,1.900680639553e+00
5.200000000000e+00,9.400000000000e+00,1.872188695761e+00
5.200000000000e+00,9.600000000000e+00,1.844735614884e+00
5.200000000000e+00,9.800000000000e+00,1.818250536375e+00
5.200000000000e+00,1.000000000000e+01,1.792669937389e+00
5.200000000000e+00,1.020000000000e+01,1.767936650848e+00
5.200000000000e+00,1.040000000000e+01,1.743999038855e+00
5.200000000000e+00,1.060000000000e+01,1.720810293657e+00
5.200000000000e+00,1.080000000000e+01,1.698327843845e+00
5.200000000000e+00,1.100000000000e+01,1.676512847815e+00
5.200000000000e+00,1.120000000000e+01,1.655257328783e+00
5.200000000000e+00,1.140000000000e+01,1.634554791514e+00
5.200000000000e+00,1.160000000000e+01,1.614427446250e+00
5.200000000000e+00,1.180000000000e+01,1.594847254447e+00
5.200000000000e+00,1.200000000000e+01,1.575788280767e+00
5.200000000000e+00,1.220000000000e+01,1.557226479381e+00
5.200000000000e+00,1.240000000000e+01,1.539139506932e+00
5.200000000000e+00,1.260000000000e+01,1.521506558307e+00
5.200000000000e+00,1.280000000000e+01,1.504308221985e+00
5.200000000000e+00,1.300000000000e+01,1.487526352268e+00
5.200000000000e+00,1.320000000000e+01,1.471143956083e+00
5.200000000000e+00,1.340000000000e+01,1.455145092425e+00
5.200000000000e+00,1.360000000000e+01,1.439514782785e+00
5.200000000000e+00,1.380000000000e+01,1.424238931159e+00
5.200000000000e+00,1.400000000000e+01,1.409304252421e+00
5.200000000000e+00,1.420000000000e+01,1.394697488341e+00
5.200000000000e+00,1.440000000000e+01,1.380341992977e+00
5.200000000000e+00,1.460000000000e+01,1.366294836513e+00
5.200000000000e+00,1.480000000000e+01,1.352545265475e+00
5.200000000000e+00,1.500000000000e+01,1.339083080482e+00
5.200000000000e+00,1.520000000000e+01,1.325898597011e+00
5.200000000000e+00,1.540000000000e+01,1.312982609714e+00
5.200000000000e+00,1.560000000000e+01,1.300326359888e+00
5.200000000000e+00,1.580000000000e+01,1.287921505788e+00
5.200000000000e+00,1.600000000000e+01,1.275760095454e+00
5.400000000000e+00,3.000000000000e+00,inf
5.400000000000e+00,3.200000000000e+00,inf
5.400000000000e+00,3.400000000000e+00,inf
5.400000000000e+00,3.600000000000e+00,inf
5.400000000000e+00,3.800000000000e+00,inf
5.400000000000e+00,4.000000000000e+00,inf
5.400000000000e+00,4.200000000000e+00,4.001720498627e+00
5.400000000000e+00,4.400000000000e+00,3.746665046379e+00
5.400000000000e+00,4.600000000000e+00,3.538120660076e+00
5.400000000000e+00,4.800000000000e+00,3.364085122270e+00
5.400000000000e+00,5.000000000000e+00,3.216097933544e+00
5.400000000000e+00,5.200000000000e+00,3.088381454384e+00
5.400000000000e+00,5.400000000000e+00,2.976825273098e+00
5.400000000000e+00,5.600000000000e+00,2.877744145150e+00
5.400000000000e+00,5.800000000000e+00,2.789331565389e+00
5.400000000000e+00,6.000000000000e+00,2.709588373930e+00
5.400000000000e+00,6.200000000000e+00,2.636725469436e+00
5.400000000000e+00,6.400000000000e+00,2.570071243988e+00
5.400000000000e+00,6.600000000000e+00,2.508699809707e+00
5.400000000000e+00,6.800000000000e+00,2.451704546524e+00
5.400000000000e+00,7.000000000000e+00,2.398397112891e+00
5.400000000000e+00,7.200000000000e+00,2.348550826769e+00
5.400000000000e+00,7.400000000000e+00,2.301748847229e+00
5.400000000000e+00,7.600000000000e+00,2.257642741658e+00
5.400000000000e+00,7.800000000000e+00,2.215827915195e+00
5.400000000000e+00,8.000000000000e+00,2.175987007429e+00
5.400000000000e+00,8.200000000000e+00,2.138106151969e+00
5.400000000000e+00,8.400000000000e+00,2.102000954269e+00
5.400000000000e+00,8.600000000000e+00,2.067511947384e+00
5.400000000000e+00,8.800000000000e+00,2.034500439252e+00
5.400000000000e+00,9.000000000000e+00,2.002845157882e+00
5.400000000000e+00,9.200000000000e+00,1.972334578961e+00
5.400000000000e+00,9.400000000000e+00,1.942888053101e+00
5.400000000000e+00,9.600000000000e+00,1.914524872200e+00
5.400000000000e+00,9.800000000000e+00,1.887169853765e+00
5.400000000000e+00,1.000000000000e+01,1.860755718484e+00
5.400000000000e+00,1.020000000000e+01,1.835222021957e+00
5.400000000000e+00,1.040000000000e+01,1.810514256578e+00
5.400000000000e+00,1.060000000000e+01,1.786583092962e+00
5.400000000000e+00,1.080000000000e+01,1.763383736376e+00
5.400000000000e+00,1.100000000000e+01,1.740875378427e+00
5.400000000000e+00,1.120000000000e+01,1.718944209173e+00
5.400000000000e+00,1.140000000000e+01,1.697586651571e+00
5.400000000000e+00,1.160000000000e+01,1.676823287742e+00
5.400000000000e+00,1.180000000000e+01,1.656624829413e+00
5.400000000000e+00,1.200000000000e+01,1.636964218529e+00
5.400000000000e+00,1.220000000000e+01,1.617816397763e+00
5.400000000000e+00,1.240000000000e+01,1.599158109902e+00
5.400000000000e+00,1.260000000000e+01,1.580967721922e+00
5.400000000000e+00,1.280000000000e+01,1.563225070236e+00
5.400000000000e+00,1.300000000000e+01,1.545911324174e+00
5.400000000000e+00,1.320000000000e+01,1.529008865188e+00
5.400000000000e+00,1.340000000000e+01,1.512501179680e+00
5.400000000000e+00,1.360000000000e+01,1.496372763661e+00
5.400000000000e+00,1.380000000000e+01,1.480609037715e+00
5.400000000000e+00,1.400000000000e+01,1.465196270953e+00
5.400000000000e+00,1.420000000000e+01,1.450119939244e+00
5.400000000000e+00,1.440000000000e+01,1.435302492671e+00
5.400000000000e+00,1.460000000000e+01,1.420802097472e+00
5.400000000000e+00,1.480000000000e+01,1.406607667780e+00
5.400000000000e+00,1.500000000000e+01,1.392708694262e+00
5.400000000000e+00,1.520000000000e+01,1.379095202782e+00
5.400000000000e+00,1.540000000000e+01,1.365757716854e+00
5.400000000000e+00,1.560000000000e+01,1.352687223452e+00
5.400000000000e+00,1.580000000000e+01,1.339875141829e+00
5.400000000000e+00,1.600000000000e+01,1.327313295032e+00
5.600000000000e+00,3.000000000000e+00,inf
5.600000000000e+00,3.200000000000e+00,inf
5.600000000000e+00,3.400000000000e+00,inf
5.600000000000e+00,3.600000000000e+00,inf
5.600000000000e+00,3.800000000000e+00,inf
5.600000000000e+00,4.000000000000e+00,inf
5.600000000000e+00,4.200000000000e+00,4.200882855593e+00
5.600000000000e+00,4.400000000000e+00,3.922795238138e+00
5.600000000000e+00,4.600000000000e+00,3.696667528882e+00
5.600000000000e+00,4.800000000000e+00,3.508905327121e+00
5.600000000000e+00,5.000000000000e+00,3.349981219843e+00
5.600000000000e+00,5.200000000000e+00,3.213404387917e+00
5.600000000000e+00,5.400000000000e+00,3.094556202280e+00
5.600000000000e+00,5.600000000000e+00,2.989381955583e+00
5.600000000000e+00,5.800000000000e+00,2.895824698822e+00
5.600000000000e+00,6.000000000000e+00,2.811678487888e+00
5.600000000000e+00,6.200000000000e+00,2.735006121501e+00
5.600000000000e+00,6.400000000000e+00,2.665030665755e+00
5.600000000000e+00,6.600000000000e+00,2.600737433166e+00
5.600000000000e+00,6.800000000000e+00,2.541140731935e+00
5.600000000000e+00,7.000000000000e+00,2.485505049593e+00
5.600000000000e+00,7.200000000000e+00,2.433562079452e+00
5.600000000000e+00,7.400000000000e+00,2.384859259261e+00
5.600000000000e+00,7.600000000000e+00,2.339019088108e+00
5.600000000000e+00,7.800000000000e+00,2.295605880431e+00
5.600000000000e+00,8.000000000000e+00,2.254289174125e+00
5.600000000000e+00,8.200000000000e+00,2.215039902019e+00
5.600000000000e+00,8.400000000000e+00,2.177659932150e+00
5.600000000000e+00,8.600000000000e+00,2.141978244363e+00
5.600000000000e+00,8.800000000000e+00,2.107846378260e+00
5.600000000000e+00,9.000000000000e+00,2.075134761050e+00
5.600000000000e+00,9.200000000000e+00,2.043618819413e+00
5.600000000000e+00,9.400000000000e+00,2.013218240000e+00
5.600000000000e+00,9.600000000000e+00,1.983946885958e+00
5.600000000000e+00,9.800000000000e+00,1.955725027683e+00
5.600000000000e+00,1.000000000000e+01,1.928481438063e+00
5.600000000000e+00,1.020000000000e+01,1.902152232374e+00
5.600000000000e+00,1.040000000000e+01,1.876679894122e+00
5.600000000000e+00,1.060000000000e+01,1.852012453213e+00
5.600000000000e+00,1.080000000000e+01,1.828102789549e+00
5.600000000000e+00,1.100000000000e+01,1.804908040382e+00
5.600000000000e+00,1.120000000000e+01,1.782308511483e+00
5.600000000000e+00,1.140000000000e+01,1.760303493864e+00
5.600000000000e+00,1.160000000000e+01,1.738911843535e+00
5.600000000000e+00,1.180000000000e+01,1.718102974761e+00
5.600000000000e+00,1.200000000000e+01,1.697848665752e+00
5.600000000000e+00,1.220000000000e+01,1.678122812452e+00
5.600000000000e+00,1.240000000000e+01,1.658901213562e+00
5.600000000000e+00,1.260000000000e+01,1.640161382250e+00
5.600000000000e+00,1.280000000000e+01,1.621882380723e+00
5.600000000000e+00,1.300000000000e+01,1.604044674452e+00
5.600000000000e+00,1.320000000000e+01,1.586630003361e+00
5.600000000000e+00,1.340000000000e+01,1.569621267670e+00
5.600000000000e+00,1.360000000000e+01,1.553002426468e+00
5.600000000000e+00,1.380000000000e+01,1.536758407346e+00
5.600000000000e+00,1.400000000000e+01,1.520875025702e+00
5.600000000000e+00,1.420000000000e+01,1.505336465279e+00
5.600000000000e+00,1.440000000000e+01,1.490064337674e+00
5.600000000000e+00,1.460000000000e+01,1.475117847860e+00
5.600000000000e+00,1.480000000000e+01,1.460485574388e+00
5.600000000000e+00,1.500000000000e+01,1.446156695601e+00
5.600000000000e+00,1.520000000000e+01,1.432120946087e+00
5.600000000000e+00,1.540000000000e+01,1.418368577172e+00
5.600000000000e+00,1.560000000000e+01,1.404890320982e+00
5.600000000000e+00,1.580000000000e+01,1.391677357718e+00
5.600000000000e+00,1.600000000000e+01,1.378721285770e+00
5.800000000000e+00,3.000000000000e+00,inf
5.800000000000e+00,3.200000000000e+00,inf
5.800000000000e+00,3.400000000000e+00,inf
5.800000000000e+00,3.600000000000e+00,inf
5.800000000000e+00,3.800000000000e+00,inf
5.800000000000e+00,4.000000000000e+00,inf
5.800000000000e+00,4.200000000000e+00,4.406928939725e+00
5.800000000000e+00,4.400000000000e+00,4.103997024963e+00
5.800000000000e+00,4.600000000000e+00,3.858994940469e+00
5.800000000000e+00,4.800000000000e+00,3.656563482973e+00
5.800000000000e+00,5.000000000000e+00,3.486001166205e+00
5.800000000000e+00,5.200000000000e+00,3.340032152581e+00
5.800000000000e+00,5.400000000000e+00,3.213483471912e+00
5.800000000000e+00,5.600000000000e+00,3.101897439748e+00
5.800000000000e+00,5.800000000000e+00,3.002944630238e+00
5.800000000000e+00,6.000000000000e+00,2.914196448464e+00
5.800000000000e+00,6.200000000000e+00,2.833555132845e+00
5.800000000000e+00,6.400000000000e+00,2.760130096529e+00
5.800000000000e+00,6.600000000000e+00,2.692811321833e+00
5.800000000000e+00,6.800000000000e+00,2.630529350415e+00
5.800000000000e+00,7.000000000000e+00,2.572497260843e+00
5.800000000000e+00,7.200000000000e+00,2.518402320295e+00
5.800000000000e+00,7.400000000000e+00,2.467753900536e+00
5.800000000000e+00,7.600000000000e+00,2.420143569293e+00
5.800000000000e+00,7.800000000000e+00,2.375103211883e+00
5.800000000000e+00,8.000000000000e+00,2.332287861245e+00
5.800000000000e+00,8.200000000000e+00,2.291652306934e+00
5.800000000000e+00,8.400000000000e+00,2.252983870800e+00
5.800000000000e+00,8.600000000000e+00,2.216099312048e+00
5.800000000000e+00,8.800000000000e+00,2.180839848010e+00
5.800000000000e+00,9.000000000000e+00,2.147067142932e+00
5.800000000000e+00,9.200000000000e+00,2.114543267946e+00
5.800000000000e+00,9.400000000000e+00,2.083187851208e+00
5.800000000000e+00,9.600000000000e+00,2.053009035281e+00
5.800000000000e+00,9.800000000000e+00,2.023922309300e+00
5.800000000000e+00,1.000000000000e+01,1.995852299190e+00
5.800000000000e+00,1.020000000000e+01,1.968731510024e+00
5.800000000000e+00,1.040000000000e+01,1.942499271157e+00
5.800000000000e+00,1.060000000000e+01,1.917100847310e+00
5.800000000000e+00,1.080000000000e+01,1.892486686143e+00
5.800000000000e+00,1.100000000000e+01,1.868611778653e+00
5.800000000000e+00,1.120000000000e+01,1.845350495336e+00
5.800000000000e+00,1.140000000000e+01,1.822704931468e+00
5.800000000000e+00,1.160000000000e+01,1.800692122067e+00
5.800000000000e+00,1.180000000000e+01,1.779280133248e+00
5.800000000000e+00,1.200000000000e+01,1.758439535763e+00
5.800000000000e+00,1.220000000000e+01,1.738143141118e+00
5.800000000000e+00,1.240000000000e+01,1.718365771426e+00
5.800000000000e+00,1.260000000000e+01,1.699084058055e+00
5.800000000000e+00,1.280000000000e+01,1.680276264932e+00
5.800000000000e+00,1.300000000000e+01,1.661922133006e+00
5.800000000000e+00,1.320000000000e+01,1.644002742974e+00
5.800000000000e+00,1.340000000000e+01,1.626500393756e+00
5.800000000000e+00,1.360000000000e+01,1.609398494658e+00
5.800000000000e+00,1.380000000000e+01,1.592681469391e+00
5.800000000000e+00,1.400000000000e+01,1.576334670463e+00
5.800000000000e+00,1.420000000000e+01,1.560340964671e+00
5.800000000000e+00,1.440000000000e+01,1.544621183957e+00
5.800000000000e+00,1.460000000000e+01,1.529235516867e+00
5.800000000000e+00,1.480000000000e+01,1.514172202260e+00
5.800000000000e+00,1.500000000000e+01,1.499420102913e+00
5.800000000000e+00,1.520000000000e+01,1.484968659668e+00
5.800000000000e+00,1.540000000000e+01,1.470807849851e+00
5.800000000000e+00,1.560000000000e+01,1.456928149521e+00
5.800000000000e+00,1.580000000000e+01,1.443320499102e+00
5.800000000000e+00,1.600000000000e+01,1.429976272049e+00
6.000000000000e+00,3.000000000000e+00,inf
6.000000000000e+00,3.200000000000e+00,inf
6.000000000000e+00,3.400000000000e+00,inf
6.000000000000e+00,3.600000000000e+00,inf
6.000000000000e+00,3.800000000000e+00,inf
6.000000000000e+00,4.000000000000e+00,inf
6.000000000000e+00,4.200000000000e+00,4.620317200910e+00
6.000000000000e+00,4.400000000000e+00,4.290606389610e+00
6.000000000000e+00,4.600000000000e+00,4.025356685036e+00
6.000000000000e+00,4.800000000000e+00,3.807256698621e+00
6.000000000000e+00,5.000000000000e+00,3.624314632932e+00
6.000000000000e+00,5.200000000000e+00,3.468392371200e+00
6.000000000000e+00,5.400000000000e+00,3.333712890797e+00
6.000000000000e+00,5.600000000000e+00,3.215379785583e+00
6.000000000000e+00,5.800000000000e+00,3.110767603348e+00
6.000000000000e+00,6.000000000000e+00,3.017208188285e+00
6.000000000000e+00,6.200000000000e+00,2.932430080702e+00
6.000000000000e+00,6.400000000000e+00,2.855420223492e+00
6.000000000000e+00,6.600000000000e+00,2.784966389053e+00
6.000000000000e+00,6.800000000000e+00,2.719910396174e+00
6.000000000000e+00,7.000000000000e+00,2.659409499409e+00
6.000000000000e+00,7.200000000000e+00,2.603103606070e+00
6.000000000000e+00,7.400000000000e+00,2.550461574303e+00
6.000000000000e+00,7.600000000000e+00,2.501042098940e+00
6.000000000000e+00,7.800000000000e+00,2.454343237261e+00
6.000000000000e+00,8.000000000000e+00,2.410004058338e+00
6.000000000000e+00,8.200000000000e+00,2.367962237706e+00
6.000000000000e+00,8.400000000000e+00,2.327989712101e+00
6.000000000000e+00,8.600000000000e+00,2.289890328229e+00
6.000000000000e+00,8.800000000000e+00,2.253494407163e+00
6.000000000000e+00,9.000000000000e+00,2.218654371408e+00
6.000000000000e+00,9.200000000000e+00,2.185118619470e+00
6.000000000000e+00,9.400000000000e+00,2.152806303375e+00
6.000000000000e+00,9.600000000000e+00,2.121719551703e+00
6.000000000000e+00,9.800000000000e+00,2.091768829449e+00
6.000000000000e+00,1.000000000000e+01,2.062874408827e+00
6.000000000000e+00,1.020000000000e+01,2.034965008184e+00
6.000000000000e+00,1.040000000000e+01,2.007976651610e+00
6.000000000000e+00,1.060000000000e+01,1.981851708961e+00
6.000000000000e+00,1.080000000000e+01,1.956538084153e+00
6.000000000000e+00,1.100000000000e+01,1.931988525872e+00
6.000000000000e+00,1.120000000000e+01,1.908071418086e+00
6.000000000000e+00,1.140000000000e+01,1.884791584226e+00
6.000000000000e+00,1.160000000000e+01,1.862164146079e+00
6.000000000000e+00,1.180000000000e+01,1.840155768101e+00
6.000000000000e+00,1.200000000000e+01,1.818735767282e+00
6.000000000000e+00,1.220000000000e+01,1.797875830615e+00
6.000000000000e+00,1.240000000000e+01,1.777549768953e+00
6.000000000000e+00,1.260000000000e+01,1.757733301877e+00
6.000000000000e+00,1.280000000000e+01,1.738403869115e+00
6.000000000000e+00,1.300000000000e+01,1.719540464728e+00
6.000000000000e+00,1.320000000000e+01,1.701123490908e+00
6.000000000000e+00,1.340000000000e+01,1.683134628706e+00
6.000000000000e+00,1.360000000000e+01,1.665556723425e+00
6.000000000000e+00,1.380000000000e+01,1.648373682746e+00
6.000000000000e+00,1.400000000000e+01,1.631570385950e+00
6.000000000000e+00,1.420000000000e+01,1.615128359315e+00
6.000000000000e+00,1.440000000000e+01,1.598967707705e+00
6.000000000000e+00,1.460000000000e+01,1.583149550109e+00
6.000000000000e+00,1.480000000000e+01,1.567661780687e+00
6.000000000000e+00,1.500000000000e+01,1.552492942582e+00
6.000000000000e+00,1.520000000000e+01,1.537632179632e+00
6.000000000000e+00,1.540000000000e+01,1.523069192632e+00
6.000000000000e+00,1.560000000000e+01,1.508794199661e+00
6.000000000000e+00,1.580000000000e+01,1.494797900007e+00
6.000000000000e+00,1.600000000000e+01,1.481071441313e+00
6.200000000000e+00,3.000000000000e+00,inf
6.200000000000e+00,3.200000000000e+00,inf
6.200000000000e+00,3.400000000000e+00,inf
6.200000000000e+00,3.600000000000e+00,inf
6.200000000000e+00,3.800000000000e+00,inf
6.200000000000e+00,4.000000000000e+00,inf
6.200000000000e+00,4.200000000000e+00,inf
6.200000000000e+00,4.400000000000e+00,4.482969476873e+00
6.200000000000e+00,4.600000000000e+00,4.196012716314e+00
6.200000000000e+00,4.800000000000e+00,3.961185766414e+00
6.200000000000e+00,5.000000000000e+00,3.765080619803e+00
6.200000000000e+00,5.200000000000e+00,3.598613840875e+00
6.200000000000e+00,5.400000000000e+00,3.455350848180e+00
6.200000000000e+00,5.600000000000e+00,3.329918405399e+00
6.200000000000e+00,5.800000000000e+00,3.219369884799e+00
6.200000000000e+00,6.000000000000e+00,3.120779561962e+00
6.200000000000e+00,6.200000000000e+00,3.031688430172e+00
6.200000000000e+00,6.400000000000e+00,2.950951629829e+00
6.200000000000e+00,6.600000000000e+00,2.877247479030e+00
6.200000000000e+00,6.800000000000e+00,2.809323844320e+00
6.200000000000e+00,7.000000000000e+00,2.746277559949e+00
6.200000000000e+00,7.200000000000e+00,2.687698100806e+00
6.200000000000e+00,7.400000000000e+00,2.633011257635e+00
6.200000000000e+00,7.600000000000e+00,2.581740830265e+00
6.200000000000e+00,7.800000000000e+00,2.533349585870e+00
6.200000000000e+00,8.000000000000e+00,2.487459117228e+00
6.200000000000e+00,8.200000000000e+00,2.443988984586e+00
6.200000000000e+00,8.400000000000e+00,2.402694870266e+00
6.200000000000e+00,8.600000000000e+00,2.363366992098e+00
6.200000000000e+00,8.800000000000e+00,2.325824180906e+00
6.200000000000e+00,9.000000000000e+00,2.289909122167e+00
6.200000000000e+00,9.200000000000e+00,2.255356213348e+00
6.200000000000e+00,9.400000000000e+00,2.222083691898e+00
6.200000000000e+00,9.600000000000e+00,2.190087376489e+00
6.200000000000e+00,9.800000000000e+00,2.159272456588e+00
6.200000000000e+00,1.000000000000e+01,2.129554636578e+00
6.200000000000e+00,1.020000000000e+01,2.100858665130e+00
6.200000000000e+00,1.040000000000e+01,2.073117104297e+00
6.200000000000e+00,1.060000000000e+01,2.046269294402e+00
6.200000000000e+00,1.080000000000e+01,2.020260479654e+00
6.200000000000e+00,1.100000000000e+01,1.995041066388e+00
6.200000000000e+00,1.120000000000e+01,1.970473400171e+00
6.200000000000e+00,1.140000000000e+01,1.946564945375e+00
6.200000000000e+00,1.160000000000e+01,1.923328820539e+00
6.200000000000e+00,1.180000000000e+01,1.900730232253e+00
6.200000000000e+00,1.200000000000e+01,1.878737194978e+00
6.200000000000e+00,1.220000000000e+01,1.857320228870e+00
6.200000000000e+00,1.240000000000e+01,1.836452096772e+00
6.200000000000e+00,1.260000000000e+01,1.816107574583e+00
6.200000000000e+00,1.280000000000e+01,1.796263250161e+00
6.200000000000e+00,1.300000000000e+01,1.776897346682e+00
6.200000000000e+00,1.320000000000e+01,1.757989567055e+00
6.200000000000e+00,1.340000000000e+01,1.739520956489e+00
6.200000000000e+00,1.360000000000e+01,1.721473780777e+00
6.200000000000e+00,1.380000000000e+01,1.703831418216e+00
6.200000000000e+00,1.400000000000e+01,1.686578263390e+00
6.200000000000e+00,1.420000000000e+01,1.669694479622e+00
6.200000000000e+00,1.440000000000e+01,1.653099491390e+00
6.200000000000e+00,1.460000000000e+01,1.636855296905e+00
6.200000000000e+00,1.480000000000e+01,1.620949439764e+00
6.200000000000e+00,1.500000000000e+01,1.605370138604e+00
6.200000000000e+00,1.520000000000e+01,1.590106236254e+00
6.200000000000e+00,1.540000000000e+01,1.575147153738e+00
6.200000000000e+00,1.560000000000e+01,1.560482848590e+00
6.200000000000e+00,1.580000000000e+01,1.546103776985e+00
6.200000000000e+00,1.600000000000e+01,1.532000859291e+00
6.400000000000e+00,3.000000000000e+00,inf
6.400000000000e+00,3.200000000000e+00,inf
6.400000000000e+00,3.400000000000e+00,inf
6.400000000000e+00,3.600000000000e+00,inf
6.400000000000e+00,3.800000000000e+00,inf
6.400000000000e+00,4.000000000000e+00,inf
6.400000000000e+00,4.200000000000e+00,inf
6.400000000000e+00,4.400000000000e+00,4.681443217310e+00
6.400000000000e+00,4.600000000000e+00,4.371229565329e+00
6.400000000000e+00,4.800000000000e+00,4.118555439208e+00
6.400000000000e+00,5.000000000000e+00,3.908460448977e+00
6.400000000000e+00,5.200000000000e+00,3.730826648506e+00
6.400000000000e+00,5.400000000000e+00,3.578504379577e+00
6.400000000000e+00,5.600000000000e+00,3.445602963553e+00
6.400000000000e+00,5.800000000000e+00,3.328827762119e+00
6.400000000000e+00,6.000000000000e+00,3.224976320791e+00
6.400000000000e+00,6.200000000000e+00,3.131387489887e+00
6.400000000000e+00,6.400000000000e+00,3.046774734937e+00
6.400000000000e+00,6.600000000000e+00,2.969699294398e+00
6.400000000000e+00,6.800000000000e+00,2.898809568378e+00
6.400000000000e+00,7.000000000000e+00,2.833137187974e+00
6.400000000000e+00,7.200000000000e+00,2.772217977730e+00
6.400000000000e+00,7.400000000000e+00,2.715431997632e+00
6.400000000000e+00,7.600000000000e+00,2.662266047504e+00
6.400000000000e+00,7.800000000000e+00,2.612146076610e+00
6.400000000000e+00,8.000000000000e+00,2.564674636973e+00
6.400000000000e+00,8.200000000000e+00,2.519752139676e+00
6.400000000000e+00,8.400000000000e+00,2.477117112606e+00
6.400000000000e+00,8.600000000000e+00,2.436545403668e+00
6.400000000000e+00,8.800000000000e+00,2.397843739417e+00
6.400000000000e+00,9.000000000000e+00,2.360844556563e+00
6.400000000000e+00,9.200000000000e+00,2.325267911065e+00
6.400000000000e+00,9.400000000000e+00,2.291030668507e+00
6.400000000000e+00,9.600000000000e+00,2.258122038349e+00
6.400000000000e+00,9.800000000000e+00,2.226441674817e+00
6.400000000000e+00,1.000000000000e+01,2.195900493166e+00
6.400000000000e+00,1.020000000000e+01,2.166419083197e+00
6.400000000000e+00,1.040000000000e+01,2.137926382691e+00
6.400000000000e+00,1.060000000000e+01,2.110358562931e+00
6.400000000000e+00,1.080000000000e+01,2.083658088185e+00
6.400000000000e+00,1.100000000000e+01,2.057772918569e+00
6.400000000000e+00,1.120000000000e+01,2.032559308427e+00
6.400000000000e+00,1.140000000000e+01,2.008027265865e+00
6.400000000000e+00,1.160000000000e+01,1.984187817997e+00
6.400000000000e+00,1.180000000000e+01,1.961004654760e+00
6.400000000000e+00,1.200000000000e+01,1.938444436972e+00
6.400000000000e+00,1.220000000000e+01,1.916476473469e+00
6.400000000000e+00,1.240000000000e+01,1.895072440364e+00
6.400000000000e+00,1.260000000000e+01,1.874206136159e+00
6.400000000000e+00,1.280000000000e+01,1.853853267489e+00
6.400000000000e+00,1.300000000000e+01,1.833991261101e+00
6.400000000000e+00,1.320000000000e+01,1.814599098403e+00
6.400000000000e+00,1.340000000000e+01,1.795657169460e+00
6.400000000000e+00,1.360000000000e+01,1.777147143806e+00
6.400000000000e+00,1.380000000000e+01,1.759051855845e+00
6.400000000000e+00,1.400000000000e+01,1.741355202934e+00
6.400000000000e+00,1.420000000000e+01,1.724035963984e+00
6.400000000000e+00,1.440000000000e+01,1.707012924281e+00
6.400000000000e+00,1.460000000000e+01,1.690348911821e+00
6.400000000000e+00,1.480000000000e+01,1.674031112951e+00
6.400000000000e+00,1.500000000000e+01,1.658047416154e+00
6.400000000000e+00,1.520000000000e+01,1.642386358527e+00
6.400000000000e+00,1.540000000000e+01,1.627037077409e+00
6.400000000000e+00,1.560000000000e+01,1.611989266586e+00
6.400000000000e+00,1.580000000000e+01,1.597233136550e+00
6.400000000000e+00,1.600000000000e+01,1.582759378375e+00
6.600000000000e+00,3.000000000000e+00,inf
6.600000000000e+00,3.200000000000e+00,inf
6.600000000000e+00,3.400000000000e+00,inf
6.600000000000e+00,3.600000000000e+00,inf
6.600000000000e+00,3.800000000000e+00,inf
6.600000000000e+00,4.000000000000e+00,inf
6.600000000000e+00,4.200000000000e+00,inf
6.600000000000e+00,4.400000000000e+00,4.886395965659e+00
6.600000000000e+00,4.600000000000e+00,4.551280766643e+00
6.600000000000e+00,4.800000000000e+00,4.279574720228e+00
6.600000000000e+00,5.000000000000e+00,4.054617961968e+00
6.600000000000e+00,5.200000000000e+00,3.865162301745e+00
6.600000000000e+00,5.400000000000e+00,3.703281249193e+00
6.600000000000e+00,5.600000000000e+00,3.562523421794e+00
6.600000000000e+00,5.800000000000e+00,3.439217560193e+00
6.600000000000e+00,6.000000000000e+00,3.329864106564e+00
6.600000000000e+00,6.200000000000e+00,3.231584387273e+00
6.600000000000e+00,6.400000000000e+00,3.142939754568e+00
6.600000000000e+00,6.600000000000e+00,3.062366343941e+00
6.600000000000e+00,6.800000000000e+00,2.988407278011e+00
6.600000000000e+00,7.000000000000e+00,2.920024009026e+00
6.600000000000e+00,7.200000000000e+00,2.856695341368e+00
6.600000000000e+00,7.400000000000e+00,2.797752827653e+00
6.600000000000e+00,7.600000000000e+00,2.742644077314e+00
6.600000000000e+00,7.800000000000e+00,2.690756625607e+00
6.600000000000e+00,8.000000000000e+00,2.641672368252e+00
6.600000000000e+00,8.200000000000e+00,2.595271498696e+00
6.600000000000e+00,8.400000000000e+00,2.551274459215e+00
6.600000000000e+00,8.600000000000e+00,2.509441961842e+00
6.600000000000e+00,8.800000000000e+00,2.469567994706e+00
6.600000000000e+00,9.000000000000e+00,2.431474217566e+00
6.600000000000e+00,9.200000000000e+00,2.394865991694e+00
6.600000000000e+00,9.400000000000e+00,2.359658336376e+00
6.600000000000e+00,9.600000000000e+00,2.325833548409e+00
6.600000000000e+00,9.800000000000e+00,2.293285478895e+00
6.600000000000e+00,1.000000000000e+01,2.261920025645e+00
6.600000000000e+00,1.020000000000e+01,2.231653424318e+00
6.600000000000e+00,1.040000000000e+01,2.202410820880e+00
6.600000000000e+00,1.060000000000e+01,2.174125073413e+00
6.600000000000e+00,1.080000000000e+01,2.146735741863e+00
6.600000000000e+00,1.100000000000e+01,2.120188232584e+00
6.600000000000e+00,1.120000000000e+01,2.094332654649e+00
6.600000000000e+00,1.140000000000e+01,2.069181453706e+00
6.600000000000e+00,1.160000000000e+01,2.044743478742e+00
6.600000000000e+00,1.180000000000e+01,2.020980841802e+00
6.600000000000e+00,1.200000000000e+01,1.997858796698e+00
6.600000000000e+00,1.220000000000e+01,1.975345394411e+00
6.600000000000e+00,1.240000000000e+01,1.953411183717e+00
6.600000000000e+00,1.260000000000e+01,1.932028950271e+00
6.600000000000e+00,1.280000000000e+01,1.911173488531e+00
6.600000000000e+00,1.300000000000e+01,1.890821401788e+00
6.600000000000e+00,1.320000000000e+01,1.870950926364e+00
6.600000000000e+00,1.340000000000e+01,1.851541776599e+00
6.600000000000e+00,1.360000000000e+01,1.832575007840e+00
6.600000000000e+00,1.380000000000e+01,1.814032894992e+00
6.600000000000e+00,1.400000000000e+01,1.795898824616e+00
6.600000000000e+00,1.420000000000e+01,1.778150170652e+00
6.600000000000e+00,1.440000000000e+01,1.760705115219e+00
6.600000000000e+00,1.460000000000e+01,1.743627268325e+00
6.600000000000e+00,1.480000000000e+01,1.726903451591e+00
6.600000000000e+00,1.500000000000e+01,1.710521216968e+00
6.600000000000e+00,1.520000000000e+01,1.694468790401e+00
6.600000000000e+00,1.540000000000e+01,1.678735020979e+00
6.600000000000e+00,1.560000000000e+01,1.663309334926e+00
6.600000000000e+00,1.580000000000e+01,1.648181693905e+00
6.600000000000e+00,1.600000000000e+01,1.633342557142e+00
6.800000000000e+00,3.000000000000e+00,inf
6.800000000000e+00,3.200000000000e+00,inf
6.800000000000e+00,3.400000000000e+00,inf
6.800000000000e+00,3.600000000000e+00,inf
6.800000000000e+00,3.800000000000e+00,inf
6.800000000000e+00,4.000000000000e+00,inf
6.800000000000e+00,4.200000000000e+00,inf
6.800000000000e+00,4.400000000000e+00,5.098208151883e+00
6.800000000000e+00,4.600000000000e+00,4.736447294019e+00
6.800000000000e+00,4.800000000000e+00,4.444457162281e+00
6.800000000000e+00,5.000000000000e+00,4.203719726903e+00
6.800000000000e+00,5.200000000000e+00,4.001753871480e+00
6.800000000000e+00,5.400000000000e+00,3.829790045009e+00
6.800000000000e+00,5.600000000000e+00,3.680770098342e+00
6.800000000000e+00,5.800000000000e+00,3.550615672367e+00
6.800000000000e+00,6.000000000000e+00,3.435508460652e+00
6.800000000000e+00,6.200000000000e+00,3.332336059640e+00
6.800000000000e+00,6.400000000000e+00,3.239496677212e+00
6.800000000000e+00,6.600000000000e+00,3.155292906837e+00
6.800000000000e+00,6.800000000000e+00,3.078156473388e+00
6.800000000000e+00,7.000000000000e+00,3.006973474594e+00
6.800000000000e+00,7.200000000000e+00,2.941162166406e+00
6.800000000000e+00,7.400000000000e+00,2.880002700291e+00
6.800000000000e+00,7.600000000000e+00,2.822901216826e+00
6.800000000000e+00,7.800000000000e+00,2.769205170345e+00
6.800000000000e+00,8.000000000000e+00,2.718474134097e+00
6.800000000000e+00,8.200000000000e+00,2.670566978922e+00
6.800000000000e+00,8.400000000000e+00,2.625185098641e+00
6.800000000000e+00,8.600000000000e+00,2.582073278257e+00
6.800000000000e+00,8.800000000000e+00,2.541012113027e+00
6.800000000000e+00,9.000000000000e+00,2.501811941070e+00
6.800000000000e+00,9.200000000000e+00,2.464163062485e+00
6.800000000000e+00,9.400000000000e+00,2.427978160138e+00
6.800000000000e+00,9.600000000000e+00,2.393232309860e+00
6.800000000000e+00,9.800000000000e+00,2.359813283699e+00
6.800000000000e+00,1.000000000000e+01,2.327621726831e+00
6.800000000000e+00,1.020000000000e+01,2.296569319566e+00
6.800000000000e+00,1.040000000000e+01,2.266577243349e+00
6.800000000000e+00,1.060000000000e+01,2.237574894366e+00
6.800000000000e+00,1.080000000000e+01,2.209498799879e+00
6.800000000000e+00,1.100000000000e+01,2.182291701380e+00
6.800000000000e+00,1.120000000000e+01,2.155797507150e+00
6.800000000000e+00,1.140000000000e+01,2.130030986100e+00
6.800000000000e+00,1.160000000000e+01,2.104998723572e+00
6.800000000000e+00,1.180000000000e+01,2.080661190118e+00
6.800000000000e+00,1.200000000000e+01,2.056982177035e+00
6.800000000000e+00,1.220000000000e+01,2.033928428955e+00
6.800000000000e+00,1.240000000000e+01,2.011469324907e+00
6.800000000000e+00,1.260000000000e+01,1.989576600594e+00
6.800000000000e+00,1.280000000000e+01,1.968224105813e+00
6.800000000000e+00,1.300000000000e+01,1.947387591965e+00
6.800000000000e+00,1.320000000000e+01,1.927044525383e+00
6.800000000000e+00,1.340000000000e+01,1.907173922899e+00
6.800000000000e+00,1.360000000000e+01,1.887756206606e+00
6.800000000000e+00,1.380000000000e+01,1.868773075251e+00
6.800000000000e+00,1.400000000000e+01,1.850207390060e+00
6.800000000000e+00,1.420000000000e+01,1.832035100212e+00
6.800000000000e+00,1.440000000000e+01,1.814173815842e+00
6.800000000000e+00,1.460000000000e+01,1.796687882768e+00
6.800000000000e+00,1.480000000000e+01,1.779563749657e+00
6.800000000000e+00,1.500000000000e+01,1.762788624829e+00
6.800000000000e+00,1.520000000000e+01,1.746350416997e+00
6.800000000000e+00,1.540000000000e+01,1.730237681808e+00
6.800000000000e+00,1.560000000000e+01,1.714439573531e+00
6.800000000000e+00,1.580000000000e+01,1.698945801299e+00
6.800000000000e+00,1.600000000000e+01,1.683746589416e+00
7.000000000000e+00,3.000000000000e+00,inf
7.000000000000e+00,3.200000000000e+00,inf
7.000000000000e+00,3.400000000000e+00,inf
7.000000000000e+00,3.600000000000e+00,inf
7.000000000000e+00,3.800000000000e+00,inf
7.000000000000e+00,4.000000000000e+00,inf
7.000000000000e+00,4.200000000000e+00,inf
7.000000000000e+00,4.400000000000e+00,5.317272943842e+00
7.000000000000e+00,4.600000000000e+00,4.927018003403e+00
7.000000000000e+00,4.800000000000e+00,4.613421173693e+00
7.000000000000e+00,5.000000000000e+00,4.355935253182e+00
7.000000000000e+00,5.200000000000e+00,4.140736142820e+00
7.000000000000e+00,5.400000000000e+00,3.958140283443e+00
7.000000000000e+00,5.600000000000e+00,3.800433737560e+00
7.000000000000e+00,5.800000000000e+00,3.663098603016e+00
7.000000000000e+00,6.000000000000e+00,3.541974845234e+00
7.000000000000e+00,6.200000000000e+00,3.433699258006e+00
7.000000000000e+00,6.400000000000e+00,3.336495253662e+00
7.000000000000e+00,6.600000000000e+00,3.248523010426e+00
7.000000000000e+00,6.800000000000e+00,3.168096413280e+00
7.000000000000e+00,7.000000000000e+00,3.094020821927e+00
7.000000000000e+00,7.200000000000e+00,3.025650250530e+00
7.000000000000e+00,7.400000000000e+00,2.962210434340e+00
7.000000000000e+00,7.600000000000e+00,2.903063675673e+00
7.000000000000e+00,7.800000000000e+00,2.847515607694e+00
7.000000000000e+00,8.000000000000e+00,2.795101764425e+00
7.000000000000e+00,8.200000000000e+00,2.745658550810e+00
7.000000000000e+00,8.400000000000e+00,2.698867317106e+00
7.000000000000e+00,8.600000000000e+00,2.654456104532e+00
7.000000000000e+00,8.800000000000e+00,2.612191440528e+00
7.000000000000e+00,9.000000000000e+00,2.571871780268e+00
7.000000000000e+00,9.200000000000e+00,2.533171982336e+00
7.000000000000e+00,9.400000000000e+00,2.496001888593e+00
7.000000000000e+00,9.600000000000e+00,2.460329040121e+00
7.000000000000e+00,9.800000000000e+00,2.426034846034e+00
7.000000000000e+00,1.000000000000e+01,2.393014456910e+00
7.000000000000e+00,1.020000000000e+01,2.361174790689e+00
7.000000000000e+00,1.040000000000e+01,2.330432886550e+00
7.000000000000e+00,1.060000000000e+01,2.300714525695e+00
7.000000000000e+00,1.080000000000e+01,2.271953070461e+00
7.000000000000e+00,1.100000000000e+01,2.244088482952e+00
7.000000000000e+00,1.120000000000e+01,2.216958413437e+00
7.000000000000e+00,1.140000000000e+01,2.190579832559e+00
7.000000000000e+00,1.160000000000e+01,2.164956977379e+00
7.000000000000e+00,1.180000000000e+01,2.140048611100e+00
7.000000000000e+00,1.200000000000e+01,2.115817004946e+00
7.000000000000e+00,1.220000000000e+01,2.092227546824e+00
7.000000000000e+00,1.240000000000e+01,2.069248401893e+00
7.000000000000e+00,1.260000000000e+01,2.046850217213e+00
7.000000000000e+00,1.280000000000e+01,2.025005863984e+00
7.000000000000e+00,1.300000000000e+01,2.003690211928e+00
7.000000000000e+00,1.320000000000e+01,1.982879931246e+00
7.000000000000e+00,1.340000000000e+01,1.962553318310e+00
7.000000000000e+00,1.360000000000e+01,1.942690141823e+00
7.000000000000e+00,1.380000000000e+01,1.923271506708e+00
7.000000000000e+00,1.400000000000e+01,1.904279733374e+00
7.000000000000e+00,1.420000000000e+01,1.885689327136e+00
7.000000000000e+00,1.440000000000e+01,1.867417352798e+00
7.000000000000e+00,1.460000000000e+01,1.849528847248e+00
7.000000000000e+00,1.480000000000e+01,1.832009877238e+00
7.000000000000e+00,1.500000000000e+01,1.814847299692e+00
7.000000000000e+00,1.520000000000e+01,1.798028699367e+00
7.000000000000e+00,1.540000000000e+01,1.781542332681e+00
7.000000000000e+00,1.560000000000e+01,1.765377076982e+00
7.000000000000e+00,1.580000000000e+01,1.749522384651e+00
7.000000000000e+00,1.600000000000e+01,1.733968241493e+00
7.200000000000e+00,3.000000000000e+00,inf
7.200000000000e+00,3.200000000000e+00,inf
7.200000000000e+00,3.400000000000e+00,inf
7.200000000000e+00,3.600000000000e+00,inf
7.200000000000e+00,3.800000000000e+00,inf
7.200000000000e+00,4.000000000000e+00,inf
7.200000000000e+00,4.200000000000e+00,inf
7.200000000000e+00,4.400000000000e+00,5.543996921446e+00
7.200000000000e+00,4.600000000000e+00,5.123290081910e+00
7.200000000000e+00,4.800000000000e+00,4.786690329048e+00
7.200000000000e+00,5.000000000000e+00,4.511437211309e+00
7.200000000000e+00,5.200000000000e+00,4.282245772165e+00
7.200000000000e+00,5.400000000000e+00,4.088442521085e+00
7.200000000000e+00,5.600000000000e+00,3.921605587688e+00
7.200000000000e+00,5.800000000000e+00,3.776743019042e+00
7.200000000000e+00,6.000000000000e+00,3.649328674136e+00
7.200000000000e+00,6.200000000000e+00,3.535730561132e+00
7.200000000000e+00,6.400000000000e+00,3.433984997283e+00
7.200000000000e+00,6.600000000000e+00,3.342100419051e+00
7.200000000000e+00,6.800000000000e+00,3.258266094471e+00
7.200000000000e+00,7.000000000000e+00,3.181201045355e+00
7.200000000000e+00,7.200000000000e+00,3.110191178909e+00
7.200000000000e+00,7.400000000000e+00,3.044404673488e+00
7.200000000000e+00,7.600000000000e+00,2.983157529776e+00
7.200000000000e+00,7.800000000000e+00,2.925711743656e+00
7.200000000000e+00,8.000000000000e+00,2.871577042250e+00
7.200000000000e+00,8.200000000000e+00,2.820566181237e+00
7.200000000000e+00,8.400000000000e+00,2.772339439244e+00
7.200000000000e+00,8.600000000000e+00,2.726607270935e+00
7.200000000000e+00,8.800000000000e+00,2.683121440197e+00
7.200000000000e+00,9.000000000000e+00,2.641667941194e+00
7.200000000000e+00,9.200000000000e+00,2.601905796278e+00
7.200000000000e+00,9.400000000000e+00,2.563741488306e+00
7.200000000000e+00,9.600000000000e+00,2.527134703746e+00
7.200000000000e+00,9.800000000000e+00,2.491960197022e+00
7.200000000000e+00,1.000000000000e+01,2.458107375474e+00
7.200000000000e+00,1.020000000000e+01,2.425478181931e+00
7.200000000000e+00,1.040000000000e+01,2.393985330635e+00
7.200000000000e+00,1.060000000000e+01,2.363550830421e+00
7.200000000000e+00,1.080000000000e+01,2.334104742698e+00
7.200000000000e+00,1.100000000000e+01,2.305584132336e+00
7.200000000000e+00,1.120000000000e+01,2.277820332478e+00
7.200000000000e+00,1.140000000000e+01,2.250832387454e+00
7.200000000000e+00,1.160000000000e+01,2.224622102038e+00
7.200000000000e+00,1.180000000000e+01,2.199146464066e+00
7.200000000000e+00,1.200000000000e+01,2.174366165160e+00
7.200000000000e+00,1.220000000000e+01,2.150245184339e+00
7.200000000000e+00,1.240000000000e+01,2.126750427118e+00
7.200000000000e+00,1.260000000000e+01,2.103851411719e+00
7.200000000000e+00,1.280000000000e+01,2.081519995412e+00
7.200000000000e+00,1.300000000000e+01,2.059730135169e+00
7.200000000000e+00,1.320000000000e+01,2.038457677724e+00
7.200000000000e+00,1.340000000000e+01,2.017680174930e+00
7.200000000000e+00,1.360000000000e+01,1.997376720932e+00
7.200000000000e+00,1.380000000000e+01,1.977527808209e+00
7.200000000000e+00,1.400000000000e+01,1.958115199979e+00
7.200000000000e+00,1.420000000000e+01,1.939111939182e+00
7.200000000000e+00,1.440000000000e+01,1.920434567691e+00
7.200000000000e+00,1.460000000000e+01,1.902148770101e+00
7.200000000000e+00,1.480000000000e+01,1.884240221601e+00
7.200000000000e+00,1.500000000000e+01,1.866695419292e+00
7.200000000000e+00,1.520000000000e+01,1.849501616645e+00
7.200000000000e+00,1.540000000000e+01,1.832646764485e+00
7.200000000000e+00,1.560000000000e+01,1.816119457740e+00
7.200000000000e+00,1.580000000000e+01,1.799908887300e+00
7.200000000000e+00,1.600000000000e+01,1.784004796417e+00
7.400000000000e+00,3.000000000000e+00,inf
7.400000000000e+00,3.200000000000e+00,inf
7.400000000000e+00,3.400000000000e+00,inf
7.400000000000e+00,3.600000000000e+00,inf
7.400000000000e+00,3.800000000000e+00,inf
7.400000000000e+00,4.000000000000e+00,inf
7.400000000000e+00,4.200000000000e+00,inf
7.400000000000e+00,4.400000000000e+00,inf
7.400000000000e+00,4.600000000000e+00,5.325569502067e+00
7.400000000000e+00,4.800000000000e+00,4.964493683385e+00
7.400000000000e+00,5.000000000000e+00,4.670401656254e+00
7.400000000000e+00,5.200000000000e+00,4.426421448541e+00
7.400000000000e+00,5.400000000000e+00,4.220808471579e+00
7.400000000000e+00,5.600000000000e+00,4.044377484620e+00
7.400000000000e+00,5.800000000000e+00,3.891625808235e+00
7.400000000000e+00,6.000000000000e+00,3.757635351212e+00
7.400000000000e+00,6.200000000000e+00,3.638486397704e+00
7.400000000000e+00,6.400000000000e+00,3.532015192914e+00
7.400000000000e+00,6.600000000000e+00,3.436068631929e+00
7.400000000000e+00,6.800000000000e+00,3.348704240485e+00
7.400000000000e+00,7.000000000000e+00,3.268548877164e+00
7.400000000000e+00,7.200000000000e+00,3.194816298409e+00
7.400000000000e+00,7.400000000000e+00,3.126613854848e+00
7.400000000000e+00,7.600000000000e+00,3.063208685029e+00
7.400000000000e+00,7.800000000000e+00,3.003817253015e+00
7.400000000000e+00,8.000000000000e+00,2.947921659799e+00
7.400000000000e+00,8.200000000000e+00,2.895309786597e+00
7.400000000000e+00,8.400000000000e+00,2.845619778657e+00
7.400000000000e+00,8.600000000000e+00,2.798543634779e+00
7.400000000000e+00,8.800000000000e+00,2.753817638460e+00
7.400000000000e+00,9.000000000000e+00,2.711214727830e+00
7.400000000000e+00,9.200000000000e+00,2.670377679421e+00
7.400000000000e+00,9.400000000000e+00,2.631209086531e+00
7.400000000000e+00,9.600000000000e+00,2.593660454547e+00
7.400000000000e+00,9.800000000000e+00,2.557599583607e+00
7.400000000000e+00,1.000000000000e+01,2.522909882552e+00
7.400000000000e+00,1.020000000000e+01,2.489488100732e+00
7.400000000000e+00,1.040000000000e+01,2.457242439931e+00
7.400000000000e+00,1.060000000000e+01,2.426090975038e+00
7.400000000000e+00,1.080000000000e+01,2.395960326871e+00
7.400000000000e+00,1.100000000000e+01,2.366784541988e+00
7.400000000000e+00,1.120000000000e+01,2.338388575230e+00
7.400000000000e+00,1.140000000000e+01,2.310793410721e+00
7.400000000000e+00,1.160000000000e+01,2.283998337341e+00
7.400000000000e+00,1.180000000000e+01,2.257958497462e+00
7.400000000000e+00,1.200000000000e+01,2.232632941689e+00
7.400000000000e+00,1.220000000000e+01,2.207984186266e+00
7.400000000000e+00,1.240000000000e+01,2.183977829724e+00
7.400000000000e+00,1.260000000000e+01,2.160582219806e+00
7.400000000000e+00,1.280000000000e+01,2.137768163192e+00
7.400000000000e+00,1.300000000000e+01,2.115508671806e+00
7.400000000000e+00,1.320000000000e+01,2.093778740437e+00
7.400000000000e+00,1.340000000000e+01,2.072555151312e+00
7.400000000000e+00,1.360000000000e+01,2.051816301867e+00
7.400000000000e+00,1.380000000000e+01,2.031542052598e+00
7.400000000000e+00,1.400000000000e+01,2.011713592302e+00
7.400000000000e+00,1.420000000000e+01,1.992302483554e+00
7.400000000000e+00,1.440000000000e+01,1.973224763723e+00
7.400000000000e+00,1.460000000000e+01,1.954546723022e+00
7.400000000000e+00,1.480000000000e+01,1.936253634768e+00
7.400000000000e+00,1.500000000000e+01,1.918331627195e+00
7.400000000000e+00,1.520000000000e+01,1.900767614571e+00
7.400000000000e+00,1.540000000000e+01,1.883549235212e+00
7.400000000000e+00,1.560000000000e+01,1.866664795605e+00
7.400000000000e+00,1.580000000000e+01,1.850103219928e+00
7.400000000000e+00,1.600000000000e+01,1.833854004364e+00
7.600000000000e+00,3.000000000000e+00,inf
7.600000000000e+00,3.200000000000e+00,inf
7.600000000000e+00,3.400000000000e+00,inf
7.600000000000e+00,3.600000000000e+00,inf
7.600000000000e+00,3.800000000000e+00,inf
7.600000000000e+00,4.000000000000e+00,inf
7.600000000000e+00,4.200000000000e+00,inf
7.600000000000e+00,4.400000000000e+00,inf
7.600000000000e+00,4.600000000000e+00,5.534171481120e+00
7.600000000000e+00,4.800000000000e+00,5.147066088984e+00
7.600000000000e+00,5.000000000000e+00,4.833008253104e+00
7.600000000000e+00,5.200000000000e+00,4.573404057763e+00
7.600000000000e+00,5.400000000000e+00,4.355351126106e+00
7.600000000000e+00,5.600000000000e+00,4.168841940119e+00
7.600000000000e+00,5.800000000000e+00,4.007824142835e+00
7.600000000000e+00,6.000000000000e+00,3.866960314585e+00
7.600000000000e+00,6.200000000000e+00,3.742023074962e+00
7.600000000000e+00,6.400000000000e+00,3.630634912708e+00
7.600000000000e+00,6.600000000000e+00,3.530470888376e+00
7.600000000000e+00,6.800000000000e+00,3.439449297959e+00
7.600000000000e+00,7.000000000000e+00,3.356098776375e+00
7.600000000000e+00,7.200000000000e+00,3.279556699892e+00
7.600000000000e+00,7.400000000000e+00,3.208866185724e+00
7.600000000000e+00,7.600000000000e+00,3.143242849312e+00
7.600000000000e+00,7.800000000000e+00,3.081855647373e+00
7.600000000000e+00,8.000000000000e+00,3.024157183028e+00
7.600000000000e+00,8.200000000000e+00,2.969909194320e+00
7.600000000000e+00,8.400000000000e+00,2.918726596858e+00
7.600000000000e+00,8.600000000000e+00,2.870282037181e+00
7.600000000000e+00,8.800000000000e+00,2.824295580080e+00
7.600000000000e+00,9.000000000000e+00,2.780526495424e+00
7.600000000000e+00,9.200000000000e+00,2.738600889023e+00
7.600000000000e+00,9.400000000000e+00,2.698416922202e+00
7.600000000000e+00,9.600000000000e+00,2.659917585689e+00
7.600000000000e+00,9.800000000000e+00,2.622963417922e+00
7.600000000000e+00,1.000000000000e+01,2.587431567412e+00
7.600000000000e+00,1.020000000000e+01,2.553213366086e+00
7.600000000000e+00,1.040000000000e+01,2.520212310981e+00
7.600000000000e+00,1.060000000000e+01,2.488342377347e+00
7.600000000000e+00,1.080000000000e+01,2.457526602158e+00
7.600000000000e+00,1.100000000000e+01,2.427695889444e+00
7.600000000000e+00,1.120000000000e+01,2.398668752344e+00
7.600000000000e+00,1.140000000000e+01,2.370467975646e+00
7.600000000000e+00,1.160000000000e+01,2.343090248914e+00
7.600000000000e+00,1.180000000000e+01,2.316488796951e+00
7.600000000000e+00,1.200000000000e+01,2.290620966123e+00
7.600000000000e+00,1.220000000000e+01,2.265447754366e+00
7.600000000000e+00,1.240000000000e+01,2.240933404379e+00
7.600000000000e+00,1.260000000000e+01,2.217045050402e+00
7.600000000000e+00,1.280000000000e+01,2.193752410600e+00
7.600000000000e+00,1.300000000000e+01,2.171027518370e+00
7.600000000000e+00,1.320000000000e+01,2.148844487003e+00
7.600000000000e+00,1.340000000000e+01,2.127179302977e+00
7.600000000000e+00,1.360000000000e+01,2.106009643934e+00
7.600000000000e+00,1.380000000000e+01,2.085314717978e+00
7.600000000000e+00,1.400000000000e+01,2.065075121438e+00
7.600000000000e+00,1.420000000000e+01,2.045260918974e+00
7.600000000000e+00,1.440000000000e+01,2.025787658153e+00
7.600000000000e+00,1.460000000000e+01,2.006722193928e+00
7.600000000000e+00,1.480000000000e+01,1.988049386793e+00
7.600000000000e+00,1.500000000000e+01,1.969754986479e+00
7.600000000000e+00,1.520000000000e+01,1.951825559571e+00
7.600000000000e+00,1.540000000000e+01,1.934248424436e+00
7.600000000000e+00,1.560000000000e+01,1.917011592604e+00
7.600000000000e+00,1.580000000000e+01,1.900103715846e+00
7.600000000000e+00,1.600000000000e+01,1.883514038320e+00
7.800000000000e+00,3.000000000000e+00,inf
7.800000000000e+00,3.200000000000e+00,inf
7.800000000000e+00,3.400000000000e+00,inf
7.800000000000e+00,3.600000000000e+00,inf
7.800000000000e+00,3.800000000000e+00,inf
7.800000000000e+00,4.000000000000e+00,inf
7.800000000000e+00,4.200000000000e+00,inf
7.800000000000e+00,4.400000000000e+00,inf
7.800000000000e+00,4.600000000000e+00,5.749420945540e+00
7.800000000000e+00,4.800000000000e+00,5.334648514212e+00
7.800000000000e+00,5.000000000000e+00,4.999440504155e+00
7.800000000000e+00,5.200000000000e+00,4.723336848354e+00
7.800000000000e+00,5.400000000000e+00,4.492184876269e+00
7.800000000000e+00,5.600000000000e+00,4.295092233168e+00
7.800000000000e+00,5.800000000000e+00,4.125415546957e+00
7.800000000000e+00,6.000000000000e+00,3.977369085381e+00
7.800000000000e+00,6.200000000000e+00,3.846396812396e+00
7.800000000000e+00,6.400000000000e+00,3.729893037538e+00
7.800000000000e+00,6.600000000000e+00,3.625350178981e+00
7.800000000000e+00,6.800000000000e+00,3.530539439292e+00
7.800000000000e+00,7.000000000000e+00,3.443884924062e+00
7.800000000000e+00,7.200000000000e+00,3.364443207278e+00
7.800000000000e+00,7.400000000000e+00,3.291189627295e+00
7.800000000000e+00,7.600000000000e+00,3.223285511548e+00
7.800000000000e+00,7.800000000000e+00,3.159850250272e+00
7.800000000000e+00,8.000000000000e+00,3.100305023285e+00
7.800000000000e+00,8.200000000000e+00,3.044384111539e+00
7.800000000000e+00,8.400000000000e+00,2.991678069367e+00
7.800000000000e+00,8.600000000000e+00,2.941839266950e+00
7.800000000000e+00,8.800000000000e+00,2.894570790158e+00
7.800000000000e+00,9.000000000000e+00,2.849617610895e+00
7.800000000000e+00,9.200000000000e+00,2.806588723578e+00
7.800000000000e+00,9.400000000000e+00,2.765377303860e+00
7.800000000000e+00,9.600000000000e+00,2.725917486655e+00
7.800000000000e+00,9.800000000000e+00,2.688062233465e+00
7.800000000000e+00,1.000000000000e+01,2.651682164093e+00
7.800000000000e+00,1.020000000000e+01,2.616662963565e+00
7.800000000000e+00,1.040000000000e+01,2.582903227173e+00
7.800000000000e+00,1.060000000000e+01,2.550312660776e+00
7.800000000000e+00,1.080000000000e+01,2.518810570746e+00
7.800000000000e+00,1.100000000000e+01,2.488324591296e+00
7.800000000000e+00,1.120000000000e+01,2.458666728107e+00
7.800000000000e+00,1.140000000000e+01,2.429861422804e+00
7.800000000000e+00,1.160000000000e+01,2.401902682200e+00
7.800000000000e+00,1.180000000000e+01,2.374741739499e+00
7.800000000000e+00,1.200000000000e+01,2.348334171858e+00
7.800000000000e+00,1.220000000000e+01,2.322639401788e+00
7.800000000000e+00,1.240000000000e+01,2.297620265864e+00
7.800000000000e+00,1.260000000000e+01,2.273242640485e+00
7.800000000000e+00,1.280000000000e+01,2.249475116148e+00
7.800000000000e+00,1.300000000000e+01,2.226288713139e+00
7.800000000000e+00,1.320000000000e+01,2.203656632647e+00
7.800000000000e+00,1.340000000000e+01,2.181554038324e+00
7.800000000000e+00,1.360000000000e+01,2.159957864037e+00
7.800000000000e+00,1.380000000000e+01,2.138846644252e+00
7.800000000000e+00,1.400000000000e+01,2.118200364011e+00
7.800000000000e+00,1.420000000000e+01,2.097987572880e+00
7.800000000000e+00,1.440000000000e+01,2.078123339846e+00
7.800000000000e+00,1.460000000000e+01,2.058675044843e+00
7.800000000000e+00,1.480000000000e+01,2.039627123992e+00
7.800000000000e+00,1.500000000000e+01,2.020964938310e+00
7.800000000000e+00,1.520000000000e+01,2.002674697686e+00
7.800000000000e+00,1.540000000000e+01,1.984743392594e+00
7.800000000000e+00,1.560000000000e+01,1.967158732612e+00
7.800000000000e+00,1.580000000000e+01,1.949909090962e+00
7.800000000000e+00,1.600000000000e+01,1.932983454400e+00
8.000000000000e+00,3.000000000000e+00,inf
8.000000000000e+00,3.200000000000e+00,inf
8.000000000000e+00,3.400000000000e+00,inf
8.000000000000e+00,3.600000000000e+00,inf
8.000000000000e+00,3.800000000000e+00,inf
8.000000000000e+00,4.000000000000e+00,inf
8.000000000000e+00,4.200000000000e+00,inf
8.000000000000e+00,4.400000000000e+00,inf
8.000000000000e+00,4.600000000000e+00,5.971653001244e+00
8.000000000000e+00,4.800000000000e+00,5.527488364230e+00
8.000000000000e+00,5.000000000000e+00,5.169885976838e+00
8.000000000000e+00,5.200000000000e+00,4.876365598420e+00
8.000000000000e+00,5.400000000000e+00,4.631425638455e+00
8.000000000000e+00,5.600000000000e+00,4.423222503461e+00
8.000000000000e+00,5.800000000000e+00,4.244477966810e+00
8.000000000000e+00,6.000000000000e+00,4.088927319842e+00
8.000000000000e+00,6.200000000000e+00,3.951663779357e+00
8.000000000000e+00,6.400000000000e+00,3.829838282771e+00
8.000000000000e+00,6.600000000000e+00,3.720749261577e+00
8.000000000000e+00,6.800000000000e+00,3.622012570395e+00
8.000000000000e+00,7.000000000000e+00,3.531941224058e+00
8.000000000000e+00,7.200000000000e+00,3.449506372208e+00
8.000000000000e+00,7.400000000000e+00,3.373611884073e+00
8.000000000000e+00,7.600000000000e+00,3.303361926661e+00
8.000000000000e+00,7.800000000000e+00,3.237824178328e+00
8.000000000000e+00,8.000000000000e+00,3.176386415048e+00
8.000000000000e+00,8.200000000000e+00,3.118754099894e+00
8.000000000000e+00,8.400000000000e+00,3.064492257968e+00
8.000000000000e+00,8.600000000000e+00,3.013232030636e+00
8.000000000000e+00,8.800000000000e+00,2.964658742278e+00
8.000000000000e+00,9.000000000000e+00,2.918502419335e+00
8.000000000000e+00,9.200000000000e+00,2.874354487969e+00
8.000000000000e+00,9.400000000000e+00,2.832102573609e+00
8.000000000000e+00,9.600000000000e+00,2.791671606191e+00
8.000000000000e+00,9.800000000000e+00,2.752906647193e+00
8.000000000000e+00,1.000000000000e+01,2.715671512791e+00
8.000000000000e+00,1.020000000000e+01,2.679846006128e+00
8.000000000000e+00,1.040000000000e+01,2.645323619076e+00
8.000000000000e+00,1.060000000000e+01,2.612009614358e+00
8.000000000000e+00,1.080000000000e+01,2.579819417528e+00
8.000000000000e+00,1.100000000000e+01,2.548677262693e+00
8.000000000000e+00,1.120000000000e+01,2.518388579836e+00
8.000000000000e+00,1.140000000000e+01,2.488979319377e+00
8.000000000000e+00,1.160000000000e+01,2.460440721762e+00
8.000000000000e+00,1.180000000000e+01,2.432721952698e+00
8.000000000000e+00,1.200000000000e+01,2.405776753481e+00
8.000000000000e+00,1.220000000000e+01,2.379562912559e+00
8.000000000000e+00,1.240000000000e+01,2.354041808707e+00
8.000000000000e+00,1.260000000000e+01,2.329178014868e+00
8.000000000000e+00,1.280000000000e+01,2.304938953569e+00
8.000000000000e+00,1.300000000000e+01,2.281294596313e+00
8.000000000000e+00,1.320000000000e+01,2.258217200604e+00
8.000000000000e+00,1.340000000000e+01,2.235681079268e+00
8.000000000000e+00,1.360000000000e+01,2.213662397563e+00
8.000000000000e+00,1.380000000000e+01,2.192138994277e+00
8.000000000000e+00,1.400000000000e+01,2.171090223598e+00
8.000000000000e+00,1.420000000000e+01,2.150483103134e+00
8.000000000000e+00,1.440000000000e+01,2.130232231261e+00
8.000000000000e+00,1.460000000000e+01,2.110405474181e+00
8.000000000000e+00,1.480000000000e+01,2.090986831516e+00
8.000000000000e+00,1.500000000000e+01,2.071961264812e+00
8.000000000000e+00,1.520000000000e+01,2.053314617740e+00
8.000000000000e+00,1.540000000000e+01,2.035033544451e+00
8.000000000000e+00,1.560000000000e+01,2.017105445121e+00
8.000000000000e+00,1.580000000000e+01,1.999518407854e+00
8.000000000000e+00,1.600000000000e+01,1.982261156216e+00
8.200000000000e+00,3.000000000000e+00,inf
8.200000000000e+00,3.200000000000e+00,inf
8.200000000000e+00,3.400000000000e+00,inf
8.200000000000e+00,3.600000000000e+00,inf
8.200000000000e+00,3.800000000000e+00,inf
8.200000000000e+00,4.000000000000e+00,inf
8.200000000000e+00,4.200000000000e+00,inf
8.200000000000e+00,4.400000000000e+00,inf
8.200000000000e+00,4.600000000000e+00,6.201213410270e+00
8.200000000000e+00,4.800000000000e+00,5.725839803576e+00
8.200000000000e+00,5.000000000000e+00,5.344536532141e+00
8.200000000000e+00,5.200000000000e+00,5.032638782905e+00
8.200000000000e+00,5.400000000000e+00,4.773190978962e+00
8.200000000000e+00,5.600000000000e+00,4.553327846222e+00
8.200000000000e+00,5.800000000000e+00,4.365089842835e+00
8.200000000000e+00,6.000000000000e+00,4.201700863915e+00
8.200000000000e+00,6.200000000000e+00,4.057880135666e+00
8.200000000000e+00,6.400000000000e+00,3.930519227510e+00
8.200000000000e+00,6.600000000000e+00,3.816710681039e+00
8.200000000000e+00,6.800000000000e+00,3.713906342598e+00
8.200000000000e+00,7.000000000000e+00,3.620301308088e+00
8.200000000000e+00,7.200000000000e+00,3.534776473367e+00
8.200000000000e+00,7.400000000000e+00,3.456160398210e+00
8.200000000000e+00,7.600000000000e+00,3.383497105534e+00
8.200000000000e+00,7.800000000000e+00,3.315800327449e+00
8.200000000000e+00,8.000000000000e+00,3.252422398833e+00
8.200000000000e+00,8.200000000000e+00,3.193038555547e+00
8.200000000000e+00,8.400000000000e+00,3.137187088209e+00
8.200000000000e+00,8.600000000000e+00,3.084476927849e+00
8.200000000000e+00,8.800000000000e+00,3.034574831926e+00
8.200000000000e+00,9.000000000000e+00,2.987195215788e+00
8.200000000000e+00,9.200000000000e+00,2.941911463865e+00
8.200000000000e+00,9.400000000000e+00,2.898605076289e+00
8.200000000000e+00,9.600000000000e+00,2.857191420430e+00
8.200000000000e+00,9.800000000000e+00,2.817507326757e+00
8.200000000000e+00,1.000000000000e+01,2.779409526343e+00
8.200000000000e+00,1.020000000000e+01,2.742771699971e+00
8.200000000000e+00,1.040000000000e+01,2.707482029780e+00
8.200000000000e+00,1.060000000000e+01,2.673441157650e+00
8.200000000000e+00,1.080000000000e+01,2.640560474693e+00
8.200000000000e+00,1.100000000000e+01,2.608760681667e+00
8.200000000000e+00,1.120000000000e+01,2.577840562031e+00
8.200000000000e+00,1.140000000000e+01,2.547827423180e+00
8.200000000000e+00,1.160000000000e+01,2.518709655231e+00
8.200000000000e+00,1.180000000000e+01,2.490434278685e+00
8.200000000000e+00,1.200000000000e+01,2.462953130704e+00
8.200000000000e+00,1.220000000000e+01,2.436222305565e+00
8.200000000000e+00,1.240000000000e+01,2.410201671232e+00
8.200000000000e+00,1.260000000000e+01,2.384854450367e+00
8.200000000000e+00,1.280000000000e+01,2.360146856099e+00
8.200000000000e+00,1.300000000000e+01,2.336047774459e+00
8.200000000000e+00,1.320000000000e+01,2.312528486732e+00
8.200000000000e+00,1.340000000000e+01,2.289562426041e+00
8.200000000000e+00,1.360000000000e+01,2.267124963380e+00
8.200000000000e+00,1.380000000000e+01,2.245193219065e+00
8.200000000000e+00,1.400000000000e+01,2.223745896153e+00
8.200000000000e+00,1.420000000000e+01,2.202748463686e+00
8.200000000000e+00,1.440000000000e+01,2.182115054351e+00
8.200000000000e+00,1.460000000000e+01,2.161913982891e+00
8.200000000000e+00,1.480000000000e+01,2.142128799744e+00
8.200000000000e+00,1.500000000000e+01,2.122744055715e+00
8.200000000000e+00,1.520000000000e+01,2.103745218241e+00
8.200000000000e+00,1.540000000000e+01,2.085118596259e+00
8.200000000000e+00,1.560000000000e+01,2.066851272662e+00
8.200000000000e+00,1.580000000000e+01,2.048931043449e+00
8.200000000000e+00,1.600000000000e+01,2.031346362821e+00
8.400000000000e+00,3.000000000000e+00,inf
8.400000000000e+00,3.200000000000e+00,inf
8.400000000000e+00,3.400000000000e+00,inf
8.400000000000e+00,3.600000000000e+00,inf
8.400000000000e+00,3.800000000000e+00,inf
8.400000000000e+00,4.000000000000e+00,inf
8.400000000000e+00,4.200000000000e+00,inf
8.400000000000e+00,4.400000000000e+00,inf
8.400000000000e+00,4.600000000000e+00,6.438459074880e+00
8.400000000000e+00,4.800000000000e+00,5.929964080859e+00
8.400000000000e+00,5.000000000000e+00,5.523588553341e+00
8.400000000000e+00,5.200000000000e+00,5.192307740823e+00
8.400000000000e+00,5.400000000000e+00,4.917600239363e+00
8.400000000000e+00,5.600000000000e+00,4.685504407732e+00
8.400000000000e+00,5.800000000000e+00,4.487330183080e+00
8.400000000000e+00,6.000000000000e+00,4.315755809589e+00
8.400000000000e+00,6.200000000000e+00,4.165102074446e+00
8.400000000000e+00,6.400000000000e+00,4.031984346472e+00
8.400000000000e+00,6.600000000000e+00,3.913276792121e+00
8.400000000000e+00,6.800000000000e+00,3.806258167898e+00
8.400000000000e+00,7.000000000000e+00,3.708998544513e+00
8.400000000000e+00,7.200000000000e+00,3.620283519647e+00
8.400000000000e+00,7.400000000000e+00,3.538862347833e+00
8.400000000000e+00,7.600000000000e+00,3.463715809144e+00
8.400000000000e+00,7.800000000000e+00,3.393801363346e+00
8.400000000000e+00,8.000000000000e+00,3.328433808490e+00
8.400000000000e+00,8.200000000000e+00,3.267256693671e+00
8.400000000000e+00,8.400000000000e+00,3.209780331429e+00
8.400000000000e+00,8.600000000000e+00,3.155590431127e+00
8.400000000000e+00,8.800000000000e+00,3.104334354484e+00
8.400000000000e+00,9.000000000000e+00,3.055710221597e+00
8.400000000000e+00,9.200000000000e+00,3.009272884674e+00
8.400000000000e+00,9.400000000000e+00,2.964897133188e+00
8.400000000000e+00,9.600000000000e+00,2.922488405530e+00
8.400000000000e+00,9.800000000000e+00,2.881874962220e+00
8.400000000000e+00,1.000000000000e+01,2.842906161160e+00
8.400000000000e+00,1.020000000000e+01,2.805449314806e+00
8.400000000000e+00,1.040000000000e+01,2.769387084612e+00
8.400000000000e+00,1.060000000000e+01,2.734615309977e+00
8.400000000000e+00,1.080000000000e+01,2.701041190587e+00
8.400000000000e+00,1.100000000000e+01,2.668581757697e+00
8.400000000000e+00,1.120000000000e+01,2.637029074722e+00
8.400000000000e+00,1.140000000000e+01,2.606411650828e+00
8.400000000000e+00,1.160000000000e+01,2.576714941342e+00
8.400000000000e+00,1.180000000000e+01,2.547883742099e+00
8.400000000000e+00,1.200000000000e+01,2.519867916278e+00
8.400000000000e+00,1.220000000000e+01,2.492621802461e+00
8.400000000000e+00,1.240000000000e+01,2.466103703505e+00
8.400000000000e+00,1.260000000000e+01,2.440275443794e+00
8.400000000000e+00,1.280000000000e+01,2.415101984565e+00
8.400000000000e+00,1.300000000000e+01,2.390551088701e+00
8.400000000000e+00,1.320000000000e+01,2.366593027824e+00
8.400000000000e+00,1.340000000000e+01,2.343200325637e+00
8.400000000000e+00,1.360000000000e+01,2.320347532445e+00
8.400000000000e+00,1.380000000000e+01,2.298011026562e+00
8.400000000000e+00,1.400000000000e+01,2.276168838965e+00
8.400000000000e+00,1.420000000000e+01,2.254784873723e+00
8.400000000000e+00,1.440000000000e+01,2.233772799911e+00
8.400000000000e+00,1.460000000000e+01,2.213201344002e+00
8.400000000000e+00,1.480000000000e+01,2.193053594042e+00
8.400000000000e+00,1.500000000000e+01,2.173313678325e+00
8.400000000000e+00,1.520000000000e+01,2.153966677571e+00
8.400000000000e+00,1.540000000000e+01,2.134998546173e+00
8.400000000000e+00,1.560000000000e+01,2.116396041435e+00
8.400000000000e+00,1.580000000000e+01,2.098146659881e+00
8.400000000000e+00,1.600000000000e+01,2.080238579793e+00
8.600000000000e+00,3.000000000000e+00,inf
8.600000000000e+00,3.200000000000e+00,inf
8.600000000000e+00,3.400000000000e+00,inf
8.600000000000e+00,3.600000000000e+00,inf
8.600000000000e+00,3.800000000000e+00,inf
8.600000000000e+00,4.000000000000e+00,inf
8.600000000000e+00,4.200000000000e+00,inf
8.600000000000e+00,4.400000000000e+00,inf
8.600000000000e+00,4.600000000000e+00,6.683758530236e+00
8.600000000000e+00,4.800000000000e+00,6.140129855938e+00
8.600000000000e+00,5.000000000000e+00,5.707243175024e+00
8.600000000000e+00,5.200000000000e+00,5.355526842230e+00
8.600000000000e+00,5.400000000000e+00,5.064774661717e+00
8.600000000000e+00,5.600000000000e+00,4.819849481095e+00
8.600000000000e+00,5.800000000000e+00,4.611278637287e+00
8.600000000000e+00,6.000000000000e+00,4.431158552400e+00
8.600000000000e+00,6.200000000000e+00,4.273385866569e+00
8.600000000000e+00,6.400000000000e+00,4.134282043894e+00
8.600000000000e+00,6.600000000000e+00,4.010489784658e+00
8.600000000000e+00,6.800000000000e+00,3.899105236874e+00
8.600000000000e+00,7.000000000000e+00,3.798066050027e+00
8.600000000000e+00,7.200000000000e+00,3.706057256487e+00
8.600000000000e+00,7.400000000000e+00,3.621744648746e+00
8.600000000000e+00,7.600000000000e+00,3.544042546216e+00
8.600000000000e+00,7.800000000000e+00,3.471849715691e+00
8.600000000000e+00,8.000000000000e+00,3.404441262243e+00
8.600000000000e+00,8.200000000000e+00,3.341427536749e+00
8.600000000000e+00,8.400000000000e+00,3.282289590654e+00
8.600000000000e+00,8.600000000000e+00,3.226588869721e+00
8.600000000000e+00,8.800000000000e+00,3.173952487146e+00
8.600000000000e+00,9.000000000000e+00,3.124061564700e+00
8.600000000000e+00,9.200000000000e+00,3.076451914453e+00
8.600000000000e+00,9.400000000000e+00,3.030991019701e+00
8.600000000000e+00,9.600000000000e+00,2.987574014255e+00
8.600000000000e+00,9.800000000000e+00,2.946020241696e+00
8.600000000000e+00,1.000000000000e+01,2.906171392061e+00
8.600000000000e+00,1.020000000000e+01,2.867888157988e+00
8.600000000000e+00,1.040000000000e+01,2.831047464673e+00
8.600000000000e+00,1.060000000000e+01,2.795540163483e+00
8.600000000000e+00,1.080000000000e+01,2.761269102347e+00
8.600000000000e+00,1.100000000000e+01,2.728147503993e+00
8.600000000000e+00,1.120000000000e+01,2.695960635495e+00
8.600000000000e+00,1.140000000000e+01,2.664738049538e+00
8.600000000000e+00,1.160000000000e+01,2.634462181571e+00
8.600000000000e+00,1.180000000000e+01,2.605075521595e+00
8.600000000000e+00,1.200000000000e+01,2.576525887429e+00
8.600000000000e+00,1.220000000000e+01,2.548765799063e+00
8.600000000000e+00,1.240000000000e+01,2.521751938713e+00
8.600000000000e+00,1.260000000000e+01,2.495444683360e+00
8.600000000000e+00,1.280000000000e+01,2.469807698822e+00
8.600000000000e+00,1.300000000000e+01,2.444807586218e+00
8.600000000000e+00,1.320000000000e+01,2.420413573193e+00
8.600000000000e+00,1.340000000000e+01,2.396597243511e+00
8.600000000000e+00,1.360000000000e+01,2.373332299610e+00
8.600000000000e+00,1.380000000000e+01,2.350594353584e+00
8.600000000000e+00,1.400000000000e+01,2.328360742733e+00
8.600000000000e+00,1.420000000000e+01,2.306593789903e+00
8.600000000000e+00,1.440000000000e+01,2.285206699972e+00
8.600000000000e+00,1.460000000000e+01,2.264268575192e+00
8.600000000000e+00,1.480000000000e+01,2.243762027503e+00
8.600000000000e+00,1.500000000000e+01,2.223670750445e+00
8.600000000000e+00,1.520000000000e+01,2.203979427091e+00
8.600000000000e+00,1.540000000000e+01,2.184673647534e+00
8.600000000000e+00,1.560000000000e+01,2.165739834795e+00
8.600000000000e+00,1.580000000000e+01,2.147165178163e+00
8.600000000000e+00,1.600000000000e+01,2.128937573103e+00
8.800000000000e+00,3.000000000000e+00,inf
8.800000000000e+00,3.200000000000e+00,inf
8.800000000000e+00,3.400000000000e+00,inf
8.800000000000e+00,3.600000000000e+00,inf
8.800000000000e+00,3.800000000000e+00,inf
8.800000000000e+00,4.000000000000e+00,inf
8.800000000000e+00,4.200000000000e+00,inf
8.800000000000e+00,4.400000000000e+00,inf
8.800000000000e+00,4.600000000000e+00,inf
8.800000000000e+00,4.800000000000e+00,6.356613530106e+00
8.800000000000e+00,5.000000000000e+00,5.895706512505e+00
8.800000000000e+00,5.200000000000e+00,5.522453654780e+00
8.800000000000e+00,5.400000000000e+00,5.214837513362e+00
8.800000000000e+00,5.600000000000e+00,4.956461601864e+00
8.800000000000e+00,5.800000000000e+00,4.737015571231e+00
8.800000000000e+00,6.000000000000e+00,4.547975849621e+00
8.800000000000e+00,6.200000000000e+00,4.382787906198e+00
8.800000000000e+00,6.400000000000e+00,4.237460688909e+00
8.800000000000e+00,6.600000000000e+00,4.108391710586e+00
8.800000000000e+00,6.800000000000e+00,3.992484538724e+00
8.800000000000e+00,7.000000000000e+00,3.887536703710e+00
8.800000000000e+00,7.200000000000e+00,3.792127174800e+00
8.800000000000e+00,7.400000000000e+00,3.704833958901e+00
8.800000000000e+00,7.600000000000e+00,3.624501573819e+00
8.800000000000e+00,7.800000000000e+00,3.549967575330e+00
8.800000000000e+00,8.000000000000e+00,3.480465156895e+00
8.800000000000e+00,8.200000000000e+00,3.415569906128e+00
8.800000000000e+00,8.400000000000e+00,3.354732289807e+00
8.800000000000e+00,8.600000000000e+00,3.297488416742e+00
8.800000000000e+00,8.800000000000e+00,3.243444274261e+00
8.800000000000e+00,9.000000000000e+00,3.192263263363e+00
8.800000000000e+00,9.200000000000e+00,3.143461630253e+00
8.800000000000e+00,9.400000000000e+00,3.096898946436e+00
8.800000000000e+00,9.600000000000e+00,3.052459655985e+00
8.800000000000e+00,9.800000000000e+00,3.009953830415e+00
8.800000000000e+00,1.000000000000e+01,2.969215190507e+00
8.800000000000e+00,1.020000000000e+01,2.930097552043e+00
8.800000000000e+00,1.040000000000e+01,2.892471883755e+00
8.800000000000e+00,1.060000000000e+01,2.856223859514e+00
8.800000000000e+00,1.080000000000e+01,2.821251811841e+00
8.800000000000e+00,1.100000000000e+01,2.787465013064e+00
8.800000000000e+00,1.120000000000e+01,2.754641854766e+00
8.800000000000e+00,1.140000000000e+01,2.722812772150e+00
8.800000000000e+00,1.160000000000e+01,2.691957094958e+00
8.800000000000e+00,1.180000000000e+01,2.662014924509e+00
8.800000000000e+00,1.200000000000e+01,2.632931960405e+00
8.800000000000e+00,1.220000000000e+01,2.604658839818e+00
8.800000000000e+00,1.240000000000e+01,2.577150567583e+00
8.800000000000e+00,1.260000000000e+01,2.550366023070e+00
8.800000000000e+00,1.280000000000e+01,2.524267532162e+00
8.800000000000e+00,1.300000000000e+01,2.498820494685e+00
8.800000000000e+00,1.320000000000e+01,2.473993059162e+00
8.800000000000e+00,1.340000000000e+01,2.449755838126e+00
8.800000000000e+00,1.360000000000e+01,2.426081658256e+00
8.800000000000e+00,1.380000000000e+01,2.402945340549e+00
8.800000000000e+00,1.400000000000e+01,2.380323506408e+00
8.800000000000e+00,1.420000000000e+01,2.358176881319e+00
8.800000000000e+00,1.440000000000e+01,2.336418202897e+00
8.800000000000e+00,1.460000000000e+01,2.315116914017e+00
8.800000000000e+00,1.480000000000e+01,2.294255136320e+00
8.800000000000e+00,1.500000000000e+01,2.273816115897e+00
8.800000000000e+00,1.520000000000e+01,2.253784126816e+00
8.800000000000e+00,1.540000000000e+01,2.234144384716e+00
8.800000000000e+00,1.560000000000e+01,2.214882969252e+00
8.800000000000e+00,1.580000000000e+01,2.195986754365e+00
8.800000000000e+00,1.600000000000e+01,2.177443345454e+00
9.000000000000e+00,3.000000000000e+00,inf
9.000000000000e+00,3.200000000000e+00,inf
9.000000000000e+00,3.400000000000e+00,inf
9.000000000000e+00,3.600000000000e+00,inf
9.000000000000e+00,3.800000000000e+00,inf
9.000000000000e+00,4.000000000000e+00,inf
9.000000000000e+00,4.200000000000e+00,inf
9.000000000000e+00,4.400000000000e+00,inf
9.000000000000e+00,4.600000000000e+00,inf
9.000000000000e+00,4.800000000000e+00,6.579699579892e+00
9.000000000000e+00,5.000000000000e+00,6.089189891828e+00
9.000000000000e+00,5.200000000000e+00,5.693249109857e+00
9.000000000000e+00,5.400000000000e+00,5.367914211104e+00
9.000000000000e+00,5.600000000000e+00,5.095440643279e+00
9.000000000000e+00,5.800000000000e+00,4.864622141020e+00
9.000000000000e+00,6.000000000000e+00,4.666274878771e+00
9.000000000000e+00,6.200000000000e+00,4.493364757026e+00
9.000000000000e+00,6.400000000000e+00,4.341568651971e+00
9.000000000000e+00,6.600000000000e+00,4.207024512327e+00
9.000000000000e+00,6.800000000000e+00,4.086432882930e+00
9.000000000000e+00,7.000000000000e+00,3.977443162988e+00
9.000000000000e+00,7.200000000000e+00,3.878522522011e+00
9.000000000000e+00,7.400000000000e+00,3.788156685177e+00
9.000000000000e+00,7.600000000000e+00,3.705116900411e+00
9.000000000000e+00,7.800000000000e+00,3.628176894075e+00
9.000000000000e+00,8.000000000000e+00,3.556525664722e+00
9.000000000000e+00,8.200000000000e+00,3.489702416351e+00
9.000000000000e+00,8.400000000000e+00,3.427125665781e+00
9.000000000000e+00,8.600000000000e+00,3.368305079222e+00
9.000000000000e+00,8.800000000000e+00,3.312824615603e+00
9.000000000000e+00,9.000000000000e+00,3.260329212882e+00
9.000000000000e+00,9.200000000000e+00,3.210315007452e+00
9.000000000000e+00,9.400000000000e+00,3.162633043317e+00
9.000000000000e+00,9.600000000000e+00,3.117156679741e+00
9.000000000000e+00,9.800000000000e+00,3.073686352792e+00
9.000000000000e+00,1.000000000000e+01,3.032047505837e+00
9.000000000000e+00,1.020000000000e+01,2.992086815180e+00
9.000000000000e+00,1.040000000000e+01,2.953669068218e+00
9.000000000000e+00,1.060000000000e+01,2.916674567951e+00
9.000000000000e+00,1.080000000000e+01,2.880996964533e+00
9.000000000000e+00,1.100000000000e+01,2.846541435190e+00
9.000000000000e+00,1.120000000000e+01,2.813079413922e+00
9.000000000000e+00,1.140000000000e+01,2.780642054996e+00
9.000000000000e+00,1.160000000000e+01,2.749205495733e+00
9.000000000000e+00,1.180000000000e+01,2.718707364301e+00
9.000000000000e+00,1.200000000000e+01,2.689091167777e+00
9.000000000000e+00,1.220000000000e+01,2.660305594988e+00
9.000000000000e+00,1.240000000000e+01,2.632303915498e+00
9.000000000000e+00,1.260000000000e+01,2.605043459793e+00
9.000000000000e+00,1.280000000000e+01,2.578485168355e+00
9.000000000000e+00,1.300000000000e+01,2.552593199315e+00
9.000000000000e+00,1.320000000000e+01,2.527334586125e+00
9.000000000000e+00,1.340000000000e+01,2.502678938054e+00
9.000000000000e+00,1.360000000000e+01,2.478598177453e+00
9.000000000000e+00,1.380000000000e+01,2.455066308701e+00
9.000000000000e+00,1.400000000000e+01,2.432059214497e+00
9.000000000000e+00,1.420000000000e+01,2.409536006902e+00
9.000000000000e+00,1.440000000000e+01,2.387408950879e+00
9.000000000000e+00,1.460000000000e+01,2.365747795521e+00
9.000000000000e+00,1.480000000000e+01,2.344534157516e+00
9.000000000000e+00,1.500000000000e+01,2.323750822377e+00
9.000000000000e+00,1.520000000000e+01,2.303381643404e+00
9.000000000000e+00,1.540000000000e+01,2.283411451238e+00
9.000000000000e+00,1.560000000000e+01,2.263825972726e+00
9.000000000000e+00,1.580000000000e+01,2.244611758000e+00
9.000000000000e+00,1.600000000000e+01,2.225756114822e+00
9.200000000000e+00,3.000000000000e+00,inf
9.200000000000e+00,3.200000000000e+00,inf
9.200000000000e+00,3.400000000000e+00,inf
9.200000000000e+00,3.600000000000e+00,inf
9.200000000000e+00,3.800000000000e+00,inf
9.200000000000e+00,4.000000000000e+00,inf
9.200000000000e+00,4.200000000000e+00,inf
9.200000000000e+00,4.400000000000e+00,inf
9.200000000000e+00,4.600000000000e+00,inf
9.200000000000e+00,4.800000000000e+00,6.809680895208e+00
9.200000000000e+00,5.000000000000e+00,6.287910080635e+00
9.200000000000e+00,5.200000000000e+00,5.868077668294e+00
9.200000000000e+00,5.400000000000e+00,5.524132444717e+00
9.200000000000e+00,5.600000000000e+00,5.236887910923e+00
9.200000000000e+00,5.800000000000e+00,4.994180367079e+00
9.200000000000e+00,6.000000000000e+00,4.786123296157e+00
9.200000000000e+00,6.200000000000e+00,4.605173198887e+00
9.200000000000e+00,6.400000000000e+00,4.446654341972e+00
9.200000000000e+00,6.600000000000e+00,4.306430052169e+00
9.200000000000e+00,6.800000000000e+00,4.180986922184e+00
9.200000000000e+00,7.000000000000e+00,4.067817881073e+00
9.200000000000e+00,7.200000000000e+00,3.965272314796e+00
9.200000000000e+00,7.400000000000e+00,3.871738992034e+00
9.200000000000e+00,7.600000000000e+00,3.785912290920e+00
9.200000000000e+00,7.800000000000e+00,3.706499386664e+00
9.200000000000e+00,8.000000000000e+00,3.632642732643e+00
9.200000000000e+00,8.200000000000e+00,3.563843471860e+00
9.200000000000e+00,8.400000000000e+00,3.499486762937e+00
9.200000000000e+00,8.600000000000e+00,3.439054690672e+00
9.200000000000e+00,8.800000000000e+00,3.382108257200e+00
9.200000000000e+00,9.000000000000e+00,3.328273174873e+00
9.200000000000e+00,9.200000000000e+00,3.277024907702e+00
9.200000000000e+00,9.400000000000e+00,3.228205346304e+00
9.200000000000e+00,9.600000000000e+00,3.181676359831e+00
9.200000000000e+00,9.800000000000e+00,3.137228377125e+00
9.200000000000e+00,1.000000000000e+01,3.094678249138e+00
9.200000000000e+00,1.020000000000e+01,3.053865244420e+00
9.200000000000e+00,1.040000000000e+01,3.014647739478e+00
9.200000000000e+00,1.060000000000e+01,2.976900469145e+00
9.200000000000e+00,1.080000000000e+01,2.940512230931e+00
9.200000000000e+00,1.100000000000e+01,2.905383959443e+00
9.200000000000e+00,1.120000000000e+01,2.871280046016e+00
9.200000000000e+00,1.140000000000e+01,2.838232198276e+00
9.200000000000e+00,1.160000000000e+01,2.806213273450e+00
9.200000000000e+00,1.180000000000e+01,2.775158340478e+00
9.200000000000e+00,1.200000000000e+01,2.745008638185e+00
9.200000000000e+00,1.220000000000e+01,2.715710840274e+00
9.200000000000e+00,1.240000000000e+01,2.687216422003e+00
9.200000000000e+00,1.260000000000e+01,2.659481112698e+00
9.200000000000e+00,1.280000000000e+01,2.632464421039e+00
9.200000000000e+00,1.300000000000e+01,2.606129222219e+00
9.200000000000e+00,1.320000000000e+01,2.580441397899e+00
9.200000000000e+00,1.340000000000e+01,2.555369521345e+00
9.200000000000e+00,1.360000000000e+01,2.530884581348e+00
9.200000000000e+00,1.380000000000e+01,2.506959739544e+00
9.200000000000e+00,1.400000000000e+01,2.483570116556e+00
9.200000000000e+00,1.420000000000e+01,2.460673194984e+00
9.200000000000e+00,1.440000000000e+01,2.438180759588e+00
9.200000000000e+00,1.460000000000e+01,2.416162831967e+00
9.200000000000e+00,1.480000000000e+01,2.394600508766e+00
9.200000000000e+00,1.500000000000e+01,2.373476101377e+00
9.200000000000e+00,1.520000000000e+01,2.352773030178e+00
9.200000000000e+00,1.540000000000e+01,2.332475729905e+00
9.200000000000e+00,1.560000000000e+01,2.312569564802e+00
9.200000000000e+00,1.580000000000e+01,2.293040752405e+00
9.200000000000e+00,1.600000000000e+01,2.273876294956e+00
9.400000000000e+00,3.000000000000e+00,inf
9.400000000000e+00,3.200000000000e+00,inf
9.400000000000e+00,3.400000000000e+00,inf
9.400000000000e+00,3.600000000000e+00,inf
9.400000000000e+00,3.800000000000e+00,inf
9.400000000000e+00,4.000000000000e+00,inf
9.400000000000e+00,4.200000000000e+00,inf
9.400000000000e+00,4.400000000000e+00,inf
9.400000000000e+00,4.600000000000e+00,inf
9.400000000000e+00,4.800000000000e+00,7.046859122601e+00
9.400000000000e+00,5.000000000000e+00,6.492089520264e+00
9.400000000000e+00,5.200000000000e+00,6.047107485809e+00
9.400000000000e+00,5.400000000000e+00,5.683622299704e+00
9.400000000000e+00,5.600000000000e+00,5.380906236660e+00
9.400000000000e+00,5.800000000000e+00,5.125773207650e+00
9.400000000000e+00,6.000000000000e+00,4.907589295202e+00
9.400000000000e+00,6.200000000000e+00,4.718270274458e+00
9.400000000000e+00,6.400000000000e+00,4.552766243757e+00
9.400000000000e+00,6.600000000000e+00,4.406650142310e+00
9.400000000000e+00,6.800000000000e+00,4.276183176240e+00
9.400000000000e+00,7.000000000000e+00,4.158693125559e+00
9.400000000000e+00,7.200000000000e+00,4.052405353173e+00
9.400000000000e+00,7.400000000000e+00,3.955606811696e+00
9.400000000000e+00,7.600000000000e+00,3.866911273512e+00
9.400000000000e+00,7.800000000000e+00,3.784956534522e+00
9.400000000000e+00,8.000000000000e+00,3.708836083306e+00
9.400000000000e+00,8.200000000000e+00,3.638011265698e+00
9.400000000000e+00,8.400000000000e+00,3.571832429703e+00
9.400000000000e+00,8.600000000000e+00,3.509752905782e+00
9.400000000000e+00,8.800000000000e+00,3.451309784359e+00
9.400000000000e+00,9.000000000000e+00,3.396108768791e+00
9.400000000000e+00,9.200000000000e+00,3.343604069127e+00
9.400000000000e+00,9.400000000000e+00,3.293627786416e+00
9.400000000000e+00,9.600000000000e+00,3.246029883802e+00
9.400000000000e+00,9.800000000000e+00,3.200590402613e+00
9.400000000000e+00,1.000000000000e+01,3.157117279420e+00
9.400000000000e+00,1.020000000000e+01,3.115442101040e+00
9.400000000000e+00,1.040000000000e+01,3.075416598808e+00
9.400000000000e+00,1.060000000000e+01,3.036909738143e+00
9.400000000000e+00,1.080000000000e+01,2.999805290322e+00
9.400000000000e+00,1.100000000000e+01,2.963999797001e+00
9.400000000000e+00,1.120000000000e+01,2.929250518700e+00
9.400000000000e+00,1.140000000000e+01,2.895589548685e+00
9.400000000000e+00,1.160000000000e+01,2.862986375334e+00
9.400000000000e+00,1.180000000000e+01,2.831373420710e+00
9.400000000000e+00,1.200000000000e+01,2.800689578270e+00
9.400000000000e+00,1.220000000000e+01,2.770879438579e+00
9.400000000000e+00,1.240000000000e+01,2.741892622459e+00
9.400000000000e+00,1.260000000000e+01,2.713683204801e+00
9.400000000000e+00,1.280000000000e+01,2.686209215194e+00
9.400000000000e+00,1.300000000000e+01,2.659432203836e+00
9.400000000000e+00,1.320000000000e+01,2.633316863131e+00
9.400000000000e+00,1.340000000000e+01,2.607830696918e+00
9.400000000000e+00,1.360000000000e+01,2.582943730568e+00
9.400000000000e+00,1.380000000000e+01,2.558628256265e+00
9.400000000000e+00,1.400000000000e+01,2.534858608636e+00
9.400000000000e+00,1.420000000000e+01,2.511590624797e+00
9.400000000000e+00,1.440000000000e+01,2.488735599721e+00
9.400000000000e+00,1.460000000000e+01,2.466363794453e+00
9.400000000000e+00,1.480000000000e+01,2.444455770087e+00
9.400000000000e+00,1.500000000000e+01,2.422993349956e+00
9.400000000000e+00,1.520000000000e+01,2.401959508991e+00
9.400000000000e+00,1.540000000000e+01,2.381338274759e+00
9.400000000000e+00,1.560000000000e+01,2.361114638779e+00
9.400000000000e+00,1.580000000000e+01,2.341274476890e+00
9.400000000000e+00,1.600000000000e+01,2.321804477626e+00
9.600000000000e+00,3.000000000000e+00,inf
9.600000000000e+00,3.200000000000e+00,inf
9.600000000000e+00,3.400000000000e+00,inf
9.600000000000e+00,3.600000000000e+00,inf
9.600000000000e+00,3.800000000000e+00,inf
9.600000000000e+00,4.000000000000e+00,inf
9.600000000000e+00,4.200000000000e+00,inf
9.600000000000e+00,4.400000000000e+00,inf
9.600000000000e+00,4.600000000000e+00,inf
9.600000000000e+00,4.800000000000e+00,7.291545014464e+00
9.600000000000e+00,5.000000000000e+00,6.701956559451e+00
9.600000000000e+00,5.200000000000e+00,6.230510578300e+00
9.600000000000e+00,5.400000000000e+00,5.846516379350e+00
9.600000000000e+00,5.600000000000e+00,5.527600071805e+00
9.600000000000e+00,5.800000000000e+00,5.259484631663e+00
9.600000000000e+00,6.000000000000e+00,5.030741664408e+00
9.600000000000e+00,6.200000000000e+00,4.832713335871e+00
9.600000000000e+00,6.400000000000e+00,4.659952955810e+00
9.600000000000e+00,6.600000000000e+00,4.507726575343e+00
9.600000000000e+00,6.800000000000e+00,4.372058056422e+00
9.600000000000e+00,7.000000000000e+00,4.250100997897e+00
9.600000000000e+00,7.200000000000e+00,4.139950235660e+00
9.600000000000e+00,7.400000000000e+00,4.039785855568e+00
9.600000000000e+00,7.600000000000e+00,3.948137147728e+00
9.600000000000e+00,7.800000000000e+00,3.863569591032e+00
9.600000000000e+00,8.000000000000e+00,3.785125217786e+00
9.600000000000e+00,8.200000000000e+00,3.712223779929e+00
9.600000000000e+00,8.400000000000e+00,3.644179316942e+00
9.600000000000e+00,8.600000000000e+00,3.580415196981e+00
9.600000000000e+00,8.800000000000e+00,3.520443616591e+00
9.600000000000e+00,9.000000000000e+00,3.463849465405e+00
9.600000000000e+00,9.200000000000e+00,3.410065098516e+00
9.600000000000e+00,9.400000000000e+00,3.358912180739e+00
9.600000000000e+00,9.600000000000e+00,3.310228342419e+00
9.600000000000e+00,9.800000000000e+00,3.263782848393e+00
9.600000000000e+00,1.000000000000e+01,3.219374391835e+00
9.600000000000e+00,1.020000000000e+01,3.176826598061e+00
9.600000000000e+00,1.040000000000e+01,3.135984314170e+00
9.600000000000e+00,1.060000000000e+01,3.096710530956e+00
9.600000000000e+00,1.080000000000e+01,3.058883816531e+00
9.600000000000e+00,1.100000000000e+01,3.022396166458e+00
9.600000000000e+00,1.120000000000e+01,2.986997619178e+00
9.600000000000e+00,1.140000000000e+01,2.952720484021e+00
9.600000000000e+00,1.160000000000e+01,2.919530790604e+00
9.600000000000e+00,1.180000000000e+01,2.887358224908e+00
9.600000000000e+00,1.200000000000e+01,2.856139256541e+00
9.600000000000e+00,1.220000000000e+01,2.825816323706e+00
9.600000000000e+00,1.240000000000e+01,2.796337131587e+00
9.600000000000e+00,1.260000000000e+01,2.767654046403e+00
9.600000000000e+00,1.280000000000e+01,2.739723570491e+00
9.600000000000e+00,1.300000000000e+01,2.712505886210e+00
9.600000000000e+00,1.320000000000e+01,2.685964458524e+00
9.600000000000e+00,1.340000000000e+01,2.660065687760e+00
9.600000000000e+00,1.360000000000e+01,2.634778605403e+00
9.600000000000e+00,1.380000000000e+01,2.610074606917e+00
9.600000000000e+00,1.400000000000e+01,2.585927216497e+00
9.600000000000e+00,1.420000000000e+01,2.562290609708e+00
9.600000000000e+00,1.440000000000e+01,2.539075580276e+00
9.600000000000e+00,1.460000000000e+01,2.516352596236e+00
9.600000000000e+00,1.480000000000e+01,2.494101667215e+00
9.600000000000e+00,1.500000000000e+01,2.472304114176e+00
9.600000000000e+00,1.520000000000e+01,2.450942453722e+00
9.600000000000e+00,1.540000000000e+01,2.430000294657e+00
9.600000000000e+00,1.560000000000e+01,2.409462245329e+00
9.600000000000e+00,1.580000000000e+01,2.389313830476e+00
9.600000000000e+00,1.600000000000e+01,2.369541416459e+00
9.800000000000e+00,3.000000000000e+00,inf
9.800000000000e+00,3.200000000000e+00,inf
9.800000000000e+00,3.400000000000e+00,inf
9.800000000000e+00,3.600000000000e+00,inf
9.800000000000e+00,3.800000000000e+00,inf
9.800000000000e+00,4.000000000000e+00,inf
9.800000000000e+00,4.200000000000e+00,inf
9.800000000000e+00,4.400000000000e+00,inf
9.800000000000e+00,4.600000000000e+00,inf
9.800000000000e+00,4.800000000000e+00,7.544058785082e+00
9.800000000000e+00,5.000000000000e+00,6.917745690113e+00
9.800000000000e+00,5.200000000000e+00,6.418462987208e+00
9.800000000000e+00,5.400000000000e+00,6.012949926109e+00
9.800000000000e+00,5.600000000000e+00,5.677075579477e+00
9.800000000000e+00,5.800000000000e+00,5.395399690902e+00
9.800000000000e+00,6.000000000000e+00,5.155649844794e+00
9.800000000000e+00,6.200000000000e+00,4.948560091046e+00
9.800000000000e+00,6.400000000000e+00,4.768263227914e+00
9.800000000000e+00,6.600000000000e+00,4.609701154944e+00
9.800000000000e+00,6.800000000000e+00,4.468647890568e+00
9.800000000000e+00,7.000000000000e+00,4.342073453497e+00
9.800000000000e+00,7.200000000000e+00,4.227935375247e+00
9.800000000000e+00,7.400000000000e+00,4.124301626631e+00
9.800000000000e+00,7.600000000000e+00,4.029612993755e+00
9.800000000000e+00,7.800000000000e+00,3.942359588038e+00
9.800000000000e+00,8.000000000000e+00,3.861529419636e+00
9.800000000000e+00,8.200000000000e+00,3.786498787486e+00
9.800000000000e+00,8.400000000000e+00,3.716543877856e+00
9.800000000000e+00,8.600000000000e+00,3.651056852577e+00
9.800000000000e+00,8.800000000000e+00,3.589524004178e+00
9.800000000000e+00,9.000000000000e+00,3.531508581954e+00
9.800000000000e+00,9.200000000000e+00,3.476420465212e+00
9.800000000000e+00,9.400000000000e+00,3.424070225186e+00
9.800000000000e+00,9.600000000000e+00,3.374282721398e+00
9.800000000000e+00,9.800000000000e+00,3.326816044373e+00
9.800000000000e+00,1.000000000000e+01,3.281459307691e+00
9.800000000000e+00,1.020000000000e+01,3.238027889529e+00
9.800000000000e+00,1.040000000000e+01,3.196359508861e+00
9.800000000000e+00,1.060000000000e+01,3.156310972620e+00
9.800000000000e+00,1.080000000000e+01,3.117755465482e+00
9.800000000000e+00,1.100000000000e+01,3.080580280942e+00
9.800000000000e+00,1.120000000000e+01,3.044528140929e+00
9.800000000000e+00,1.140000000000e+01,3.009631399569e+00
9.800000000000e+00,1.160000000000e+01,2.975852536558e+00
9.800000000000e+00,1.180000000000e+01,2.943118411048e+00
9.800000000000e+00,1.200000000000e+01,2.911362988975e+00
9.800000000000e+00,1.220000000000e+01,2.880526485773e+00
9.800000000000e+00,1.240000000000e+01,2.850554628728e+00
9.800000000000e+00,1.260000000000e+01,2.821398020214e+00
9.800000000000e+00,1.280000000000e+01,2.793011586310e+00
9.800000000000e+00,1.300000000000e+01,2.765354097925e+00
9.800000000000e+00,1.320000000000e+01,2.738387753705e+00
9.800000000000e+00,1.340000000000e+01,2.712077815748e+00
9.800000000000e+00,1.360000000000e+01,2.686392290603e+00
9.800000000000e+00,1.380000000000e+01,2.661301649202e+00
9.800000000000e+00,1.400000000000e+01,2.636778580371e+00
9.800000000000e+00,1.420000000000e+01,2.612775582010e+00
9.800000000000e+00,1.440000000000e+01,2.589202933362e+00
9.800000000000e+00,1.460000000000e+01,2.566131277562e+00
9.800000000000e+00,1.480000000000e+01,2.543540056478e+00
9.800000000000e+00,1.500000000000e+01,2.521410074026e+00
9.800000000000e+00,1.520000000000e+01,2.499723375261e+00
9.800000000000e+00,1.540000000000e+01,2.478463138304e+00
9.800000000000e+00,1.560000000000e+01,2.457613577589e+00
9.800000000000e+00,1.580000000000e+01,2.437159857062e+00
9.800000000000e+00,1.600000000000e+01,2.417088012170e+00
1.000000000000e+01,3.000000000000e+00,inf
1.000000000000e+01,3.200000000000e+00,inf
1.000000000000e+01,3.400000000000e+00,inf
1.000000000000e+01,3.600000000000e+00,inf
1.000000000000e+01,3.800000000000e+00,inf
1.000000000000e+01,4.000000000000e+00,inf
1.000000000000e+01,4.200000000000e+00,inf
1.000000000000e+01,4.400000000000e+00,inf
1.000000000000e+01,4.600000000000e+00,inf
1.000000000000e+01,4.800000000000e+00,inf
1.000000000000e+01,5.000000000000e+00,7.139697785680e+00
1.000000000000e+01,5.200000000000e+00,6.611144945175e+00
1.000000000000e+01,5.400000000000e+00,6.183060942428e+00
1.000000000000e+01,5.600000000000e+00,5.829440726145e+00
1.000000000000e+01,5.800000000000e+00,5.533604591401e+00
1.000000000000e+01,6.000000000000e+00,5.282383986756e+00
1.000000000000e+01,6.200000000000e+00,5.065868649646e+00
1.000000000000e+01,6.400000000000e+00,4.877745998650e+00
1.000000000000e+01,6.600000000000e+00,4.712615726616e+00
1.000000000000e+01,6.800000000000e+00,4.565988948223e+00
1.000000000000e+01,7.000000000000e+00,4.434642322278e+00
1.000000000000e+01,7.200000000000e+00,4.316389015982e+00
1.000000000000e+01,7.400000000000e+00,4.209179432599e+00
1.000000000000e+01,7.600000000000e+00,4.111361682580e+00
1.000000000000e+01,7.800000000000e+00,4.021347343377e+00
1.000000000000e+01,8.000000000000e+00,3.938067760052e+00
1.000000000000e+01,8.200000000000e+00,3.860853855249e+00
1.000000000000e+01,8.400000000000e+00,3.788942369165e+00
1.000000000000e+01,8.600000000000e+00,3.721692976254e+00
1.000000000000e+01,8.800000000000e+00,3.658565026152e+00
1.000000000000e+01,9.000000000000e+00,3.599099278755e+00
1.000000000000e+01,9.200000000000e+00,3.542682496521e+00
1.000000000000e+01,9.400000000000e+00,3.489113488789e+00
1.000000000000e+01,9.600000000000e+00,3.438203894700e+00
1.000000000000e+01,9.800000000000e+00,3.389700223624e+00
1.000000000000e+01,1.000000000000e+01,3.343381666044e+00
1.000000000000e+01,1.020000000000e+01,3.299055061400e+00
1.000000000000e+01,1.040000000000e+01,3.256550751742e+00
1.000000000000e+01,1.060000000000e+01,3.215719146865e+00
1.000000000000e+01,1.080000000000e+01,3.176427864350e+00
1.000000000000e+01,1.100000000000e+01,3.138559336817e+00
1.000000000000e+01,1.120000000000e+01,3.101848872026e+00
1.000000000000e+01,1.140000000000e+01,3.066328696066e+00
1.000000000000e+01,1.160000000000e+01,3.031957646226e+00
1.000000000000e+01,1.180000000000e+01,2.998659662560e+00
1.000000000000e+01,1.200000000000e+01,2.966366126177e+00
1.000000000000e+01,1.220000000000e+01,2.935014958165e+00
1.000000000000e+01,1.240000000000e+01,2.904549844626e+00
1.000000000000e+01,1.260000000000e+01,2.874919567991e+00
1.000000000000e+01,1.280000000000e+01,2.846077428255e+00
1.000000000000e+01,1.300000000000e+01,2.817980740524e+00
1.000000000000e+01,1.320000000000e+01,2.790590397572e+00
1.000000000000e+01,1.340000000000e+01,2.763870487936e+00
1.000000000000e+01,1.360000000000e+01,2.737787961612e+00
1.000000000000e+01,1.380000000000e+01,2.712312336674e+00
1.000000000000e+01,1.400000000000e+01,2.687415441164e+00
1.000000000000e+01,1.420000000000e+01,2.663048079107e+00
1.000000000000e+01,1.440000000000e+01,2.639120000393e+00
1.000000000000e+01,1.460000000000e+01,2.615701991887e+00
1.000000000000e+01,1.480000000000e+01,2.592772911032e+00
1.000000000000e+01,1.500000000000e+01,2.570313029687e+00
1.000000000000e+01,1.520000000000e+01,2.548303907805e+00
1.000000000000e+01,1.540000000000e+01,2.526728280605e+00
1.000000000000e+01,1.560000000000e+01,2.505569957568e+00
1.000000000000e+01,1.580000000000e+01,2.484813731884e+00
1.000000000000e+01,1.600000000000e+01,2.464445299084e+00
1.020000000000e+01,3.000000000000e+00,inf
1.020000000000e+01,3.200000000000e+00,inf
1.020000000000e+01,3.400000000000e+00,inf
1.020000000000e+01,3.600000000000e+00,inf
1.020000000000e+01,3.800000000000e+00,inf
1.020000000000e+01,4.000000000000e+00,inf
1.020000000000e+01,4.200000000000e+00,inf
1.020000000000e+01,4.400000000000e+00,inf
1.020000000000e+01,4.600000000000e+00,inf
1.020000000000e+01,4.800000000000e+00,inf
1.020000000000e+01,5.000000000000e+00,7.368060342497e+00
1.020000000000e+01,5.200000000000e+00,6.808741042279e+00
1.020000000000e+01,5.400000000000e+00,6.356990311124e+00
1.020000000000e+01,5.600000000000e+00,5.984805372403e+00
1.020000000000e+01,5.800000000000e+00,5.674186764056e+00
1.020000000000e+01,6.000000000000e+00,5.411015006237e+00
1.020000000000e+01,6.200000000000e+00,5.184697568537e+00
1.020000000000e+01,6.400000000000e+00,4.988450432609e+00
1.020000000000e+01,6.600000000000e+00,4.816512208346e+00
1.020000000000e+01,6.800000000000e+00,4.664117465937e+00
1.020000000000e+01,7.000000000000e+00,4.527839329489e+00
1.020000000000e+01,7.200000000000e+00,4.405339249996e+00
1.020000000000e+01,7.400000000000e+00,4.294444399669e+00
1.020000000000e+01,7.600000000000e+00,4.193405886876e+00
1.020000000000e+01,7.800000000000e+00,4.100553469228e+00
1.020000000000e+01,8.000000000000e+00,4.014759103978e+00
1.020000000000e+01,8.200000000000e+00,3.935306348123e+00
1.020000000000e+01,8.400000000000e+00,3.861390853396e+00
1.020000000000e+01,8.600000000000e+00,3.792338487728e+00
1.020000000000e+01,8.800000000000e+00,3.727580589494e+00
1.020000000000e+01,9.000000000000e+00,3.666634557086e+00
1.020000000000e+01,9.200000000000e+00,3.608863374397e+00
1.020000000000e+01,9.400000000000e+00,3.554053409318e+00
1.020000000000e+01,9.600000000000e+00,3.502002619182e+00
1.020000000000e+01,9.800000000000e+00,3.452445516163e+00
1.020000000000e+01,1.000000000000e+01,3.405151016693e+00
1.020000000000e+01,1.020000000000e+01,3.359917123815e+00
1.020000000000e+01,1.040000000000e+01,3.316566548895e+00
1.020000000000e+01,1.060000000000e+01,3.274943087199e+00
1.020000000000e+01,1.080000000000e+01,3.234908602144e+00
1.020000000000e+01,1.100000000000e+01,3.196340503810e+00
1.020000000000e+01,1.120000000000e+01,3.158966584863e+00
1.020000000000e+01,1.140000000000e+01,3.122818769074e+00
1.020000000000e+01,1.160000000000e+01,3.087852157432e+00
1.020000000000e+01,1.180000000000e+01,3.053987677108e+00
1.020000000000e+01,1.200000000000e+01,3.021154041914e+00
1.020000000000e+01,1.220000000000e+01,2.989286805867e+00
1.020000000000e+01,1.240000000000e+01,2.958327549576e+00
1.020000000000e+01,1.260000000000e+01,2.928223178537e+00
1.020000000000e+01,1.280000000000e+01,2.898925316024e+00
1.020000000000e+01,1.300000000000e+01,2.870389776265e+00
1.020000000000e+01,1.320000000000e+01,2.842576105955e+00
1.020000000000e+01,1.340000000000e+01,2.815447184138e+00
1.020000000000e+01,1.360000000000e+01,2.788968872102e+00
1.020000000000e+01,1.380000000000e+01,2.763109706233e+00
1.020000000000e+01,1.400000000000e+01,2.737840627909e+00
1.020000000000e+01,1.420000000000e+01,2.713110730964e+00
1.020000000000e+01,1.440000000000e+01,2.688829219526e+00
1.020000000000e+01,1.460000000000e+01,2.665066993308e+00
1.020000000000e+01,1.480000000000e+01,2.641802308319e+00
1.020000000000e+01,1.500000000000e+01,2.619014889003e+00
1.020000000000e+01,1.520000000000e+01,2.596685796363e+00
1.020000000000e+01,1.540000000000e+01,2.574797310193e+00
1.020000000000e+01,1.560000000000e+01,2.553332823713e+00
1.020000000000e+01,1.580000000000e+01,2.532276749123e+00
1.020000000000e+01,1.600000000000e+01,2.511614432793e+00
1.040000000000e+01,3.000000000000e+00,inf
1.040000000000e+01,3.200000000000e+00,inf
1.040000000000e+01,3.400000000000e+00,inf
1.040000000000e+01,3.600000000000e+00,inf
1.040000000000e+01,3.800000000000e+00,inf
1.040000000000e+01,4.000000000000e+00,inf
1.040000000000e+01,4.200000000000e+00,inf
1.040000000000e+01,4.400000000000e+00,inf
1.040000000000e+01,4.600000000000e+00,inf
1.040000000000e+01,4.800000000000e+00,inf
1.040000000000e+01,5.000000000000e+00,7.603087724845e+00
1.040000000000e+01,5.200000000000e+00,7.011440393113e+00
1.040000000000e+01,5.400000000000e+00,6.534881915453e+00
1.040000000000e+01,5.600000000000e+00,6.143281363022e+00
1.040000000000e+01,5.800000000000e+00,5.817234934444e+00
1.040000000000e+01,6.000000000000e+00,5.541614640218e+00
1.040000000000e+01,6.200000000000e+00,5.305105896703e+00
1.040000000000e+01,6.400000000000e+00,5.100425957224e+00
1.040000000000e+01,6.600000000000e+00,4.921432621067e+00
1.040000000000e+01,6.800000000000e+00,4.763069672541e+00
1.040000000000e+01,7.000000000000e+00,4.621696116680e+00
1.040000000000e+01,7.200000000000e+00,4.494814034816e+00
1.040000000000e+01,7.400000000000e+00,4.380121486688e+00
1.040000000000e+01,7.600000000000e+00,4.275768092433e+00
1.040000000000e+01,7.800000000000e+00,4.179998381129e+00
1.040000000000e+01,8.000000000000e+00,4.091622116962e+00
1.040000000000e+01,8.200000000000e+00,4.009873433978e+00
1.040000000000e+01,8.400000000000e+00,3.933905202077e+00
1.040000000000e+01,8.600000000000e+00,3.863008124396e+00
1.040000000000e+01,8.800000000000e+00,3.796584429370e+00
1.040000000000e+01,9.000000000000e+00,3.734127258152e+00
1.040000000000e+01,9.200000000000e+00,3.674975133277e+00
1.040000000000e+01,9.400000000000e+00,3.618901290064e+00
1.040000000000e+01,9.600000000000e+00,3.565689530439e+00
1.040000000000e+01,9.800000000000e+00,3.515061943935e+00
1.040000000000e+01,1.000000000000e+01,3.466776814397e+00
1.040000000000e+01,1.020000000000e+01,3.420623004637e+00
1.040000000000e+01,1.040000000000e+01,3.376415336523e+00
1.040000000000e+01,1.060000000000e+01,3.333990769249e+00
1.040000000000e+01,1.080000000000e+01,3.293205221544e+00
1.040000000000e+01,1.100000000000e+01,3.253930916402e+00
1.040000000000e+01,1.120000000000e+01,3.215888027158e+00
1.040000000000e+01,1.140000000000e+01,3.179107999620e+00
1.040000000000e+01,1.160000000000e+01,3.143542103114e+00
1.040000000000e+01,1.180000000000e+01,3.109108156633e+00
1.040000000000e+01,1.200000000000e+01,3.075732122914e+00
1.040000000000e+01,1.220000000000e+01,3.043347115035e+00
1.040000000000e+01,1.240000000000e+01,3.011892542810e+00
1.040000000000e+01,1.260000000000e+01,2.981313376914e+00
1.040000000000e+01,1.280000000000e+01,2.951559512480e+00
1.040000000000e+01,1.300000000000e+01,2.922585217075e+00
1.040000000000e+01,1.320000000000e+01,2.894348650468e+00
1.040000000000e+01,1.340000000000e+01,2.866811445707e+00
1.040000000000e+01,1.360000000000e+01,2.839938342680e+00
1.040000000000e+01,1.380000000000e+01,2.813696866775e+00
1.040000000000e+01,1.400000000000e+01,2.788057046381e+00
1.040000000000e+01,1.420000000000e+01,2.762966248692e+00
1.040000000000e+01,1.440000000000e+01,2.738333114234e+00
1.040000000000e+01,1.460000000000e+01,2.714228625135e+00
1.040000000000e+01,1.480000000000e+01,2.690630418619e+00
1.040000000000e+01,1.500000000000e+01,2.667517656055e+00
1.040000000000e+01,1.520000000000e+01,2.644870885337e+00
1.040000000000e+01,1.540000000000e+01,2.622671918039e+00
1.040000000000e+01,1.560000000000e+01,2.600903719541e+00
1.040000000000e+01,1.580000000000e+01,2.579550310576e+00
1.040000000000e+01,1.600000000000e+01,2.558596678860e+00
1.060000000000e+01,3.000000000000e+00,inf
1.060000000000e+01,3.200000000000e+00,inf
1.060000000000e+01,3.400000000000e+00,inf
1.060000000000e+01,3.600000000000e+00,inf
1.060000000000e+01,3.800000000000e+00,inf
1.060000000000e+01,4.000000000000e+00,inf
1.060000000000e+01,4.200000000000e+00,inf
1.060000000000e+01,4.400000000000e+00,inf
1.060000000000e+01,4.600000000000e+00,inf
1.060000000000e+01,4.800000000000e+00,inf
1.060000000000e+01,5.000000000000e+00,7.845041414118e+00
1.060000000000e+01,5.200000000000e+00,7.219436805035e+00
1.060000000000e+01,5.400000000000e+00,6.716882759041e+00
1.060000000000e+01,5.600000000000e+00,6.304982616364e+00
1.060000000000e+01,5.800000000000e+00,5.962839191874e+00
1.060000000000e+01,6.000000000000e+00,5.674255501471e+00
1.060000000000e+01,6.200000000000e+00,5.427153219569e+00
1.060000000000e+01,6.400000000000e+00,5.213722299168e+00
1.060000000000e+01,6.600000000000e+00,5.027419118835e+00
1.060000000000e+01,6.800000000000e+00,4.862881814298e+00
1.060000000000e+01,7.000000000000e+00,4.716244262697e+00
1.060000000000e+01,7.200000000000e+00,4.584841210860e+00
1.060000000000e+01,7.400000000000e+00,4.466235499635e+00
1.060000000000e+01,7.600000000000e+00,4.358470610004e+00
1.060000000000e+01,7.800000000000e+00,4.259702307520e+00
1.060000000000e+01,8.000000000000e+00,4.168675272638e+00
1.060000000000e+01,8.200000000000e+00,4.084572089276e+00
1.060000000000e+01,8.400000000000e+00,4.006501099725e+00
1.060000000000e+01,8.600000000000e+00,3.933716443817e+00
1.060000000000e+01,8.800000000000e+00,3.865590110262e+00
1.060000000000e+01,9.000000000000e+00,3.801590062996e+00
1.060000000000e+01,9.200000000000e+00,3.741029658887e+00
1.060000000000e+01,9.400000000000e+00,3.683668297636e+00
1.060000000000e+01,9.600000000000e+00,3.629275139686e+00
1.060000000000e+01,9.800000000000e+00,3.577559416877e+00
1.060000000000e+01,1.000000000000e+01,3.528268414183e+00
1.060000000000e+01,1.020000000000e+01,3.481181544074e+00
1.060000000000e+01,1.040000000000e+01,3.436105474971e+00
1.060000000000e+01,1.060000000000e+01,3.392870104226e+00
1.060000000000e+01,1.080000000000e+01,3.351325211870e+00
1.060000000000e+01,1.100000000000e+01,3.311337666350e+00
1.060000000000e+01,1.120000000000e+01,3.272619914074e+00
1.060000000000e+01,1.140000000000e+01,3.235202745960e+00
1.060000000000e+01,1.160000000000e+01,3.199033502766e+00
1.060000000000e+01,1.180000000000e+01,3.164026798506e+00
1.060000000000e+01,1.200000000000e+01,3.130105759766e+00
1.060000000000e+01,1.220000000000e+01,3.097200983682e+00
1.060000000000e+01,1.240000000000e+01,3.065249642981e+00
1.060000000000e+01,1.260000000000e+01,3.034194714763e+00
1.060000000000e+01,1.280000000000e+01,3.003984313824e+00
1.060000000000e+01,1.300000000000e+01,2.974571114592e+00
1.060000000000e+01,1.320000000000e+01,2.945911848448e+00
1.060000000000e+01,1.340000000000e+01,2.917966865369e+00
1.060000000000e+01,1.360000000000e+01,2.890699750648e+00
1.060000000000e+01,1.380000000000e+01,2.864076988891e+00
1.060000000000e+01,1.400000000000e+01,2.838067668744e+00
1.060000000000e+01,1.420000000000e+01,2.812617414159e+00
1.060000000000e+01,1.440000000000e+01,2.787634282883e+00
1.060000000000e+01,1.460000000000e+01,2.763189309446e+00
1.060000000000e+01,1.480000000000e+01,2.739259494613e+00
1.060000000000e+01,1.500000000000e+01,2.715823420710e+00
1.060000000000e+01,1.520000000000e+01,2.692861108085e+00
1.060000000000e+01,1.540000000000e+01,2.670353887024e+00
1.060000000000e+01,1.560000000000e+01,2.648284283233e+00
1.060000000000e+01,1.580000000000e+01,2.626635915264e+00
1.060000000000e+01,1.600000000000e+01,2.605393402460e+00
1.080000000000e+01,3.000000000000e+00,inf
1.080000000000e+01,3.200000000000e+00,inf
1.080000000000e+01,3.400000000000e+00,inf
1.080000000000e+01,3.600000000000e+00,inf
1.080000000000e+01,3.800000000000e+00,inf
1.080000000000e+01,4.000000000000e+00,inf
1.080000000000e+01,4.200000000000e+00,inf
1.080000000000e+01,4.400000000000e+00,inf
1.080000000000e+01,4.600000000000e+00,inf
1.080000000000e+01,4.800000000000e+00,inf
1.080000000000e+01,5.000000000000e+00,8.094190262763e+00
1.080000000000e+01,5.200000000000e+00,7.432928947907e+00
1.080000000000e+01,5.400000000000e+00,6.903143085848e+00
1.080000000000e+01,5.600000000000e+00,6.470025213228e+00
1.080000000000e+01,5.800000000000e+00,6.111091057705e+00
1.080000000000e+01,6.000000000000e+00,5.809011132593e+00
1.080000000000e+01,6.200000000000e+00,5.550899702684e+00
1.080000000000e+01,6.400000000000e+00,5.328389520256e+00
1.080000000000e+01,6.600000000000e+00,5.134514018669e+00
1.080000000000e+01,6.800000000000e+00,4.963590179857e+00
1.080000000000e+01,7.000000000000e+00,4.811515304623e+00
1.080000000000e+01,7.200000000000e+00,4.675448518996e+00
1.080000000000e+01,7.400000000000e+00,4.552811106288e+00
1.080000000000e+01,7.600000000000e+00,4.441535587469e+00
1.080000000000e+01,7.800000000000e+00,4.339685299679e+00
1.080000000000e+01,8.000000000000e+00,4.245936860695e+00
1.080000000000e+01,8.200000000000e+00,4.159419105286e+00
1.080000000000e+01,8.400000000000e+00,4.079194048458e+00
1.080000000000e+01,8.600000000000e+00,4.004477826902e+00
1.080000000000e+01,8.800000000000e+00,3.934611027865e+00
1.080000000000e+01,9.000000000000e+00,3.869035493211e+00
1.080000000000e+01,9.200000000000e+00,3.807038687892e+00
1.080000000000e+01,9.400000000000e+00,3.748365460646e+00
1.080000000000e+01,9.600000000000e+00,3.692769831553e+00
1.080000000000e+01,9.800000000000e+00,3.639947729902e+00
1.080000000000e+01,1.000000000000e+01,3.589635067611e+00
1.080000000000e+01,1.020000000000e+01,3.541601490283e+00
1.080000000000e+01,1.040000000000e+01,3.495645243723e+00
1.080000000000e+01,1.060000000000e+01,3.451588933388e+00
1.080000000000e+01,1.080000000000e+01,3.409276003052e+00
1.080000000000e+01,1.100000000000e+01,3.368567796210e+00
1.080000000000e+01,1.120000000000e+01,3.329168921354e+00
1.080000000000e+01,1.140000000000e+01,3.291109336358e+00
1.080000000000e+01,1.160000000000e+01,3.254332354899e+00
1.080000000000e+01,1.180000000000e+01,3.218749287705e+00
1.080000000000e+01,1.200000000000e+01,3.184280338834e+00
1.080000000000e+01,1.220000000000e+01,3.150853513362e+00
1.080000000000e+01,1.240000000000e+01,3.118403679651e+00
1.080000000000e+01,1.260000000000e+01,3.086871761612e+00
1.080000000000e+01,1.280000000000e+01,3.056204040744e+00
1.080000000000e+01,1.300000000000e+01,3.026351551185e+00
1.080000000000e+01,1.320000000000e+01,2.997269553849e+00
1.080000000000e+01,1.340000000000e+01,2.968917078027e+00
1.080000000000e+01,1.360000000000e+01,2.941256520717e+00
1.080000000000e+01,1.380000000000e+01,2.914253295513e+00
1.080000000000e+01,1.400000000000e+01,2.887875524140e+00
1.080000000000e+01,1.420000000000e+01,2.862067070537e+00
1.080000000000e+01,1.440000000000e+01,2.836735389248e+00
1.080000000000e+01,1.460000000000e+01,2.811951537575e+00
1.080000000000e+01,1.480000000000e+01,2.787691861844e+00
1.080000000000e+01,1.500000000000e+01,2.763934349078e+00
1.080000000000e+01,1.520000000000e+01,2.740658477367e+00
1.080000000000e+01,1.540000000000e+01,2.717845082387e+00
1.080000000000e+01,1.560000000000e+01,2.695476238096e+00
1.080000000000e+01,1.580000000000e+01,2.673535149912e+00
1.080000000000e+01,1.600000000000e+01,2.652006058876e+00
1.100000000000e+01,3.000000000000e+00,inf
1.100000000000e+01,3.200000000000e+00,inf
1.100000000000e+01,3.400000000000e+00,inf
1.100000000000e+01,3.600000000000e+00,inf
1.100000000000e+01,3.800000000000e+00,inf
1.100000000000e+01,4.000000000000e+00,inf
1.100000000000e+01,4.200000000000e+00,inf
1.100000000000e+01,4.400000000000e+00,inf
1.100000000000e+01,4.600000000000e+00,inf
1.100000000000e+01,4.800000000000e+00,inf
1.100000000000e+01,5.000000000000e+00,8.350810753536e+00
1.100000000000e+01,5.200000000000e+00,7.652120525658e+00
1.100000000000e+01,5.400000000000e+00,7.093816500356e+00
1.100000000000e+01,5.600000000000e+00,6.638527485257e+00
1.100000000000e+01,5.800000000000e+00,6.262083552968e+00
1.100000000000e+01,6.000000000000e+00,5.945956059337e+00
1.100000000000e+01,6.200000000000e+00,5.676406134784e+00
1.100000000000e+01,6.400000000000e+00,5.444478052818e+00
1.100000000000e+01,6.600000000000e+00,5.242759829984e+00
1.100000000000e+01,6.800000000000e+00,5.065231124944e+00
1.100000000000e+01,7.000000000000e+00,4.907540758580e+00
1.100000000000e+01,7.200000000000e+00,4.766663618093e+00
1.100000000000e+01,7.400000000000e+00,4.639872850996e+00
1.100000000000e+01,7.600000000000e+00,4.524985022190e+00
1.100000000000e+01,7.800000000000e+00,4.419967241975e+00
1.100000000000e+01,8.000000000000e+00,4.323424995236e+00
1.100000000000e+01,8.200000000000e+00,4.234431094754e+00
1.100000000000e+01,8.400000000000e+00,4.151999373158e+00
1.100000000000e+01,8.600000000000e+00,4.075306481696e+00
1.100000000000e+01,8.800000000000e+00,4.003660411627e+00
1.100000000000e+01,9.000000000000e+00,3.936475912356e+00
1.100000000000e+01,9.200000000000e+00,3.873013808285e+00
1.100000000000e+01,9.400000000000e+00,3.813003669151e+00
1.100000000000e+01,9.600000000000e+00,3.756183862683e+00
1.100000000000e+01,9.800000000000e+00,3.702236560723e+00
1.100000000000e+01,1.000000000000e+01,3.650885919876e+00
1.100000000000e+01,1.020000000000e+01,3.601891495830e+00
1.100000000000e+01,1.040000000000e+01,3.555042837285e+00
1.100000000000e+01,1.060000000000e+01,3.510155023383e+00
1.100000000000e+01,1.080000000000e+01,3.467064960493e+00
1.100000000000e+01,1.100000000000e+01,3.425628293771e+00
1.100000000000e+01,1.120000000000e+01,3.385541679366e+00
1.100000000000e+01,1.140000000000e+01,3.346834062766e+00
1.100000000000e+01,1.160000000000e+01,3.309444630399e+00
1.100000000000e+01,1.180000000000e+01,3.273281289885e+00
1.100000000000e+01,1.200000000000e+01,3.238261235079e+00
1.100000000000e+01,1.220000000000e+01,3.204309801761e+00
1.100000000000e+01,1.240000000000e+01,3.171359485676e+00
1.100000000000e+01,1.260000000000e+01,3.139349097079e+00
1.100000000000e+01,1.280000000000e+01,3.108223030462e+00
1.100000000000e+01,1.300000000000e+01,3.077930631852e+00
1.100000000000e+01,1.320000000000e+01,3.048425649026e+00
1.100000000000e+01,1.340000000000e+01,3.019665752432e+00
1.100000000000e+01,1.360000000000e+01,2.991612116595e+00
1.100000000000e+01,1.380000000000e+01,2.964229053415e+00
1.100000000000e+01,1.400000000000e+01,2.937483690127e+00
1.100000000000e+01,1.420000000000e+01,2.911318113685e+00
1.100000000000e+01,1.440000000000e+01,2.885639153848e+00
1.100000000000e+01,1.460000000000e+01,2.860517861419e+00
1.100000000000e+01,1.480000000000e+01,2.835929910000e+00
1.100000000000e+01,1.500000000000e+01,2.811852674776e+00
1.100000000000e+01,1.520000000000e+01,2.788265076605e+00
1.100000000000e+01,1.540000000000e+01,2.765147442982e+00
1.100000000000e+01,1.560000000000e+01,2.742481383812e+00
1.100000000000e+01,1.580000000000e+01,2.720249680209e+00
1.100000000000e+01,1.600000000000e+01,2.698436184771e+00
1.120000000000e+01,3.000000000000e+00,inf
1.120000000000e+01,3.200000000000e+00,inf
1.120000000000e+01,3.400000000000e+00,inf
1.120000000000e+01,3.600000000000e+00,inf
1.120000000000e+01,3.800000000000e+00,inf
1.120000000000e+01,4.000000000000e+00,inf
1.120000000000e+01,4.200000000000e+00,inf
1.120000000000e+01,4.400000000000e+00,inf
1.120000000000e+01,4.600000000000e+00,inf
1.120000000000e+01,4.800000000000e+00,inf
1.120000000000e+01,5.000000000000e+00,8.615187264691e+00
1.120000000000e+01,5.200000000000e+00,7.877220450034e+00
1.120000000000e+01,5.400000000000e+00,7.289060088183e+00
1.120000000000e+01,5.600000000000e+00,6.810610102995e+00
1.120000000000e+01,5.800000000000e+00,6.415911265368e+00
1.120000000000e+01,6.000000000000e+00,6.085165843238e+00
1.120000000000e+01,6.200000000000e+00,5.803733970194e+00
1.120000000000e+01,6.400000000000e+00,5.562038734536e+00
1.120000000000e+01,6.600000000000e+00,5.352199283609e+00
1.120000000000e+01,6.800000000000e+00,5.167841096743e+00
1.120000000000e+01,7.000000000000e+00,5.004352140344e+00
1.120000000000e+01,7.200000000000e+00,4.858514102497e+00
1.120000000000e+01,7.400000000000e+00,4.727445169486e+00
1.120000000000e+01,7.600000000000e+00,4.608840773507e+00
1.120000000000e+01,7.800000000000e+00,4.500567862320e+00
1.120000000000e+01,8.000000000000e+00,4.401157623432e+00
1.120000000000e+01,8.200000000000e+00,4.309624498943e+00
1.120000000000e+01,8.400000000000e+00,4.224932227056e+00
1.120000000000e+01,8.600000000000e+00,4.146216447662e+00
1.120000000000e+01,8.800000000000e+00,4.072751327831e+00
1.120000000000e+01,9.000000000000e+00,4.003923527959e+00
1.120000000000e+01,9.200000000000e+00,3.938966460407e+00
1.120000000000e+01,9.400000000000e+00,3.877593674774e+00
1.120000000000e+01,9.600000000000e+00,3.819527361014e+00
1.120000000000e+01,9.800000000000e+00,3.764435468378e+00
1.120000000000e+01,1.000000000000e+01,3.712030007661e+00
1.120000000000e+01,1.020000000000e+01,3.662060114918e+00
1.120000000000e+01,1.040000000000e+01,3.614306361831e+00
1.120000000000e+01,1.060000000000e+01,3.568576062382e+00
1.120000000000e+01,1.080000000000e+01,3.524699380732e+00
1.120000000000e+01,1.100000000000e+01,3.482526087288e+00
1.120000000000e+01,1.120000000000e+01,3.441744767945e+00
1.120000000000e+01,1.140000000000e+01,3.402383175326e+00
1.120000000000e+01,1.160000000000e+01,3.364376266708e+00
1.120000000000e+01,1.180000000000e+01,3.327628445267e+00
1.120000000000e+01,1.200000000000e+01,3.292053805690e+00
1.120000000000e+01,1.220000000000e+01,3.257574936095e+00
1.120000000000e+01,1.240000000000e+01,3.224121890398e+00
1.120000000000e+01,1.260000000000e+01,3.191631303882e+00
1.120000000000e+01,1.280000000000e+01,3.160045629578e+00
1.120000000000e+01,1.300000000000e+01,3.129312476926e+00
1.120000000000e+01,1.320000000000e+01,3.099384037308e+00
1.120000000000e+01,1.340000000000e+01,3.070216583650e+00
1.120000000000e+01,1.360000000000e+01,3.041770033347e+00
1.120000000000e+01,1.380000000000e+01,3.014007565502e+00
1.120000000000e+01,1.400000000000e+01,2.986895284888e+00
1.120000000000e+01,1.420000000000e+01,2.960373484306e+00
1.120000000000e+01,1.440000000000e+01,2.934348346057e+00
1.120000000000e+01,1.460000000000e+01,2.908890885499e+00
1.120000000000e+01,1.480000000000e+01,2.883976084944e+00
1.120000000000e+01,1.500000000000e+01,2.859580690933e+00
1.120000000000e+01,1.520000000000e+01,2.835683051866e+00
1.120000000000e+01,1.540000000000e+01,2.812262973252e+00
1.120000000000e+01,1.560000000000e+01,2.789301588413e+00
1.120000000000e+01,1.580000000000e+01,2.766781242780e+00
1.120000000000e+01,1.600000000000e+01,2.744685390165e+00
1.140000000000e+01,3.000000000000e+00,inf
1.140000000000e+01,3.200000000000e+00,inf
1.140000000000e+01,3.400000000000e+00,inf
1.140000000000e+01,3.600000000000e+00,inf
1.140000000000e+01,3.800000000000e+00,inf
1.140000000000e+01,4.000000000000e+00,inf
1.140000000000e+01,4.200000000000e+00,inf
1.140000000000e+01,4.400000000000e+00,inf
1.140000000000e+01,4.600000000000e+00,inf
1.140000000000e+01,4.800000000000e+00,inf
1.140000000000e+01,5.000000000000e+00,8.887612341685e+00
1.140000000000e+01,5.200000000000e+00,8.108443016869e+00
1.140000000000e+01,5.400000000000e+00,7.489034537337e+00
1.140000000000e+01,5.600000000000e+00,6.986396163725e+00
1.140000000000e+01,5.800000000000e+00,6.572670415719e+00
1.140000000000e+01,6.000000000000e+00,6.226717133600e+00
1.140000000000e+01,6.200000000000e+00,5.932945370614e+00
1.140000000000e+01,6.400000000000e+00,5.681122842713e+00
1.140000000000e+01,6.600000000000e+00,5.462875360329e+00
1.140000000000e+01,6.800000000000e+00,5.271456657924e+00
1.140000000000e+01,7.000000000000e+00,5.101980985721e+00
1.140000000000e+01,7.200000000000e+00,4.951027519363e+00
1.140000000000e+01,7.400000000000e+00,4.815552403622e+00
1.140000000000e+01,7.600000000000e+00,4.693124575283e+00
1.140000000000e+01,7.800000000000e+00,4.581506742771e+00
1.140000000000e+01,8.000000000000e+00,4.479152534402e+00
1.140000000000e+01,8.200000000000e+00,4.385015594967e+00
1.140000000000e+01,8.400000000000e+00,4.298007597680e+00
1.140000000000e+01,8.600000000000e+00,4.217221600361e+00
1.140000000000e+01,8.800000000000e+00,4.141896683149e+00
1.140000000000e+01,9.000000000000e+00,4.071390394019e+00
1.140000000000e+01,9.200000000000e+00,4.004907938508e+00
1.140000000000e+01,9.400000000000e+00,3.942146091384e+00
1.140000000000e+01,9.600000000000e+00,3.882810325678e+00
1.140000000000e+01,9.800000000000e+00,3.826553892406e+00
1.140000000000e+01,1.000000000000e+01,3.773076257635e+00
1.140000000000e+01,1.020000000000e+01,3.722115801271e+00
1.140000000000e+01,1.040000000000e+01,3.673443832546e+00
1.140000000000e+01,1.060000000000e+01,3.626859656912e+00
1.140000000000e+01,1.080000000000e+01,3.582186487812e+00
1.140000000000e+01,1.100000000000e+01,3.539268041425e+00
1.140000000000e+01,1.120000000000e+01,3.497784711969e+00
1.140000000000e+01,1.140000000000e+01,3.457762877588e+00
1.140000000000e+01,1.160000000000e+01,3.419133162733e+00
1.140000000000e+01,1.180000000000e+01,3.381796363272e+00
1.140000000000e+01,1.200000000000e+01,3.345663384449e+00
1.140000000000e+01,1.220000000000e+01,3.310653987251e+00
1.140000000000e+01,1.240000000000e+01,3.276695713574e+00
1.140000000000e+01,1.260000000000e+01,3.243722961579e+00
1.140000000000e+01,1.280000000000e+01,3.211676187648e+00
1.140000000000e+01,1.300000000000e+01,3.180501215501e+00
1.140000000000e+01,1.320000000000e+01,3.150148636294e+00
1.140000000000e+01,1.340000000000e+01,3.120573286237e+00
1.140000000000e+01,1.360000000000e+01,3.091733790477e+00
1.140000000000e+01,1.380000000000e+01,3.063592163793e+00
1.140000000000e+01,1.400000000000e+01,3.036113460149e+00
1.140000000000e+01,1.420000000000e+01,3.009236160796e+00
1.140000000000e+01,1.440000000000e+01,2.982865776893e+00
1.140000000000e+01,1.460000000000e+01,2.957073259712e+00
1.140000000000e+01,1.480000000000e+01,2.931832881427e+00
1.140000000000e+01,1.500000000000e+01,2.907120742873e+00
1.140000000000e+01,1.520000000000e+01,2.882914604524e+00
1.140000000000e+01,1.540000000000e+01,2.859193735872e+00
1.140000000000e+01,1.560000000000e+01,2.835938780910e+00
1.140000000000e+01,1.580000000000e+01,2.813131637809e+00
1.140000000000e+01,1.600000000000e+01,2.790755351061e+00
1.160000000000e+01,3.000000000000e+00,inf
1.160000000000e+01,3.200000000000e+00,inf
1.160000000000e+01,3.400000000000e+00,inf
1.160000000000e+01,3.600000000000e+00,inf
1.160000000000e+01,3.800000000000e+00,inf
1.160000000000e+01,4.000000000000e+00,inf
1.160000000000e+01,4.200000000000e+00,inf
1.160000000000e+01,4.400000000000e+00,inf
1.160000000000e+01,4.600000000000e+00,inf
1.160000000000e+01,4.800000000000e+00,inf
1.160000000000e+01,5.000000000000e+00,inf
1.160000000000e+01,5.200000000000e+00,8.346008085263e+00
1.160000000000e+01,5.400000000000e+00,7.693904260319e+00
1.160000000000e+01,5.600000000000e+00,7.166011279219e+00
1.160000000000e+01,5.800000000000e+00,6.732458923885e+00
1.160000000000e+01,6.000000000000e+00,6.370687718853e+00
1.160000000000e+01,6.200000000000e+00,6.064103246270e+00
1.160000000000e+01,6.400000000000e+00,5.801782127991e+00
1.160000000000e+01,6.600000000000e+00,5.574831318971e+00
1.160000000000e+01,6.800000000000e+00,5.376114510304e+00
1.160000000000e+01,7.000000000000e+00,5.200458870641e+00
1.160000000000e+01,7.200000000000e+00,5.044231385822e+00
1.160000000000e+01,7.400000000000e+00,4.904218816084e+00
1.160000000000e+01,7.600000000000e+00,4.777858048446e+00
1.160000000000e+01,7.800000000000e+00,4.662803330214e+00
1.160000000000e+01,8.000000000000e+00,4.557427368233e+00
1.160000000000e+01,8.200000000000e+00,4.460620503347e+00
1.160000000000e+01,8.400000000000e+00,4.371240313078e+00
1.160000000000e+01,8.600000000000e+00,4.288335656481e+00
1.160000000000e+01,8.800000000000e+00,4.211109228564e+00
1.160000000000e+01,9.000000000000e+00,4.138888413943e+00
1.160000000000e+01,9.200000000000e+00,4.070849392766e+00
1.160000000000e+01,9.400000000000e+00,4.006671396295e+00
1.160000000000e+01,9.600000000000e+00,3.946042627421e+00
1.160000000000e+01,9.800000000000e+00,3.888601152561e+00
1.160000000000e+01,1.000000000000e+01,3.834033485533e+00
1.160000000000e+01,1.020000000000e+01,3.782066906633e+00
1.160000000000e+01,1.040000000000e+01,3.732463171572e+00
1.160000000000e+01,1.060000000000e+01,3.685013329312e+00
1.160000000000e+01,1.080000000000e+01,3.639533430288e+00
1.160000000000e+01,1.100000000000e+01,3.595860953857e+00
1.160000000000e+01,1.120000000000e+01,3.553667977582e+00
1.160000000000e+01,1.140000000000e+01,3.512979322394e+00
1.160000000000e+01,1.160000000000e+01,3.473721174412e+00
1.160000000000e+01,1.180000000000e+01,3.435790617795e+00
1.160000000000e+01,1.200000000000e+01,3.399095276766e+00
1.160000000000e+01,1.220000000000e+01,3.363552004579e+00
1.160000000000e+01,1.240000000000e+01,3.329085759968e+00
1.160000000000e+01,1.260000000000e+01,3.295628640975e+00
1.160000000000e+01,1.280000000000e+01,3.263119051413e+00
1.160000000000e+01,1.300000000000e+01,3.231500979514e+00
1.160000000000e+01,1.320000000000e+01,3.200723371805e+00
1.160000000000e+01,1.340000000000e+01,3.170739588075e+00
1.160000000000e+01,1.360000000000e+01,3.141506925653e+00
1.160000000000e+01,1.380000000000e+01,3.112986203060e+00
1.160000000000e+01,1.400000000000e+01,3.085141394728e+00
1.160000000000e+01,1.420000000000e+01,3.057909152724e+00
1.160000000000e+01,1.440000000000e+01,3.031194292443e+00
1.160000000000e+01,1.460000000000e+01,3.005067672696e+00
1.160000000000e+01,1.480000000000e+01,2.979502836413e+00
1.160000000000e+01,1.500000000000e+01,2.954475221403e+00
1.160000000000e+01,1.520000000000e+01,2.929961984522e+00
1.160000000000e+01,1.540000000000e+01,2.905941844988e+00
1.160000000000e+01,1.560000000000e+01,2.882394944523e+00
1.160000000000e+01,1.580000000000e+01,2.859302722257e+00
1.160000000000e+01,1.600000000000e+01,2.836647802650e+00
1.180000000000e+01,3.000000000000e+00,inf
1.180000000000e+01,3.200000000000e+00,inf
1.180000000000e+01,3.400000000000e+00,inf
1.180000000000e+01,3.600000000000e+00,inf
1.180000000000e+01,3.800000000000e+00,inf
1.180000000000e+01,4.000000000000e+00,inf
1.180000000000e+01,4.200000000000e+00,inf
1.180000000000e+01,4.400000000000e+00,inf
1.180000000000e+01,4.600000000000e+00,inf
1.180000000000e+01,4.800000000000e+00,inf
1.180000000000e+01,5.000000000000e+00,inf
1.180000000000e+01,5.200000000000e+00,8.590141260021e+00
1.180000000000e+01,5.400000000000e+00,7.903837517299e+00
1.180000000000e+01,5.600000000000e+00,7.349583663527e+00
1.180000000000e+01,5.800000000000e+00,6.895376474322e+00
1.180000000000e+01,6.000000000000e+00,6.517156577340e+00
1.180000000000e+01,6.200000000000e+00,6.197271296482e+00
1.180000000000e+01,6.400000000000e+00,5.924068847510e+00
1.180000000000e+01,6.600000000000e+00,5.688110724000e+00
1.180000000000e+01,6.800000000000e+00,5.481851518105e+00
1.180000000000e+01,7.000000000000e+00,5.299817430956e+00
1.180000000000e+01,7.200000000000e+00,5.138153205919e+00
1.180000000000e+01,7.400000000000e+00,4.993468604925e+00
1.180000000000e+01,7.600000000000e+00,4.863062713491e+00
1.180000000000e+01,7.800000000000e+00,4.744476947063e+00
1.180000000000e+01,8.000000000000e+00,4.635999625108e+00
1.180000000000e+01,8.200000000000e+00,4.536455195710e+00
1.180000000000e+01,8.400000000000e+00,4.444645048253e+00
1.180000000000e+01,8.600000000000e+00,4.359572179121e+00
1.180000000000e+01,8.800000000000e+00,4.280401563619e+00
1.180000000000e+01,9.000000000000e+00,4.206429343832e+00
1.180000000000e+01,9.200000000000e+00,4.136801831708e+00
1.180000000000e+01,9.400000000000e+00,4.071179931871e+00
1.180000000000e+01,9.600000000000e+00,4.009234009478e+00
1.180000000000e+01,9.800000000000e+00,3.950586449015e+00
1.180000000000e+01,1.000000000000e+01,3.894910395731e+00
1.180000000000e+01,1.020000000000e+01,3.841921679768e+00
1.180000000000e+01,1.040000000000e+01,3.791372206496e+00
1.180000000000e+01,1.060000000000e+01,3.743044515738e+00
1.180000000000e+01,1.080000000000e+01,3.696747278792e+00
1.180000000000e+01,1.100000000000e+01,3.652311552432e+00
1.180000000000e+01,1.120000000000e+01,3.609400968991e+00
1.180000000000e+01,1.140000000000e+01,3.568038608341e+00
1.180000000000e+01,1.160000000000e+01,3.528146110877e+00
1.180000000000e+01,1.180000000000e+01,3.489616743094e+00
1.180000000000e+01,1.200000000000e+01,3.452354755299e+00
1.180000000000e+01,1.220000000000e+01,3.416274011296e+00
1.180000000000e+01,1.240000000000e+01,3.381296814536e+00
1.180000000000e+01,1.260000000000e+01,3.347352899118e+00
1.180000000000e+01,1.280000000000e+01,3.314378559637e+00
1.180000000000e+01,1.300000000000e+01,3.282315898428e+00
1.180000000000e+01,1.320000000000e+01,3.251112172422e+00
1.180000000000e+01,1.340000000000e+01,3.220719224790e+00
1.180000000000e+01,1.360000000000e+01,3.191092989021e+00
1.180000000000e+01,1.380000000000e+01,3.162193055041e+00
1.180000000000e+01,1.400000000000e+01,3.133982288667e+00
1.180000000000e+01,1.420000000000e+01,3.106395494903e+00
1.180000000000e+01,1.440000000000e+01,3.079336767861e+00
1.180000000000e+01,1.460000000000e+01,3.052876845783e+00
1.180000000000e+01,1.480000000000e+01,3.026988522975e+00
1.180000000000e+01,1.500000000000e+01,3.001646556676e+00
1.180000000000e+01,1.520000000000e+01,2.976827484194e+00
1.180000000000e+01,1.540000000000e+01,2.952509460017e+00
1.180000000000e+01,1.560000000000e+01,2.928672110447e+00
1.180000000000e+01,1.580000000000e+01,2.905296403617e+00
1.180000000000e+01,1.600000000000e+01,2.882364533064e+00
1.200000000000e+01,3.000000000000e+00,inf
1.200000000000e+01,3.200000000000e+00,inf
1.200000000000e+01,3.400000000000e+00,inf
1.200000000000e+01,3.600000000000e+00,inf
1.200000000000e+01,3.800000000000e+00,inf
1.200000000000e+01,4.000000000000e+00,inf
1.200000000000e+01,4.200000000000e+00,inf
1.200000000000e+01,4.400000000000e+00,inf
1.200000000000e+01,4.600000000000e+00,inf
1.200000000000e+01,4.800000000000e+00,inf
1.200000000000e+01,5.000000000000e+00,inf
1.200000000000e+01,5.200000000000e+00,8.841074077728e+00
1.200000000000e+01,5.400000000000e+00,8.119006540599e+00
1.200000000000e+01,5.600000000000e+00,7.537244220942e+00
1.200000000000e+01,5.800000000000e+00,7.061524581284e+00
1.200000000000e+01,6.000000000000e+00,6.666203927585e+00
1.200000000000e+01,6.200000000000e+00,6.332514049657e+00
1.200000000000e+01,6.400000000000e+00,6.048035797529e+00
1.200000000000e+01,6.600000000000e+00,5.802757472636e+00
1.200000000000e+01,6.800000000000e+00,5.588704730812e+00
1.200000000000e+01,7.000000000000e+00,5.400088381907e+00
1.200000000000e+01,7.200000000000e+00,5.232820487323e+00
1.200000000000e+01,7.400000000000e+00,5.083325917949e+00
1.200000000000e+01,7.600000000000e+00,4.948760002884e+00
1.200000000000e+01,7.800000000000e+00,4.826546801952e+00
1.200000000000e+01,8.000000000000e+00,4.714886674471e+00
1.200000000000e+01,8.200000000000e+00,4.612535502621e+00
1.200000000000e+01,8.400000000000e+00,4.518236331777e+00
1.200000000000e+01,8.600000000000e+00,4.430944583299e+00
1.200000000000e+01,8.800000000000e+00,4.349786140918e+00
1.200000000000e+01,9.000000000000e+00,4.274024796073e+00
1.200000000000e+01,9.200000000000e+00,4.202776124960e+00
1.200000000000e+01,9.400000000000e+00,4.135681907508e+00
1.200000000000e+01,9.600000000000e+00,4.072394088848e+00
1.200000000000e+01,9.800000000000e+00,4.012518862975e+00
1.200000000000e+01,1.000000000000e+01,3.955715581272e+00
1.200000000000e+01,1.020000000000e+01,3.901688265934e+00
1.200000000000e+01,1.040000000000e+01,3.850178669312e+00
1.200000000000e+01,1.060000000000e+01,3.800960564663e+00
1.200000000000e+01,1.080000000000e+01,3.753835024107e+00
1.200000000000e+01,1.100000000000e+01,3.708626492849e+00
1.200000000000e+01,1.120000000000e+01,3.664990025793e+00
1.200000000000e+01,1.140000000000e+01,3.622946776776e+00
1.200000000000e+01,1.160000000000e+01,3.582413731141e+00
1.200000000000e+01,1.180000000000e+01,3.543280230204e+00
1.200000000000e+01,1.200000000000e+01,3.505447056130e+00
1.200000000000e+01,1.220000000000e+01,3.468825000420e+00
1.200000000000e+01,1.240000000000e+01,3.433333638163e+00
1.200000000000e+01,1.260000000000e+01,3.398900274849e+00
1.200000000000e+01,1.280000000000e+01,3.365459038479e+00
1.200000000000e+01,1.300000000000e+01,3.332950094452e+00
1.200000000000e+01,1.320000000000e+01,3.301318964578e+00
1.200000000000e+01,1.340000000000e+01,3.270515934715e+00
1.200000000000e+01,1.360000000000e+01,3.240495538054e+00
1.200000000000e+01,1.380000000000e+01,3.211216103196e+00
1.200000000000e+01,1.400000000000e+01,3.182639357901e+00
1.200000000000e+01,1.420000000000e+01,3.154698241967e+00
1.200000000000e+01,1.440000000000e+01,3.127296101889e+00
1.200000000000e+01,1.460000000000e+01,3.100503527448e+00
1.200000000000e+01,1.480000000000e+01,3.074292544708e+00
1.200000000000e+01,1.500000000000e+01,3.048637212550e+00
1.200000000000e+01,1.520000000000e+01,3.023513432596e+00
1.200000000000e+01,1.540000000000e+01,2.998898779943e+00
1.200000000000e+01,1.560000000000e+01,2.974772352137e+00
1.200000000000e+01,1.580000000000e+01,2.951114634176e+00
1.200000000000e+01,1.600000000000e+01,2.927907377614e+00
1.220000000000e+01,3.000000000000e+00,inf
1.220000000000e+01,3.200000000000e+00,inf
1.220000000000e+01,3.400000000000e+00,inf
1.220000000000e+01,3.600000000000e+00,inf
1.220000000000e+01,3.800000000000e+00,inf
1.220000000000e+01,4.000000000000e+00,inf
1.220000000000e+01,4.200000000000e+00,inf
1.220000000000e+01,4.400000000000e+00,inf
1.220000000000e+01,4.600000000000e+00,inf
1.220000000000e+01,4.800000000000e+00,inf
1.220000000000e+01,5.000000000000e+00,inf
1.220000000000e+01,5.200000000000e+00,9.099044196825e+00
1.220000000000e+01,5.400000000000e+00,8.339587660700e+00
1.220000000000e+01,5.600000000000e+00,7.729126634296e+00
1.220000000000e+01,5.800000000000e+00,7.231006653799e+00
1.220000000000e+01,6.000000000000e+00,6.817911278090e+00
1.220000000000e+01,6.200000000000e+00,6.469896902739e+00
1.220000000000e+01,6.400000000000e+00,6.173736345514e+00
1.220000000000e+01,6.600000000000e+00,5.918815821493e+00
1.220000000000e+01,6.800000000000e+00,5.696711405618e+00
1.220000000000e+01,7.000000000000e+00,5.501303537262e+00
1.220000000000e+01,7.200000000000e+00,5.328260757762e+00
1.220000000000e+01,7.400000000000e+00,5.173814866917e+00
1.220000000000e+01,7.600000000000e+00,5.034971273361e+00
1.220000000000e+01,7.800000000000e+00,4.909032000367e+00
1.220000000000e+01,8.000000000000e+00,4.794105764210e+00
1.220000000000e+01,8.200000000000e+00,4.688877121455e+00
1.220000000000e+01,8.400000000000e+00,4.592028552497e+00
1.220000000000e+01,8.600000000000e+00,4.502466141615e+00
1.220000000000e+01,8.800000000000e+00,4.419275270834e+00
1.220000000000e+01,9.000000000000e+00,4.341686243170e+00
1.220000000000e+01,9.200000000000e+00,4.268783006282e+00
1.220000000000e+01,9.400000000000e+00,4.200187401930e+00
1.220000000000e+01,9.600000000000e+00,4.135532357901e+00
1.220000000000e+01,9.800000000000e+00,4.074407357671e+00
1.220000000000e+01,1.000000000000e+01,4.016457524267e+00
1.220000000000e+01,1.020000000000e+01,3.961374706758e+00
1.220000000000e+01,1.040000000000e+01,3.908890195808e+00
1.220000000000e+01,1.060000000000e+01,3.858768735811e+00
1.220000000000e+01,1.080000000000e+01,3.810803575683e+00
1.220000000000e+01,1.100000000000e+01,3.764812356801e+00
1.220000000000e+01,1.120000000000e+01,3.720441420765e+00
1.220000000000e+01,1.140000000000e+01,3.677709809263e+00
1.220000000000e+01,1.160000000000e+01,3.636529741276e+00
1.220000000000e+01,1.180000000000e+01,3.596786523837e+00
1.220000000000e+01,1.200000000000e+01,3.558377375409e+00
1.220000000000e+01,1.220000000000e+01,3.521209931203e+00
1.220000000000e+01,1.240000000000e+01,3.485200963884e+00
1.220000000000e+01,1.260000000000e+01,3.450275284835e+00
1.220000000000e+01,1.280000000000e+01,3.416364797363e+00
1.220000000000e+01,1.300000000000e+01,3.383407678255e+00
1.220000000000e+01,1.320000000000e+01,3.351347668128e+00
1.220000000000e+01,1.340000000000e+01,3.320133454341e+00
1.220000000000e+01,1.360000000000e+01,3.289718132892e+00
1.220000000000e+01,1.380000000000e+01,3.260058737942e+00
1.220000000000e+01,1.400000000000e+01,3.231115829405e+00
1.220000000000e+01,1.420000000000e+01,3.202820463453e+00
1.220000000000e+01,1.440000000000e+01,3.175075211858e+00
1.220000000000e+01,1.460000000000e+01,3.147950488258e+00
1.220000000000e+01,1.480000000000e+01,3.121417530610e+00
1.220000000000e+01,1.500000000000e+01,3.095449681430e+00
1.220000000000e+01,1.520000000000e+01,3.070022190305e+00
1.220000000000e+01,1.540000000000e+01,3.045112038081e+00
1.220000000000e+01,1.560000000000e+01,3.020697780035e+00
1.220000000000e+01,1.580000000000e+01,2.996759405719e+00
1.220000000000e+01,1.600000000000e+01,2.973278213483e+00
1.240000000000e+01,3.000000000000e+00,inf
1.240000000000e+01,3.200000000000e+00,inf
1.240000000000e+01,3.400000000000e+00,inf
1.240000000000e+01,3.600000000000e+00,inf
1.240000000000e+01,3.800000000000e+00,inf
1.240000000000e+01,4.000000000000e+00,inf
1.240000000000e+01,4.200000000000e+00,inf
1.240000000000e+01,4.400000000000e+00,inf
1.240000000000e+01,4.600000000000e+00,inf
1.240000000000e+01,4.800000000000e+00,inf
1.240000000000e+01,5.000000000000e+00,inf
1.240000000000e+01,5.200000000000e+00,9.364295592071e+00
1.240000000000e+01,5.400000000000e+00,8.565761434023e+00
1.240000000000e+01,5.600000000000e+00,7.925367453710e+00
1.240000000000e+01,5.800000000000e+00,7.403928060488e+00
1.240000000000e+01,6.000000000000e+00,6.972361476719e+00
1.240000000000e+01,6.200000000000e+00,6.609486160168e+00
1.240000000000e+01,6.400000000000e+00,6.301224461725e+00
1.240000000000e+01,6.600000000000e+00,6.036330412748e+00
1.240000000000e+01,6.800000000000e+00,5.805909029461e+00
1.240000000000e+01,7.000000000000e+00,5.603494828099e+00
1.240000000000e+01,7.200000000000e+00,5.424501581185e+00
1.240000000000e+01,7.400000000000e+00,5.264959541526e+00
1.240000000000e+01,7.600000000000e+00,5.121717818062e+00
1.240000000000e+01,7.800000000000e+00,4.991951555196e+00
1.240000000000e+01,8.000000000000e+00,4.873674029805e+00
1.240000000000e+01,8.200000000000e+00,4.765495624310e+00
1.240000000000e+01,8.400000000000e+00,4.666035966341e+00
1.240000000000e+01,8.600000000000e+00,4.574149990045e+00
1.240000000000e+01,8.800000000000e+00,4.488881126383e+00
1.240000000000e+01,9.000000000000e+00,4.409425021779e+00
1.240000000000e+01,9.200000000000e+00,4.334833076826e+00
1.240000000000e+01,9.400000000000e+00,4.264706365740e+00
1.240000000000e+01,9.600000000000e+00,4.198658186283e+00
1.240000000000e+01,9.800000000000e+00,4.136260779653e+00
1.240000000000e+01,1.000000000000e+01,4.077144596643e+00
1.240000000000e+01,1.020000000000e+01,4.020988940465e+00
1.240000000000e+01,1.040000000000e+01,3.967514325320e+00
1.240000000000e+01,1.060000000000e+01,3.916476199474e+00
1.240000000000e+01,1.080000000000e+01,3.867659760555e+00
1.240000000000e+01,1.100000000000e+01,3.820875650514e+00
1.240000000000e+01,1.120000000000e+01,3.775761358065e+00
1.240000000000e+01,1.140000000000e+01,3.732333625471e+00
1.240000000000e+01,1.160000000000e+01,3.690499792009e+00
1.240000000000e+01,1.180000000000e+01,3.650141019720e+00
1.240000000000e+01,1.200000000000e+01,3.611150866456e+00
1.240000000000e+01,1.220000000000e+01,3.573433725998e+00
1.240000000000e+01,1.240000000000e+01,3.536903493552e+00
1.240000000000e+01,1.260000000000e+01,3.501482420052e+00
1.240000000000e+01,1.280000000000e+01,3.467100125290e+00
1.240000000000e+01,1.300000000000e+01,3.433692745132e+00
1.240000000000e+01,1.320000000000e+01,3.401202192374e+00
1.240000000000e+01,1.340000000000e+01,3.369575514211e+00
1.240000000000e+01,1.360000000000e+01,3.338764332127e+00
1.240000000000e+01,1.380000000000e+01,3.308724352337e+00
1.240000000000e+01,1.400000000000e+01,3.279414936781e+00
1.240000000000e+01,1.420000000000e+01,3.250765239303e+00
1.240000000000e+01,1.440000000000e+01,3.222677029122e+00
1.240000000000e+01,1.460000000000e+01,3.195220516238e+00
1.240000000000e+01,1.480000000000e+01,3.168366130402e+00
1.240000000000e+01,1.500000000000e+01,3.142086479533e+00
1.240000000000e+01,1.520000000000e+01,3.116356144636e+00
1.240000000000e+01,1.540000000000e+01,3.091151497263e+00
1.240000000000e+01,1.560000000000e+01,3.066450536726e+00
1.240000000000e+01,1.580000000000e+01,3.042232744657e+00
1.240000000000e+01,1.600000000000e+01,3.018478954828e+00
1.260000000000e+01,3.000000000000e+00,inf
1.260000000000e+01,3.200000000000e+00,inf
1.260000000000e+01,3.400000000000e+00,inf
1.260000000000e+01,3.600000000000e+00,inf
1.260000000000e+01,3.800000000000e+00,inf
1.260000000000e+01,4.000000000000e+00,inf
1.260000000000e+01,4.200000000000e+00,inf
1.260000000000e+01,4.400000000000e+00,inf
1.260000000000e+01,4.600000000000e+00,inf
1.260000000000e+01,4.800000000000e+00,inf
1.260000000000e+01,5.000000000000e+00,inf
1.260000000000e+01,5.200000000000e+00,9.637078753743e+00
1.260000000000e+01,5.400000000000e+00,8.797712772698e+00
1.260000000000e+01,5.600000000000e+00,8.126106185973e+00
1.260000000000e+01,5.800000000000e+00,7.580396194342e+00
1.260000000000e+01,6.000000000000e+00,7.129638759731e+00
1.260000000000e+01,6.200000000000e+00,6.751349072365e+00
1.260000000000e+01,6.400000000000e+00,6.430554750313e+00
1.260000000000e+01,6.600000000000e+00,6.155346299850e+00
1.260000000000e+01,6.800000000000e+00,5.916335340640e+00
1.260000000000e+01,7.000000000000e+00,5.706694321238e+00
1.260000000000e+01,7.200000000000e+00,5.521570573636e+00
1.260000000000e+01,7.400000000000e+00,5.356784023169e+00
1.260000000000e+01,7.600000000000e+00,5.209020878511e+00
1.260000000000e+01,7.800000000000e+00,5.075324397165e+00
1.260000000000e+01,8.000000000000e+00,4.953608503421e+00
1.260000000000e+01,8.200000000000e+00,4.842406465910e+00
1.260000000000e+01,8.400000000000e+00,4.740272703150e+00
1.260000000000e+01,8.600000000000e+00,4.646009133806e+00
1.260000000000e+01,8.800000000000e+00,4.558615748217e+00
1.260000000000e+01,9.000000000000e+00,4.477252336900e+00
1.260000000000e+01,9.200000000000e+00,4.400936808602e+00
1.260000000000e+01,9.400000000000e+00,4.329248624197e+00
1.260000000000e+01,9.600000000000e+00,4.261780823064e+00
1.260000000000e+01,9.800000000000e+00,4.198087860359e+00
1.260000000000e+01,1.000000000000e+01,4.137785061175e+00
1.260000000000e+01,1.020000000000e+01,4.080538802417e+00
1.260000000000e+01,1.040000000000e+01,4.026058500814e+00
1.260000000000e+01,1.060000000000e+01,3.974090036175e+00
1.260000000000e+01,1.080000000000e+01,3.924410322612e+00
1.260000000000e+01,1.100000000000e+01,3.876822803658e+00
1.260000000000e+01,1.120000000000e+01,3.830955971817e+00
1.260000000000e+01,1.140000000000e+01,3.786824081450e+00
1.260000000000e+01,1.160000000000e+01,3.744329476713e+00
1.260000000000e+01,1.180000000000e+01,3.703349062328e+00
1.260000000000e+01,1.200000000000e+01,3.663772637248e+00
1.260000000000e+01,1.220000000000e+01,3.625501267535e+00
1.260000000000e+01,1.240000000000e+01,3.588445894912e+00
1.260000000000e+01,1.260000000000e+01,3.552526142680e+00
1.260000000000e+01,1.280000000000e+01,3.517669287559e+00
1.260000000000e+01,1.300000000000e+01,3.483809371566e+00
1.260000000000e+01,1.320000000000e+01,3.450886432498e+00
1.260000000000e+01,1.340000000000e+01,3.418845835231e+00
1.260000000000e+01,1.360000000000e+01,3.387637688990e+00
1.260000000000e+01,1.380000000000e+01,3.357216338168e+00
1.260000000000e+01,1.400000000000e+01,3.327539916258e+00
1.260000000000e+01,1.420000000000e+01,3.298535655780e+00
1.260000000000e+01,1.440000000000e+01,3.270104494899e+00
1.260000000000e+01,1.460000000000e+01,3.242316412646e+00
1.260000000000e+01,1.480000000000e+01,3.215141010232e+00
1.260000000000e+01,1.500000000000e+01,3.188550142545e+00
1.260000000000e+01,1.520000000000e+01,3.162517705262e+00
1.260000000000e+01,1.540000000000e+01,3.137019445410e+00
1.260000000000e+01,1.560000000000e+01,3.112032792477e+00
1.260000000000e+01,1.580000000000e+01,3.087536707541e+00
1.260000000000e+01,1.600000000000e+01,3.063511548270e+00
1.280000000000e+01,3.000000000000e+00,inf
1.280000000000e+01,3.200000000000e+00,inf
1.280000000000e+01,3.400000000000e+00,inf
1.280000000000e+01,3.600000000000e+00,inf
1.280000000000e+01,3.800000000000e+00,inf
1.280000000000e+01,4.000000000000e+00,inf
1.280000000000e+01,4.200000000000e+00,inf
1.280000000000e+01,4.400000000000e+00,inf
1.280000000000e+01,4.600000000000e+00,inf
1.280000000000e+01,4.800000000000e+00,inf
1.280000000000e+01,5.000000000000e+00,inf
1.280000000000e+01,5.200000000000e+00,9.917650891954e+00
1.280000000000e+01,5.400000000000e+00,9.035631076573e+00
1.280000000000e+01,5.600000000000e+00,8.331485384671e+00
1.280000000000e+01,5.800000000000e+00,7.760520537533e+00
1.280000000000e+01,6.000000000000e+00,7.289828800523e+00
1.280000000000e+01,6.200000000000e+00,6.895553873789e+00
1.280000000000e+01,6.400000000000e+00,6.561782479957e+00
1.280000000000e+01,6.600000000000e+00,6.275908972782e+00
1.280000000000e+01,6.800000000000e+00,6.028028350035e+00
1.280000000000e+01,7.000000000000e+00,5.810934237326e+00
1.280000000000e+01,7.200000000000e+00,5.619495418825e+00
1.280000000000e+01,7.400000000000e+00,5.449312398457e+00
1.280000000000e+01,7.600000000000e+00,5.296901656408e+00
1.280000000000e+01,7.800000000000e+00,5.159169385148e+00
1.280000000000e+01,8.000000000000e+00,5.033926122923e+00
1.280000000000e+01,8.200000000000e+00,4.919624991479e+00
1.280000000000e+01,8.400000000000e+00,4.814752773529e+00
1.280000000000e+01,8.600000000000e+00,4.718056453289e+00
1.280000000000e+01,8.800000000000e+00,4.628491049714e+00
1.280000000000e+01,9.000000000000e+00,4.545179266200e+00
1.280000000000e+01,9.200000000000e+00,4.467104548085e+00
1.280000000000e+01,9.400000000000e+00,4.393823880180e+00
1.280000000000e+01,9.600000000000e+00,4.324909399099e+00
1.280000000000e+01,9.800000000000e+00,4.259897217922e+00
1.280000000000e+01,1.000000000000e+01,4.198387072774e+00
1.280000000000e+01,1.020000000000e+01,4.140032025926e+00
1.280000000000e+01,1.040000000000e+01,4.084530069260e+00
1.280000000000e+01,1.060000000000e+01,4.031617236628e+00
1.280000000000e+01,1.080000000000e+01,3.981061922184e+00
1.280000000000e+01,1.100000000000e+01,3.932660168588e+00
1.280000000000e+01,1.120000000000e+01,3.886031325021e+00
1.280000000000e+01,1.140000000000e+01,3.841186968245e+00
1.280000000000e+01,1.160000000000e+01,3.798024329750e+00
1.280000000000e+01,1.180000000000e+01,3.756415942962e+00
1.280000000000e+01,1.200000000000e+01,3.716247748273e+00
1.280000000000e+01,1.220000000000e+01,3.677417396558e+00
1.280000000000e+01,1.240000000000e+01,3.639832799041e+00
1.280000000000e+01,1.260000000000e+01,3.603410883354e+00
1.280000000000e+01,1.280000000000e+01,3.568076522866e+00
1.280000000000e+01,1.300000000000e+01,3.533761612176e+00
1.280000000000e+01,1.320000000000e+01,3.500404266358e+00
1.280000000000e+01,1.340000000000e+01,3.467948125340e+00
1.280000000000e+01,1.360000000000e+01,3.436341747918e+00
1.280000000000e+01,1.380000000000e+01,3.405538082408e+00
1.280000000000e+01,1.400000000000e+01,3.375494003054e+00
1.280000000000e+01,1.420000000000e+01,3.346134801750e+00
1.280000000000e+01,1.440000000000e+01,3.317360556475e+00
1.280000000000e+01,1.460000000000e+01,3.289240988106e+00
1.280000000000e+01,1.480000000000e+01,3.261744848760e+00
1.280000000000e+01,1.500000000000e+01,3.234843221648e+00
1.280000000000e+01,1.520000000000e+01,3.208509300182e+00
1.280000000000e+01,1.540000000000e+01,3.182718191466e+00
1.280000000000e+01,1.560000000000e+01,3.157446741134e+00
1.280000000000e+01,1.580000000000e+01,3.132673376923e+00
1.280000000000e+01,1.600000000000e+01,3.108377968728e+00
1.300000000000e+01,3.000000000000e+00,inf
1.300000000000e+01,3.200000000000e+00,inf
1.300000000000e+01,3.400000000000e+00,inf
1.300000000000e+01,3.600000000000e+00,inf
1.300000000000e+01,3.800000000000e+00,inf
1.300000000000e+01,4.000000000000e+00,inf
1.300000000000e+01,4.200000000000e+00,inf
1.300000000000e+01,4.400000000000e+00,inf
1.300000000000e+01,4.600000000000e+00,inf
1.300000000000e+01,4.800000000000e+00,inf
1.300000000000e+01,5.000000000000e+00,inf
1.300000000000e+01,5.200000000000e+00,inf
1.300000000000e+01,5.400000000000e+00,9.279710367689e+00
1.300000000000e+01,5.600000000000e+00,8.541650741233e+00
1.300000000000e+01,5.800000000000e+00,7.944412726362e+00
1.300000000000e+01,6.000000000000e+00,7.453018758139e+00
1.300000000000e+01,6.200000000000e+00,7.042169820622e+00
1.300000000000e+01,6.400000000000e+00,6.694963614071e+00
1.300000000000e+01,6.600000000000e+00,6.398064382901e+00
1.300000000000e+01,6.800000000000e+00,6.141026361931e+00
1.300000000000e+01,7.000000000000e+00,5.916246968566e+00
1.300000000000e+01,7.200000000000e+00,5.718303883407e+00
1.300000000000e+01,7.400000000000e+00,5.542568772484e+00
1.300000000000e+01,7.600000000000e+00,5.385381325223e+00
1.300000000000e+01,7.800000000000e+00,5.243505316327e+00
1.300000000000e+01,8.000000000000e+00,5.114643740796e+00
1.300000000000e+01,8.200000000000e+00,4.997166444555e+00
1.300000000000e+01,8.400000000000e+00,4.889490075682e+00
1.300000000000e+01,8.600000000000e+00,4.790304710008e+00
1.300000000000e+01,8.800000000000e+00,4.698518822124e+00
1.300000000000e+01,9.000000000000e+00,4.613216764421e+00
1.300000000000e+01,9.200000000000e+00,4.533346519955e+00
1.300000000000e+01,9.400000000000e+00,4.458441717301e+00
1.300000000000e+01,9.600000000000e+00,4.388052929559e+00
1.300000000000e+01,9.800000000000e+00,4.321697359171e+00
1.300000000000e+01,1.000000000000e+01,4.258958679996e+00
1.300000000000e+01,1.020000000000e+01,4.199476243304e+00
1.300000000000e+01,1.040000000000e+01,4.142936282253e+00
1.300000000000e+01,1.060000000000e+01,4.089064701968e+00
1.300000000000e+01,1.080000000000e+01,4.037621135900e+00
1.300000000000e+01,1.100000000000e+01,3.988394019859e+00
1.300000000000e+01,1.120000000000e+01,3.940993408765e+00
1.300000000000e+01,1.140000000000e+01,3.895428010814e+00
1.300000000000e+01,1.160000000000e+01,3.851589825117e+00
1.300000000000e+01,1.180000000000e+01,3.809346898159e+00
1.300000000000e+01,1.200000000000e+01,3.768581210700e+00
1.300000000000e+01,1.220000000000e+01,3.729186909783e+00
1.300000000000e+01,1.240000000000e+01,3.691068798112e+00
1.300000000000e+01,1.260000000000e+01,3.654141038759e+00
1.300000000000e+01,1.280000000000e+01,3.618326040724e+00
1.300000000000e+01,1.300000000000e+01,3.583553496993e+00
1.300000000000e+01,1.320000000000e+01,3.549759551638e+00
1.300000000000e+01,1.340000000000e+01,3.516886076533e+00
1.300000000000e+01,1.360000000000e+01,3.484880041453e+00
1.300000000000e+01,1.380000000000e+01,3.453692964013e+00
1.300000000000e+01,1.400000000000e+01,3.423280428078e+00
1.300000000000e+01,1.420000000000e+01,3.393565765300e+00
1.300000000000e+01,1.440000000000e+01,3.364448163748e+00
1.300000000000e+01,1.460000000000e+01,3.335997059085e+00
1.300000000000e+01,1.480000000000e+01,3.308180333562e+00
1.300000000000e+01,1.500000000000e+01,3.280968279868e+00
1.300000000000e+01,1.520000000000e+01,3.254333372031e+00
1.300000000000e+01,1.540000000000e+01,3.228250061656e+00
1.300000000000e+01,1.560000000000e+01,3.202694596339e+00
1.300000000000e+01,1.580000000000e+01,3.177644857541e+00
1.300000000000e+01,1.600000000000e+01,3.153080215577e+00
1.320000000000e+01,3.000000000000e+00,inf
1.320000000000e+01,3.200000000000e+00,inf
1.320000000000e+01,3.400000000000e+00,inf
1.320000000000e+01,3.600000000000e+00,inf
1.320000000000e+01,3.800000000000e+00,inf
1.320000000000e+01,4.000000000000e+00,inf
1.320000000000e+01,4.200000000000e+00,inf
1.320000000000e+01,4.400000000000e+00,inf
1.320000000000e+01,4.600000000000e+00,inf
1.320000000000e+01,4.800000000000e+00,inf
1.320000000000e+01,5.000000000000e+00,inf
1.320000000000e+01,5.200000000000e+00,inf
1.320000000000e+01,5.400000000000e+00,9.530149427454e+00
1.320000000000e+01,5.600000000000e+00,8.756751177048e+00
1.320000000000e+01,5.800000000000e+00,8.132186616445e+00
1.320000000000e+01,6.000000000000e+00,7.619297325626e+00
1.320000000000e+01,6.200000000000e+00,7.191267228099e+00
1.320000000000e+01,6.400000000000e+00,6.830154840604e+00
1.320000000000e+01,6.600000000000e+00,6.521858967364e+00
1.320000000000e+01,6.800000000000e+00,6.255367994456e+00
1.320000000000e+01,7.000000000000e+00,6.022665096104e+00
1.320000000000e+01,7.200000000000e+00,5.818023831952e+00
1.320000000000e+01,7.400000000000e+00,5.636577281846e+00
1.320000000000e+01,7.600000000000e+00,5.474481041585e+00
1.320000000000e+01,7.800000000000e+00,5.328350936192e+00
1.320000000000e+01,8.000000000000e+00,5.195778132941e+00
1.320000000000e+01,8.200000000000e+00,5.075045974737e+00
1.320000000000e+01,8.400000000000e+00,4.964498402217e+00
1.320000000000e+01,8.600000000000e+00,4.862766552557e+00
1.320000000000e+01,8.800000000000e+00,4.768710739756e+00
1.320000000000e+01,9.000000000000e+00,4.681375667867e+00
1.320000000000e+01,9.200000000000e+00,4.599672830928e+00
1.320000000000e+01,9.400000000000e+00,4.523111603135e+00
1.320000000000e+01,9.600000000000e+00,4.451220316622e+00
1.320000000000e+01,9.800000000000e+00,4.383496681798e+00
1.320000000000e+01,1.000000000000e+01,4.319507826736e+00
1.320000000000e+01,1.020000000000e+01,4.258878987111e+00
1.320000000000e+01,1.040000000000e+01,4.201284296856e+00
1.320000000000e+01,1.060000000000e+01,4.146439244213e+00
1.320000000000e+01,1.080000000000e+01,4.094094456804e+00
1.320000000000e+01,1.100000000000e+01,4.044030554015e+00
1.320000000000e+01,1.120000000000e+01,3.995848141707e+00
1.320000000000e+01,1.140000000000e+01,3.949552867227e+00
1.320000000000e+01,1.160000000000e+01,3.905031375385e+00
1.320000000000e+01,1.180000000000e+01,3.862147108381e+00
1.320000000000e+01,1.200000000000e+01,3.820777984855e+00
1.320000000000e+01,1.220000000000e+01,3.780814558169e+00
1.320000000000e+01,1.240000000000e+01,3.742158443473e+00
1.320000000000e+01,1.260000000000e+01,3.704720969526e+00
1.320000000000e+01,1.280000000000e+01,3.668422019204e+00
1.320000000000e+01,1.300000000000e+01,3.633189029042e+00
1.320000000000e+01,1.320000000000e+01,3.598956123291e+00
1.320000000000e+01,1.340000000000e+01,3.565663362180e+00
1.320000000000e+01,1.360000000000e+01,3.533256087454e+00
1.320000000000e+01,1.380000000000e+01,3.501684351036e+00
1.320000000000e+01,1.400000000000e+01,3.470902414948e+00
1.320000000000e+01,1.420000000000e+01,3.440831630670e+00
1.320000000000e+01,1.440000000000e+01,3.411370266073e+00
1.320000000000e+01,1.460000000000e+01,3.382587444667e+00
1.320000000000e+01,1.480000000000e+01,3.354450157847e+00
1.320000000000e+01,1.500000000000e+01,3.326927888737e+00
1.320000000000e+01,1.520000000000e+01,3.299992374683e+00
1.320000000000e+01,1.540000000000e+01,3.273617396049e+00
1.320000000000e+01,1.560000000000e+01,3.247778588055e+00
1.320000000000e+01,1.580000000000e+01,3.222453272809e+00
1.320000000000e+01,1.600000000000e+01,3.197620309100e+00
1.340000000000e+01,3.000000000000e+00,inf
1.340000000000e+01,3.200000000000e+00,inf
1.340000000000e+01,3.400000000000e+00,inf
1.340000000000e+01,3.600000000000e+00,inf
1.340000000000e+01,3.800000000000e+00,inf
1.340000000000e+01,4.000000000000e+00,inf
1.340000000000e+01,4.200000000000e+00,inf
1.340000000000e+01,4.400000000000e+00,inf
1.340000000000e+01,4.600000000000e+00,inf
1.340000000000e+01,4.800000000000e+00,inf
1.340000000000e+01,5.000000000000e+00,inf
1.340000000000e+01,5.200000000000e+00,inf
1.340000000000e+01,5.400000000000e+00,9.787151936759e+00
1.340000000000e+01,5.600000000000e+00,8.976938936789e+00
1.340000000000e+01,5.800000000000e+00,8.323958348236e+00
1.340000000000e+01,6.000000000000e+00,7.788754778277e+00
1.340000000000e+01,6.200000000000e+00,7.342917507546e+00
1.340000000000e+01,6.400000000000e+00,6.967413601465e+00
1.340000000000e+01,6.600000000000e+00,6.647339673165e+00
1.340000000000e+01,6.800000000000e+00,6.371092199643e+00
1.340000000000e+01,7.000000000000e+00,6.130221407069e+00
1.340000000000e+01,7.200000000000e+00,5.918683241619e+00
1.340000000000e+01,7.400000000000e+00,5.731362107403e+00
1.340000000000e+01,7.600000000000e+00,5.564221956460e+00
1.340000000000e+01,7.800000000000e+00,5.413724948378e+00
1.340000000000e+01,8.000000000000e+00,5.277346007346e+00
1.340000000000e+01,8.200000000000e+00,5.153278645336e+00
1.340000000000e+01,8.400000000000e+00,5.039791446894e+00
1.340000000000e+01,8.600000000000e+00,4.935454522545e+00
1.340000000000e+01,8.800000000000e+00,4.839078365177e+00
1.340000000000e+01,9.000000000000e+00,4.749666698924e+00
1.340000000000e+01,9.200000000000e+00,4.666093473668e+00
1.340000000000e+01,9.400000000000e+00,4.587842892561e+00
1.340000000000e+01,9.600000000000e+00,4.514420352266e+00
1.340000000000e+01,9.800000000000e+00,4.445303476671e+00
1.340000000000e+01,1.000000000000e+01,4.380042354079e+00
1.340000000000e+01,1.020000000000e+01,4.318247691589e+00
1.340000000000e+01,1.040000000000e+01,4.259581176633e+00
1.340000000000e+01,1.060000000000e+01,4.203747586931e+00
1.340000000000e+01,1.080000000000e+01,4.150488294674e+00
1.340000000000e+01,1.100000000000e+01,4.099575889595e+00
1.340000000000e+01,1.120000000000e+01,4.050601369785e+00
1.340000000000e+01,1.140000000000e+01,4.003567128108e+00
1.340000000000e+01,1.160000000000e+01,3.958354330885e+00
1.340000000000e+01,1.180000000000e+01,3.914821696968e+00
1.340000000000e+01,1.200000000000e+01,3.872842978946e+00
1.340000000000e+01,1.220000000000e+01,3.832305045441e+00
1.340000000000e+01,1.240000000000e+01,3.793106243988e+00
1.340000000000e+01,1.260000000000e+01,3.755154998404e+00
1.340000000000e+01,1.280000000000e+01,3.718368602944e+00
1.340000000000e+01,1.300000000000e+01,3.682672182218e+00
1.340000000000e+01,1.320000000000e+01,3.647997791277e+00
1.340000000000e+01,1.340000000000e+01,3.614283634640e+00
1.340000000000e+01,1.360000000000e+01,3.581473386595e+00
1.340000000000e+01,1.380000000000e+01,3.549515598012e+00
1.340000000000e+01,1.400000000000e+01,3.518363177286e+00
1.340000000000e+01,1.420000000000e+01,3.487935475459e+00
1.340000000000e+01,1.440000000000e+01,3.458129809403e+00
1.340000000000e+01,1.460000000000e+01,3.429014963623e+00
1.340000000000e+01,1.480000000000e+01,3.400557017457e+00
1.340000000000e+01,1.500000000000e+01,3.372724625234e+00
1.340000000000e+01,1.520000000000e+01,3.345488770138e+00
1.340000000000e+01,1.540000000000e+01,3.318822545396e+00
1.340000000000e+01,1.560000000000e+01,3.292700959362e+00
1.340000000000e+01,1.580000000000e+01,3.267100761571e+00
1.340000000000e+01,1.600000000000e+01,3.242000287218e+00
1.360000000000e+01,3.000000000000e+00,inf
1.360000000000e+01,3.200000000000e+00,inf
1.360000000000e+01,3.400000000000e+00,inf
1.360000000000e+01,3.600000000000e+00,inf
1.360000000000e+01,3.800000000000e+00,inf
1.360000000000e+01,4.000000000000e+00,inf
1.360000000000e+01,4.200000000000e+00,inf
1.360000000000e+01,4.400000000000e+00,inf
1.360000000000e+01,4.600000000000e+00,inf
1.360000000000e+01,4.800000000000e+00,inf
1.360000000000e+01,5.000000000000e+00,inf
1.360000000000e+01,5.200000000000e+00,inf
1.360000000000e+01,5.400000000000e+00,1.005092661926e+01
1.360000000000e+01,5.600000000000e+00,9.202369683110e+00
1.360000000000e+01,5.800000000000e+00,8.519846412978e+00
1.360000000000e+01,6.000000000000e+00,7.961483021857e+00
1.360000000000e+01,6.200000000000e+00,7.497193203169e+00
1.360000000000e+01,6.400000000000e+00,7.106798121605e+00
1.360000000000e+01,6.600000000000e+00,6.774553980804e+00
1.360000000000e+01,6.800000000000e+00,6.488238283139e+00
1.360000000000e+01,7.000000000000e+00,6.238948911291e+00
1.360000000000e+01,7.200000000000e+00,6.020310216538e+00
1.360000000000e+01,7.400000000000e+00,5.826947486780e+00
1.360000000000e+01,7.600000000000e+00,5.654625226109e+00
1.360000000000e+01,7.800000000000e+00,5.499646024311e+00
1.360000000000e+01,8.000000000000e+00,5.359364012626e+00
1.360000000000e+01,8.200000000000e+00,5.231879440936e+00
1.360000000000e+01,8.400000000000e+00,5.115382811315e+00
1.360000000000e+01,8.600000000000e+00,5.008381060505e+00
1.360000000000e+01,8.800000000000e+00,4.909633154410e+00
1.360000000000e+01,9.000000000000e+00,4.818100470617e+00
1.360000000000e+01,9.200000000000e+00,4.732618330738e+00
1.360000000000e+01,9.400000000000e+00,4.652644831163e+00
1.360000000000e+01,9.600000000000e+00,4.577661721174e+00
1.360000000000e+01,9.800000000000e+00,4.507125930261e+00
1.360000000000e+01,1.000000000000e+01,4.440570002293e+00
1.360000000000e+01,1.020000000000e+01,4.377589694241e+00
1.360000000000e+01,1.040000000000e+01,4.317833892855e+00
1.360000000000e+01,1.060000000000e+01,4.260996366090e+00
1.360000000000e+01,1.080000000000e+01,4.206808976547e+00
1.360000000000e+01,1.100000000000e+01,4.155036067346e+00
1.360000000000e+01,1.120000000000e+01,4.105258866152e+00
1.360000000000e+01,1.140000000000e+01,4.057476316294e+00
1.360000000000e+01,1.160000000000e+01,4.011563979120e+00
1.360000000000e+01,1.180000000000e+01,3.967375729321e+00
1.360000000000e+01,1.200000000000e+01,3.924781048040e+00
1.360000000000e+01,1.220000000000e+01,3.883663026870e+00
1.360000000000e+01,1.240000000000e+01,3.843916664627e+00
1.360000000000e+01,1.260000000000e+01,3.805447408683e+00
1.360000000000e+01,1.280000000000e+01,3.768169901418e+00
1.360000000000e+01,1.300000000000e+01,3.732006899400e+00
1.360000000000e+01,1.320000000000e+01,3.696888338550e+00
1.360000000000e+01,1.340000000000e+01,3.662750523129e+00
1.360000000000e+01,1.360000000000e+01,3.629535420122e+00
1.360000000000e+01,1.380000000000e+01,3.597190043616e+00
1.360000000000e+01,1.400000000000e+01,3.565665916278e+00
1.360000000000e+01,1.420000000000e+01,3.534880368105e+00
1.360000000000e+01,1.440000000000e+01,3.504729733680e+00
1.360000000000e+01,1.460000000000e+01,3.475282431728e+00
1.360000000000e+01,1.480000000000e+01,3.446503608123e+00
1.360000000000e+01,1.500000000000e+01,3.418361068978e+00
1.360000000000e+01,1.520000000000e+01,3.390825025671e+00
1.360000000000e+01,1.540000000000e+01,3.363867868231e+00
1.360000000000e+01,1.560000000000e+01,3.337463963511e+00
1.360000000000e+01,1.580000000000e+01,3.311589475123e+00
1.360000000000e+01,1.600000000000e+01,3.286222202469e+00
1.380000000000e+01,3.000000000000e+00,inf
1.380000000000e+01,3.200000000000e+00,inf
1.380000000000e+01,3.400000000000e+00,inf
1.380000000000e+01,3.600000000000e+00,inf
1.380000000000e+01,3.800000000000e+00,inf
1.380000000000e+01,4.000000000000e+00,inf
1.380000000000e+01,4.200000000000e+00,inf
1.380000000000e+01,4.400000000000e+00,inf
1.380000000000e+01,4.600000000000e+00,inf
1.380000000000e+01,4.800000000000e+00,inf
1.380000000000e+01,5.000000000000e+00,inf
1.380000000000e+01,5.200000000000e+00,inf
1.380000000000e+01,5.400000000000e+00,1.032168738805e+01
1.380000000000e+01,5.600000000000e+00,9.433202592861e+00
1.380000000000e+01,5.800000000000e+00,8.719971719191e+00
1.380000000000e+01,6.000000000000e+00,8.137575640848e+00
1.380000000000e+01,6.200000000000e+00,7.654168028629e+00
1.380000000000e+01,6.400000000000e+00,7.248367437787e+00
1.380000000000e+01,6.600000000000e+00,6.903549927605e+00
1.380000000000e+01,6.800000000000e+00,6.606845923567e+00
1.380000000000e+01,7.000000000000e+00,6.348880857691e+00
1.380000000000e+01,7.200000000000e+00,6.122933001892e+00
1.380000000000e+01,7.400000000000e+00,5.923357726613e+00
1.380000000000e+01,7.600000000000e+00,5.745712022828e+00
1.380000000000e+01,7.800000000000e+00,5.586132812687e+00
1.380000000000e+01,8.000000000000e+00,5.441848746402e+00
1.380000000000e+01,8.200000000000e+00,5.310863274826e+00
1.380000000000e+01,8.400000000000e+00,5.191286011522e+00
1.380000000000e+01,8.600000000000e+00,5.081558511746e+00
1.380000000000e+01,8.800000000000e+00,4.980386462112e+00
1.380000000000e+01,9.000000000000e+00,4.886687491168e+00
1.380000000000e+01,9.200000000000e+00,4.799257178593e+00
1.380000000000e+01,9.400000000000e+00,4.717526558697e+00
1.380000000000e+01,9.600000000000e+00,4.640953003709e+00
1.380000000000e+01,9.800000000000e+00,4.568972127166e+00
1.380000000000e+01,1.000000000000e+01,4.501098412928e+00
1.380000000000e+01,1.020000000000e+01,4.436912237543e+00
1.380000000000e+01,1.040000000000e+01,4.376049325841e+00
1.380000000000e+01,1.060000000000e+01,4.318192131062e+00
1.380000000000e+01,1.080000000000e+01,4.263062747404e+00
1.380000000000e+01,1.100000000000e+01,4.210417050612e+00
1.380000000000e+01,1.120000000000e+01,4.159826331285e+00
1.380000000000e+01,1.140000000000e+01,4.111285886692e+00
1.380000000000e+01,1.160000000000e+01,4.064665544384e+00
1.380000000000e+01,1.180000000000e+01,4.019814212300e+00
1.380000000000e+01,1.200000000000e+01,3.976596993250e+00
1.380000000000e+01,1.220000000000e+01,3.934893108264e+00
1.380000000000e+01,1.240000000000e+01,3.894594125289e+00
1.380000000000e+01,1.260000000000e+01,3.855602442847e+00
1.380000000000e+01,1.280000000000e+01,3.817829987436e+00
1.380000000000e+01,1.300000000000e+01,3.781197090817e+00
1.380000000000e+01,1.320000000000e+01,3.745631519288e+00
1.380000000000e+01,1.340000000000e+01,3.711067631824e+00
1.380000000000e+01,1.360000000000e+01,3.677445647842e+00
1.380000000000e+01,1.380000000000e+01,3.644711008555e+00
1.380000000000e+01,1.400000000000e+01,3.612813818470e+00
1.380000000000e+01,1.420000000000e+01,3.581669365597e+00
1.380000000000e+01,1.440000000000e+01,3.551172970469e+00
1.380000000000e+01,1.460000000000e+01,3.521392659322e+00
1.380000000000e+01,1.480000000000e+01,3.492292622959e+00
1.380000000000e+01,1.500000000000e+01,3.463839799670e+00
1.380000000000e+01,1.520000000000e+01,3.436003611211e+00
1.380000000000e+01,1.540000000000e+01,3.408755728198e+00
1.380000000000e+01,1.560000000000e+01,3.382069861213e+00
1.380000000000e+01,1.580000000000e+01,3.355921574459e+00
1.380000000000e+01,1.600000000000e+01,3.330288119226e+00
1.400000000000e+01,3.000000000000e+00,inf
1.400000000000e+01,3.200000000000e+00,inf
1.400000000000e+01,3.400000000000e+00,inf
1.400000000000e+01,3.600000000000e+00,inf
1.400000000000e+01,3.800000000000e+00,inf
1.400000000000e+01,4.000000000000e+00,inf
1.400000000000e+01,4.200000000000e+00,inf
1.400000000000e+01,4.400000000000e+00,inf
1.400000000000e+01,4.600000000000e+00,inf
1.400000000000e+01,4.800000000000e+00,inf
1.400000000000e+01,5.000000000000e+00,inf
1.400000000000e+01,5.200000000000e+00,inf
1.400000000000e+01,5.400000000000e+00,1.059965349598e+01
1.400000000000e+01,5.600000000000e+00,9.669600454975e+00
1.400000000000e+01,5.800000000000e+00,8.924457659792e+00
1.400000000000e+01,6.000000000000e+00,8.317127946800e+00
1.400000000000e+01,6.200000000000e+00,7.813916903453e+00
1.400000000000e+01,6.400000000000e+00,7.392181427071e+00
1.400000000000e+01,6.600000000000e+00,7.034376130721e+00
1.400000000000e+01,6.800000000000e+00,6.726955191561e+00
1.400000000000e+01,7.000000000000e+00,6.460050750361e+00
1.400000000000e+01,7.200000000000e+00,6.226579997723e+00
1.400000000000e+01,7.400000000000e+00,6.020617214550e+00
1.400000000000e+01,7.600000000000e+00,5.837503545471e+00
1.400000000000e+01,7.800000000000e+00,5.673203948754e+00
1.400000000000e+01,8.000000000000e+00,5.524816763544e+00
1.400000000000e+01,8.200000000000e+00,5.390244996331e+00
1.400000000000e+01,8.400000000000e+00,5.267514484518e+00
1.400000000000e+01,8.600000000000e+00,5.154999132149e+00
1.400000000000e+01,8.800000000000e+00,5.051349546716e+00
1.400000000000e+01,9.000000000000e+00,4.955438168543e+00
1.400000000000e+01,9.200000000000e+00,4.866019691583e+00
1.400000000000e+01,9.400000000000e+00,4.782497112591e+00
1.400000000000e+01,9.600000000000e+00,4.704302678950e+00
1.400000000000e+01,9.800000000000e+00,4.630850052712e+00
1.400000000000e+01,1.000000000000e+01,4.561635131018e+00
1.400000000000e+01,1.020000000000e+01,4.496222470765e+00
1.400000000000e+01,1.040000000000e+01,4.434234266431e+00
1.400000000000e+01,1.060000000000e+01,4.375341345761e+00
1.400000000000e+01,1.080000000000e+01,4.319255771005e+00
1.400000000000e+01,1.100000000000e+01,4.265724725887e+00
1.400000000000e+01,1.120000000000e+01,4.214309393272e+00
1.400000000000e+01,1.140000000000e+01,4.165001226319e+00
1.400000000000e+01,1.160000000000e+01,4.117664187567e+00
1.400000000000e+01,1.180000000000e+01,4.072142093803e+00
1.400000000000e+01,1.200000000000e+01,4.028295561117e+00
1.400000000000e+01,1.220000000000e+01,3.985999845167e+00
1.400000000000e+01,1.240000000000e+01,3.945142999813e+00
1.400000000000e+01,1.260000000000e+01,3.905624301429e+00
1.400000000000e+01,1.280000000000e+01,3.867352895850e+00
1.400000000000e+01,1.300000000000e+01,3.830246632608e+00
1.400000000000e+01,1.320000000000e+01,3.794231057329e+00
1.400000000000e+01,1.340000000000e+01,3.759238538185e+00
1.400000000000e+01,1.360000000000e+01,3.725207506341e+00
1.400000000000e+01,1.380000000000e+01,3.692081793678e+00
1.400000000000e+01,1.400000000000e+01,3.659810053790e+00
1.400000000000e+01,1.420000000000e+01,3.628305511404e+00
1.400000000000e+01,1.440000000000e+01,3.597462440813e+00
1.400000000000e+01,1.460000000000e+01,3.567348449100e+00
1.400000000000e+01,1.480000000000e+01,3.537926750184e+00
1.400000000000e+01,1.500000000000e+01,3.509163394746e+00
1.400000000000e+01,1.520000000000e+01,3.481026996941e+00
1.400000000000e+01,1.540000000000e+01,3.453488491609e+00
1.400000000000e+01,1.560000000000e+01,3.426520918145e+00
1.400000000000e+01,1.580000000000e+01,3.400099227734e+00
1.400000000000e+01,1.600000000000e+01,3.374200111116e+00
1.420000000000e+01,3.000000000000e+00,inf
1.420000000000e+01,3.200000000000e+00,inf
1.420000000000e+01,3.400000000000e+00,inf
1.420000000000e+01,3.600000000000e+00,inf
1.420000000000e+01,3.800000000000e+00,inf
1.420000000000e+01,4.000000000000e+00,inf
1.420000000000e+01,4.200000000000e+00,inf
1.420000000000e+01,4.400000000000e+00,inf
1.420000000000e+01,4.600000000000e+00,inf
1.420000000000e+01,4.800000000000e+00,inf
1.420000000000e+01,5.000000000000e+00,inf
1.420000000000e+01,5.200000000000e+00,inf
1.420000000000e+01,5.400000000000e+00,1.088504968977e+01
1.420000000000e+01,5.600000000000e+00,9.911729770170e+00
1.420000000000e+01,5.800000000000e+00,9.133430179948e+00
1.420000000000e+01,6.000000000000e+00,8.500237026855e+00
1.420000000000e+01,6.200000000000e+00,7.976515989340e+00
1.420000000000e+01,6.400000000000e+00,7.538300835055e+00
1.420000000000e+01,6.600000000000e+00,7.167081809821e+00
1.420000000000e+01,6.800000000000e+00,6.848606568489e+00
1.420000000000e+01,7.000000000000e+00,6.572492364343e+00
1.420000000000e+01,7.200000000000e+00,6.331279772455e+00
1.420000000000e+01,7.400000000000e+00,6.118750430986e+00
1.420000000000e+01,7.600000000000e+00,5.930021029749e+00
1.420000000000e+01,7.800000000000e+00,5.760878063415e+00
1.420000000000e+01,8.000000000000e+00,5.608284584241e+00
1.420000000000e+01,8.200000000000e+00,5.470039398001e+00
1.420000000000e+01,8.400000000000e+00,5.344081594686e+00
1.420000000000e+01,8.600000000000e+00,5.228715093896e+00
1.420000000000e+01,8.800000000000e+00,5.122533575538e+00
1.420000000000e+01,9.000000000000e+00,5.024362814990e+00
1.420000000000e+01,9.200000000000e+00,4.932915445965e+00
1.420000000000e+01,9.400000000000e+00,4.847565431472e+00
1.420000000000e+01,9.600000000000e+00,4.767719127764e+00
1.420000000000e+01,9.800000000000e+00,4.692767595612e+00
1.420000000000e+01,1.000000000000e+01,4.622187607351e+00
1.420000000000e+01,1.020000000000e+01,4.555527451880e+00
1.420000000000e+01,1.040000000000e+01,4.492395417558e+00
1.420000000000e+01,1.060000000000e+01,4.432450389910e+00
1.420000000000e+01,1.080000000000e+01,4.375394130850e+00
1.420000000000e+01,1.100000000000e+01,4.320964903502e+00
1.420000000000e+01,1.120000000000e+01,4.268713608240e+00
1.420000000000e+01,1.140000000000e+01,4.218627654483e+00
1.420000000000e+01,1.160000000000e+01,4.170565006112e+00
1.420000000000e+01,1.180000000000e+01,4.124364262525e+00
1.420000000000e+01,1.200000000000e+01,4.079881443165e+00
1.420000000000e+01,1.220000000000e+01,4.036987742230e+00
1.420000000000e+01,1.240000000000e+01,3.995567615192e+00
1.420000000000e+01,1.260000000000e+01,3.955517142060e+00
1.420000000000e+01,1.280000000000e+01,3.916742622454e+00
1.420000000000e+01,1.300000000000e+01,3.879159365591e+00
1.420000000000e+01,1.320000000000e+01,3.842690644809e+00
1.420000000000e+01,1.340000000000e+01,3.807266791476e+00
1.420000000000e+01,1.360000000000e+01,3.772824407394e+00
1.420000000000e+01,1.380000000000e+01,3.739305678285e+00
1.420000000000e+01,1.400000000000e+01,3.706657773763e+00
1.420000000000e+01,1.420000000000e+01,3.674791833616e+00
1.420000000000e+01,1.440000000000e+01,3.643601053289e+00
1.420000000000e+01,1.460000000000e+01,3.613152594088e+00
1.420000000000e+01,1.480000000000e+01,3.583408671036e+00
1.420000000000e+01,1.500000000000e+01,3.554334427237e+00
1.420000000000e+01,1.520000000000e+01,3.525897651105e+00
1.420000000000e+01,1.540000000000e+01,3.498068525192e+00
1.420000000000e+01,1.560000000000e+01,3.470819402658e+00
1.420000000000e+01,1.580000000000e+01,3.444124607935e+00
1.420000000000e+01,1.600000000000e+01,3.417960258660e+00
1.440000000000e+01,3.000000000000e+00,inf
1.440000000000e+01,3.200000000000e+00,inf
1.440000000000e+01,3.400000000000e+00,inf
1.440000000000e+01,3.600000000000e+00,inf
1.440000000000e+01,3.800000000000e+00,inf
1.440000000000e+01,4.000000000000e+00,inf
1.440000000000e+01,4.200000000000e+00,inf
1.440000000000e+01,4.400000000000e+00,inf
1.440000000000e+01,4.600000000000e+00,inf
1.440000000000e+01,4.800000000000e+00,inf
1.440000000000e+01,5.000000000000e+00,inf
1.440000000000e+01,5.200000000000e+00,inf
1.440000000000e+01,5.400000000000e+00,1.117810636829e+01
1.440000000000e+01,5.600000000000e+00,1.015976085263e+01
1.440000000000e+01,5.800000000000e+00,9.347017845765e+00
1.440000000000e+01,6.000000000000e+00,8.687001792493e+00
1.440000000000e+01,6.200000000000e+00,8.142042726382e+00
1.440000000000e+01,6.400000000000e+00,7.686787303895e+00
1.440000000000e+01,6.600000000000e+00,7.301716809516e+00
1.440000000000e+01,6.800000000000e+00,6.971840964882e+00
1.440000000000e+01,7.000000000000e+00,6.686239761123e+00
1.440000000000e+01,7.200000000000e+00,6.437061076150e+00
1.440000000000e+01,7.400000000000e+00,6.217781960572e+00
1.440000000000e+01,7.600000000000e+00,6.023285758315e+00
1.440000000000e+01,7.800000000000e+00,5.849173792134e+00
1.440000000000e+01,8.000000000000e+00,5.692268701929e+00
1.440000000000e+01,8.200000000000e+00,5.550261222680e+00
1.440000000000e+01,8.400000000000e+00,5.421000640101e+00
1.440000000000e+01,8.600000000000e+00,5.302718491113e+00
1.440000000000e+01,8.800000000000e+00,5.193949629817e+00
1.440000000000e+01,9.000000000000e+00,5.093471651535e+00
1.440000000000e+01,9.200000000000e+00,4.999953923898e+00
1.440000000000e+01,9.400000000000e+00,4.912740358698e+00
1.440000000000e+01,9.600000000000e+00,4.831210635919e+00
1.440000000000e+01,9.800000000000e+00,4.754732550678e+00
1.440000000000e+01,1.000000000000e+01,4.682763200804e+00
1.440000000000e+01,1.020000000000e+01,4.614834149559e+00
1.440000000000e+01,1.040000000000e+01,4.550539395913e+00
1.440000000000e+01,1.060000000000e+01,4.489525560393e+00
1.440000000000e+01,1.080000000000e+01,4.431483831263e+00
1.440000000000e+01,1.100000000000e+01,4.376143318433e+00
1.440000000000e+01,1.120000000000e+01,4.323044460921e+00
1.440000000000e+01,1.140000000000e+01,4.272170423116e+00
1.440000000000e+01,1.160000000000e+01,4.223373034130e+00
1.440000000000e+01,1.180000000000e+01,4.176485547860e+00
1.440000000000e+01,1.200000000000e+01,4.131359275619e+00
1.440000000000e+01,1.220000000000e+01,4.087861252751e+00
1.440000000000e+01,1.240000000000e+01,4.045872250939e+00
1.440000000000e+01,1.260000000000e+01,4.005285078686e+00
1.440000000000e+01,1.280000000000e+01,3.966003123056e+00
1.440000000000e+01,1.300000000000e+01,3.927939094203e+00
1.440000000000e+01,1.320000000000e+01,3.891013940983e+00
1.440000000000e+01,1.340000000000e+01,3.855155911464e+00
1.440000000000e+01,1.360000000000e+01,3.820299736557e+00
1.440000000000e+01,1.380000000000e+01,3.786385918629e+00
1.440000000000e+01,1.400000000000e+01,3.753360109919e+00
1.440000000000e+01,1.420000000000e+01,3.721131343260e+00
1.440000000000e+01,1.440000000000e+01,3.689591702254e+00
1.440000000000e+01,1.460000000000e+01,3.658807875821e+00
1.440000000000e+01,1.480000000000e+01,3.628741057879e+00
1.440000000000e+01,1.500000000000e+01,3.599355463815e+00
1.440000000000e+01,1.520000000000e+01,3.570618037995e+00
1.440000000000e+01,1.540000000000e+01,3.542498194034e+00
1.440000000000e+01,1.560000000000e+01,3.514967583670e+00
1.440000000000e+01,1.580000000000e+01,3.487999890729e+00
1.440000000000e+01,1.600000000000e+01,3.461570647079e+00
1.460000000000e+01,3.000000000000e+00,inf
1.460000000000e+01,3.200000000000e+00,inf
1.460000000000e+01,3.400000000000e+00,inf
1.460000000000e+01,3.600000000000e+00,inf
1.460000000000e+01,3.800000000000e+00,inf
1.460000000000e+01,4.000000000000e+00,inf
1.460000000000e+01,4.200000000000e+00,inf
1.460000000000e+01,4.400000000000e+00,inf
1.460000000000e+01,4.600000000000e+00,inf
1.460000000000e+01,4.800000000000e+00,inf
1.460000000000e+01,5.000000000000e+00,inf
1.460000000000e+01,5.200000000000e+00,inf
1.460000000000e+01,5.400000000000e+00,inf
1.460000000000e+01,5.600000000000e+00,1.041386793377e+01
1.460000000000e+01,5.800000000000e+00,9.565351913899e+00
1.460000000000e+01,6.000000000000e+00,8.877523028588e+00
1.460000000000e+01,6.200000000000e+00,8.310575869268e+00
1.460000000000e+01,6.400000000000e+00,7.837703400145e+00
1.460000000000e+01,6.600000000000e+00,7.438331621516e+00
1.460000000000e+01,6.800000000000e+00,7.096699738587e+00
1.460000000000e+01,7.000000000000e+00,6.801327303844e+00
1.460000000000e+01,7.200000000000e+00,6.543952853501e+00
1.460000000000e+01,7.400000000000e+00,6.317736503473e+00
1.460000000000e+01,7.600000000000e+00,6.117319070639e+00
1.460000000000e+01,7.800000000000e+00,5.938109783663e+00
1.460000000000e+01,8.000000000000e+00,5.776785591041e+00
1.460000000000e+01,8.200000000000e+00,5.630925170430e+00
1.460000000000e+01,8.400000000000e+00,5.498284858734e+00
1.460000000000e+01,8.600000000000e+00,5.377021345436e+00
1.460000000000e+01,8.800000000000e+00,5.265608709704e+00
1.460000000000e+01,9.000000000000e+00,5.162774812444e+00
1.460000000000e+01,9.200000000000e+00,5.067144517424e+00
1.460000000000e+01,9.400000000000e+00,4.978030645896e+00
1.460000000000e+01,9.600000000000e+00,4.894785397205e+00
1.460000000000e+01,9.800000000000e+00,4.816752621559e+00
1.460000000000e+01,1.000000000000e+01,4.743369180733e+00
1.460000000000e+01,1.020000000000e+01,4.674149445214e+00
1.460000000000e+01,1.040000000000e+01,4.608672733685e+00
1.460000000000e+01,1.060000000000e+01,4.546573072706e+00
1.460000000000e+01,1.080000000000e+01,4.487530798557e+00
1.460000000000e+01,1.100000000000e+01,4.431265631219e+00
1.460000000000e+01,1.120000000000e+01,4.377307365323e+00
1.460000000000e+01,1.140000000000e+01,4.325634717225e+00
1.460000000000e+01,1.160000000000e+01,4.276093242635e+00
1.460000000000e+01,1.180000000000e+01,4.228510719944e+00
1.460000000000e+01,1.200000000000e+01,4.182733639261e+00
1.460000000000e+01,1.220000000000e+01,4.138624778356e+00
1.460000000000e+01,1.240000000000e+01,4.096061138611e+00
1.460000000000e+01,1.260000000000e+01,4.054932180939e+00
1.460000000000e+01,1.280000000000e+01,4.015138312717e+00
1.460000000000e+01,1.300000000000e+01,3.976589585601e+00
1.460000000000e+01,1.320000000000e+01,3.939204571199e+00
1.460000000000e+01,1.340000000000e+01,3.902909387291e+00
1.460000000000e+01,1.360000000000e+01,3.867636851934e+00
1.460000000000e+01,1.380000000000e+01,3.833325746575e+00
1.460000000000e+01,1.400000000000e+01,3.799920172367e+00
1.460000000000e+01,1.420000000000e+01,3.767327032796e+00
1.460000000000e+01,1.440000000000e+01,3.735437266258e+00
1.460000000000e+01,1.460000000000e+01,3.704317062682e+00
1.460000000000e+01,1.480000000000e+01,3.673926572483e+00
1.460000000000e+01,1.500000000000e+01,3.644229063007e+00
1.460000000000e+01,1.520000000000e+01,3.615190616118e+00
1.460000000000e+01,1.540000000000e+01,3.586779859689e+00
1.460000000000e+01,1.560000000000e+01,3.558967728732e+00
1.460000000000e+01,1.580000000000e+01,3.531727252486e+00
1.460000000000e+01,1.600000000000e+01,3.505033364280e+00
1.480000000000e+01,3.000000000000e+00,inf
1.480000000000e+01,3.200000000000e+00,inf
1.480000000000e+01,3.400000000000e+00,inf
1.480000000000e+01,3.600000000000e+00,inf
1.480000000000e+01,3.800000000000e+00,inf
1.480000000000e+01,4.000000000000e+00,inf
1.480000000000e+01,4.200000000000e+00,inf
1.480000000000e+01,4.400000000000e+00,inf
1.480000000000e+01,4.600000000000e+00,inf
1.480000000000e+01,4.800000000000e+00,inf
1.480000000000e+01,5.000000000000e+00,inf
1.480000000000e+01,5.200000000000e+00,inf
1.480000000000e+01,5.400000000000e+00,inf
1.480000000000e+01,5.600000000000e+00,1.067422926836e+01
1.480000000000e+01,5.800000000000e+00,9.788566402212e+00
1.480000000000e+01,6.000000000000e+00,9.071903442829e+00
1.480000000000e+01,6.200000000000e+00,8.482195523511e+00
1.480000000000e+01,6.400000000000e+00,7.991112642442e+00
1.480000000000e+01,6.600000000000e+00,7.576977406567e+00
1.480000000000e+01,6.800000000000e+00,7.223224712656e+00
1.480000000000e+01,7.000000000000e+00,6.917789672264e+00
1.480000000000e+01,7.200000000000e+00,6.651984256580e+00
1.480000000000e+01,7.400000000000e+00,6.418638886396e+00
1.480000000000e+01,7.600000000000e+00,6.212142372666e+00
1.480000000000e+01,7.800000000000e+00,6.027704708577e+00
1.480000000000e+01,8.000000000000e+00,5.861851714610e+00
1.480000000000e+01,8.200000000000e+00,5.712045905329e+00
1.480000000000e+01,8.400000000000e+00,5.575947434549e+00
1.480000000000e+01,8.600000000000e+00,5.451635611482e+00
1.480000000000e+01,8.800000000000e+00,5.337521739174e+00
1.480000000000e+01,9.000000000000e+00,5.232282349635e+00
1.480000000000e+01,9.200000000000e+00,5.134496532414e+00
1.480000000000e+01,9.400000000000e+00,5.043444956484e+00
1.480000000000e+01,9.600000000000e+00,4.958451516560e+00
1.480000000000e+01,9.800000000000e+00,4.878835423502e+00
1.480000000000e+01,1.000000000000e+01,4.804012729384e+00
1.480000000000e+01,1.020000000000e+01,4.733480135105e+00
1.480000000000e+01,1.040000000000e+01,4.666801880359e+00
1.480000000000e+01,1.060000000000e+01,4.603599062476e+00
1.480000000000e+01,1.080000000000e+01,4.543540882295e+00
1.480000000000e+01,1.100000000000e+01,4.486337428973e+00
1.480000000000e+01,1.120000000000e+01,4.431507665513e+00
1.480000000000e+01,1.140000000000e+01,4.379025655448e+00
1.480000000000e+01,1.160000000000e+01,4.328730539903e+00
1.480000000000e+01,1.180000000000e+01,4.280444489818e+00
1.480000000000e+01,1.200000000000e+01,4.234009059414e+00
1.480000000000e+01,1.220000000000e+01,4.189282668820e+00
1.480000000000e+01,1.240000000000e+01,4.146138461470e+00
1.480000000000e+01,1.260000000000e+01,4.104462473654e+00
1.480000000000e+01,1.280000000000e+01,4.064152065118e+00
1.480000000000e+01,1.300000000000e+01,4.025114568908e+00
1.480000000000e+01,1.320000000000e+01,3.987266126032e+00
1.480000000000e+01,1.340000000000e+01,3.950530676486e+00
1.480000000000e+01,1.360000000000e+01,3.914839083088e+00
1.480000000000e+01,1.380000000000e+01,3.880128368425e+00
1.480000000000e+01,1.400000000000e+01,3.846341048525e+00
1.480000000000e+01,1.420000000000e+01,3.813381874768e+00
1.480000000000e+01,1.440000000000e+01,3.781140606617e+00
1.480000000000e+01,1.460000000000e+01,3.749682908411e+00
1.480000000000e+01,1.480000000000e+01,3.718967864458e+00
1.480000000000e+01,1.500000000000e+01,3.688957773577e+00
1.480000000000e+01,1.520000000000e+01,3.659617836511e+00
1.480000000000e+01,1.540000000000e+01,3.630915878453e+00
1.480000000000e+01,1.560000000000e+01,3.602822102250e+00
1.480000000000e+01,1.580000000000e+01,3.575308868463e+00
1.480000000000e+01,1.600000000000e+01,3.548350498999e+00
1.500000000000e+01,3.000000000000e+00,inf
1.500000000000e+01,3.200000000000e+00,inf
1.500000000000e+01,3.400000000000e+00,inf
1.500000000000e+01,3.600000000000e+00,inf
1.500000000000e+01,3.800000000000e+00,inf
1.500000000000e+01,4.000000000000e+00,inf
1.500000000000e+01,4.200000000000e+00,inf
1.500000000000e+01,4.400000000000e+00,inf
1.500000000000e+01,4.600000000000e+00,inf
1.500000000000e+01,4.800000000000e+00,inf
1.500000000000e+01,5.000000000000e+00,inf
1.500000000000e+01,5.200000000000e+00,inf
1.500000000000e+01,5.400000000000e+00,inf
1.500000000000e+01,5.600000000000e+00,1.094102724287e+01
1.500000000000e+01,5.800000000000e+00,1.001679816154e+01
1.500000000000e+01,6.000000000000e+00,9.270247715576e+00
1.500000000000e+01,6.200000000000e+00,8.656983181739e+00
1.500000000000e+01,6.400000000000e+00,8.147079529076e+00
1.500000000000e+01,6.600000000000e+00,7.717706016174e+00
1.500000000000e+01,6.800000000000e+00,7.351458192997e+00
1.500000000000e+01,7.000000000000e+00,7.035661877462e+00
1.500000000000e+01,7.200000000000e+00,6.761184657338e+00
1.500000000000e+01,7.400000000000e+00,6.520514073397e+00
1.500000000000e+01,7.600000000000e+00,6.307777146271e+00
1.500000000000e+01,7.800000000000e+00,6.117977267632e+00
1.500000000000e+01,8.000000000000e+00,5.947483531705e+00
1.500000000000e+01,8.200000000000e+00,5.793638062123e+00
1.500000000000e+01,8.400000000000e+00,5.654001503475e+00
1.500000000000e+01,8.600000000000e+00,5.526573182224e+00
1.500000000000e+01,8.800000000000e+00,5.409699570873e+00
1.500000000000e+01,9.000000000000e+00,5.302004237033e+00
1.500000000000e+01,9.200000000000e+00,5.202019192486e+00
1.500000000000e+01,9.400000000000e+00,5.108991869174e+00
1.500000000000e+01,9.600000000000e+00,5.022217013200e+00
1.500000000000e+01,9.800000000000e+00,4.940988486127e+00
1.500000000000e+01,1.000000000000e+01,4.864700944349e+00
1.500000000000e+01,1.020000000000e+01,4.792832932473e+00
1.500000000000e+01,1.040000000000e+01,4.724933204571e+00
1.500000000000e+01,1.060000000000e+01,4.660609587045e+00
1.500000000000e+01,1.080000000000e+01,4.599519856617e+00
1.500000000000e+01,1.100000000000e+01,4.541364226470e+00
1.500000000000e+01,1.120000000000e+01,4.485650636479e+00
1.500000000000e+01,1.140000000000e+01,4.432348290714e+00
1.500000000000e+01,1.160000000000e+01,4.381289771931e+00
1.500000000000e+01,1.180000000000e+01,4.332291509702e+00
1.500000000000e+01,1.200000000000e+01,4.285190006043e+00
1.500000000000e+01,1.220000000000e+01,4.239839221998e+00
1.500000000000e+01,1.240000000000e+01,4.196108354265e+00
1.500000000000e+01,1.260000000000e+01,4.153879936504e+00
1.500000000000e+01,1.280000000000e+01,4.113048212073e+00
1.500000000000e+01,1.300000000000e+01,4.073517734600e+00
1.500000000000e+01,1.320000000000e+01,4.035202160545e+00
1.500000000000e+01,1.340000000000e+01,3.998023204130e+00
1.500000000000e+01,1.360000000000e+01,3.961909730102e+00
1.500000000000e+01,1.380000000000e+01,3.926796963879e+00
1.500000000000e+01,1.400000000000e+01,3.892625801998e+00
1.500000000000e+01,1.420000000000e+01,3.859298820591e+00
1.500000000000e+01,1.440000000000e+01,3.826704566133e+00
1.500000000000e+01,1.460000000000e+01,3.794908150748e+00
1.500000000000e+01,1.480000000000e+01,3.763867569844e+00
1.500000000000e+01,1.500000000000e+01,3.733544133049e+00
1.500000000000e+01,1.520000000000e+01,3.703902141216e+00
1.500000000000e+01,1.540000000000e+01,3.674908599781e+00
1.500000000000e+01,1.560000000000e+01,3.646532963859e+00
1.500000000000e+01,1.580000000000e+01,3.618746911129e+00
1.500000000000e+01,1.600000000000e+01,3.591524139091e+00
1.520000000000e+01,3.000000000000e+00,inf
1.520000000000e+01,3.200000000000e+00,inf
1.520000000000e+01,3.400000000000e+00,inf
1.520000000000e+01,3.600000000000e+00,inf
1.520000000000e+01,3.800000000000e+00,inf
1.520000000000e+01,4.000000000000e+00,inf
1.520000000000e+01,4.200000000000e+00,inf
1.520000000000e+01,4.400000000000e+00,inf
1.520000000000e+01,4.600000000000e+00,inf
1.520000000000e+01,4.800000000000e+00,inf
1.520000000000e+01,5.000000000000e+00,inf
1.520000000000e+01,5.200000000000e+00,inf
1.520000000000e+01,5.400000000000e+00,inf
1.520000000000e+01,5.600000000000e+00,1.121444848662e+01
1.520000000000e+01,5.800000000000e+00,1.025018694872e+01
1.520000000000e+01,6.000000000000e+00,9.472662550218e+00
1.520000000000e+01,6.200000000000e+00,8.835021760098e+00
1.520000000000e+01,6.400000000000e+00,8.305669565467e+00
1.520000000000e+01,6.600000000000e+00,7.860570014144e+00
1.520000000000e+01,6.800000000000e+00,7.481442985799e+00
1.520000000000e+01,7.000000000000e+00,7.154979276299e+00
1.520000000000e+01,7.200000000000e+00,6.871583659878e+00
1.520000000000e+01,7.400000000000e+00,6.623387176468e+00
1.520000000000e+01,7.600000000000e+00,6.404244958520e+00
1.520000000000e+01,7.800000000000e+00,6.208946199935e+00
1.520000000000e+01,8.000000000000e+00,6.033697504704e+00
1.520000000000e+01,8.200000000000e+00,5.875716252744e+00
1.520000000000e+01,8.400000000000e+00,5.732460159263e+00
1.520000000000e+01,8.600000000000e+00,5.601845894274e+00
1.520000000000e+01,8.800000000000e+00,5.482152990878e+00
1.520000000000e+01,9.000000000000e+00,5.371950374870e+00
1.520000000000e+01,9.200000000000e+00,5.269721642870e+00
1.520000000000e+01,9.400000000000e+00,5.174679881452e+00
1.520000000000e+01,9.600000000000e+00,5.086089823731e+00
1.520000000000e+01,9.800000000000e+00,5.003219256208e+00
1.520000000000e+01,1.000000000000e+01,4.925440841018e+00
1.520000000000e+01,1.020000000000e+01,4.852214469714e+00
1.520000000000e+01,1.040000000000e+01,4.783072995994e+00
1.520000000000e+01,1.060000000000e+01,4.717610627094e+00
1.520000000000e+01,1.080000000000e+01,4.655473421626e+00
1.520000000000e+01,1.100000000000e+01,4.596351467307e+00
1.520000000000e+01,1.120000000000e+01,4.539741485077e+00
1.520000000000e+01,1.140000000000e+01,4.485607610981e+00
1.520000000000e+01,1.160000000000e+01,4.433775722980e+00
1.520000000000e+01,1.180000000000e+01,4.384056373364e+00
1.520000000000e+01,1.200000000000e+01,4.336280893951e+00
1.520000000000e+01,1.220000000000e+01,4.290298683872e+00
1.520000000000e+01,1.240000000000e+01,4.245974903128e+00
1.520000000000e+01,1.260000000000e+01,4.203188503762e+00
1.520000000000e+01,1.280000000000e+01,4.161830543155e+00
1.520000000000e+01,1.300000000000e+01,4.121802734007e+00
1.520000000000e+01,1.320000000000e+01,4.083016193687e+00
1.520000000000e+01,1.340000000000e+01,4.045390362134e+00
1.520000000000e+01,1.360000000000e+01,4.008852062761e+00
1.520000000000e+01,1.380000000000e+01,3.973334685125e+00
1.520000000000e+01,1.400000000000e+01,3.938777471583e+00
1.520000000000e+01,1.420000000000e+01,3.905080799487e+00
1.520000000000e+01,1.440000000000e+01,3.872131967948e+00
1.520000000000e+01,1.460000000000e+01,3.839995510218e+00
1.520000000000e+01,1.480000000000e+01,3.808628309825e+00
1.520000000000e+01,1.500000000000e+01,3.777990666366e+00
1.520000000000e+01,1.520000000000e+01,3.748045961884e+00
1.520000000000e+01,1.540000000000e+01,3.718760364841e+00
1.520000000000e+01,1.560000000000e+01,3.690102566933e+00
1.520000000000e+01,1.580000000000e+01,3.662043548636e+00
1.520000000000e+01,1.600000000000e+01,3.634556369953e+00
1.540000000000e+01,3.000000000000e+00,inf
1.540000000000e+01,3.200000000000e+00,inf
1.540000000000e+01,3.400000000000e+00,inf
1.540000000000e+01,3.600000000000e+00,inf
1.540000000000e+01,3.800000000000e+00,inf
1.540000000000e+01,4.000000000000e+00,inf
1.540000000000e+01,4.200000000000e+00,inf
1.540000000000e+01,4.400000000000e+00,inf
1.540000000000e+01,4.600000000000e+00,inf
1.540000000000e+01,4.800000000000e+00,inf
1.540000000000e+01,5.000000000000e+00,inf
1.540000000000e+01,5.200000000000e+00,inf
1.540000000000e+01,5.400000000000e+00,inf
1.540000000000e+01,5.600000000000e+00,1.149468398534e+01
1.540000000000e+01,5.800000000000e+00,1.048887550086e+01
1.540000000000e+01,6.000000000000e+00,9.679256724092e+00
1.540000000000e+01,6.200000000000e+00,9.016395634820e+00
1.540000000000e+01,6.400000000000e+00,8.466949291597e+00
1.540000000000e+01,6.600000000000e+00,8.005622697965e+00
1.540000000000e+01,6.800000000000e+00,7.613222414749e+00
1.540000000000e+01,7.000000000000e+00,7.275777585674e+00
1.540000000000e+01,7.200000000000e+00,6.983211112506e+00
1.540000000000e+01,7.400000000000e+00,6.727283465910e+00
1.540000000000e+01,7.600000000000e+00,6.501567470724e+00
1.540000000000e+01,7.800000000000e+00,6.300630290946e+00
1.540000000000e+01,8.000000000000e+00,6.120510106420e+00
1.540000000000e+01,8.200000000000e+00,5.958295072686e+00
1.540000000000e+01,8.400000000000e+00,5.811336459232e+00
1.540000000000e+01,8.600000000000e+00,5.677465533059e+00
1.540000000000e+01,8.800000000000e+00,5.554892723375e+00
1.540000000000e+01,9.000000000000e+00,5.442130593914e+00
1.540000000000e+01,9.200000000000e+00,5.337612954232e+00
1.540000000000e+01,9.400000000000e+00,5.240517413021e+00
1.540000000000e+01,9.600000000000e+00,5.150077805247e+00
1.540000000000e+01,9.800000000000e+00,5.065535100439e+00
1.540000000000e+01,1.000000000000e+01,4.986239355057e+00
1.540000000000e+01,1.020000000000e+01,4.911631300559e+00
1.540000000000e+01,1.040000000000e+01,4.841227467263e+00
1.540000000000e+01,1.060000000000e+01,4.774608088326e+00
1.540000000000e+01,1.080000000000e+01,4.711407204830e+00
1.540000000000e+01,1.100000000000e+01,4.651304525117e+00
1.540000000000e+01,1.120000000000e+01,4.593785351037e+00
1.540000000000e+01,1.140000000000e+01,4.538808540048e+00
1.540000000000e+01,1.160000000000e+01,4.486193116212e+00
1.540000000000e+01,1.180000000000e+01,4.435743616575e+00
1.540000000000e+01,1.200000000000e+01,4.387286083078e+00
1.540000000000e+01,1.220000000000e+01,4.340665248690e+00
1.540000000000e+01,1.240000000000e+01,4.295742145567e+00
1.540000000000e+01,1.260000000000e+01,4.252392064155e+00
1.540000000000e+01,1.280000000000e+01,4.210502805428e+00
1.540000000000e+01,1.300000000000e+01,4.169973178930e+00
1.540000000000e+01,1.320000000000e+01,4.130711707792e+00
1.540000000000e+01,1.340000000000e+01,4.092635508643e+00
1.540000000000e+01,1.360000000000e+01,4.055669319857e+00
1.540000000000e+01,1.380000000000e+01,4.019744656057e+00
1.540000000000e+01,1.400000000000e+01,3.984799070398e+00
1.540000000000e+01,1.420000000000e+01,3.950730717531e+00
1.540000000000e+01,1.440000000000e+01,3.917425614518e+00
1.540000000000e+01,1.460000000000e+01,3.884947689043e+00
1.540000000000e+01,1.480000000000e+01,3.853252689577e+00
1.540000000000e+01,1.500000000000e+01,3.822299884680e+00
1.540000000000e+01,1.520000000000e+01,3.792051718507e+00
1.540000000000e+01,1.540000000000e+01,3.762473505196e+00
1.540000000000e+01,1.560000000000e+01,3.733533157215e+00
1.540000000000e+01,1.580000000000e+01,3.705200943405e+00
1.540000000000e+01,1.600000000000e+01,3.677449273082e+00
1.560000000000e+01,3.000000000000e+00,inf
1.560000000000e+01,3.200000000000e+00,inf
1.560000000000e+01,3.400000000000e+00,inf
1.560000000000e+01,3.600000000000e+00,inf
1.560000000000e+01,3.800000000000e+00,inf
1.560000000000e+01,4.000000000000e+00,inf
1.560000000000e+01,4.200000000000e+00,inf
1.560000000000e+01,4.400000000000e+00,inf
1.560000000000e+01,4.600000000000e+00,inf
1.560000000000e+01,4.800000000000e+00,inf
1.560000000000e+01,5.000000000000e+00,inf
1.560000000000e+01,5.200000000000e+00,inf
1.560000000000e+01,5.400000000000e+00,inf
1.560000000000e+01,5.600000000000e+00,1.178192919781e+01
1.560000000000e+01,5.800000000000e+00,1.073300961116e+01
1.560000000000e+01,6.000000000000e+00,9.890141140049e+00
1.560000000000e+01,6.200000000000e+00,9.201190678991e+00
1.560000000000e+01,6.400000000000e+00,8.630986309411e+00
1.560000000000e+01,6.600000000000e+00,8.152918120055e+00
1.560000000000e+01,6.800000000000e+00,7.746840338060e+00
1.560000000000e+01,7.000000000000e+00,7.398092896554e+00
1.560000000000e+01,7.200000000000e+00,7.096097119569e+00
1.560000000000e+01,7.400000000000e+00,6.832228380507e+00
1.560000000000e+01,7.600000000000e+00,6.599766447319e+00
1.560000000000e+01,7.800000000000e+00,6.393048380299e+00
1.560000000000e+01,8.000000000000e+00,6.207937827061e+00
1.560000000000e+01,8.200000000000e+00,6.041389107248e+00
1.560000000000e+01,8.400000000000e+00,5.890643429883e+00
1.560000000000e+01,8.600000000000e+00,5.753443837902e+00
1.560000000000e+01,8.800000000000e+00,5.627929435263e+00
1.560000000000e+01,9.000000000000e+00,5.512554659634e+00
1.560000000000e+01,9.200000000000e+00,5.405702126444e+00
1.560000000000e+01,9.400000000000e+00,5.306512809207e+00
1.560000000000e+01,9.600000000000e+00,5.214188738400e+00
1.560000000000e+01,9.800000000000e+00,5.127943308197e+00
1.560000000000e+01,1.000000000000e+01,5.047103344876e+00
1.560000000000e+01,1.020000000000e+01,4.971089902278e+00
1.560000000000e+01,1.040000000000e+01,4.899402755921e+00
1.560000000000e+01,1.060000000000e+01,4.831607803161e+00
1.560000000000e+01,1.080000000000e+01,4.767326762617e+00
1.560000000000e+01,1.100000000000e+01,4.706228704841e+00
1.560000000000e+01,1.120000000000e+01,4.647787308034e+00
1.560000000000e+01,1.140000000000e+01,4.591955938437e+00
1.560000000000e+01,1.160000000000e+01,4.538546614382e+00
1.560000000000e+01,1.180000000000e+01,4.487357717643e+00
1.560000000000e+01,1.200000000000e+01,4.438209878871e+00
1.560000000000e+01,1.220000000000e+01,4.390943059190e+00
1.560000000000e+01,1.240000000000e+01,4.345414070556e+00
1.560000000000e+01,1.260000000000e+01,4.301494460825e+00
1.560000000000e+01,1.280000000000e+01,4.259068703278e+00
1.560000000000e+01,1.300000000000e+01,4.218032641356e+00
1.560000000000e+01,1.320000000000e+01,4.178292148188e+00
1.560000000000e+01,1.340000000000e+01,4.139761967543e+00
1.560000000000e+01,1.360000000000e+01,4.102364708603e+00
1.560000000000e+01,1.380000000000e+01,4.066029971595e+00
1.560000000000e+01,1.400000000000e+01,4.030693585122e+00
1.560000000000e+01,1.420000000000e+01,3.996251456817e+00
1.560000000000e+01,1.440000000000e+01,3.962588286706e+00
1.560000000000e+01,1.460000000000e+01,3.929767370165e+00
1.560000000000e+01,1.480000000000e+01,3.897743297229e+00
1.560000000000e+01,1.500000000000e+01,3.866474284249e+00
1.560000000000e+01,1.520000000000e+01,3.835921818266e+00
1.560000000000e+01,1.540000000000e+01,3.806050341606e+00
1.560000000000e+01,1.560000000000e+01,3.776826971574e+00
1.560000000000e+01,1.580000000000e+01,3.748221250838e+00
1.560000000000e+01,1.600000000000e+01,3.720204924740e+00
1.580000000000e+01,3.000000000000e+00,inf
1.580000000000e+01,3.200000000000e+00,inf
1.580000000000e+01,3.400000000000e+00,inf
1.580000000000e+01,3.600000000000e+00,inf
1.580000000000e+01,3.800000000000e+00,inf
1.580000000000e+01,4.000000000000e+00,inf
1.580000000000e+01,4.200000000000e+00,inf
1.580000000000e+01,4.400000000000e+00,inf
1.580000000000e+01,4.600000000000e+00,inf
1.580000000000e+01,4.800000000000e+00,inf
1.580000000000e+01,5.000000000000e+00,inf
1.580000000000e+01,5.200000000000e+00,inf
1.580000000000e+01,5.400000000000e+00,inf
1.580000000000e+01,5.600000000000e+00,1.207638417530e+01
1.580000000000e+01,5.800000000000e+00,1.098273820610e+01
1.580000000000e+01,6.000000000000e+00,1.010542887870e+01
1.580000000000e+01,6.200000000000e+00,9.389494299569e+00
1.580000000000e+01,6.400000000000e+00,8.797849310235e+00
1.580000000000e+01,6.600000000000e+00,8.302511108891e+00
1.580000000000e+01,6.800000000000e+00,7.882341165328e+00
1.580000000000e+01,7.000000000000e+00,7.521961687822e+00
1.580000000000e+01,7.200000000000e+00,7.210272053096e+00
1.580000000000e+01,7.400000000000e+00,6.938247537510e+00
1.580000000000e+01,7.600000000000e+00,6.698863764550e+00
1.580000000000e+01,7.800000000000e+00,6.486219369460e+00
1.580000000000e+01,8.000000000000e+00,6.295997181045e+00
1.580000000000e+01,8.200000000000e+00,6.125012937641e+00
1.580000000000e+01,8.400000000000e+00,5.970394072403e+00
1.580000000000e+01,8.600000000000e+00,5.829792506995e+00
1.580000000000e+01,8.800000000000e+00,5.701273740657e+00
1.580000000000e+01,9.000000000000e+00,5.583232276291e+00
1.580000000000e+01,9.200000000000e+00,5.473998092291e+00
1.580000000000e+01,9.400000000000e+00,5.372674344325e+00
1.580000000000e+01,9.600000000000e+00,5.278430330442e+00
1.580000000000e+01,9.800000000000e+00,5.190451094291e+00
1.580000000000e+01,1.000000000000e+01,5.108039594093e+00
1.580000000000e+01,1.020000000000e+01,5.030596677886e+00
1.580000000000e+01,1.040000000000e+01,4.957604926377e+00
1.580000000000e+01,1.060000000000e+01,4.888615532473e+00
1.580000000000e+01,1.080000000000e+01,4.823237581772e+00
1.580000000000e+01,1.100000000000e+01,4.761129244034e+00
1.580000000000e+01,1.120000000000e+01,4.701752364799e+00
1.580000000000e+01,1.140000000000e+01,4.645054604324e+00
1.580000000000e+01,1.160000000000e+01,4.590840820606e+00
1.580000000000e+01,1.180000000000e+01,4.538903098010e+00
1.580000000000e+01,1.200000000000e+01,4.489056532733e+00
1.580000000000e+01,1.220000000000e+01,4.441136206902e+00
1.580000000000e+01,1.240000000000e+01,4.394994618701e+00
1.580000000000e+01,1.260000000000e+01,4.350499491368e+00
1.580000000000e+01,1.280000000000e+01,4.307531898337e+00
1.580000000000e+01,1.300000000000e+01,4.265984653268e+00
1.580000000000e+01,1.320000000000e+01,4.225760922901e+00
1.580000000000e+01,1.340000000000e+01,4.186773028065e+00
1.580000000000e+01,1.360000000000e+01,4.148941404139e+00
1.580000000000e+01,1.380000000000e+01,4.112193697109e+00
1.580000000000e+01,1.400000000000e+01,4.076463975338e+00
1.580000000000e+01,1.420000000000e+01,4.041645874721e+00
1.580000000000e+01,1.440000000000e+01,4.007622742980e+00
1.580000000000e+01,1.460000000000e+01,3.974457216370e+00
1.580000000000e+01,1.480000000000e+01,3.942102702932e+00
1.580000000000e+01,1.500000000000e+01,3.910516345455e+00
1.580000000000e+01,1.520000000000e+01,3.879658654489e+00
1.580000000000e+01,1.540000000000e+01,3.849493182929e+00
1.580000000000e+01,1.560000000000e+01,3.819986236863e+00
1.580000000000e+01,1.580000000000e+01,3.791106618138e+00
1.580000000000e+01,1.600000000000e+01,3.762825394733e+00
1.600000000000e+01,3.000000000000e+00,inf
1.600000000000e+01,3.200000000000e+00,inf
1.600000000000e+01,3.400000000000e+00,inf
1.600000000000e+01,3.600000000000e+00,inf
1.600000000000e+01,3.800000000000e+00,inf
1.600000000000e+01,4.000000000000e+00,inf
1.600000000000e+01,4.200000000000e+00,inf
1.600000000000e+01,4.400000000000e+00,inf
1.600000000000e+01,4.600000000000e+00,inf
1.600000000000e+01,4.800000000000e+00,inf
1.600000000000e+01,5.000000000000e+00,inf
1.600000000000e+01,5.200000000000e+00,inf
1.600000000000e+01,5.400000000000e+00,inf
1.600000000000e+01,5.600000000000e+00,1.237825368417e+01
1.600000000000e+01,5.800000000000e+00,1.123821342435e+01
1.600000000000e+01,6.000000000000e+00,1.032523525144e+01
1.600000000000e+01,6.200000000000e+00,9.581395474699e+00
1.600000000000e+01,6.400000000000e+00,8.967608102232e+00
1.600000000000e+01,6.600000000000e+00,8.454457290053e+00
1.600000000000e+01,6.800000000000e+00,8.019769874232e+00
1.600000000000e+01,7.000000000000e+00,7.647420839930e+00
1.600000000000e+01,7.200000000000e+00,7.325766564251e+00
1.600000000000e+01,7.400000000000e+00,7.045366742422e+00
1.600000000000e+01,7.600000000000e+00,6.798881418986e+00
1.600000000000e+01,7.800000000000e+00,6.580162229225e+00
1.600000000000e+01,8.000000000000e+00,6.384704713663e+00
1.600000000000e+01,8.200000000000e+00,6.209181146956e+00
1.600000000000e+01,8.400000000000e+00,6.050601368047e+00
1.600000000000e+01,8.600000000000e+00,5.906523202274e+00
1.600000000000e+01,8.800000000000e+00,5.774936205311e+00
1.600000000000e+01,9.000000000000e+00,5.654173090961e+00
1.600000000000e+01,9.200000000000e+00,5.542509721130e+00
1.600000000000e+01,9.400000000000e+00,5.439010224994e+00
1.600000000000e+01,9.600000000000e+00,5.342810218239e+00
1.600000000000e+01,9.800000000000e+00,5.253065601677e+00
1.600000000000e+01,1.000000000000e+01,5.169054813991e+00
1.600000000000e+01,1.020000000000e+01,5.090157958341e+00
1.600000000000e+01,1.040000000000e+01,5.015839971874e+00
1.600000000000e+01,1.060000000000e+01,4.945636967337e+00
1.600000000000e+01,1.080000000000e+01,4.879145081013e+00
1.600000000000e+01,1.100000000000e+01,4.816011314209e+00
1.600000000000e+01,1.120000000000e+01,4.755685466283e+00
1.600000000000e+01,1.140000000000e+01,4.698109274521e+00
1.600000000000e+01,1.160000000000e+01,4.643080279176e+00
1.600000000000e+01,1.180000000000e+01,4.590384122914e+00
1.600000000000e+01,1.200000000000e+01,4.539830242533e+00
1.600000000000e+01,1.220000000000e+01,4.491248732526e+00
1.600000000000e+01,1.240000000000e+01,4.444487682481e+00
1.600000000000e+01,1.260000000000e+01,4.399410907947e+00
1.600000000000e+01,1.280000000000e+01,4.355896009482e+00
1.600000000000e+01,1.300000000000e+01,4.313832706536e+00
1.600000000000e+01,1.320000000000e+01,4.273121402442e+00
1.600000000000e+01,1.340000000000e+01,4.233671944473e+00
1.600000000000e+01,1.360000000000e+01,4.195402549136e+00
1.600000000000e+01,1.380000000000e+01,4.158238867937e+00
1.600000000000e+01,1.400000000000e+01,4.122113172970e+00
1.600000000000e+01,1.420000000000e+01,4.086916803267e+00
1.600000000000e+01,1.440000000000e+01,4.052531718701e+00
1.600000000000e+01,1.460000000000e+01,4.019019869523e+00
1.600000000000e+01,1.480000000000e+01,3.986333458021e+00
1.600000000000e+01,1.500000000000e+01,3.954428531906e+00
1.600000000000e+01,1.520000000000e+01,3.923264605708e+00
1.600000000000e+01,1.540000000000e+01,3.892804325134e+00
1.600000000000e+01,1.560000000000e+01,3.863013168883e+00
1.600000000000e+01,1.580000000000e+01,3.833859183226e+00
1.600000000000e+01,1.600000000000e+01,3.805312745294e+00
1.620000000000e+01,3.000000000000e+00,inf
1.620000000000e+01,3.200000000000e+00,inf
1.620000000000e+01,3.400000000000e+00,inf
1.620000000000e+01,3.600000000000e+00,inf
1.620000000000e+01,3.800000000000e+00,inf
1.620000000000e+01,4.000000000000e+00,inf
1.620000000000e+01,4.200000000000e+00,inf
1.620000000000e+01,4.400000000000e+00,inf
1.620000000000e+01,4.600000000000e+00,inf
1.620000000000e+01,4.800000000000e+00,inf
1.620000000000e+01,5.000000000000e+00,inf
1.620000000000e+01,5.200000000000e+00,inf
1.620000000000e+01,5.400000000000e+00,inf
1.620000000000e+01,5.600000000000e+00,inf
1.620000000000e+01,5.800000000000e+00,1.149959069729e+01
1.620000000000e+01,6.000000000000e+00,1.054967785429e+01
1.620000000000e+01,6.200000000000e+00,9.776984791369e+00
1.620000000000e+01,6.400000000000e+00,9.140333637932e+00
1.620000000000e+01,6.600000000000e+00,8.608813107196e+00
1.620000000000e+01,6.800000000000e+00,8.159172027104e+00
1.620000000000e+01,7.000000000000e+00,7.774507648393e+00
1.620000000000e+01,7.200000000000e+00,7.442611594598e+00
1.620000000000e+01,7.400000000000e+00,7.153611998623e+00
1.620000000000e+01,7.600000000000e+00,6.899841535863e+00
1.620000000000e+01,7.800000000000e+00,6.674896007047e+00
1.620000000000e+01,8.000000000000e+00,6.474077007599e+00
1.620000000000e+01,8.200000000000e+00,6.293908326010e+00
1.620000000000e+01,8.400000000000e+00,6.131278283406e+00
1.620000000000e+01,8.600000000000e+00,5.983647554184e+00
1.620000000000e+01,8.800000000000e+00,5.848927350957e+00
1.620000000000e+01,9.000000000000e+00,5.725386697472e+00
1.620000000000e+01,9.200000000000e+00,5.611245822474e+00
1.620000000000e+01,9.400000000000e+00,5.505528593407e+00
1.620000000000e+01,9.600000000000e+00,5.407335971234e+00
1.620000000000e+01,9.800000000000e+00,5.315793904157e+00
1.620000000000e+01,1.000000000000e+01,5.230155645958e+00
1.620000000000e+01,1.020000000000e+01,5.149780004750e+00
1.620000000000e+01,1.040000000000e+01,5.074113816464e+00
1.620000000000e+01,1.060000000000e+01,5.002677730784e+00
1.620000000000e+01,1.080000000000e+01,4.935054612554e+00
1.620000000000e+01,1.100000000000e+01,4.870880022207e+00
1.620000000000e+01,1.120000000000e+01,4.809591494842e+00
1.620000000000e+01,1.140000000000e+01,4.751124625497e+00
1.620000000000e+01,1.160000000000e+01,4.695269476417e+00
1.620000000000e+01,1.180000000000e+01,4.641805102098e+00
1.620000000000e+01,1.200000000000e+01,4.590535153176e+00
1.620000000000e+01,1.220000000000e+01,4.541284626359e+00
1.620000000000e+01,1.240000000000e+01,4.493897106552e+00
1.620000000000e+01,1.260000000000e+01,4.448232417485e+00
1.620000000000e+01,1.280000000000e+01,4.404164612909e+00
1.620000000000e+01,1.300000000000e+01,4.361580252882e+00
1.620000000000e+01,1.320000000000e+01,4.320376919675e+00
1.620000000000e+01,1.340000000000e+01,4.280461935842e+00
1.620000000000e+01,1.360000000000e+01,4.241751253483e+00
1.620000000000e+01,1.380000000000e+01,4.204168488986e+00
1.620000000000e+01,1.400000000000e+01,4.167644081805e+00
1.620000000000e+01,1.420000000000e+01,4.132067048576e+00
1.620000000000e+01,1.440000000000e+01,4.097317925508e+00
1.620000000000e+01,1.460000000000e+01,4.063457949882e+00
1.620000000000e+01,1.480000000000e+01,4.030438094280e+00
1.620000000000e+01,1.500000000000e+01,3.998213289644e+00
1.620000000000e+01,1.520000000000e+01,3.966742034808e+00
1.620000000000e+01,1.540000000000e+01,3.935986050400e+00
1.620000000000e+01,1.560000000000e+01,3.905909971439e+00
1.620000000000e+01,1.580000000000e+01,3.876481073758e+00
1.620000000000e+01,1.600000000000e+01,3.847669030057e+00
1.640000000000e+01,3.000000000000e+00,inf
1.640000000000e+01,3.200000000000e+00,inf
1.640000000000e+01,3.400000000000e+00,inf
1.640000000000e+01,3.600000000000e+00,inf
1.640000000000e+01,3.800000000000e+00,inf
1.640000000000e+01,4.000000000000e+00,inf
1.640000000000e+01,4.200000000000e+00,inf
1.640000000000e+01,4.400000000000e+00,inf
1.640000000000e+01,4.600000000000e+00,inf
1.640000000000e+01,4.800000000000e+00,inf
1.640000000000e+01,5.000000000000e+00,inf
1.640000000000e+01,5.200000000000e+00,inf
1.640000000000e+01,5.400000000000e+00,inf
1.640000000000e+01,5.600000000000e+00,inf
1.640000000000e+01,5.800000000000e+00,1.176702883139e+01
1.640000000000e+01,6.000000000000e+00,1.077887662263e+01
1.640000000000e+01,6.200000000000e+00,9.976354483445e+00
1.640000000000e+01,6.400000000000e+00,9.316098041870e+00
1.640000000000e+01,6.600000000000e+00,8.765635842986e+00
1.640000000000e+01,6.800000000000e+00,8.300593787364e+00
1.640000000000e+01,7.000000000000e+00,7.903259837124e+00
1.640000000000e+01,7.200000000000e+00,7.560838387210e+00
1.640000000000e+01,7.400000000000e+00,7.263009516809e+00
1.640000000000e+01,7.600000000000e+00,7.001766377264e+00
1.640000000000e+01,7.800000000000e+00,6.770439834223e+00
1.640000000000e+01,8.000000000000e+00,6.564130689303e+00
1.640000000000e+01,8.200000000000e+00,6.379209079054e+00
1.640000000000e+01,8.400000000000e+00,6.212437775559e+00
1.640000000000e+01,8.600000000000e+00,6.061177166353e+00
1.640000000000e+01,8.800000000000e+00,5.923257659541e+00
1.640000000000e+01,9.000000000000e+00,5.796882640276e+00
1.640000000000e+01,9.200000000000e+00,5.680215149523e+00
1.640000000000e+01,9.400000000000e+00,5.572237530545e+00
1.640000000000e+01,9.600000000000e+00,5.472015094383e+00
1.640000000000e+01,9.800000000000e+00,5.378643009045e+00
1.640000000000e+01,1.000000000000e+01,5.291348663900e+00
1.640000000000e+01,1.020000000000e+01,5.209469010552e+00
1.640000000000e+01,1.040000000000e+01,5.132432316980e+00
1.640000000000e+01,1.060000000000e+01,5.059743379574e+00
1.640000000000e+01,1.080000000000e+01,4.990971463679e+00
1.640000000000e+01,1.100000000000e+01,4.925740411590e+00
1.640000000000e+01,1.120000000000e+01,4.863475271460e+00
1.640000000000e+01,1.140000000000e+01,4.804105274438e+00
1.640000000000e+01,1.160000000000e+01,4.747412841596e+00
1.640000000000e+01,1.180000000000e+01,4.693170290569e+00
1.640000000000e+01,1.200000000000e+01,4.641175357220e+00
1.640000000000e+01,1.220000000000e+01,4.591247828788e+00
1.640000000000e+01,1.240000000000e+01,4.543226688119e+00
1.640000000000e+01,1.260000000000e+01,4.496967681910e+00
1.640000000000e+01,1.280000000000e+01,4.452341242271e+00
1.640000000000e+01,1.300000000000e+01,4.409230703920e+00
1.640000000000e+01,1.320000000000e+01,4.367530769757e+00
1.640000000000e+01,1.340000000000e+01,4.327146185900e+00
1.640000000000e+01,1.360000000000e+01,4.287990594042e+00
1.640000000000e+01,1.380000000000e+01,4.249985534408e+00
1.640000000000e+01,1.400000000000e+01,4.213059577097e+00
1.640000000000e+01,1.420000000000e+01,4.177099390401e+00
1.640000000000e+01,1.440000000000e+01,4.141984050783e+00
1.640000000000e+01,1.460000000000e+01,4.107774055500e+00
1.640000000000e+01,1.480000000000e+01,4.074419123278e+00
1.640000000000e+01,1.500000000000e+01,4.041873046430e+00
1.640000000000e+01,1.520000000000e+01,4.010093288262e+00
1.640000000000e+01,1.540000000000e+01,3.979040626303e+00
1.640000000000e+01,1.560000000000e+01,3.948678835481e+00
1.640000000000e+01,1.580000000000e+01,3.918974406221e+00
1.640000000000e+01,1.600000000000e+01,3.889896293119e+00
1.660000000000e+01,3.000000000000e+00,inf
1.660000000000e+01,3.200000000000e+00,inf
1.660000000000e+01,3.400000000000e+00,inf
1.660000000000e+01,3.600000000000e+00,inf
1.660000000000e+01,3.800000000000e+00,inf
1.660000000000e+01,4.000000000000e+00,inf
1.660000000000e+01,4.200000000000e+00,inf
1.660000000000e+01,4.400000000000e+00,inf
1.660000000000e+01,4.600000000000e+00,inf
1.660000000000e+01,4.800000000000e+00,inf
1.660000000000e+01,5.000000000000e+00,inf
1.660000000000e+01,5.200000000000e+00,inf
1.660000000000e+01,5.400000000000e+00,inf
1.660000000000e+01,5.600000000000e+00,inf
1.660000000000e+01,5.800000000000e+00,1.204069009242e+01
1.660000000000e+01,6.000000000000e+00,1.101295388688e+01
1.660000000000e+01,6.200000000000e+00,1.017959847014e+01
1.660000000000e+01,6.400000000000e+00,9.494974638357e+00
1.660000000000e+01,6.600000000000e+00,8.924983640001e+00
1.660000000000e+01,6.800000000000e+00,8.444081935869e+00
1.660000000000e+01,7.000000000000e+00,8.033715571624e+00
1.660000000000e+01,7.200000000000e+00,7.680478497606e+00
1.660000000000e+01,7.400000000000e+00,7.373585724278e+00
1.660000000000e+01,7.600000000000e+00,7.104678350139e+00
1.660000000000e+01,7.800000000000e+00,6.866812932926e+00
1.660000000000e+01,8.000000000000e+00,6.654882435234e+00
1.660000000000e+01,8.200000000000e+00,6.465098029361e+00
1.660000000000e+01,8.400000000000e+00,6.294092797107e+00
1.660000000000e+01,8.600000000000e+00,6.139123620154e+00
1.660000000000e+01,8.800000000000e+00,5.997937577385e+00
1.660000000000e+01,9.000000000000e+00,5.868670418240e+00
1.660000000000e+01,9.200000000000e+00,5.749426402622e+00
1.660000000000e+01,9.400000000000e+00,5.639145059340e+00
1.660000000000e+01,9.600000000000e+00,5.536855031039e+00
1.660000000000e+01,9.800000000000e+00,5.441619859798e+00
1.660000000000e+01,1.000000000000e+01,5.352640376645e+00
1.660000000000e+01,1.020000000000e+01,5.269231103696e+00
1.660000000000e+01,1.040000000000e+01,5.190801264998e+00
1.660000000000e+01,1.060000000000e+01,5.116839405965e+00
1.660000000000e+01,1.080000000000e+01,5.046900858324e+00
1.660000000000e+01,1.100000000000e+01,4.980597464048e+00
1.660000000000e+01,1.120000000000e+01,4.917341556994e+00
1.660000000000e+01,1.140000000000e+01,4.857055780331e+00
1.660000000000e+01,1.160000000000e+01,4.799514747857e+00
1.660000000000e+01,1.180000000000e+01,4.744483889390e+00
1.660000000000e+01,1.200000000000e+01,4.691754895542e+00
1.660000000000e+01,1.220000000000e+01,4.641142230824e+00
1.660000000000e+01,1.240000000000e+01,4.592480177344e+00
1.660000000000e+01,1.260000000000e+01,4.545620318458e+00
1.660000000000e+01,1.280000000000e+01,4.500429388877e+00
1.660000000000e+01,1.300000000000e+01,4.456787431250e+00
1.660000000000e+01,1.320000000000e+01,4.414586210136e+00
1.660000000000e+01,1.340000000000e+01,4.373727842946e+00
1.660000000000e+01,1.360000000000e+01,4.334123614481e+00
1.660000000000e+01,1.380000000000e+01,4.295692947353e+00
1.660000000000e+01,1.400000000000e+01,4.258362505245e+00
1.660000000000e+01,1.420000000000e+01,4.222016581726e+00
1.660000000000e+01,1.440000000000e+01,4.186532757190e+00
1.660000000000e+01,1.460000000000e+01,4.151970761704e+00
1.660000000000e+01,1.480000000000e+01,4.118279035793e+00
1.660000000000e+01,1.500000000000e+01,4.085410211109e+00
1.660000000000e+01,1.520000000000e+01,4.053320695450e+00
1.660000000000e+01,1.540000000000e+01,4.021970305087e+00
1.660000000000e+01,1.560000000000e+01,3.991321938330e+00
1.660000000000e+01,1.580000000000e+01,3.961341285121e+00
1.660000000000e+01,1.600000000000e+01,3.931996568182e+00
1.680000000000e+01,3.000000000000e+00,inf
1.680000000000e+01,3.200000000000e+00,inf
1.680000000000e+01,3.400000000000e+00,inf
1.680000000000e+01,3.600000000000e+00,inf
1.680000000000e+01,3.800000000000e+00,inf
1.680000000000e+01,4.000000000000e+00,inf
1.680000000000e+01,4.200000000000e+00,inf
1.680000000000e+01,4.400000000000e+00,inf
1.680000000000e+01,4.600000000000e+00,inf
1.680000000000e+01,4.800000000000e+00,inf
1.680000000000e+01,5.000000000000e+00,inf
1.680000000000e+01,5.200000000000e+00,inf
1.680000000000e+01,5.400000000000e+00,inf
1.680000000000e+01,5.600000000000e+00,inf
1.680000000000e+01,5.800000000000e+00,1.232074029165e+01
1.680000000000e+01,6.000000000000e+00,1.125203442925e+01
1.680000000000e+01,6.200000000000e+00,1.038681239494e+01
1.680000000000e+01,6.400000000000e+00,9.677037979420e+00
1.680000000000e+01,6.600000000000e+00,9.086915521651e+00
1.680000000000e+01,6.800000000000e+00,8.589683887163e+00
1.680000000000e+01,7.000000000000e+00,8.165913472044e+00
1.680000000000e+01,7.200000000000e+00,7.801563804550e+00
1.680000000000e+01,7.400000000000e+00,7.485367274062e+00
1.680000000000e+01,7.600000000000e+00,7.208600014182e+00
1.680000000000e+01,7.800000000000e+00,6.964034623092e+00
1.680000000000e+01,8.000000000000e+00,6.746348977965e+00
1.680000000000e+01,8.200000000000e+00,6.551589824690e+00
1.680000000000e+01,8.400000000000e+00,6.376256301101e+00
1.680000000000e+01,8.600000000000e+00,6.217498479174e+00
1.680000000000e+01,8.800000000000e+00,6.072977519249e+00
1.680000000000e+01,9.000000000000e+00,5.940759488356e+00
1.680000000000e+01,9.200000000000e+00,5.818888232659e+00
1.680000000000e+01,9.400000000000e+00,5.706259147781e+00
1.680000000000e+01,9.600000000000e+00,5.601863165797e+00
1.680000000000e+01,9.800000000000e+00,5.504731338612e+00
1.680000000000e+01,1.000000000000e+01,5.414037230303e+00
1.680000000000e+01,1.020000000000e+01,5.329072348788e+00
1.680000000000e+01,1.040000000000e+01,5.249226388794e+00
1.680000000000e+01,1.060000000000e+01,5.173971239471e+00
1.680000000000e+01,1.080000000000e+01,5.102847958664e+00
1.680000000000e+01,1.100000000000e+01,5.035456100820e+00
1.680000000000e+01,1.120000000000e+01,4.971195053430e+00
1.680000000000e+01,1.140000000000e+01,4.909980645070e+00
1.680000000000e+01,1.160000000000e+01,4.851579513182e+00
1.680000000000e+01,1.180000000000e+01,4.795750046515e+00
1.680000000000e+01,1.200000000000e+01,4.742277758033e+00
1.680000000000e+01,1.220000000000e+01,4.690971674681e+00
1.680000000000e+01,1.240000000000e+01,4.641661277817e+00
1.680000000000e+01,1.260000000000e+01,4.594193900034e+00
1.680000000000e+01,1.280000000000e+01,4.548432501945e+00
1.680000000000e+01,1.300000000000e+01,4.504253766612e+00
1.680000000000e+01,1.320000000000e+01,4.461546460618e+00
1.680000000000e+01,1.340000000000e+01,4.420210019822e+00
1.680000000000e+01,1.360000000000e+01,4.380153325166e+00
1.680000000000e+01,1.380000000000e+01,4.341293639787e+00
1.680000000000e+01,1.400000000000e+01,4.303555683528e+00
1.680000000000e+01,1.420000000000e+01,4.266821348448e+00
1.680000000000e+01,1.440000000000e+01,4.230966682283e+00
1.680000000000e+01,1.460000000000e+01,4.196050620641e+00
1.680000000000e+01,1.480000000000e+01,4.162020301303e+00
1.680000000000e+01,1.500000000000e+01,4.128827173051e+00
1.680000000000e+01,1.520000000000e+01,4.096426568043e+00
1.680000000000e+01,1.540000000000e+01,4.064777323003e+00
1.680000000000e+01,1.560000000000e+01,4.033841442974e+00
1.680000000000e+01,1.580000000000e+01,4.003583802238e+00
1.680000000000e+01,1.600000000000e+01,3.973971877776e+00
1.700000000000e+01,3.000000000000e+00,inf
1.700000000000e+01,3.200000000000e+00,inf
1.700000000000e+01,3.400000000000e+00,inf
1.700000000000e+01,3.600000000000e+00,inf
1.700000000000e+01,3.800000000000e+00,inf
1.700000000000e+01,4.000000000000e+00,inf
1.700000000000e+01,4.200000000000e+00,inf
1.700000000000e+01,4.400000000000e+00,inf
1.700000000000e+01,4.600000000000e+00,inf
1.700000000000e+01,4.800000000000e+00,inf
1.700000000000e+01,5.000000000000e+00,inf
1.700000000000e+01,5.200000000000e+00,inf
1.700000000000e+01,5.400000000000e+00,inf
1.700000000000e+01,5.600000000000e+00,inf
1.700000000000e+01,5.800000000000e+00,1.260734887408e+01
1.700000000000e+01,6.000000000000e+00,1.149624554143e+01
1.700000000000e+01,6.200000000000e+00,1.059809366507e+01
1.700000000000e+01,6.400000000000e+00,9.862363872940e+00
1.700000000000e+01,6.600000000000e+00,9.251491413102e+00
1.700000000000e+01,6.800000000000e+00,8.737447705662e+00
1.700000000000e+01,7.000000000000e+00,8.299892626129e+00
1.700000000000e+01,7.200000000000e+00,7.924126520704e+00
1.700000000000e+01,7.400000000000e+00,7.598381053912e+00
1.700000000000e+01,7.600000000000e+00,7.313554089555e+00
1.700000000000e+01,7.800000000000e+00,7.062124329177e+00
1.700000000000e+01,8.000000000000e+00,6.838547112157e+00
1.700000000000e+01,8.200000000000e+00,6.638699142630e+00
1.700000000000e+01,8.400000000000e+00,6.458941245860e+00
1.700000000000e+01,8.600000000000e+00,6.296313293582e+00
1.700000000000e+01,8.800000000000e+00,6.148387872317e+00
1.700000000000e+01,9.000000000000e+00,6.013159269382e+00
1.700000000000e+01,9.200000000000e+00,5.888609244393e+00
1.700000000000e+01,9.400000000000e+00,5.773587711963e+00
1.700000000000e+01,9.600000000000e+00,5.667046827282e+00
1.700000000000e+01,9.800000000000e+00,5.567984268983e+00
1.700000000000e+01,1.000000000000e+01,5.475545610610e+00
1.700000000000e+01,1.020000000000e+01,5.388998749236e+00
1.700000000000e+01,1.040000000000e+01,5.307713355287e+00
1.700000000000e+01,1.060000000000e+01,5.231144248636e+00
1.700000000000e+01,1.080000000000e+01,5.158817866708e+00
1.700000000000e+01,1.100000000000e+01,5.090321184125e+00
1.700000000000e+01,1.120000000000e+01,5.025040405160e+00
1.700000000000e+01,1.140000000000e+01,4.962884314591e+00
1.700000000000e+01,1.160000000000e+01,4.903611401388e+00
1.700000000000e+01,1.180000000000e+01,4.846972857643e+00
1.700000000000e+01,1.200000000000e+01,4.792747884338e+00
1.700000000000e+01,1.220000000000e+01,4.740739954395e+00
1.700000000000e+01,1.240000000000e+01,4.690773647059e+00
1.700000000000e+01,1.260000000000e+01,4.642691955603e+00
1.700000000000e+01,1.280000000000e+01,4.596353988897e+00
1.700000000000e+01,1.300000000000e+01,4.551633002093e+00
1.700000000000e+01,1.320000000000e+01,4.508414703478e+00
1.700000000000e+01,1.340000000000e+01,4.466595793940e+00
1.700000000000e+01,1.360000000000e+01,4.426082703108e+00
1.700000000000e+01,1.380000000000e+01,4.386790492360e+00
1.700000000000e+01,1.400000000000e+01,4.348641899919e+00
1.700000000000e+01,1.420000000000e+01,4.311516389109e+00
1.700000000000e+01,1.440000000000e+01,4.275288438184e+00
1.700000000000e+01,1.460000000000e+01,4.240016160899e+00
1.700000000000e+01,1.480000000000e+01,4.205645367544e+00
1.700000000000e+01,1.500000000000e+01,4.172126301656e+00
1.700000000000e+01,1.520000000000e+01,4.139413199464e+00
1.700000000000e+01,1.540000000000e+01,4.107463899721e+00
1.700000000000e+01,1.560000000000e+01,4.076239497438e+00
1.700000000000e+01,1.580000000000e+01,4.045704035952e+00
1.700000000000e+01,1.600000000000e+01,4.015824232545e+00
1.720000000000e+01,3.000000000000e+00,inf
1.720000000000e+01,3.200000000000e+00,inf
1.720000000000e+01,3.400000000000e+00,inf
1.720000000000e+01,3.600000000000e+00,inf
1.720000000000e+01,3.800000000000e+00,inf
1.720000000000e+01,4.000000000000e+00,inf
1.720000000000e+01,4.200000000000e+00,inf
1.720000000000e+01,4.400000000000e+00,inf
1.720000000000e+01,4.600000000000e+00,inf
1.720000000000e+01,4.800000000000e+00,inf
1.720000000000e+01,5.000000000000e+00,inf
1.720000000000e+01,5.200000000000e+00,inf
1.720000000000e+01,5.400000000000e+00,inf
1.720000000000e+01,5.600000000000e+00,inf
1.720000000000e+01,5.800000000000e+00,1.290068900883e+01
1.720000000000e+01,6.000000000000e+00,1.174571708359e+01
1.720000000000e+01,6.200000000000e+00,1.081354149153e+01
1.720000000000e+01,6.400000000000e+00,1.005102941102e+01
1.720000000000e+01,6.600000000000e+00,9.418772162260e+00
1.720000000000e+01,6.800000000000e+00,8.887422121784e+00
1.720000000000e+01,7.000000000000e+00,8.435692602060e+00
1.720000000000e+01,7.200000000000e+00,8.048199203159e+00
1.720000000000e+01,7.400000000000e+00,7.712654195147e+00
1.720000000000e+01,7.600000000000e+00,7.419563464480e+00
1.720000000000e+01,7.800000000000e+00,7.161101586771e+00
1.720000000000e+01,8.000000000000e+00,6.931493700412e+00
1.720000000000e+01,8.200000000000e+00,6.726440695826e+00
1.720000000000e+01,8.400000000000e+00,6.542160599678e+00
1.720000000000e+01,8.600000000000e+00,6.375579604401e+00
1.720000000000e+01,8.800000000000e+00,6.224179000082e+00
1.720000000000e+01,9.000000000000e+00,6.085879145399e+00
1.720000000000e+01,9.200000000000e+00,5.958597999711e+00
1.720000000000e+01,9.400000000000e+00,5.841138619082e+00
1.720000000000e+01,9.600000000000e+00,5.732413290900e+00
1.720000000000e+01,9.800000000000e+00,5.631385418223e+00
1.720000000000e+01,1.000000000000e+01,5.537171845237e+00
1.720000000000e+01,1.020000000000e+01,5.449016249353e+00
1.720000000000e+01,1.040000000000e+01,5.366267771960e+00
1.720000000000e+01,1.060000000000e+01,5.288363742773e+00
1.720000000000e+01,1.080000000000e+01,5.214815625881e+00
1.720000000000e+01,1.100000000000e+01,5.145197518586e+00
1.720000000000e+01,1.120000000000e+01,5.078882200263e+00
1.720000000000e+01,1.140000000000e+01,5.015771180008e+00
1.720000000000e+01,1.160000000000e+01,4.955614623131e+00
1.720000000000e+01,1.180000000000e+01,4.898156367103e+00
1.720000000000e+01,1.200000000000e+01,4.843169164618e+00
1.720000000000e+01,1.220000000000e+01,4.790450816471e+00
1.720000000000e+01,1.240000000000e+01,4.739820897061e+00
1.720000000000e+01,1.260000000000e+01,4.691117970637e+00
1.720000000000e+01,1.280000000000e+01,4.644197215706e+00
1.720000000000e+01,1.300000000000e+01,4.598928390373e+00
1.720000000000e+01,1.320000000000e+01,4.555194083625e+00
1.720000000000e+01,1.340000000000e+01,4.512888207372e+00
1.720000000000e+01,1.360000000000e+01,4.471914691974e+00
1.720000000000e+01,1.380000000000e+01,4.432186354341e+00
1.720000000000e+01,1.400000000000e+01,4.393623912936e+00
1.720000000000e+01,1.420000000000e+01,4.356104374693e+00
1.720000000000e+01,1.440000000000e+01,4.319500611313e+00
1.720000000000e+01,1.460000000000e+01,4.283869887175e+00
1.720000000000e+01,1.480000000000e+01,4.249156660135e+00
1.720000000000e+01,1.500000000000e+01,4.215309945925e+00
1.720000000000e+01,1.520000000000e+01,4.182282864407e+00
1.720000000000e+01,1.540000000000e+01,4.150032237806e+00
1.720000000000e+01,1.560000000000e+01,4.118518234217e+00
1.720000000000e+01,1.580000000000e+01,4.087704050639e+00
1.720000000000e+01,1.600000000000e+01,4.057555630606e+00
1.740000000000e+01,3.000000000000e+00,inf
1.740000000000e+01,3.200000000000e+00,inf
1.740000000000e+01,3.400000000000e+00,inf
1.740000000000e+01,3.600000000000e+00,inf
1.740000000000e+01,3.800000000000e+00,inf
1.740000000000e+01,4.000000000000e+00,inf
1.740000000000e+01,4.200000000000e+00,inf
1.740000000000e+01,4.400000000000e+00,inf
1.740000000000e+01,4.600000000000e+00,inf
1.740000000000e+01,4.800000000000e+00,inf
1.740000000000e+01,5.000000000000e+00,inf
1.740000000000e+01,5.200000000000e+00,inf
1.740000000000e+01,5.400000000000e+00,inf
1.740000000000e+01,5.600000000000e+00,inf
1.740000000000e+01,5.800000000000e+00,1.320093768176e+01
1.740000000000e+01,6.000000000000e+00,1.200058154445e+01
1.740000000000e+01,6.200000000000e+00,1.103325692962e+01
1.740000000000e+01,6.400000000000e+00,1.024311299860e+01
1.740000000000e+01,6.600000000000e+00,9.588819560815e+00
1.740000000000e+01,6.800000000000e+00,9.039656548041e+00
1.740000000000e+01,7.000000000000e+00,8.573353461198e+00
1.740000000000e+01,7.200000000000e+00,8.173814763840e+00
1.740000000000e+01,7.400000000000e+00,7.828214081373e+00
1.740000000000e+01,7.600000000000e+00,7.526651202699e+00
1.740000000000e+01,7.800000000000e+00,7.260986049095e+00
1.740000000000e+01,8.000000000000e+00,7.025205679004e+00
1.740000000000e+01,8.200000000000e+00,6.814829237097e+00
1.740000000000e+01,8.400000000000e+00,6.625927345436e+00
1.740000000000e+01,8.600000000000e+00,6.455308947684e+00
1.740000000000e+01,8.800000000000e+00,6.300361246160e+00
1.740000000000e+01,9.000000000000e+00,6.158928469295e+00
1.740000000000e+01,9.200000000000e+00,6.028863020831e+00
1.740000000000e+01,9.400000000000e+00,5.908919690364e+00
1.740000000000e+01,9.600000000000e+00,5.797969781535e+00
1.740000000000e+01,9.800000000000e+00,5.694941499941e+00
1.740000000000e+01,1.000000000000e+01,5.598922206062e+00
1.740000000000e+01,1.020000000000e+01,5.509130736446e+00
1.740000000000e+01,1.040000000000e+01,5.424895188775e+00
1.740000000000e+01,1.060000000000e+01,5.345634973710e+00
1.740000000000e+01,1.080000000000e+01,5.270846222606e+00
1.740000000000e+01,1.100000000000e+01,5.200089852667e+00
1.740000000000e+01,1.120000000000e+01,5.132724971799e+00
1.740000000000e+01,1.140000000000e+01,5.068645578770e+00
1.740000000000e+01,1.160000000000e+01,5.007593336936e+00
1.740000000000e+01,1.180000000000e+01,4.949304568758e+00
1.740000000000e+01,1.200000000000e+01,4.893545440335e+00
1.740000000000e+01,1.220000000000e+01,4.840107960562e+00
1.740000000000e+01,1.240000000000e+01,4.788806594861e+00
1.740000000000e+01,1.260000000000e+01,4.739475387582e+00
1.740000000000e+01,1.280000000000e+01,4.691965507272e+00
1.740000000000e+01,1.300000000000e+01,4.646143145021e+00
1.740000000000e+01,1.320000000000e+01,4.601887708808e+00
1.740000000000e+01,1.340000000000e+01,4.559090266966e+00
1.740000000000e+01,1.360000000000e+01,4.517652202127e+00
1.740000000000e+01,1.380000000000e+01,4.477484043595e+00
1.740000000000e+01,1.400000000000e+01,4.438504451560e+00
1.740000000000e+01,1.420000000000e+01,4.400587948474e+00
1.740000000000e+01,1.440000000000e+01,4.363605762177e+00
1.740000000000e+01,1.460000000000e+01,4.327614280011e+00
1.740000000000e+01,1.480000000000e+01,4.292556582248e+00
1.740000000000e+01,1.500000000000e+01,4.258380434082e+00
1.740000000000e+01,1.520000000000e+01,4.225037818417e+00
1.740000000000e+01,1.540000000000e+01,4.192484522253e+00
1.740000000000e+01,1.560000000000e+01,4.160679769766e+00
1.740000000000e+01,1.580000000000e+01,4.129585896124e+00
1.740000000000e+01,1.600000000000e+01,4.099168056967e+00
1.760000000000e+01,3.000000000000e+00,inf
1.760000000000e+01,3.200000000000e+00,inf
1.760000000000e+01,3.400000000000e+00,inf
1.760000000000e+01,3.600000000000e+00,inf
1.760000000000e+01,3.800000000000e+00,inf
1.760000000000e+01,4.000000000000e+00,inf
1.760000000000e+01,4.200000000000e+00,inf
1.760000000000e+01,4.400000000000e+00,inf
1.760000000000e+01,4.600000000000e+00,inf
1.760000000000e+01,4.800000000000e+00,inf
1.760000000000e+01,5.000000000000e+00,inf
1.760000000000e+01,5.200000000000e+00,inf
1.760000000000e+01,5.400000000000e+00,inf
1.760000000000e+01,5.600000000000e+00,inf
1.760000000000e+01,5.800000000000e+00,1.350827579035e+01
1.760000000000e+01,6.000000000000e+00,1.226097410264e+01
1.760000000000e+01,6.200000000000e+00,1.125734292031e+01
1.760000000000e+01,6.400000000000e+00,1.043869438238e+01
1.760000000000e+01,6.600000000000e+00,9.761696365374e+00
1.760000000000e+01,6.800000000000e+00,9.194201095115e+00
1.760000000000e+01,7.000000000000e+00,8.712915770756e+00
1.760000000000e+01,7.200000000000e+00,8.301006479810e+00
1.760000000000e+01,7.400000000000e+00,7.945088357082e+00
1.760000000000e+01,7.600000000000e+00,7.634840550813e+00
1.760000000000e+01,7.800000000000e+00,7.361797493367e+00
1.760000000000e+01,8.000000000000e+00,7.119700063491e+00
1.760000000000e+01,8.200000000000e+00,6.903879564438e+00
1.760000000000e+01,8.400000000000e+00,6.710254485101e+00
1.760000000000e+01,8.600000000000e+00,6.535512858599e+00
1.760000000000e+01,8.800000000000e+00,6.376944938010e+00
1.760000000000e+01,9.000000000000e+00,6.232316566173e+00
1.760000000000e+01,9.200000000000e+00,6.099412793420e+00
1.760000000000e+01,9.400000000000e+00,5.976938703943e+00
1.760000000000e+01,9.600000000000e+00,5.863723476190e+00
1.760000000000e+01,9.800000000000e+00,5.758659176473e+00
1.760000000000e+01,1.000000000000e+01,5.660802911407e+00
1.760000000000e+01,1.020000000000e+01,5.569348042870e+00
1.760000000000e+01,1.040000000000e+01,5.483601100052e+00
1.760000000000e+01,1.060000000000e+01,5.402963137516e+00
1.760000000000e+01,1.080000000000e+01,5.326914587878e+00
1.760000000000e+01,1.100000000000e+01,5.255002880100e+00
1.760000000000e+01,1.120000000000e+01,5.186573199091e+00
1.760000000000e+01,1.140000000000e+01,5.121511795823e+00
1.760000000000e+01,1.160000000000e+01,5.059551650229e+00
1.760000000000e+01,1.180000000000e+01,5.000421406925e+00
1.760000000000e+01,1.200000000000e+01,4.943880505063e+00
1.760000000000e+01,1.220000000000e+01,4.889715040167e+00
1.760000000000e+01,1.240000000000e+01,4.837734263141e+00
1.760000000000e+01,1.260000000000e+01,4.787767606367e+00
1.760000000000e+01,1.280000000000e+01,4.739662147837e+00
1.760000000000e+01,1.300000000000e+01,4.693280440818e+00
1.760000000000e+01,1.320000000000e+01,4.648498649860e+00
1.760000000000e+01,1.340000000000e+01,4.605204944521e+00
1.760000000000e+01,1.360000000000e+01,4.563298110729e+00
1.760000000000e+01,1.380000000000e+01,4.522686346608e+00
1.760000000000e+01,1.400000000000e+01,4.483286215192e+00
1.760000000000e+01,1.420000000000e+01,4.444969725914e+00
1.760000000000e+01,1.440000000000e+01,4.407606425209e+00
1.760000000000e+01,1.460000000000e+01,4.371251795574e+00
1.760000000000e+01,1.480000000000e+01,4.335847514343e+00
1.760000000000e+01,1.500000000000e+01,4.301340073262e+00
1.760000000000e+01,1.520000000000e+01,4.267680297524e+00
1.760000000000e+01,1.540000000000e+01,4.234822920078e+00
1.760000000000e+01,1.560000000000e+01,4.202726204053e+00
1.760000000000e+01,1.580000000000e+01,4.171351607191e+00
1.760000000000e+01,1.600000000000e+01,4.140663482993e+00
1.780000000000e+01,3.000000000000e+00,inf
1.780000000000e+01,3.200000000000e+00,inf
1.780000000000e+01,3.400000000000e+00,inf
1.780000000000e+01,3.600000000000e+00,inf
1.780000000000e+01,3.800000000000e+00,inf
1.780000000000e+01,4.000000000000e+00,inf
1.780000000000e+01,4.200000000000e+00,inf
1.780000000000e+01,4.400000000000e+00,inf
1.780000000000e+01,4.600000000000e+00,inf
1.780000000000e+01,4.800000000000e+00,inf
1.780000000000e+01,5.000000000000e+00,inf
1.780000000000e+01,5.200000000000e+00,inf
1.780000000000e+01,5.400000000000e+00,inf
1.780000000000e+01,5.600000000000e+00,inf
1.780000000000e+01,5.800000000000e+00,1.382288824101e+01
1.780000000000e+01,6.000000000000e+00,1.252703268943e+01
1.780000000000e+01,6.200000000000e+00,1.148590433206e+01
1.780000000000e+01,6.400000000000e+00,1.063785468006e+01
1.780000000000e+01,6.600000000000e+00,9.937466318706e+00
1.780000000000e+01,6.800000000000e+00,9.351106587918e+00
1.780000000000e+01,7.000000000000e+00,8.854420616394e+00
1.780000000000e+01,7.200000000000e+00,8.429808003468e+00
1.780000000000e+01,7.400000000000e+00,8.063304936132e+00
1.780000000000e+01,7.600000000000e+00,7.744154945493e+00
1.780000000000e+01,7.800000000000e+00,7.463555827059e+00
1.780000000000e+01,8.000000000000e+00,7.214993954217e+00
1.780000000000e+01,8.200000000000e+00,6.993606525923e+00
1.780000000000e+01,8.400000000000e+00,6.795155044138e+00
1.780000000000e+01,8.600000000000e+00,6.616202875423e+00
1.780000000000e+01,8.800000000000e+00,6.453940390575e+00
1.780000000000e+01,9.000000000000e+00,6.306052736687e+00
1.780000000000e+01,9.200000000000e+00,6.170255769663e+00
1.780000000000e+01,9.400000000000e+00,6.045203397682e+00
1.780000000000e+01,9.600000000000e+00,5.929681506587e+00
1.780000000000e+01,9.800000000000e+00,5.822545061279e+00
1.780000000000e+01,1.000000000000e+01,5.722820128250e+00
1.780000000000e+01,1.020000000000e+01,5.629673948059e+00
1.780000000000e+01,1.040000000000e+01,5.542390946334e+00
1.780000000000e+01,1.060000000000e+01,5.460353376204e+00
1.780000000000e+01,1.080000000000e+01,5.383025598826e+00
1.780000000000e+01,1.100000000000e+01,5.309941241307e+00
1.780000000000e+01,1.120000000000e+01,5.240431309026e+00
1.780000000000e+01,1.140000000000e+01,5.174374064772e+00
1.780000000000e+01,1.160000000000e+01,5.111493620387e+00
1.780000000000e+01,1.180000000000e+01,5.051510777306e+00
1.780000000000e+01,1.200000000000e+01,4.994178105309e+00
1.780000000000e+01,1.220000000000e+01,4.939275663361e+00
1.780000000000e+01,1.240000000000e+01,4.886607380853e+00
1.780000000000e+01,1.260000000000e+01,4.835997984935e+00
1.780000000000e+01,1.280000000000e+01,4.787290381429e+00
1.780000000000e+01,1.300000000000e+01,4.740343414117e+00
1.780000000000e+01,1.320000000000e+01,4.695029940982e+00
1.780000000000e+01,1.340000000000e+01,4.651235176989e+00
1.780000000000e+01,1.360000000000e+01,4.608855261872e+00
1.780000000000e+01,1.380000000000e+01,4.567796018555e+00
1.780000000000e+01,1.400000000000e+01,4.527971873651e+00
1.780000000000e+01,1.420000000000e+01,4.489252294601e+00
1.780000000000e+01,1.440000000000e+01,4.451505108647e+00
1.780000000000e+01,1.460000000000e+01,4.414784865485e+00
1.780000000000e+01,1.480000000000e+01,4.379031813944e+00
1.780000000000e+01,1.500000000000e+01,4.344191149231e+00
1.780000000000e+01,1.520000000000e+01,4.310212517926e+00
1.780000000000e+01,1.540000000000e+01,4.277049579953e+00
1.780000000000e+01,1.560000000000e+01,4.244659620157e+00
1.780000000000e+01,1.580000000000e+01,4.213003203142e+00
1.780000000000e+01,1.600000000000e+01,4.182043865944e+00
1.800000000000e+01,3.000000000000e+00,inf
1.800000000000e+01,3.200000000000e+00,inf
1.800000000000e+01,3.400000000000e+00,inf
1.800000000000e+01,3.600000000000e+00,inf
1.800000000000e+01,3.800000000000e+00,inf
1.800000000000e+01,4.000000000000e+00,inf
1.800000000000e+01,4.200000000000e+00,inf
1.800000000000e+01,4.400000000000e+00,inf
1.800000000000e+01,4.600000000000e+00,inf
1.800000000000e+01,4.800000000000e+00,inf
1.800000000000e+01,5.000000000000e+00,inf
1.800000000000e+01,5.200000000000e+00,inf
1.800000000000e+01,5.400000000000e+00,inf
1.800000000000e+01,5.600000000000e+00,inf
1.800000000000e+01,5.800000000000e+00,inf
1.800000000000e+01,6.000000000000e+00,1.279889805270e+01
1.800000000000e+01,6.200000000000e+00,1.171904800358e+01
1.800000000000e+01,6.400000000000e+00,1.084067640989e+01
1.800000000000e+01,6.600000000000e+00,1.011619417112e+01
1.800000000000e+01,6.800000000000e+00,9.510424581669e+00
1.800000000000e+01,7.000000000000e+00,8.997909614765e+00
1.800000000000e+01,7.200000000000e+00,8.560253372656e+00
1.800000000000e+01,7.400000000000e+00,8.182892010129e+00
1.800000000000e+01,7.600000000000e+00,7.854618020591e+00
1.800000000000e+01,7.800000000000e+00,7.566281094037e+00
1.800000000000e+01,8.000000000000e+00,7.311104541705e+00
1.800000000000e+01,8.200000000000e+00,7.084025024500e+00
1.800000000000e+01,8.400000000000e+00,6.880642075815e+00
1.800000000000e+01,8.600000000000e+00,6.697390543448e+00
1.800000000000e+01,8.800000000000e+00,6.531357909846e+00
1.800000000000e+01,9.000000000000e+00,6.380146260301e+00
1.800000000000e+01,9.200000000000e+00,6.241400371255e+00
1.800000000000e+01,9.400000000000e+00,6.113721471924e+00
1.800000000000e+01,9.600000000000e+00,5.995850961709e+00
1.800000000000e+01,9.800000000000e+00,5.886605721287e+00
1.800000000000e+01,1.000000000000e+01,5.784979974381e+00
1.800000000000e+01,1.020000000000e+01,5.690114180521e+00
1.800000000000e+01,1.040000000000e+01,5.601270116228e+00
1.800000000000e+01,1.060000000000e+01,5.517810779425e+00
1.800000000000e+01,1.080000000000e+01,5.439184080258e+00
1.800000000000e+01,1.100000000000e+01,5.364909524815e+00
1.800000000000e+01,1.120000000000e+01,5.294303677338e+00
1.800000000000e+01,1.140000000000e+01,5.227236569052e+00
1.800000000000e+01,1.160000000000e+01,5.163423255792e+00
1.800000000000e+01,1.180000000000e+01,5.102576527933e+00
1.800000000000e+01,1.200000000000e+01,5.044441941360e+00
1.800000000000e+01,1.220000000000e+01,4.988793393528e+00
1.800000000000e+01,1.240000000000e+01,4.935429383868e+00
1.800000000000e+01,1.260000000000e+01,4.884169839799e+00
1.800000000000e+01,1.280000000000e+01,4.834853412333e+00
1.800000000000e+01,1.300000000000e+01,4.787335163238e+00
1.800000000000e+01,1.320000000000e+01,4.741484580053e+00
1.800000000000e+01,1.340000000000e+01,4.697183866715e+00
1.800000000000e+01,1.360000000000e+01,4.654326466745e+00
1.800000000000e+01,1.380000000000e+01,4.612815783399e+00
1.800000000000e+01,1.400000000000e+01,4.572564067222e+00
1.800000000000e+01,1.420000000000e+01,4.533438214233e+00
1.800000000000e+01,1.440000000000e+01,4.495304294467e+00
1.800000000000e+01,1.460000000000e+01,4.458215896692e+00
1.800000000000e+01,1.480000000000e+01,4.422111815463e+00
1.800000000000e+01,1.500000000000e+01,4.386935926172e+00
1.800000000000e+01,1.520000000000e+01,4.352636675718e+00
1.800000000000e+01,1.540000000000e+01,4.319166631901e+00
1.800000000000e+01,1.560000000000e+01,4.286482083915e+00
1.800000000000e+01,1.580000000000e+01,4.254542687413e+00
1.800000000000e+01,1.600000000000e+01,4.223311148540e+00
1.820000000000e+01,3.000000000000e+00,inf
1.820000000000e+01,3.200000000000e+00,inf
1.820000000000e+01,3.400000000000e+00,inf
1.820000000000e+01,3.600000000000e+00,inf
1.820000000000e+01,3.800000000000e+00,inf
1.820000000000e+01,4.000000000000e+00,inf
1.820000000000e+01,4.200000000000e+00,inf
1.820000000000e+01,4.400000000000e+00,inf
1.820000000000e+01,4.600000000000e+00,inf
1.820000000000e+01,4.800000000000e+00,inf
1.820000000000e+01,5.000000000000e+00,inf
1.820000000000e+01,5.200000000000e+00,inf
1.820000000000e+01,5.400000000000e+00,inf
1.820000000000e+01,5.600000000000e+00,inf
1.820000000000e+01,5.800000000000e+00,inf
1.820000000000e+01,6.000000000000e+00,1.307671382250e+01
1.820000000000e+01,6.200000000000e+00,1.195688278719e+01
1.820000000000e+01,6.400000000000e+00,1.104724352067e+01
1.820000000000e+01,6.600000000000e+00,1.029794570198e+01
1.820000000000e+01,6.800000000000e+00,9.672207377998e+00
1.820000000000e+01,7.000000000000e+00,9.143424926011e+00
1.820000000000e+01,7.200000000000e+00,8.692377020693e+00
1.820000000000e+01,7.400000000000e+00,8.303878056703e+00
1.820000000000e+01,7.600000000000e+00,7.966253614137e+00
1.820000000000e+01,7.800000000000e+00,7.669993480594e+00
1.820000000000e+01,8.000000000000e+00,7.408049111950e+00
1.820000000000e+01,8.200000000000e+00,7.175150022692e+00
1.820000000000e+01,8.400000000000e+00,6.966728665427e+00
1.820000000000e+01,8.600000000000e+00,6.779087418800e+00
1.820000000000e+01,8.800000000000e+00,6.609207796337e+00
1.820000000000e+01,9.000000000000e+00,6.454606398479e+00
1.820000000000e+01,9.200000000000e+00,6.312854992335e+00
1.820000000000e+01,9.400000000000e+00,6.182500592201e+00
1.820000000000e+01,9.600000000000e+00,6.062238890296e+00
1.820000000000e+01,9.800000000000e+00,5.950847679202e+00
1.820000000000e+01,1.000000000000e+01,5.847288520538e+00
1.820000000000e+01,1.020000000000e+01,5.750674419805e+00
1.820000000000e+01,1.040000000000e+01,5.660243948216e+00
1.820000000000e+01,1.060000000000e+01,5.575340386133e+00
1.820000000000e+01,1.080000000000e+01,5.495394806199e+00
1.820000000000e+01,1.100000000000e+01,5.419912268663e+00
1.820000000000e+01,1.120000000000e+01,5.348194629889e+00
1.820000000000e+01,1.140000000000e+01,5.280103443094e+00
1.820000000000e+01,1.160000000000e+01,5.215344516881e+00
1.820000000000e+01,1.180000000000e+01,5.153622460117e+00
1.820000000000e+01,1.200000000000e+01,5.094675668124e+00
1.820000000000e+01,1.220000000000e+01,5.038271750119e+00
1.820000000000e+01,1.240000000000e+01,4.984203665635e+00
1.820000000000e+01,1.260000000000e+01,4.932286446620e+00
1.820000000000e+01,1.280000000000e+01,4.882354405588e+00
1.820000000000e+01,1.300000000000e+01,4.834258748878e+00
1.820000000000e+01,1.320000000000e+01,4.787865528971e+00
1.820000000000e+01,1.340000000000e+01,4.743053881708e+00
1.820000000000e+01,1.360000000000e+01,4.699714503840e+00
1.820000000000e+01,1.380000000000e+01,4.657748334033e+00
1.820000000000e+01,1.400000000000e+01,4.617065406727e+00
1.820000000000e+01,1.420000000000e+01,4.577530016638e+00
1.820000000000e+01,1.440000000000e+01,4.539006438342e+00
1.820000000000e+01,1.460000000000e+01,4.501547271384e+00
1.820000000000e+01,1.480000000000e+01,4.465089830060e+00
1.820000000000e+01,1.500000000000e+01,4.429576646490e+00
1.820000000000e+01,1.520000000000e+01,4.394954946670e+00
1.820000000000e+01,1.540000000000e+01,4.361176187026e+00
1.820000000000e+01,1.560000000000e+01,4.328195643617e+00
1.820000000000e+01,1.580000000000e+01,4.295972047227e+00
1.820000000000e+01,1.600000000000e+01,4.264467258589e+00
1.840000000000e+01,3.000000000000e+00,inf
1.840000000000e+01,3.200000000000e+00,inf
1.840000000000e+01,3.400000000000e+00,inf
1.840000000000e+01,3.600000000000e+00,inf
1.840000000000e+01,3.800000000000e+00,inf
1.840000000000e+01,4.000000000000e+00,inf
1.840000000000e+01,4.200000000000e+00,inf
1.840000000000e+01,4.400000000000e+00,inf
1.840000000000e+01,4.600000000000e+00,inf
1.840000000000e+01,4.800000000000e+00,inf
1.840000000000e+01,5.000000000000e+00,inf
1.840000000000e+01,5.200000000000e+00,inf
1.840000000000e+01,5.400000000000e+00,inf
1.840000000000e+01,5.600000000000e+00,inf
1.840000000000e+01,5.800000000000e+00,inf
1.840000000000e+01,6.000000000000e+00,1.336062657793e+01
1.840000000000e+01,6.200000000000e+00,1.219951959306e+01
1.840000000000e+01,6.400000000000e+00,1.125764142205e+01
1.840000000000e+01,6.600000000000e+00,1.048278774142e+01
1.840000000000e+01,6.800000000000e+00,9.836508041085e+00
1.840000000000e+01,7.000000000000e+00,9.291009266234e+00
1.840000000000e+01,7.200000000000e+00,8.826213786327e+00
1.840000000000e+01,7.400000000000e+00,8.426291847694e+00
1.840000000000e+01,7.600000000000e+00,8.079085775237e+00
1.840000000000e+01,7.800000000000e+00,7.774713321390e+00
1.840000000000e+01,8.000000000000e+00,7.505845051604e+00
1.840000000000e+01,8.200000000000e+00,7.266996547197e+00
1.840000000000e+01,8.400000000000e+00,7.053427934422e+00
1.840000000000e+01,8.600000000000e+00,6.861305072171e+00
1.840000000000e+01,8.800000000000e+00,6.687500348494e+00
1.840000000000e+01,9.000000000000e+00,6.529442397803e+00
1.840000000000e+01,9.200000000000e+00,6.384628002350e+00
1.840000000000e+01,9.400000000000e+00,6.251548391877e+00
1.840000000000e+01,9.600000000000e+00,6.128852303288e+00
1.840000000000e+01,9.800000000000e+00,6.015277415759e+00
1.840000000000e+01,1.000000000000e+01,5.909751792496e+00
1.840000000000e+01,1.020000000000e+01,5.811360298432e+00
1.840000000000e+01,1.040000000000e+01,5.719317732439e+00
1.840000000000e+01,1.060000000000e+01,5.632947186239e+00
1.840000000000e+01,1.080000000000e+01,5.551662501406e+00
1.840000000000e+01,1.100000000000e+01,5.474953961795e+00
1.840000000000e+01,1.120000000000e+01,5.402108443950e+00
1.840000000000e+01,1.140000000000e+01,5.332978773486e+00
1.840000000000e+01,1.160000000000e+01,5.267261317211e+00
1.840000000000e+01,1.180000000000e+01,5.204652329408e+00
1.840000000000e+01,1.200000000000e+01,5.144882895995e+00
1.840000000000e+01,1.220000000000e+01,5.087714209419e+00
1.840000000000e+01,1.240000000000e+01,5.032933577864e+00
1.840000000000e+01,1.260000000000e+01,4.980351040799e+00
1.840000000000e+01,1.280000000000e+01,4.929796487494e+00
1.840000000000e+01,1.300000000000e+01,4.881117194552e+00
1.840000000000e+01,1.320000000000e+01,4.834175714018e+00
1.840000000000e+01,1.340000000000e+01,4.788848055934e+00
1.840000000000e+01,1.360000000000e+01,4.745022119182e+00
1.840000000000e+01,1.380000000000e+01,4.702596332450e+00
1.840000000000e+01,1.400000000000e+01,4.661478473640e+00
1.840000000000e+01,1.420000000000e+01,4.621530205828e+00
1.840000000000e+01,1.440000000000e+01,4.582613969644e+00
1.840000000000e+01,1.460000000000e+01,4.544781346940e+00
1.840000000000e+01,1.480000000000e+01,4.507968145550e+00
1.840000000000e+01,1.500000000000e+01,4.472115530680e+00
1.840000000000e+01,1.520000000000e+01,4.437169486034e+00
1.840000000000e+01,1.540000000000e+01,4.403080337284e+00
1.840000000000e+01,1.560000000000e+01,4.369802329741e+00
1.840000000000e+01,1.580000000000e+01,4.337293253295e+00
1.840000000000e+01,1.600000000000e+01,4.305514108651e+00
1.860000000000e+01,3.000000000000e+00,inf
1.860000000000e+01,3.200000000000e+00,inf
1.860000000000e+01,3.400000000000e+00,inf
1.860000000000e+01,3.600000000000e+00,inf
1.860000000000e+01,3.800000000000e+00,inf
1.860000000000e+01,4.000000000000e+00,inf
1.860000000000e+01,4.200000000000e+00,inf
1.860000000000e+01,4.400000000000e+00,inf
1.860000000000e+01,4.600000000000e+00,inf
1.860000000000e+01,4.800000000000e+00,inf
1.860000000000e+01,5.000000000000e+00,inf
1.860000000000e+01,5.200000000000e+00,inf
1.860000000000e+01,5.400000000000e+00,inf
1.860000000000e+01,5.600000000000e+00,inf
1.860000000000e+01,5.800000000000e+00,inf
1.860000000000e+01,6.000000000000e+00,1.365078591568e+01
1.860000000000e+01,6.200000000000e+00,1.244707143430e+01
1.860000000000e+01,6.400000000000e+00,1.147195701537e+01
1.860000000000e+01,6.600000000000e+00,1.067078819225e+01
1.860000000000e+01,6.800000000000e+00,1.000338041386e+01
1.860000000000e+01,7.000000000000e+00,9.440705919936e+00
1.860000000000e+01,7.200000000000e+00,8.961798923630e+00
1.860000000000e+01,7.400000000000e+00,8.550162457257e+00
1.860000000000e+01,7.600000000000e+00,8.193138770882e+00
1.860000000000e+01,7.800000000000e+00,7.880461105281e+00
1.860000000000e+01,8.000000000000e+00,7.604509853076e+00
1.860000000000e+01,8.200000000000e+00,7.359579693402e+00
1.860000000000e+01,8.400000000000e+00,7.140753044443e+00
1.860000000000e+01,8.600000000000e+00,6.944055092479e+00
1.860000000000e+01,8.800000000000e+00,6.766245866020e+00
1.860000000000e+01,9.000000000000e+00,6.604663493021e+00
1.860000000000e+01,9.200000000000e+00,6.456727748861e+00
1.860000000000e+01,9.400000000000e+00,6.320872474729e+00
1.860000000000e+01,9.600000000000e+00,6.195698176213e+00
1.860000000000e+01,9.800000000000e+00,6.079901371943e+00
1.860000000000e+01,1.000000000000e+01,5.972375773114e+00
1.860000000000e+01,1.020000000000e+01,5.872177403796e+00
1.860000000000e+01,1.040000000000e+01,5.778496712460e+00
1.860000000000e+01,1.060000000000e+01,5.690636122228e+00
1.860000000000e+01,1.080000000000e+01,5.607991842868e+00
1.860000000000e+01,1.100000000000e+01,5.530039045438e+00
1.860000000000e+01,1.120000000000e+01,5.456049349466e+00
1.860000000000e+01,1.140000000000e+01,5.385866600135e+00
1.860000000000e+01,1.160000000000e+01,5.319177524508e+00
1.860000000000e+01,1.180000000000e+01,5.255669846546e+00
1.860000000000e+01,1.200000000000e+01,5.195067191716e+00
1.860000000000e+01,1.220000000000e+01,5.137124205320e+00
1.860000000000e+01,1.240000000000e+01,5.081622431211e+00
1.860000000000e+01,1.260000000000e+01,5.028366818091e+00
1.860000000000e+01,1.280000000000e+01,4.977182746152e+00
1.860000000000e+01,1.300000000000e+01,4.927913487050e+00
1.860000000000e+01,1.320000000000e+01,4.880418026252e+00
1.860000000000e+01,1.340000000000e+01,4.834569189643e+00
1.860000000000e+01,1.360000000000e+01,4.790252026586e+00
1.860000000000e+01,1.380000000000e+01,4.747362409934e+00
1.860000000000e+01,1.400000000000e+01,4.705805820222e+00
1.860000000000e+01,1.420000000000e+01,4.665441258081e+00
1.860000000000e+01,1.440000000000e+01,4.626129291477e+00
1.860000000000e+01,1.460000000000e+01,4.587920455910e+00
1.860000000000e+01,1.480000000000e+01,4.550749026336e+00
1.860000000000e+01,1.500000000000e+01,4.514554777211e+00
1.860000000000e+01,1.520000000000e+01,4.479282428402e+00
1.860000000000e+01,1.540000000000e+01,4.444881155295e+00
1.860000000000e+01,1.560000000000e+01,4.411304154725e+00
1.860000000000e+01,1.580000000000e+01,4.378508259550e+00
1.860000000000e+01,1.600000000000e+01,4.346453595737e+00
1.880000000000e+01,3.000000000000e+00,inf
1.880000000000e+01,3.200000000000e+00,inf
1.880000000000e+01,3.400000000000e+00,inf
1.880000000000e+01,3.600000000000e+00,inf
1.880000000000e+01,3.800000000000e+00,inf
1.880000000000e+01,4.000000000000e+00,inf
1.880000000000e+01,4.200000000000e+00,inf
1.880000000000e+01,4.400000000000e+00,inf
1.880000000000e+01,4.600000000000e+00,inf
1.880000000000e+01,4.800000000000e+00,inf
1.880000000000e+01,5.000000000000e+00,inf
1.880000000000e+01,5.200000000000e+00,inf
1.880000000000e+01,5.400000000000e+00,inf
1.880000000000e+01,5.600000000000e+00,inf
1.880000000000e+01,5.800000000000e+00,inf
1.880000000000e+01,6.000000000000e+00,1.394734452011e+01
1.880000000000e+01,6.200000000000e+00,1.269965347291e+01
1.880000000000e+01,6.400000000000e+00,1.169027872493e+01
1.880000000000e+01,6.600000000000e+00,1.086201605202e+01
1.880000000000e+01,6.800000000000e+00,1.017287913427e+01
1.880000000000e+01,7.000000000000e+00,9.592558752459e+00
1.880000000000e+01,7.200000000000e+00,9.099168111837e+00
1.880000000000e+01,7.400000000000e+00,8.675519269884e+00
1.880000000000e+01,7.600000000000e+00,8.308437092663e+00
1.880000000000e+01,7.800000000000e+00,7.987257481068e+00
1.880000000000e+01,8.000000000000e+00,7.704061119532e+00
1.880000000000e+01,8.200000000000e+00,7.452914629806e+00
1.880000000000e+01,8.400000000000e+00,7.228717201283e+00
1.880000000000e+01,8.600000000000e+00,7.027349090441e+00
1.880000000000e+01,8.800000000000e+00,6.845454653134e+00
1.880000000000e+01,9.000000000000e+00,6.680278910031e+00
1.880000000000e+01,9.200000000000e+00,6.529162560287e+00
1.880000000000e+01,9.400000000000e+00,6.390480417487e+00
1.880000000000e+01,9.600000000000e+00,6.262783451535e+00
1.880000000000e+01,9.800000000000e+00,6.144725951157e+00
1.880000000000e+01,1.000000000000e+01,6.035166404353e+00
1.880000000000e+01,1.020000000000e+01,5.933131280030e+00
1.880000000000e+01,1.040000000000e+01,5.837786086988e+00
1.880000000000e+01,1.060000000000e+01,5.748412090766e+00
1.880000000000e+01,1.080000000000e+01,5.664387461283e+00
1.880000000000e+01,1.100000000000e+01,5.585171914470e+00
1.880000000000e+01,1.120000000000e+01,5.510021530308e+00
1.880000000000e+01,1.140000000000e+01,5.438770917421e+00
1.880000000000e+01,1.160000000000e+01,5.371096961726e+00
1.880000000000e+01,1.180000000000e+01,5.306678678428e+00
1.880000000000e+01,1.200000000000e+01,5.245232079250e+00
1.880000000000e+01,1.220000000000e+01,5.186505130108e+00
1.880000000000e+01,1.240000000000e+01,5.130273495986e+00
1.880000000000e+01,1.260000000000e+01,5.076336935223e+00
1.880000000000e+01,1.280000000000e+01,5.024516232010e+00
1.880000000000e+01,1.300000000000e+01,4.974650576917e+00
1.880000000000e+01,1.320000000000e+01,4.926595321911e+00
1.880000000000e+01,1.340000000000e+01,4.880220049708e+00
1.880000000000e+01,1.360000000000e+01,4.835406907940e+00
1.880000000000e+01,1.380000000000e+01,4.792049167289e+00
1.880000000000e+01,1.400000000000e+01,4.750049969689e+00
1.880000000000e+01,1.420000000000e+01,4.709265622060e+00
1.880000000000e+01,1.440000000000e+01,4.669554780741e+00
1.880000000000e+01,1.460000000000e+01,4.630966906034e+00
1.880000000000e+01,1.480000000000e+01,4.593434713377e+00
1.880000000000e+01,1.500000000000e+01,4.556896562455e+00
1.880000000000e+01,1.520000000000e+01,4.521295887582e+00
1.880000000000e+01,1.540000000000e+01,4.486580694188e+00
1.880000000000e+01,1.560000000000e+01,4.452703112774e+00
1.880000000000e+01,1.580000000000e+01,4.419619002922e+00
1.880000000000e+01,1.600000000000e+01,4.387287601055e+00
1.900000000000e+01,3.000000000000e+00,inf
1.900000000000e+01,3.200000000000e+00,inf
1.900000000000e+01,3.400000000000e+00,inf
1.900000000000e+01,3.600000000000e+00,inf
1.900000000000e+01,3.800000000000e+00,inf
1.900000000000e+01,4.000000000000e+00,inf
1.900000000000e+01,4.200000000000e+00,inf
1.900000000000e+01,4.400000000000e+00,inf
1.900000000000e+01,4.600000000000e+00,inf
1.900000000000e+01,4.800000000000e+00,inf
1.900000000000e+01,5.000000000000e+00,inf
1.900000000000e+01,5.200000000000e+00,inf
1.900000000000e+01,5.400000000000e+00,inf
1.900000000000e+01,5.600000000000e+00,inf
1.900000000000e+01,5.800000000000e+00,inf
1.900000000000e+01,6.000000000000e+00,1.425045823492e+01
1.900000000000e+01,6.200000000000e+00,1.295738306663e+01
1.900000000000e+01,6.400000000000e+00,1.191269652966e+01
1.900000000000e+01,6.600000000000e+00,1.105654143540e+01
1.900000000000e+01,6.800000000000e+00,1.034505965163e+01
1.900000000000e+01,7.000000000000e+00,9.746612222413e+00
1.900000000000e+01,7.200000000000e+00,9.238357465138e+00
1.900000000000e+01,7.400000000000e+00,8.802391988359e+00
1.900000000000e+01,7.600000000000e+00,8.425005463405e+00
1.900000000000e+01,7.800000000000e+00,8.095123263158e+00
1.900000000000e+01,8.000000000000e+00,7.804516569814e+00
1.900000000000e+01,8.200000000000e+00,7.547016602356e+00
1.900000000000e+01,8.400000000000e+00,7.317333658764e+00
1.900000000000e+01,8.600000000000e+00,7.111198702071e+00
1.900000000000e+01,8.800000000000e+00,6.925137021750e+00
1.900000000000e+01,9.000000000000e+00,6.756297868795e+00
1.900000000000e+01,9.200000000000e+00,6.601940748584e+00
1.900000000000e+01,9.400000000000e+00,6.460379772308e+00
1.900000000000e+01,9.600000000000e+00,6.330115040945e+00
1.900000000000e+01,9.800000000000e+00,6.209757521346e+00
1.900000000000e+01,1.000000000000e+01,6.098129589246e+00
1.900000000000e+01,1.020000000000e+01,5.994227429838e+00
1.900000000000e+01,1.040000000000e+01,5.897191011582e+00
1.900000000000e+01,1.060000000000e+01,5.806279944275e+00
1.900000000000e+01,1.080000000000e+01,5.720853942523e+00
1.900000000000e+01,1.100000000000e+01,5.640356918767e+00
1.900000000000e+01,1.120000000000e+01,5.564029125525e+00
1.900000000000e+01,1.140000000000e+01,5.491695675334e+00
1.900000000000e+01,1.160000000000e+01,5.423023408094e+00
1.900000000000e+01,1.180000000000e+01,5.357682449061e+00
1.900000000000e+01,1.200000000000e+01,5.295381040646e+00
1.900000000000e+01,1.220000000000e+01,5.235860335247e+00
1.900000000000e+01,1.240000000000e+01,5.178890002856e+00
1.900000000000e+01,1.260000000000e+01,5.124264510529e+00
1.900000000000e+01,1.280000000000e+01,5.071799958421e+00
1.900000000000e+01,1.300000000000e+01,5.021331378939e+00
1.900000000000e+01,1.320000000000e+01,4.972710422843e+00
1.900000000000e+01,1.340000000000e+01,4.925803369990e+00
1.900000000000e+01,1.360000000000e+01,4.880489413504e+00
1.900000000000e+01,1.380000000000e+01,4.836659175084e+00
1.900000000000e+01,1.400000000000e+01,4.794213416406e+00
1.900000000000e+01,1.420000000000e+01,4.753005718945e+00
1.900000000000e+01,1.440000000000e+01,4.712892788219e+00
1.900000000000e+01,1.460000000000e+01,4.673922980282e+00
1.900000000000e+01,1.480000000000e+01,4.636027424191e+00
1.900000000000e+01,1.500000000000e+01,4.599143040643e+00
1.900000000000e+01,1.520000000000e+01,4.563211956519e+00
1.900000000000e+01,1.540000000000e+01,4.528180987480e+00
1.900000000000e+01,1.560000000000e+01,4.494001179705e+00
1.900000000000e+01,1.580000000000e+01,4.460627403148e+00
1.900000000000e+01,1.600000000000e+01,4.428017989786e+00
1.920000000000e+01,3.000000000000e+00,inf
1.920000000000e+01,3.200000000000e+00,inf
1.920000000000e+01,3.400000000000e+00,inf
1.920000000000e+01,3.600000000000e+00,inf
1.920000000000e+01,3.800000000000e+00,inf
1.920000000000e+01,4.000000000000e+00,inf
1.920000000000e+01,4.200000000000e+00,inf
1.920000000000e+01,4.400000000000e+00,inf
1.920000000000e+01,4.600000000000e+00,inf
1.920000000000e+01,4.800000000000e+00,inf
1.920000000000e+01,5.000000000000e+00,inf
1.920000000000e+01,5.200000000000e+00,inf
1.920000000000e+01,5.400000000000e+00,inf
1.920000000000e+01,5.600000000000e+00,inf
1.920000000000e+01,5.800000000000e+00,inf
1.920000000000e+01,6.000000000000e+00,1.456028613665e+01
1.920000000000e+01,6.200000000000e+00,1.322037981680e+01
1.920000000000e+01,6.400000000000e+00,1.213930199547e+01
1.920000000000e+01,6.600000000000e+00,1.125443559677e+01
1.920000000000e+01,6.800000000000e+00,1.051997824310e+01
1.920000000000e+01,7.000000000000e+00,9.902911394133e+00
1.920000000000e+01,7.200000000000e+00,9.379403542435e+00
1.920000000000e+01,7.400000000000e+00,8.930810641648e+00
1.920000000000e+01,7.600000000000e+00,8.542868843725e+00
1.920000000000e+01,7.800000000000e+00,8.204079437132e+00
1.920000000000e+01,8.000000000000e+00,7.905894043271e+00
1.920000000000e+01,8.200000000000e+00,7.641900938706e+00
1.920000000000e+01,8.400000000000e+00,7.406615722536e+00
1.920000000000e+01,8.600000000000e+00,7.195615592104e+00
1.920000000000e+01,8.800000000000e+00,7.005303294598e+00
1.920000000000e+01,9.000000000000e+00,6.832729586193e+00
1.920000000000e+01,9.200000000000e+00,6.675070611873e+00
1.920000000000e+01,9.400000000000e+00,6.530578069196e+00
1.920000000000e+01,9.600000000000e+00,6.397699827603e+00
1.920000000000e+01,9.800000000000e+00,6.275002417086e+00
1.920000000000e+01,1.000000000000e+01,6.161271193832e+00
1.920000000000e+01,1.020000000000e+01,6.055471316293e+00
1.920000000000e+01,1.040000000000e+01,5.956716600319e+00
1.920000000000e+01,1.060000000000e+01,5.864244492483e+00
1.920000000000e+01,1.080000000000e+01,5.777395829070e+00
1.920000000000e+01,1.100000000000e+01,5.695598364539e+00
1.920000000000e+01,1.120000000000e+01,5.618076230570e+00
1.920000000000e+01,1.140000000000e+01,5.544644780619e+00
1.920000000000e+01,1.160000000000e+01,5.474960600158e+00
1.920000000000e+01,1.180000000000e+01,5.408684740518e+00
1.920000000000e+01,1.200000000000e+01,5.345517516916e+00
1.920000000000e+01,1.220000000000e+01,5.285193132173e+00
1.920000000000e+01,1.240000000000e+01,5.227475143563e+00
1.920000000000e+01,1.260000000000e+01,5.172152624592e+00
1.920000000000e+01,1.280000000000e+01,5.119036902215e+00
1.920000000000e+01,1.300000000000e+01,5.067958772654e+00
1.920000000000e+01,1.320000000000e+01,5.018766116942e+00
1.920000000000e+01,1.340000000000e+01,4.971321851716e+00
1.920000000000e+01,1.360000000000e+01,4.925502162237e+00
1.920000000000e+01,1.380000000000e+01,4.881194973913e+00
1.920000000000e+01,1.400000000000e+01,4.838298626094e+00
1.920000000000e+01,1.420000000000e+01,4.796663942603e+00
1.920000000000e+01,1.440000000000e+01,4.756145638695e+00
1.920000000000e+01,1.460000000000e+01,4.716790936923e+00
1.920000000000e+01,1.480000000000e+01,4.678529352874e+00
1.920000000000e+01,1.500000000000e+01,4.641296343848e+00
1.920000000000e+01,1.520000000000e+01,4.605032707240e+00
1.920000000000e+01,1.540000000000e+01,4.569684048979e+00
1.920000000000e+01,1.560000000000e+01,4.535200312815e+00
1.920000000000e+01,1.580000000000e+01,4.501535362607e+00
1.920000000000e+01,1.600000000000e+01,4.468646610884e+00
1.940000000000e+01,3.000000000000e+00,inf
1.940000000000e+01,3.200000000000e+00,inf
1.940000000000e+01,3.400000000000e+00,inf
1.940000000000e+01,3.600000000000e+00,inf
1.940000000000e+01,3.800000000000e+00,inf
1.940000000000e+01,4.000000000000e+00,inf
1.940000000000e+01,4.200000000000e+00,inf
1.940000000000e+01,4.400000000000e+00,inf
1.940000000000e+01,4.600000000000e+00,inf
1.940000000000e+01,4.800000000000e+00,inf
1.940000000000e+01,5.000000000000e+00,inf
1.940000000000e+01,5.200000000000e+00,inf
1.940000000000e+01,5.400000000000e+00,inf
1.940000000000e+01,5.600000000000e+00,inf
1.940000000000e+01,5.800000000000e+00,inf
1.940000000000e+01,6.000000000000e+00,1.487699060975e+01
1.940000000000e+01,6.200000000000e+00,1.348876561716e+01
1.940000000000e+01,6.400000000000e+00,1.237018830798e+01
1.940000000000e+01,6.600000000000e+00,1.145577095308e+01
1.940000000000e+01,6.800000000000e+00,1.069769203020e+01
1.940000000000e+01,7.000000000000e+00,1.006150195014e+01
1.940000000000e+01,7.200000000000e+00,9.522343357066e+00
1.940000000000e+01,7.400000000000e+00,9.060805592732e+00
1.940000000000e+01,7.600000000000e+00,8.662052438518e+00
1.940000000000e+01,7.800000000000e+00,8.314147165249e+00
1.940000000000e+01,8.000000000000e+00,8.008211504513e+00
1.940000000000e+01,8.200000000000e+00,7.737583052394e+00
1.940000000000e+01,8.400000000000e+00,7.496576753795e+00
1.940000000000e+01,8.600000000000e+00,7.280611457352e+00
1.940000000000e+01,8.800000000000e+00,7.085963808264e+00
1.940000000000e+01,9.000000000000e+00,6.909583278805e+00
1.940000000000e+01,9.200000000000e+00,6.748560436998e+00
1.940000000000e+01,9.400000000000e+00,6.601082818374e+00
1.940000000000e+01,9.600000000000e+00,6.465544668336e+00
1.940000000000e+01,9.800000000000e+00,6.340466941616e+00
1.940000000000e+01,1.000000000000e+01,6.224597049054e+00
1.940000000000e+01,1.020000000000e+01,6.116868364599e+00
1.940000000000e+01,1.040000000000e+01,6.016367927437e+00
1.940000000000e+01,1.060000000000e+01,5.922310503950e+00
1.940000000000e+01,1.080000000000e+01,5.834017621432e+00
1.940000000000e+01,1.100000000000e+01,5.750900515643e+00
1.940000000000e+01,1.120000000000e+01,5.672166898516e+00
1.940000000000e+01,1.140000000000e+01,5.597622097891e+00
1.940000000000e+01,1.160000000000e+01,5.526912232817e+00
1.940000000000e+01,1.180000000000e+01,5.459689093890e+00
1.940000000000e+01,1.200000000000e+01,5.395644908903e+00
1.940000000000e+01,1.220000000000e+01,5.334506793089e+00
1.940000000000e+01,1.240000000000e+01,5.276032071642e+00
1.940000000000e+01,1.260000000000e+01,5.220004320892e+00
1.940000000000e+01,1.280000000000e+01,5.166230004284e+00
1.940000000000e+01,1.300000000000e+01,5.114535602862e+00
1.940000000000e+01,1.320000000000e+01,5.064765158605e+00
1.940000000000e+01,1.340000000000e+01,5.016778163877e+00
1.940000000000e+01,1.360000000000e+01,4.970447742133e+00
1.940000000000e+01,1.380000000000e+01,4.925659074687e+00
1.940000000000e+01,1.400000000000e+01,4.882308036071e+00
1.940000000000e+01,1.420000000000e+01,4.840242659767e+00
1.940000000000e+01,1.440000000000e+01,4.799315631089e+00
1.940000000000e+01,1.460000000000e+01,4.759573009619e+00
1.940000000000e+01,1.480000000000e+01,4.720942670157e+00
1.940000000000e+01,1.500000000000e+01,4.683358581994e+00
1.940000000000e+01,1.520000000000e+01,4.646760190822e+00
1.940000000000e+01,1.540000000000e+01,4.611091872727e+00
1.940000000000e+01,1.560000000000e+01,4.576302450788e+00
1.940000000000e+01,1.580000000000e+01,4.542344766191e+00
1.940000000000e+01,1.600000000000e+01,4.509175296920e+00
1.960000000000e+01,3.000000000000e+00,inf
1.960000000000e+01,3.200000000000e+00,inf
1.960000000000e+01,3.400000000000e+00,inf
1.960000000000e+01,3.600000000000e+00,inf
1.960000000000e+01,3.800000000000e+00,inf
1.960000000000e+01,4.000000000000e+00,inf
1.960000000000e+01,4.200000000000e+00,inf
1.960000000000e+01,4.400000000000e+00,inf
1.960000000000e+01,4.600000000000e+00,inf
1.960000000000e+01,4.800000000000e+00,inf
1.960000000000e+01,5.000000000000e+00,inf
1.960000000000e+01,5.200000000000e+00,inf
1.960000000000e+01,5.400000000000e+00,inf
1.960000000000e+01,5.600000000000e+00,inf
1.960000000000e+01,5.800000000000e+00,inf
1.960000000000e+01,6.000000000000e+00,1.520073742360e+01
1.960000000000e+01,6.200000000000e+00,1.376266470375e+01
1.960000000000e+01,6.400000000000e+00,1.260545030593e+01
1.960000000000e+01,6.600000000000e+00,1.166062110703e+01
1.960000000000e+01,6.800000000000e+00,1.087825899559e+01
1.960000000000e+01,7.000000000000e+00,1.022243020366e+01
1.960000000000e+01,7.200000000000e+00,9.667214386513e+00
1.960000000000e+01,7.400000000000e+00,9.192407546389e+00
1.960000000000e+01,7.600000000000e+00,8.782581703376e+00
1.960000000000e+01,7.800000000000e+00,8.425347791866e+00
1.960000000000e+01,8.000000000000e+00,8.111487048091e+00
1.960000000000e+01,8.200000000000e+00,7.834078446946e+00
1.960000000000e+01,8.400000000000e+00,7.587230172937e+00
1.960000000000e+01,8.600000000000e+00,7.366198029986e+00
1.960000000000e+01,8.800000000000e+00,7.167128916177e+00
1.960000000000e+01,9.000000000000e+00,6.986868165648e+00
1.960000000000e+01,9.200000000000e+00,6.822418502044e+00
1.960000000000e+01,9.400000000000e+00,6.671901512602e+00
1.960000000000e+01,9.600000000000e+00,6.533656395784e+00
1.960000000000e+01,9.800000000000e+00,6.406157368835e+00
1.960000000000e+01,1.000000000000e+01,6.288112952615e+00
1.960000000000e+01,1.020000000000e+01,6.178423963821e+00
1.960000000000e+01,1.040000000000e+01,6.076150028944e+00
1.960000000000e+01,1.060000000000e+01,5.980482707569e+00
1.960000000000e+01,1.080000000000e+01,5.890723779542e+00
1.960000000000e+01,1.100000000000e+01,5.806267594878e+00
1.960000000000e+01,1.120000000000e+01,5.726305141264e+00
1.960000000000e+01,1.140000000000e+01,5.650631450755e+00
1.960000000000e+01,1.160000000000e+01,5.578881960353e+00
1.960000000000e+01,1.180000000000e+01,5.510699010232e+00
1.960000000000e+01,1.200000000000e+01,5.445766578150e+00
1.960000000000e+01,1.220000000000e+01,5.383804551752e+00
1.960000000000e+01,1.240000000000e+01,5.324563903143e+00
1.960000000000e+01,1.260000000000e+01,5.267822606462e+00
1.960000000000e+01,1.280000000000e+01,5.213382170167e+00
1.960000000000e+01,1.300000000000e+01,5.161064680155e+00
1.960000000000e+01,1.320000000000e+01,5.110710269200e+00
1.960000000000e+01,1.340000000000e+01,5.062174943634e+00
1.960000000000e+01,1.360000000000e+01,5.015328710575e+00
1.960000000000e+01,1.380000000000e+01,4.970053958932e+00
1.960000000000e+01,1.400000000000e+01,4.926244055498e+00
1.960000000000e+01,1.420000000000e+01,4.883744210243e+00
1.960000000000e+01,1.440000000000e+01,4.842405038615e+00
1.960000000000e+01,1.460000000000e+01,4.802271407539e+00
1.960000000000e+01,1.480000000000e+01,4.763269523473e+00
1.960000000000e+01,1.500000000000e+01,4.725331842894e+00
1.960000000000e+01,1.520000000000e+01,4.688396437393e+00
1.960000000000e+01,1.540000000000e+01,4.652406432954e+00
1.960000000000e+01,1.560000000000e+01,4.617309513615e+00
1.960000000000e+01,1.580000000000e+01,4.583057481197e+00
1.960000000000e+01,1.600000000000e+01,4.549605863944e+00
1.980000000000e+01,3.000000000000e+00,inf
1.980000000000e+01,3.200000000000e+00,inf
1.980000000000e+01,3.400000000000e+00,inf
1.980000000000e+01,3.600000000000e+00,inf
1.980000000000e+01,3.800000000000e+00,inf
1.980000000000e+01,4.000000000000e+00,inf
1.980000000000e+01,4.200000000000e+00,inf
1.980000000000e+01,4.400000000000e+00,inf
1.980000000000e+01,4.600000000000e+00,inf
1.980000000000e+01,4.800000000000e+00,inf
1.980000000000e+01,5.000000000000e+00,inf
1.980000000000e+01,5.200000000000e+00,inf
1.980000000000e+01,5.400000000000e+00,inf
1.980000000000e+01,5.600000000000e+00,inf
1.980000000000e+01,5.800000000000e+00,inf
1.980000000000e+01,6.000000000000e+00,inf
1.980000000000e+01,6.200000000000e+00,1.404220370577e+01
1.980000000000e+01,6.400000000000e+00,1.284518451515e+01
1.980000000000e+01,6.600000000000e+00,1.186906087050e+01
1.980000000000e+01,6.800000000000e+00,1.106173799982e+01
1.980000000000e+01,7.000000000000e+00,1.038574311115e+01
1.980000000000e+01,7.200000000000e+00,9.814054582095e+00
1.980000000000e+01,7.400000000000e+00,9.325647556933e+00
1.980000000000e+01,7.600000000000e+00,8.904482350947e+00
1.980000000000e+01,7.800000000000e+00,8.537702848797e+00
1.980000000000e+01,8.000000000000e+00,8.215738903098e+00
1.980000000000e+01,8.200000000000e+00,7.931402719906e+00
1.980000000000e+01,8.400000000000e+00,7.678589463135e+00
1.980000000000e+01,8.600000000000e+00,7.452387080753e+00
1.980000000000e+01,8.800000000000e+00,7.248808991524e+00
1.980000000000e+01,9.000000000000e+00,7.064593470834e+00
1.980000000000e+01,9.200000000000e+00,6.896653078779e+00
1.980000000000e+01,9.400000000000e+00,6.743041629442e+00
1.980000000000e+01,9.600000000000e+00,6.602041820505e+00
1.980000000000e+01,9.800000000000e+00,6.472079945260e+00
1.980000000000e+01,1.000000000000e+01,6.351824670795e+00
1.980000000000e+01,1.020000000000e+01,6.240143468582e+00
1.980000000000e+01,1.040000000000e+01,6.136067904197e+00
1.980000000000e+01,1.060000000000e+01,6.038765794037e+00
1.980000000000e+01,1.080000000000e+01,5.947518724126e+00
1.980000000000e+01,1.100000000000e+01,5.861703785263e+00
1.980000000000e+01,1.120000000000e+01,5.780494930725e+00
1.980000000000e+01,1.140000000000e+01,5.703676622901e+00
1.980000000000e+01,1.160000000000e+01,5.630873397446e+00
1.980000000000e+01,1.180000000000e+01,5.561717951504e+00
1.980000000000e+01,1.200000000000e+01,5.495885847762e+00
1.980000000000e+01,1.220000000000e+01,5.433089604272e+00
1.980000000000e+01,1.240000000000e+01,5.373073717356e+00
1.980000000000e+01,1.260000000000e+01,5.315610452540e+00
1.980000000000e+01,1.280000000000e+01,5.260496270642e+00
1.980000000000e+01,1.300000000000e+01,5.207548781450e+00
1.980000000000e+01,1.320000000000e+01,5.156604137535e+00
1.980000000000e+01,1.340000000000e+01,5.107514796737e+00
1.980000000000e+01,1.360000000000e+01,5.060147594698e+00
1.980000000000e+01,1.380000000000e+01,5.014382079105e+00
1.980000000000e+01,1.400000000000e+01,4.970109065647e+00
1.980000000000e+01,1.420000000000e+01,4.927170907129e+00
1.980000000000e+01,1.440000000000e+01,4.885416108962e+00
1.980000000000e+01,1.460000000000e+01,4.844888315493e+00
1.980000000000e+01,1.480000000000e+01,4.805512037057e+00
1.980000000000e+01,1.500000000000e+01,4.767218192301e+00
1.980000000000e+01,1.520000000000e+01,4.729943456148e+00
1.980000000000e+01,1.540000000000e+01,4.693629684065e+00
1.980000000000e+01,1.560000000000e+01,4.658223402550e+00
1.980000000000e+01,1.580000000000e+01,4.623675357251e+00
1.980000000000e+01,1.600000000000e+01,4.589940111375e+00
2.000000000000e+01,3.000000000000e+00,inf
2.000000000000e+01,3.200000000000e+00,inf
2.000000000000e+01,3.400000000000e+00,inf
2.000000000000e+01,3.600000000000e+00,inf
2.000000000000e+01,3.800000000000e+00,inf
2.000000000000e+01,4.000000000000e+00,inf
2.000000000000e+01,4.200000000000e+00,inf
2.000000000000e+01,4.400000000000e+00,inf
2.000000000000e+01,4.600000000000e+00,inf
2.000000000000e+01,4.800000000000e+00,inf
2.000000000000e+01,5.000000000000e+00,inf
2.000000000000e+01,5.200000000000e+00,inf
2.000000000000e+01,5.400000000000e+00,inf
2.000000000000e+01,5.600000000000e+00,inf
2.000000000000e+01,5.800000000000e+00,inf
2.000000000000e+01,6.000000000000e+00,inf
2.000000000000e+01,6.200000000000e+00,1.432751169765e+01
2.000000000000e+01,6.400000000000e+00,1.308948918314e+01
2.000000000000e+01,6.600000000000e+00,1.208116628843e+01
2.000000000000e+01,6.800000000000e+00,1.124818879843e+01
2.000000000000e+01,7.000000000000e+00,1.055148828493e+01
2.000000000000e+01,7.200000000000e+00,9.962902378655e+00
2.000000000000e+01,7.400000000000e+00,9.460557035908e+00
2.000000000000e+01,7.600000000000e+00,9.027780357236e+00
2.000000000000e+01,7.800000000000e+00,8.651234060599e+00
2.000000000000e+01,8.000000000000e+00,8.320985437711e+00
2.000000000000e+01,8.200000000000e+00,8.029571566798e+00
2.000000000000e+01,8.400000000000e+00,7.770668173853e+00
2.000000000000e+01,8.600000000000e+00,7.539190422128e+00
2.000000000000e+01,8.800000000000e+00,7.331014430110e+00
2.000000000000e+01,9.000000000000e+00,7.142768426189e+00
2.000000000000e+01,9.200000000000e+00,6.971272435064e+00
2.000000000000e+01,9.400000000000e+00,6.814510633477e+00
2.000000000000e+01,9.600000000000e+00,6.670707733026e+00
2.000000000000e+01,9.800000000000e+00,6.538240891932e+00
2.000000000000e+01,1.000000000000e+01,6.415737940234e+00
2.000000000000e+01,1.020000000000e+01,6.302032200721e+00
2.000000000000e+01,1.040000000000e+01,6.196126517456e+00
2.000000000000e+01,1.060000000000e+01,6.097164417305e+00
2.000000000000e+01,1.080000000000e+01,6.004406838055e+00
2.000000000000e+01,1.100000000000e+01,5.917213231297e+00
2.000000000000e+01,1.120000000000e+01,5.834740199991e+00
2.000000000000e+01,1.140000000000e+01,5.756761359195e+00
2.000000000000e+01,1.160000000000e+01,5.682890120182e+00
2.000000000000e+01,1.180000000000e+01,5.612749341499e+00
2.000000000000e+01,1.200000000000e+01,5.546006003268e+00
2.000000000000e+01,1.220000000000e+01,5.482365109898e+00
2.000000000000e+01,1.240000000000e+01,5.421564557530e+00
2.000000000000e+01,1.260000000000e+01,5.363370795232e+00
2.000000000000e+01,1.280000000000e+01,5.307575142329e+00
2.000000000000e+01,1.300000000000e+01,5.253990650527e+00
2.000000000000e+01,1.320000000000e+01,5.202449420348e+00
2.000000000000e+01,1.340000000000e+01,5.152800297958e+00
2.000000000000e+01,1.360000000000e+01,5.104906891777e+00
2.000000000000e+01,1.380000000000e+01,5.058645858923e+00
2.000000000000e+01,1.400000000000e+01,5.013905420184e+00
2.000000000000e+01,1.420000000000e+01,4.970525037056e+00
2.000000000000e+01,1.440000000000e+01,4.928351064481e+00
2.000000000000e+01,1.460000000000e+01,4.887425894086e+00
2.000000000000e+01,1.480000000000e+01,4.847672312056e+00
2.000000000000e+01,1.500000000000e+01,4.809019673987e+00
2.000000000000e+01,1.520000000000e+01,4.771403235389e+00
2.000000000000e+01,1.540000000000e+01,4.734763560647e+00
2.000000000000e+01,1.560000000000e+01,4.699046000081e+00
2.000000000000e+01,1.580000000000e+01,4.664200226246e+00
2.000000000000e+01,1.600000000000e+01,4.630179821914e+00
