depth_m,T_s,Hc_m
2.000000000000e+00,3.000000000000e+00,1.053989550756e+00
2.000000000000e+00,3.200000000000e+00,9.884853798875e-01
2.000000000000e+00,3.400000000000e+00,9.355969285731e-01
2.000000000000e+00,3.600000000000e+00,8.917261246657e-01
2.000000000000e+00,3.800000000000e+00,8.543192818654e-01
2.000000000000e+00,4.000000000000e+00,8.218537019464e-01
2.000000000000e+00,4.200000000000e+00,7.931159855424e-01
2.000000000000e+00,4.400000000000e+00,7.674634885335e-01
2.000000000000e+00,4.600000000000e+00,7.441318009221e-01
2.000000000000e+00,4.800000000000e+00,7.228253218267e-01
2.000000000000e+00,5.000000000000e+00,7.032351901955e-01
2.000000000000e+00,5.200000000000e+00,6.850207463420e-01
2.000000000000e+00,5.400000000000e+00,6.679959822017e-01
2.000000000000e+00,5.600000000000e+00,6.520637363972e-01
2.000000000000e+00,5.800000000000e+00,6.370891968362e-01
2.000000000000e+00,6.000000000000e+00,6.229598697595e-01
2.000000000000e+00,6.200000000000e+00,6.094934626056e-01
2.000000000000e+00,6.400000000000e+00,5.967146508343e-01
2.000000000000e+00,6.600000000000e+00,5.845579545319e-01
2.000000000000e+00,6.800000000000e+00,5.729674653975e-01
2.000000000000e+00,7.000000000000e+00,5.618950331173e-01
2.000000000000e+00,7.200000000000e+00,5.512988556985e-01
2.000000000000e+00,7.400000000000e+00,5.411122908671e-01
2.000000000000e+00,7.600000000000e+00,5.313056664806e-01
2.000000000000e+00,7.800000000000e+00,5.218822291486e-01
2.000000000000e+00,8.000000000000e+00,5.128161993259e-01
2.000000000000e+00,8.200000000000e+00,5.040844729092e-01
2.000000000000e+00,8.400000000000e+00,4.956662411647e-01
2.000000000000e+00,8.600000000000e+00,4.875426772446e-01
2.000000000000e+00,8.800000000000e+00,4.796966758357e-01
2.000000000000e+00,9.000000000000e+00,4.721126355061e-01
2.000000000000e+00,9.200000000000e+00,4.647762755979e-01
2.000000000000e+00,9.400000000000e+00,4.576667642510e-01
2.000000000000e+00,9.600000000000e+00,4.507552726617e-01
2.000000000000e+00,9.800000000000e+00,4.440570906473e-01
2.000000000000e+00,1.000000000000e+01,4.375617459444e-01
2.000000000000e+00,1.020000000000e+01,4.312595171309e-01
2.000000000000e+00,1.040000000000e+01,4.251413595545e-01
2.000000000000e+00,1.060000000000e+01,4.191988406634e-01
2.000000000000e+00,1.080000000000e+01,4.134240832998e-01
2.000000000000e+00,1.100000000000e+01,4.078097157720e-01
2.000000000000e+00,1.120000000000e+01,4.023488277196e-01
2.000000000000e+00,1.140000000000e+01,3.970349309558e-01
2.000000000000e+00,1.160000000000e+01,3.918619246004e-01
2.000000000000e+00,1.180000000000e+01,3.868240639300e-01
2.000000000000e+00,1.200000000000e+01,3.819159324583e-01
2.000000000000e+00,1.220000000000e+01,3.771324168365e-01
2.000000000000e+00,1.240000000000e+01,3.724686842232e-01
2.000000000000e+00,1.260000000000e+01,3.679201618245e-01
2.000000000000e+00,1.280000000000e+01,3.634825183487e-01
2.000000000000e+00,1.300000000000e+01,3.591516471544e-01
2.000000000000e+00,1.320000000000e+01,3.549130664819e-01
2.000000000000e+00,1.340000000000e+01,3.507707999907e-01
2.000000000000e+00,1.360000000000e+01,3.467248327567e-01
2.000000000000e+00,1.380000000000e+01,3.427717816131e-01
2.000000000000e+00,1.400000000000e+01,3.389084254599e-01
2.000000000000e+00,1.420000000000e+01,3.351316951819e-01
2.000000000000e+00,1.440000000000e+01,3.314386643574e-01
2.000000000000e+00,1.460000000000e+01,3.278265406819e-01
2.000000000000e+00,1.480000000000e+01,3.242926580380e-01
2.000000000000e+00,1.500000000000e+01,3.208344691534e-01
2.000000000000e+00,1.520000000000e+01,3.174495387930e-01
2.000000000000e+00,1.540000000000e+01,3.141355374372e-01
2.000000000000e+00,1.560000000000e+01,3.108902354052e-01
2.000000000000e+00,1.580000000000e+01,3.077114973835e-01
2.000000000000e+00,1.600000000000e+01,3.045972773277e-01
2.200000000000e+00,3.000000000000e+00,1.173492979064e+00
2.200000000000e+00,3.200000000000e+00,1.094817114520e+00
2.200000000000e+00,3.400000000000e+00,1.032369627718e+00
2.200000000000e+00,3.600000000000e+00,9.813215988050e-01
2.200000000000e+00,3.800000000000e+00,9.383559664237e-01
2.200000000000e+00,4.000000000000e+00,9.014686377887e-01
2.200000000000e+00,4.200000000000e+00,8.691315812811e-01
2.200000000000e+00,4.400000000000e+00,8.404941982418e-01
2.200000000000e+00,4.600000000000e+00,8.146249098811e-01
2.200000000000e+00,4.800000000000e+00,7.911395930024e-01
2.200000000000e+00,5.000000000000e+00,7.696488940556e-01
2.200000000000e+00,5.200000000000e+00,7.497450458710e-01
2.200000000000e+00,5.400000000000e+00,7.312069211021e-01
2.200000000000e+00,5.600000000000e+00,7.139053591243e-01
2.200000000000e+00,5.800000000000e+00,6.976798304807e-01
2.200000000000e+00,6.000000000000e+00,6.823950666638e-01
2.200000000000e+00,6.200000000000e+00,6.678514621466e-01
2.200000000000e+00,6.400000000000e+00,6.540658706463e-01
2.200000000000e+00,6.600000000000e+00,6.409627002653e-01
2.200000000000e+00,6.800000000000e+00,6.284778643803e-01
2.200000000000e+00,7.000000000000e+00,6.165565457557e-01
2.200000000000e+00,7.200000000000e+00,6.051514663907e-01
2.200000000000e+00,7.400000000000e+00,5.941875631461e-01
2.200000000000e+00,7.600000000000e+00,5.836346199186e-01
2.200000000000e+00,7.800000000000e+00,5.734936265723e-01
2.200000000000e+00,8.000000000000e+00,5.637361124616e-01
2.200000000000e+00,8.200000000000e+00,5.543366852926e-01
2.200000000000e+00,8.400000000000e+00,5.452725781425e-01
2.200000000000e+00,8.600000000000e+00,5.365232777299e-01
2.200000000000e+00,8.800000000000e+00,5.280702172737e-01
2.200000000000e+00,9.000000000000e+00,5.198965210549e-01
2.200000000000e+00,9.200000000000e+00,5.119867906465e-01
2.200000000000e+00,9.400000000000e+00,5.043178364226e-01
2.200000000000e+00,9.600000000000e+00,4.968599356382e-01
2.200000000000e+00,9.800000000000e+00,4.896291195162e-01
2.200000000000e+00,1.000000000000e+01,4.826142081763e-01
2.200000000000e+00,1.020000000000e+01,4.758048417664e-01
2.200000000000e+00,1.040000000000e+01,4.691913967363e-01
2.200000000000e+00,1.060000000000e+01,4.627649130969e-01
2.200000000000e+00,1.080000000000e+01,4.565170309420e-01
2.200000000000e+00,1.100000000000e+01,4.504399348152e-01
2.200000000000e+00,1.120000000000e+01,4.445263047545e-01
2.200000000000e+00,1.140000000000e+01,4.387692730433e-01
2.200000000000e+00,1.160000000000e+01,4.331623858607e-01
2.200000000000e+00,1.180000000000e+01,4.276995691554e-01
2.200000000000e+00,1.200000000000e+01,4.223750981734e-01
2.200000000000e+00,1.220000000000e+01,4.171835701627e-01
2.200000000000e+00,1.240000000000e+01,4.121198798457e-01
2.200000000000e+00,1.260000000000e+01,4.071791973158e-01
2.200000000000e+00,1.280000000000e+01,4.023569480617e-01
2.200000000000e+00,1.300000000000e+01,3.976487948675e-01
2.200000000000e+00,1.320000000000e+01,3.930388169164e-01
2.200000000000e+00,1.340000000000e+01,3.885319815090e-01
2.200000000000e+00,1.360000000000e+01,3.841281946579e-01
2.200000000000e+00,1.380000000000e+01,3.798238812861e-01
2.200000000000e+00,1.400000000000e+01,3.756156368152e-01
2.200000000000e+00,1.420000000000e+01,3.715002164840e-01
2.200000000000e+00,1.440000000000e+01,3.674745255189e-01
2.200000000000e+00,1.460000000000e+01,3.635356100748e-01
2.200000000000e+00,1.480000000000e+01,3.596806488710e-01
2.200000000000e+00,1.500000000000e+01,3.559069454553e-01
2.200000000000e+00,1.520000000000e+01,3.522119210396e-01
2.200000000000e+00,1.540000000000e+01,3.485931078537e-01
2.200000000000e+00,1.560000000000e+01,3.450481429728e-01
2.200000000000e+00,1.580000000000e+01,3.415747625744e-01
2.200000000000e+00,1.600000000000e+01,3.381707965917e-01
2.400000000000e+00,3.000000000000e+00,1.299146431028e+00
2.400000000000e+00,3.200000000000e+00,1.205022070970e+00
2.400000000000e+00,3.400000000000e+00,1.131529722132e+00
2.400000000000e+00,3.600000000000e+00,1.072300370417e+00
2.400000000000e+00,3.800000000000e+00,1.023078319816e+00
2.400000000000e+00,4.000000000000e+00,9.812763469776e-01
2.400000000000e+00,4.200000000000e+00,9.449861717831e-01
2.400000000000e+00,4.400000000000e+00,9.131084764569e-01
2.400000000000e+00,4.600000000000e+00,8.845177665840e-01
2.400000000000e+00,4.800000000000e+00,8.587213421906e-01
2.400000000000e+00,5.000000000000e+00,8.352365257251e-01
2.400000000000e+00,5.200000000000e+00,8.135794012569e-01
2.400000000000e+00,5.400000000000e+00,7.934862059018e-01
2.400000000000e+00,5.600000000000e+00,7.747906796687e-01
2.400000000000e+00,5.800000000000e+00,7.573026634044e-01
2.400000000000e+00,6.000000000000e+00,7.408612258628e-01
2.400000000000e+00,6.200000000000e+00,7.252472634371e-01
2.400000000000e+00,6.400000000000e+00,7.104677753422e-01
2.400000000000e+00,6.600000000000e+00,6.964356470969e-01
2.400000000000e+00,6.800000000000e+00,6.830775005017e-01
2.400000000000e+00,7.000000000000e+00,6.703309683602e-01
2.400000000000e+00,7.200000000000e+00,6.581425934737e-01
2.400000000000e+00,7.400000000000e+00,6.464284305380e-01
2.400000000000e+00,7.600000000000e+00,6.351572719107e-01
2.400000000000e+00,7.800000000000e+00,6.243273719460e-01
2.400000000000e+00,8.000000000000e+00,6.139072817160e-01
2.400000000000e+00,8.200000000000e+00,6.038690915623e-01
2.400000000000e+00,8.400000000000e+00,5.941878940983e-01
2.400000000000e+00,8.600000000000e+00,5.848413453741e-01
2.400000000000e+00,8.800000000000e+00,5.758093038393e-01
2.400000000000e+00,9.000000000000e+00,5.670735313952e-01
2.400000000000e+00,9.200000000000e+00,5.586174443242e-01
2.400000000000e+00,9.400000000000e+00,5.504154372942e-01
2.400000000000e+00,9.600000000000e+00,5.424369742377e-01
2.400000000000e+00,9.800000000000e+00,5.346986821971e-01
2.400000000000e+00,1.000000000000e+01,5.271886576628e-01
2.400000000000e+00,1.020000000000e+01,5.198958937567e-01
2.400000000000e+00,1.040000000000e+01,5.128101854470e-01
2.400000000000e+00,1.060000000000e+01,5.059220475784e-01
2.400000000000e+00,1.080000000000e+01,4.992226436644e-01
2.400000000000e+00,1.100000000000e+01,4.927037237586e-01
2.400000000000e+00,1.120000000000e+01,4.863575700221e-01
2.400000000000e+00,1.140000000000e+01,4.801769488418e-01
2.400000000000e+00,1.160000000000e+01,4.741550685485e-01
2.400000000000e+00,1.180000000000e+01,4.682855419436e-01
2.400000000000e+00,1.200000000000e+01,4.625623529682e-01
2.400000000000e+00,1.220000000000e+01,4.569798269584e-01
2.400000000000e+00,1.240000000000e+01,4.515326040130e-01
2.400000000000e+00,1.260000000000e+01,4.462156150756e-01
2.400000000000e+00,1.280000000000e+01,4.410240603898e-01
2.400000000000e+00,1.300000000000e+01,4.359533900384e-01
2.400000000000e+00,1.320000000000e+01,4.309862674555e-01
2.400000000000e+00,1.340000000000e+01,4.261286398877e-01
2.400000000000e+00,1.360000000000e+01,4.213803241370e-01
2.400000000000e+00,1.380000000000e+01,4.167375701292e-01
2.400000000000e+00,1.400000000000e+01,4.121968063067e-01
2.400000000000e+00,1.420000000000e+01,4.077546283214e-01
2.400000000000e+00,1.440000000000e+01,4.034077886507e-01
2.400000000000e+00,1.460000000000e+01,3.991531870450e-01
2.400000000000e+00,1.480000000000e+01,3.949878617219e-01
2.400000000000e+00,1.500000000000e+01,3.909089812358e-01
2.400000000000e+00,1.520000000000e+01,3.869138369575e-01
2.400000000000e+00,1.540000000000e+01,3.829998361086e-01
2.400000000000e+00,1.560000000000e+01,3.791644952983e-01
2.400000000000e+00,1.580000000000e+01,3.754054345178e-01
2.400000000000e+00,1.600000000000e+01,3.717203715541e-01
2.600000000000e+00,3.000000000000e+00,1.432080283490e+00
2.600000000000e+00,3.200000000000e+00,1.319898973440e+00
2.600000000000e+00,3.400000000000e+00,1.233674188305e+00
2.600000000000e+00,3.600000000000e+00,1.165129344452e+00
2.600000000000e+00,3.800000000000e+00,1.108864612610e+00
2.600000000000e+00,4.000000000000e+00,1.061591335755e+00
2.600000000000e+00,4.200000000000e+00,1.020946315492e+00
2.600000000000e+00,4.400000000000e+00,9.855353444267e-01
2.600000000000e+00,4.600000000000e+00,9.540088635289e-01
2.600000000000e+00,4.800000000000e+00,9.257436595818e-01
2.600000000000e+00,5.000000000000e+00,9.001495515377e-01
2.600000000000e+00,5.200000000000e+00,8.766565169793e-01
2.600000000000e+00,5.400000000000e+00,8.549500445419e-01
2.600000000000e+00,5.600000000000e+00,8.348212831274e-01
2.600000000000e+00,5.800000000000e+00,8.160462178932e-01
2.600000000000e+00,6.000000000000e+00,7.984351525662e-01
2.600000000000e+00,6.200000000000e+00,7.817470350879e-01
2.600000000000e+00,6.400000000000e+00,7.659769007444e-01
2.600000000000e+00,6.600000000000e+00,7.510245833983e-01
2.600000000000e+00,6.800000000000e+00,7.368062016806e-01
2.600000000000e+00,7.000000000000e+00,7.232508723320e-01
2.600000000000e+00,7.200000000000e+00,7.102981845757e-01
2.600000000000e+00,7.400000000000e+00,6.978548002303e-01
2.600000000000e+00,7.600000000000e+00,6.858879767334e-01
2.600000000000e+00,7.800000000000e+00,6.743927388953e-01
2.600000000000e+00,8.000000000000e+00,6.633343294839e-01
2.600000000000e+00,8.200000000000e+00,6.526820540379e-01
2.600000000000e+00,8.400000000000e+00,6.424086481124e-01
2.600000000000e+00,8.600000000000e+00,6.324897619683e-01
2.600000000000e+00,8.800000000000e+00,6.229035381153e-01
2.600000000000e+00,9.000000000000e+00,6.136302627739e-01
2.600000000000e+00,9.200000000000e+00,6.046520765691e-01
2.600000000000e+00,9.400000000000e+00,5.959408904478e-01
2.600000000000e+00,9.600000000000e+00,5.874653903398e-01
2.600000000000e+00,9.800000000000e+00,5.792426531999e-01
2.600000000000e+00,1.000000000000e+01,5.712600201084e-01
2.600000000000e+00,1.020000000000e+01,5.635058141838e-01
2.600000000000e+00,1.040000000000e+01,5.559692332009e-01
2.600000000000e+00,1.060000000000e+01,5.486402571145e-01
2.600000000000e+00,1.080000000000e+01,5.415095680572e-01
2.600000000000e+00,1.100000000000e+01,5.345684808279e-01
2.600000000000e+00,1.120000000000e+01,5.278088822411e-01
2.600000000000e+00,1.140000000000e+01,5.212231779920e-01
2.600000000000e+00,1.160000000000e+01,5.148042459253e-01
2.600000000000e+00,1.180000000000e+01,5.085453947796e-01
2.600000000000e+00,1.200000000000e+01,5.024403276355e-01
2.600000000000e+00,1.220000000000e+01,4.964831094174e-01
2.600000000000e+00,1.240000000000e+01,4.906681379022e-01
2.600000000000e+00,1.260000000000e+01,4.849901177753e-01
2.600000000000e+00,1.280000000000e+01,4.794440373392e-01
2.600000000000e+00,1.300000000000e+01,4.740251475440e-01
2.600000000000e+00,1.320000000000e+01,4.687147187929e-01
2.600000000000e+00,1.340000000000e+01,4.635197042647e-01
2.600000000000e+00,1.360000000000e+01,4.584398214402e-01
2.600000000000e+00,1.380000000000e+01,4.534711590216e-01
2.600000000000e+00,1.400000000000e+01,4.486099920687e-01
2.600000000000e+00,1.420000000000e+01,4.438527700235e-01
2.600000000000e+00,1.440000000000e+01,4.391961057363e-01
2.600000000000e+00,1.460000000000e+01,4.346367653917e-01
2.600000000000e+00,1.480000000000e+01,4.301716592414e-01
2.600000000000e+00,1.500000000000e+01,4.257978330624e-01
2.600000000000e+00,1.520000000000e+01,4.215124602710e-01
2.600000000000e+00,1.540000000000e+01,4.173128346294e-01
2.600000000000e+00,1.560000000000e+01,4.131963634880e-01
2.600000000000e+00,1.580000000000e+01,4.091605615165e-01
2.600000000000e+00,1.600000000000e+01,4.052030448783e-01
2.800000000000e+00,3.000000000000e+00,1.573475318449e+00
2.800000000000e+00,3.200000000000e+00,1.440262637702e+00
2.800000000000e+00,3.400000000000e+00,1.339399810906e+00
2.800000000000e+00,3.600000000000e+00,1.260267894446e+00
2.800000000000e+00,3.800000000000e+00,1.196082839259e+00
2.800000000000e+00,4.000000000000e+00,1.142717497592e+00
2.800000000000e+00,4.200000000000e+00,1.097268860203e+00
2.800000000000e+00,4.400000000000e+00,1.057995614042e+00
2.800000000000e+00,4.600000000000e+00,1.023290239335e+00
2.800000000000e+00,4.800000000000e+00,9.923750017023e-01
2.800000000000e+00,5.000000000000e+00,9.645365723432e-01
2.800000000000e+00,5.200000000000e+00,9.391078842137e-01
2.800000000000e+00,5.400000000000e+00,9.157149648972e-01
2.800000000000e+00,5.600000000000e+00,8.941004618758e-01
2.800000000000e+00,5.800000000000e+00,8.740019657380e-01
2.800000000000e+00,6.000000000000e+00,8.551976937306e-01
2.800000000000e+00,6.200000000000e+00,8.374219655031e-01
2.800000000000e+00,6.400000000000e+00,8.206556603876e-01
2.800000000000e+00,6.600000000000e+00,8.047839241633e-01
2.800000000000e+00,6.800000000000e+00,7.897110732266e-01
2.800000000000e+00,7.000000000000e+00,7.753566693818e-01
2.800000000000e+00,7.200000000000e+00,7.616525122505e-01
2.800000000000e+00,7.400000000000e+00,7.484953134702e-01
2.800000000000e+00,7.600000000000e+00,7.358501770712e-01
2.800000000000e+00,7.800000000000e+00,7.237083888822e-01
2.800000000000e+00,8.000000000000e+00,7.120315169501e-01
2.800000000000e+00,8.200000000000e+00,7.007857820483e-01
2.800000000000e+00,8.400000000000e+00,6.899413168582e-01
2.800000000000e+00,8.600000000000e+00,6.794715643669e-01
2.800000000000e+00,8.800000000000e+00,6.693527861028e-01
2.800000000000e+00,9.000000000000e+00,6.595636576327e-01
2.800000000000e+00,9.200000000000e+00,6.500849338380e-01
2.800000000000e+00,9.400000000000e+00,6.408859641961e-01
2.800000000000e+00,9.600000000000e+00,6.319346537524e-01
2.800000000000e+00,9.800000000000e+00,6.232483829767e-01
2.800000000000e+00,1.000000000000e+01,6.148136919031e-01
2.800000000000e+00,1.020000000000e+01,6.066181979763e-01
2.800000000000e+00,1.040000000000e+01,5.986504744282e-01
2.800000000000e+00,1.060000000000e+01,5.908999459192e-01
2.800000000000e+00,1.080000000000e+01,5.833567985925e-01
2.800000000000e+00,1.100000000000e+01,5.760119022135e-01
2.800000000000e+00,1.120000000000e+01,5.688567424905e-01
2.800000000000e+00,1.140000000000e+01,5.618833620040e-01
2.800000000000e+00,1.160000000000e+01,5.550843084497e-01
2.800000000000e+00,1.180000000000e+01,5.484525891164e-01
2.800000000000e+00,1.200000000000e+01,5.419816307020e-01
2.800000000000e+00,1.220000000000e+01,5.356652437153e-01
2.800000000000e+00,1.240000000000e+01,5.294975908340e-01
2.800000000000e+00,1.260000000000e+01,5.234731586849e-01
2.800000000000e+00,1.280000000000e+01,5.175867325987e-01
2.800000000000e+00,1.300000000000e+01,5.118333739546e-01
2.800000000000e+00,1.320000000000e+01,5.061929818513e-01
2.800000000000e+00,1.340000000000e+01,5.006735323252e-01
2.800000000000e+00,1.360000000000e+01,4.952746333085e-01
2.800000000000e+00,1.380000000000e+01,4.899922230920e-01
2.800000000000e+00,1.400000000000e+01,4.848224342072e-01
2.800000000000e+00,1.420000000000e+01,4.797615807190e-01
2.800000000000e+00,1.440000000000e+01,4.748061466127e-01
2.800000000000e+00,1.460000000000e+01,4.699527751563e-01
2.800000000000e+00,1.480000000000e+01,4.651982591374e-01
2.800000000000e+00,1.500000000000e+01,4.605395318830e-01
2.800000000000e+00,1.520000000000e+01,4.559736589853e-01
2.800000000000e+00,1.540000000000e+01,4.514978306630e-01
2.800000000000e+00,1.560000000000e+01,4.471093546970e-01
2.800000000000e+00,1.580000000000e+01,4.428056498865e-01
2.800000000000e+00,1.600000000000e+01,4.385842399777e-01
3.000000000000e+00,3.000000000000e+00,1.724576174114e+00
3.000000000000e+00,3.200000000000e+00,1.566952521464e+00
3.000000000000e+00,3.400000000000e+00,1.449308739756e+00
3.000000000000e+00,3.600000000000e+00,1.358171409002e+00
3.000000000000e+00,3.800000000000e+00,1.285092807634e+00
3.000000000000e+00,4.000000000000e+00,1.224949100773e+00
3.000000000000e+00,4.200000000000e+00,1.174201062835e+00
3.000000000000e+00,4.400000000000e+00,1.130701317457e+00
3.000000000000e+00,4.600000000000e+00,1.092546359427e+00
3.000000000000e+00,4.800000000000e+00,1.058777625301e+00
3.000000000000e+00,5.000000000000e+00,1.028541398862e+00
3.000000000000e+00,5.200000000000e+00,1.001061574783e+00
3.000000000000e+00,5.400000000000e+00,9.758953806203e-01
3.000000000000e+00,5.600000000000e+00,9.527306025098e-01
3.000000000000e+00,5.800000000000e+00,9.312615768137e-01
3.000000000000e+00,6.000000000000e+00,9.112308852416e-01
3.000000000000e+00,6.200000000000e+00,8.923453321990e-01
3.000000000000e+00,6.400000000000e+00,8.745693597185e-01
3.000000000000e+00,6.600000000000e+00,8.577716887192e-01
3.000000000000e+00,6.800000000000e+00,8.418434542854e-01
3.000000000000e+00,7.000000000000e+00,8.266935591103e-01
3.000000000000e+00,7.200000000000e+00,8.122451227633e-01
3.000000000000e+00,7.400000000000e+00,7.983843052982e-01
3.000000000000e+00,7.600000000000e+00,7.850733797430e-01
3.000000000000e+00,7.800000000000e+00,7.722993681956e-01
3.000000000000e+00,8.000000000000e+00,7.600197665201e-01
3.000000000000e+00,8.200000000000e+00,7.481973830750e-01
3.000000000000e+00,8.400000000000e+00,7.367994769891e-01
3.000000000000e+00,8.600000000000e+00,7.257970600348e-01
3.000000000000e+00,8.800000000000e+00,7.151643273460e-01
3.000000000000e+00,9.000000000000e+00,7.048781903167e-01
3.000000000000e+00,9.200000000000e+00,6.949178910653e-01
3.000000000000e+00,9.400000000000e+00,6.852501306387e-01
3.000000000000e+00,9.600000000000e+00,6.758419982320e-01
3.000000000000e+00,9.800000000000e+00,6.667110308886e-01
3.000000000000e+00,1.000000000000e+01,6.578429098696e-01
3.000000000000e+00,1.020000000000e+01,6.492245001522e-01
3.000000000000e+00,1.040000000000e+01,6.408437128319e-01
3.000000000000e+00,1.060000000000e+01,6.326893874302e-01
3.000000000000e+00,1.080000000000e+01,6.247511907857e-01
3.000000000000e+00,1.100000000000e+01,6.170195298178e-01
3.000000000000e+00,1.120000000000e+01,6.094854759506e-01
3.000000000000e+00,1.140000000000e+01,6.021406993737e-01
3.000000000000e+00,1.160000000000e+01,5.949774116365e-01
3.000000000000e+00,1.180000000000e+01,5.879883153325e-01
3.000000000000e+00,1.200000000000e+01,5.811665598341e-01
3.000000000000e+00,1.220000000000e+01,5.745057022137e-01
3.000000000000e+00,1.240000000000e+01,5.679996726242e-01
3.000000000000e+00,1.260000000000e+01,5.616427435291e-01
3.000000000000e+00,1.280000000000e+01,5.554295022648e-01
3.000000000000e+00,1.300000000000e+01,5.493548264994e-01
3.000000000000e+00,1.320000000000e+01,5.433972644866e-01
3.000000000000e+00,1.340000000000e+01,5.375658241065e-01
3.000000000000e+00,1.360000000000e+01,5.318599932834e-01
3.000000000000e+00,1.380000000000e+01,5.262755679426e-01
3.000000000000e+00,1.400000000000e+01,5.208085463685e-01
3.000000000000e+00,1.420000000000e+01,5.154551156914e-01
3.000000000000e+00,1.440000000000e+01,5.102116395692e-01
3.000000000000e+00,1.460000000000e+01,5.050746469326e-01
3.000000000000e+00,1.480000000000e+01,5.000408216801e-01
3.000000000000e+00,1.500000000000e+01,4.951069932212e-01
3.000000000000e+00,1.520000000000e+01,4.902701277822e-01
3.000000000000e+00,1.540000000000e+01,4.855273203958e-01
3.000000000000e+00,1.560000000000e+01,4.808757875082e-01
3.000000000000e+00,1.580000000000e+01,4.763128601434e-01
3.000000000000e+00,1.600000000000e+01,4.718359775715e-01
3.200000000000e+00,3.000000000000e+00,1.886704484614e+00
3.200000000000e+00,3.200000000000e+00,1.700841127700e+00
3.200000000000e+00,3.400000000000e+00,1.564014141138e+00
3.200000000000e+00,3.600000000000e+00,1.459295157853e+00
3.200000000000e+00,3.800000000000e+00,1.376248741027e+00
3.200000000000e+00,4.000000000000e+00,1.308572440226e+00
3.200000000000e+00,4.200000000000e+00,1.251981494145e+00
3.200000000000e+00,4.400000000000e+00,1.203856012263e+00
3.200000000000e+00,4.600000000000e+00,1.161953935277e+00
3.200000000000e+00,4.800000000000e+00,1.125107005528e+00
3.200000000000e+00,5.000000000000e+00,1.092302140888e+00
3.200000000000e+00,5.200000000000e+00,1.062641063938e+00
3.200000000000e+00,5.400000000000e+00,1.035602193094e+00
3.200000000000e+00,5.600000000000e+00,1.010811608694e+00
3.200000000000e+00,5.800000000000e+00,9.879151977632e-01
3.200000000000e+00,6.000000000000e+00,9.666161182574e-01
3.200000000000e+00,6.200000000000e+00,9.465905773806e-01
3.200000000000e+00,6.400000000000e+00,9.277842015469e-01
3.200000000000e+00,6.600000000000e+00,9.100474532702e-01
3.200000000000e+00,6.800000000000e+00,8.932568318090e-01
3.200000000000e+00,7.000000000000e+00,8.773094163169e-01
3.200000000000e+00,7.200000000000e+00,8.621187066124e-01
3.200000000000e+00,7.400000000000e+00,8.475596676570e-01
3.200000000000e+00,7.600000000000e+00,8.335910169443e-01
3.200000000000e+00,7.800000000000e+00,8.201949728927e-01
3.200000000000e+00,8.000000000000e+00,8.073245350081e-01
3.200000000000e+00,8.200000000000e+00,7.949387478889e-01
3.200000000000e+00,8.400000000000e+00,7.830017052137e-01
3.200000000000e+00,8.600000000000e+00,7.714817444596e-01
3.200000000000e+00,8.800000000000e+00,7.603507915857e-01
3.200000000000e+00,9.000000000000e+00,7.495838244600e-01
3.200000000000e+00,9.200000000000e+00,7.391584309293e-01
3.200000000000e+00,9.400000000000e+00,7.290385680441e-01
3.200000000000e+00,9.600000000000e+00,7.191904473360e-01
3.200000000000e+00,9.800000000000e+00,7.096316149571e-01
3.200000000000e+00,1.000000000000e+01,7.003468251798e-01
3.200000000000e+00,1.020000000000e+01,6.913221340291e-01
3.200000000000e+00,1.040000000000e+01,6.825447439098e-01
3.200000000000e+00,1.060000000000e+01,6.740028710679e-01
3.200000000000e+00,1.080000000000e+01,6.656856320436e-01
3.200000000000e+00,1.100000000000e+01,6.575829459829e-01
3.200000000000e+00,1.120000000000e+01,6.496854502528e-01
3.200000000000e+00,1.140000000000e+01,6.419844272577e-01
3.200000000000e+00,1.160000000000e+01,6.344717407284e-01
3.200000000000e+00,1.180000000000e+01,6.271397800490e-01
3.200000000000e+00,1.200000000000e+01,6.199814114318e-01
3.200000000000e+00,1.220000000000e+01,6.129899349467e-01
3.200000000000e+00,1.240000000000e+01,6.061590465741e-01
3.200000000000e+00,1.260000000000e+01,5.994828045821e-01
3.200000000000e+00,1.280000000000e+01,5.929555996397e-01
3.200000000000e+00,1.300000000000e+01,5.865721281671e-01
3.200000000000e+00,1.320000000000e+01,5.803096065827e-01
3.200000000000e+00,1.340000000000e+01,5.741780766562e-01
3.200000000000e+00,1.360000000000e+01,5.681768955334e-01
3.200000000000e+00,1.380000000000e+01,5.623017222498e-01
3.200000000000e+00,1.400000000000e+01,5.565484267302e-01
3.200000000000e+00,1.420000000000e+01,5.509130753796e-01
3.200000000000e+00,1.440000000000e+01,5.453919179845e-01
3.200000000000e+00,1.460000000000e+01,5.399813757753e-01
3.200000000000e+00,1.480000000000e+01,5.346780305234e-01
3.200000000000e+00,1.500000000000e+01,5.294786145610e-01
3.200000000000e+00,1.520000000000e+01,5.243800016256e-01
3.200000000000e+00,1.540000000000e+01,5.193791984444e-01
3.200000000000e+00,1.560000000000e+01,5.144733369834e-01
3.200000000000e+00,1.580000000000e+01,5.096596672951e-01
3.200000000000e+00,1.600000000000e+01,5.049355509072e-01
3.400000000000e+00,3.000000000000e+00,2.061271697464e+00
3.400000000000e+00,3.200000000000e+00,1.842842091220e+00
3.400000000000e+00,3.400000000000e+00,1.684145684782e+00
3.400000000000e+00,3.600000000000e+00,1.564098161741e+00
3.400000000000e+00,3.800000000000e+00,1.469902037844e+00
3.400000000000e+00,4.000000000000e+00,1.393867775769e+00
3.400000000000e+00,4.200000000000e+00,1.330841336551e+00
3.400000000000e+00,4.400000000000e+00,1.277655564334e+00
3.400000000000e+00,4.600000000000e+00,1.231682285142e+00
3.400000000000e+00,4.800000000000e+00,1.191511844926e+00
3.400000000000e+00,5.000000000000e+00,1.155950923173e+00
3.400000000000e+00,5.200000000000e+00,1.123964703475e+00
3.400000000000e+00,5.400000000000e+00,1.094942059986e+00
3.400000000000e+00,5.600000000000e+00,1.068439999919e+00
3.400000000000e+00,5.800000000000e+00,1.044050410461e+00
3.400000000000e+00,6.000000000000e+00,1.021432984264e+00
3.400000000000e+00,6.200000000000e+00,1.000230058716e+00
3.400000000000e+00,6.400000000000e+00,9.803659607616e-01
3.400000000000e+00,6.600000000000e+00,9.616709649894e-01
3.400000000000e+00,6.800000000000e+00,9.440054070786e-01
3.400000000000e+00,7.000000000000e+00,9.272533209727e-01
3.400000000000e+00,7.200000000000e+00,9.113176012372e-01
3.400000000000e+00,7.400000000000e+00,8.960613335605e-01
3.400000000000e+00,7.600000000000e+00,8.814389174968e-01
3.400000000000e+00,7.800000000000e+00,8.674272126490e-01
3.400000000000e+00,8.000000000000e+00,8.539742746963e-01
3.400000000000e+00,8.200000000000e+00,8.410350126475e-01
3.400000000000e+00,8.400000000000e+00,8.285700446076e-01
3.400000000000e+00,8.600000000000e+00,8.165447743004e-01
3.400000000000e+00,8.800000000000e+00,8.049286408971e-01
3.400000000000e+00,9.000000000000e+00,7.936945058704e-01
3.400000000000e+00,9.200000000000e+00,7.828181489079e-01
3.400000000000e+00,9.400000000000e+00,7.722606795228e-01
3.400000000000e+00,9.600000000000e+00,7.619873473796e-01
3.400000000000e+00,9.800000000000e+00,7.520155598136e-01
3.400000000000e+00,1.000000000000e+01,7.423290668332e-01
3.400000000000e+00,1.020000000000e+01,7.329130506280e-01
3.400000000000e+00,1.040000000000e+01,7.237539505605e-01
3.400000000000e+00,1.060000000000e+01,7.148393142210e-01
3.400000000000e+00,1.080000000000e+01,7.061576701230e-01
3.400000000000e+00,1.100000000000e+01,6.976984184468e-01
3.400000000000e+00,1.120000000000e+01,6.894517368982e-01
3.400000000000e+00,1.140000000000e+01,6.814084992750e-01
3.400000000000e+00,1.160000000000e+01,6.735602047603e-01
3.400000000000e+00,1.180000000000e+01,6.658989163044e-01
3.400000000000e+00,1.200000000000e+01,6.584172067347e-01
3.400000000000e+00,1.220000000000e+01,6.511081114604e-01
3.400000000000e+00,1.240000000000e+01,6.439650868249e-01
3.400000000000e+00,1.260000000000e+01,6.369819733100e-01
3.400000000000e+00,1.280000000000e+01,6.301529629227e-01
3.400000000000e+00,1.300000000000e+01,6.234725701992e-01
3.400000000000e+00,1.320000000000e+01,6.169166971708e-01
3.400000000000e+00,1.340000000000e+01,6.104964154930e-01
3.400000000000e+00,1.360000000000e+01,6.042109403970e-01
3.400000000000e+00,1.380000000000e+01,5.980557971321e-01
3.400000000000e+00,1.400000000000e+01,5.920267309340e-01
3.400000000000e+00,1.420000000000e+01,5.861196916204e-01
3.400000000000e+00,1.440000000000e+01,5.803308196248e-01
3.400000000000e+00,1.460000000000e+01,5.746564333020e-01
3.400000000000e+00,1.480000000000e+01,5.690930173634e-01
3.400000000000e+00,1.500000000000e+01,5.636372123171e-01
3.400000000000e+00,1.520000000000e+01,5.582858048035e-01
3.400000000000e+00,1.540000000000e+01,5.530357187337e-01
3.400000000000e+00,1.560000000000e+01,5.478840071444e-01
3.400000000000e+00,1.580000000000e+01,5.428278446998e-01
3.400000000000e+00,1.600000000000e+01,5.378645207735e-01
3.600000000000e+00,3.000000000000e+00,2.249791701766e+00
3.600000000000e+00,3.200000000000e+00,1.993917930252e+00
3.600000000000e+00,3.400000000000e+00,1.810354768496e+00
3.600000000000e+00,3.600000000000e+00,1.673046916932e+00
3.600000000000e+00,3.800000000000e+00,1.566404003295e+00
3.600000000000e+00,4.000000000000e+00,1.481111346522e+00
3.600000000000e+00,4.200000000000e+00,1.411005847719e+00
3.600000000000e+00,4.400000000000e+00,1.352289170444e+00
3.600000000000e+00,4.600000000000e+00,1.301893993473e+00
3.600000000000e+00,4.800000000000e+00,1.258134428506e+00
3.600000000000e+00,5.000000000000e+00,1.219613983970e+00
3.600000000000e+00,5.200000000000e+00,1.185145604214e+00
3.600000000000e+00,5.400000000000e+00,1.154017093346e+00
3.600000000000e+00,5.600000000000e+00,1.125708453829e+00
3.600000000000e+00,5.800000000000e+00,1.099751643122e+00
3.600000000000e+00,6.000000000000e+00,1.075758577379e+00
3.600000000000e+00,6.200000000000e+00,1.053334259409e+00
3.600000000000e+00,6.400000000000e+00,1.032379117935e+00
3.600000000000e+00,6.600000000000e+00,1.012701212698e+00
3.600000000000e+00,6.800000000000e+00,9.941431150668e-01
3.600000000000e+00,7.000000000000e+00,9.765745362032e-01
3.600000000000e+00,7.200000000000e+00,9.598867361111e-01
3.600000000000e+00,7.400000000000e+00,9.439301972281e-01
3.600000000000e+00,7.600000000000e+00,9.286542074553e-01
3.600000000000e+00,7.800000000000e+00,9.140296971068e-01
3.600000000000e+00,8.000000000000e+00,8.999993098872e-01
3.600000000000e+00,8.200000000000e+00,8.865134294282e-01
3.600000000000e+00,8.400000000000e+00,8.735288723109e-01
3.600000000000e+00,8.600000000000e+00,8.610078349264e-01
3.600000000000e+00,8.800000000000e+00,8.489170393175e-01
3.600000000000e+00,9.000000000000e+00,8.372270361229e-01
3.600000000000e+00,9.200000000000e+00,8.259116324000e-01
3.600000000000e+00,9.400000000000e+00,8.149289792195e-01
3.600000000000e+00,9.600000000000e+00,8.042432615576e-01
3.600000000000e+00,9.800000000000e+00,7.938715996225e-01
3.600000000000e+00,1.000000000000e+01,7.837966540901e-01
3.600000000000e+00,1.020000000000e+01,7.740026611795e-01
3.600000000000e+00,1.040000000000e+01,7.644752361064e-01
3.600000000000e+00,1.060000000000e+01,7.552012061267e-01
3.600000000000e+00,1.080000000000e+01,7.461684681216e-01
3.600000000000e+00,1.100000000000e+01,7.373658666251e-01
3.600000000000e+00,1.120000000000e+01,7.287830889506e-01
3.600000000000e+00,1.140000000000e+01,7.204105746748e-01
3.600000000000e+00,1.160000000000e+01,7.122394372240e-01
3.600000000000e+00,1.180000000000e+01,7.042613957005e-01
3.600000000000e+00,1.200000000000e+01,6.964687154032e-01
3.600000000000e+00,1.220000000000e+01,6.888541557562e-01
3.600000000000e+00,1.240000000000e+01,6.814109245711e-01
3.600000000000e+00,1.260000000000e+01,6.741326377418e-01
3.600000000000e+00,1.280000000000e+01,6.670132836139e-01
3.600000000000e+00,1.300000000000e+01,6.600471913897e-01
3.600000000000e+00,1.320000000000e+01,6.532089645399e-01
3.600000000000e+00,1.340000000000e+01,6.465106953449e-01
3.600000000000e+00,1.360000000000e+01,6.399514455887e-01
3.600000000000e+00,1.380000000000e+01,6.335266076591e-01
3.600000000000e+00,1.400000000000e+01,6.272318037315e-01
3.600000000000e+00,1.420000000000e+01,6.210628692604e-01
3.600000000000e+00,1.440000000000e+01,6.150158380511e-01
3.600000000000e+00,1.460000000000e+01,6.090869287259e-01
3.600000000000e+00,1.480000000000e+01,6.032725324255e-01
3.600000000000e+00,1.500000000000e+01,5.975692016073e-01
3.600000000000e+00,1.520000000000e+01,5.919736398182e-01
3.600000000000e+00,1.540000000000e+01,5.864826923385e-01
3.600000000000e+00,1.560000000000e+01,5.810933376034e-01
3.600000000000e+00,1.580000000000e+01,5.758026793221e-01
3.600000000000e+00,1.600000000000e+01,5.706079392228e-01
3.800000000000e+00,3.000000000000e+00,2.453893471853e+00
3.800000000000e+00,3.200000000000e+00,2.155087520385e+00
3.800000000000e+00,3.400000000000e+00,1.943319465925e+00
3.800000000000e+00,3.600000000000e+00,1.786618915684e+00
3.800000000000e+00,3.800000000000e+00,1.666108462847e+00
3.800000000000e+00,4.000000000000e+00,1.570577348505e+00
3.800000000000e+00,4.200000000000e+00,1.492695860104e+00
3.800000000000e+00,4.400000000000e+00,1.427940479124e+00
3.800000000000e+00,4.600000000000e+00,1.372745720183e+00
3.800000000000e+00,4.800000000000e+00,1.325111171463e+00
3.800000000000e+00,5.000000000000e+00,1.283412000636e+00
3.800000000000e+00,5.200000000000e+00,1.246291772182e+00
3.800000000000e+00,5.400000000000e+00,1.212924832464e+00
3.800000000000e+00,5.600000000000e+00,1.182705639174e+00
3.800000000000e+00,5.800000000000e+00,1.155099883612e+00
3.800000000000e+00,6.000000000000e+00,1.129667106503e+00
3.800000000000e+00,6.200000000000e+00,1.105971313310e+00
3.800000000000e+00,6.400000000000e+00,1.083886310847e+00
3.800000000000e+00,6.600000000000e+00,1.063195816486e+00
3.800000000000e+00,6.800000000000e+00,1.043722962302e+00
3.800000000000e+00,7.000000000000e+00,1.025321803187e+00
3.800000000000e+00,7.200000000000e+00,1.007870892279e+00
3.800000000000e+00,7.400000000000e+00,9.912073453465e-01
3.800000000000e+00,7.600000000000e+00,9.752745181793e-01
3.800000000000e+00,7.800000000000e+00,9.600368256547e-01
3.800000000000e+00,8.000000000000e+00,9.454310125951e-01
3.800000000000e+00,8.200000000000e+00,9.314025314311e-01
3.800000000000e+00,8.400000000000e+00,9.179040573209e-01
3.800000000000e+00,8.600000000000e+00,9.048942934281e-01
3.800000000000e+00,8.800000000000e+00,8.923370033104e-01
3.800000000000e+00,9.000000000000e+00,8.802002223774e-01
3.800000000000e+00,9.200000000000e+00,8.684556115064e-01
3.800000000000e+00,9.400000000000e+00,8.570582456215e-01
3.800000000000e+00,9.600000000000e+00,8.459711267441e-01
3.800000000000e+00,9.800000000000e+00,8.352109393373e-01
3.800000000000e+00,1.000000000000e+01,8.247591629840e-01
3.800000000000e+00,1.020000000000e+01,8.145990095592e-01
3.800000000000e+00,1.040000000000e+01,8.047152031976e-01
3.800000000000e+00,1.060000000000e+01,7.950937936889e-01
3.800000000000e+00,1.080000000000e+01,7.857219975687e-01
3.800000000000e+00,1.100000000000e+01,7.765880622579e-01
3.800000000000e+00,1.120000000000e+01,7.676811494576e-01
3.800000000000e+00,1.140000000000e+01,7.589912346986e-01
3.800000000000e+00,1.160000000000e+01,7.505090204898e-01
3.800000000000e+00,1.180000000000e+01,7.422258609629e-01
3.800000000000e+00,1.200000000000e+01,7.341336962634e-01
3.800000000000e+00,1.220000000000e+01,7.262249952370e-01
3.800000000000e+00,1.240000000000e+01,7.184927052000e-01
3.800000000000e+00,1.260000000000e+01,7.109302077747e-01
3.800000000000e+00,1.280000000000e+01,7.035312799393e-01
3.800000000000e+00,1.300000000000e+01,6.962900595708e-01
3.800000000000e+00,1.320000000000e+01,6.891798657624e-01
3.800000000000e+00,1.340000000000e+01,6.822137976084e-01
3.800000000000e+00,1.360000000000e+01,6.753907515005e-01
3.800000000000e+00,1.380000000000e+01,6.687059858975e-01
3.800000000000e+00,1.400000000000e+01,6.621549996713e-01
3.800000000000e+00,1.420000000000e+01,6.557335143785e-01
3.800000000000e+00,1.440000000000e+01,6.494374582675e-01
3.800000000000e+00,1.460000000000e+01,6.432629518169e-01
3.800000000000e+00,1.480000000000e+01,6.372062946251e-01
3.800000000000e+00,1.500000000000e+01,6.312639534980e-01
3.800000000000e+00,1.520000000000e+01,6.254325515997e-01
3.800000000000e+00,1.540000000000e+01,6.197088585501e-01
3.800000000000e+00,1.560000000000e+01,6.140897813661e-01
3.800000000000e+00,1.580000000000e+01,6.085723561589e-01
3.800000000000e+00,1.600000000000e+01,6.031537405070e-01
4.000000000000e+00,3.000000000000e+00,2.675333966588e+00
4.000000000000e+00,3.200000000000e+00,2.327433385142e+00
4.000000000000e+00,3.400000000000e+00,2.083749225193e+00
4.000000000000e+00,3.600000000000e+00,1.905305952428e+00
4.000000000000e+00,3.800000000000e+00,1.769374220676e+00
4.000000000000e+00,4.000000000000e+00,1.662539819060e+00
4.000000000000e+00,4.200000000000e+00,1.576129244944e+00
4.000000000000e+00,4.400000000000e+00,1.504788726983e+00
4.000000000000e+00,4.600000000000e+00,1.444389069161e+00
4.000000000000e+00,4.800000000000e+00,1.392573263373e+00
4.000000000000e+00,5.000000000000e+00,1.347460542588e+00
4.000000000000e+00,5.200000000000e+00,1.307506397002e+00
4.000000000000e+00,5.400000000000e+00,1.271758389259e+00
4.000000000000e+00,5.600000000000e+00,1.239516237327e+00
4.000000000000e+00,5.800000000000e+00,1.210172593700e+00
4.000000000000e+00,6.000000000000e+00,1.183229717465e+00
4.000000000000e+00,6.200000000000e+00,1.158206746857e+00
4.000000000000e+00,6.400000000000e+00,1.134948007543e+00
4.000000000000e+00,6.600000000000e+00,1.113210641857e+00
4.000000000000e+00,6.800000000000e+00,1.092796590848e+00
4.000000000000e+00,7.000000000000e+00,1.073542862643e+00
4.000000000000e+00,7.200000000000e+00,1.055314188060e+00
4.000000000000e+00,7.400000000000e+00,1.037933513230e+00
4.000000000000e+00,7.600000000000e+00,1.021337417607e+00
4.000000000000e+00,7.800000000000e+00,1.005483198283e+00
4.000000000000e+00,8.000000000000e+00,9.903011968586e-01
4.000000000000e+00,8.200000000000e+00,9.757315141063e-01
4.000000000000e+00,8.400000000000e+00,9.617223313386e-01
4.000000000000e+00,8.600000000000e+00,9.482285616879e-01
4.000000000000e+00,8.800000000000e+00,9.352107592221e-01
4.000000000000e+00,9.000000000000e+00,9.226342310787e-01
4.000000000000e+00,9.200000000000e+00,9.104683105678e-01
4.000000000000e+00,9.400000000000e+00,8.986648724684e-01
4.000000000000e+00,9.600000000000e+00,8.871856047883e-01
4.000000000000e+00,9.800000000000e+00,8.760466073812e-01
4.000000000000e+00,1.000000000000e+01,8.652280812385e-01
4.000000000000e+00,1.020000000000e+01,8.547121301580e-01
4.000000000000e+00,1.040000000000e+01,8.444825152416e-01
4.000000000000e+00,1.060000000000e+01,8.345244469737e-01
4.000000000000e+00,1.080000000000e+01,8.248244084102e-01
4.000000000000e+00,1.100000000000e+01,8.153700042336e-01
4.000000000000e+00,1.120000000000e+01,8.061498314007e-01
4.000000000000e+00,1.140000000000e+01,7.971533678872e-01
4.000000000000e+00,1.160000000000e+01,7.883708766558e-01
4.000000000000e+00,1.180000000000e+01,7.797933224763e-01
4.000000000000e+00,1.200000000000e+01,7.714122996369e-01
4.000000000000e+00,1.220000000000e+01,7.632199689115e-01
4.000000000000e+00,1.240000000000e+01,7.552090024233e-01
4.000000000000e+00,1.260000000000e+01,7.473725352643e-01
4.000000000000e+00,1.280000000000e+01,7.397041229126e-01
4.000000000000e+00,1.300000000000e+01,7.321977036413e-01
4.000000000000e+00,1.320000000000e+01,7.248253247143e-01
4.000000000000e+00,1.340000000000e+01,7.176010743070e-01
4.000000000000e+00,1.360000000000e+01,7.105236710592e-01
4.000000000000e+00,1.380000000000e+01,7.035882366194e-01
4.000000000000e+00,1.400000000000e+01,6.967901446038e-01
4.000000000000e+00,1.420000000000e+01,6.901250015252e-01
4.000000000000e+00,1.440000000000e+01,6.835886296293e-01
4.000000000000e+00,1.460000000000e+01,6.771770514092e-01
4.000000000000e+00,1.480000000000e+01,6.708864756013e-01
4.000000000000e+00,1.500000000000e+01,6.647132844887e-01
4.000000000000e+00,1.520000000000e+01,6.586540223655e-01
4.000000000000e+00,1.540000000000e+01,6.527053850316e-01
4.000000000000e+00,1.560000000000e+01,6.468642102043e-01
4.000000000000e+00,1.580000000000e+01,6.411274687490e-01
4.000000000000e+00,1.600000000000e+01,6.354922566423e-01
4.200000000000e+00,3.000000000000e+00,2.916011540752e+00
4.200000000000e+00,3.200000000000e+00,2.512108914983e+00
4.200000000000e+00,3.400000000000e+00,2.232389366690e+00
4.200000000000e+00,3.600000000000e+00,2.029617230509e+00
4.200000000000e+00,3.800000000000e+00,1.876567355888e+00
4.200000000000e+00,4.000000000000e+00,1.757274404403e+00
4.200000000000e+00,4.200000000000e+00,1.661522304071e+00
4.200000000000e+00,4.400000000000e+00,1.583009843843e+00
4.200000000000e+00,4.600000000000e+00,1.516971461877e+00
4.200000000000e+00,4.800000000000e+00,1.460647349070e+00
4.200000000000e+00,5.000000000000e+00,1.411870587812e+00
4.200000000000e+00,5.200000000000e+00,1.368888226171e+00
4.200000000000e+00,5.400000000000e+00,1.330606698257e+00
4.200000000000e+00,5.600000000000e+00,1.296221083613e+00
4.200000000000e+00,5.800000000000e+00,1.265043755334e+00
4.200000000000e+00,6.000000000000e+00,1.236514456642e+00
4.200000000000e+00,6.200000000000e+00,1.210103369957e+00
4.200000000000e+00,6.400000000000e+00,1.185622333967e+00
4.200000000000e+00,6.600000000000e+00,1.162799572526e+00
4.200000000000e+00,6.800000000000e+00,1.141414003739e+00
4.200000000000e+00,7.000000000000e+00,1.121284139508e+00
4.200000000000e+00,7.200000000000e+00,1.102259728814e+00
4.200000000000e+00,7.400000000000e+00,1.084148705123e+00
4.200000000000e+00,7.600000000000e+00,1.066880005285e+00
4.200000000000e+00,7.800000000000e+00,1.050403189350e+00
4.200000000000e+00,8.000000000000e+00,1.034641674768e+00
4.200000000000e+00,8.200000000000e+00,1.019529776521e+00
4.200000000000e+00,8.400000000000e+00,1.005010818163e+00
4.200000000000e+00,8.600000000000e+00,9.910356161481e-01
4.200000000000e+00,8.800000000000e+00,9.775612554639e-01
4.200000000000e+00,9.000000000000e+00,9.645500943275e-01
4.200000000000e+00,9.200000000000e+00,9.519689502651e-01
4.200000000000e+00,9.400000000000e+00,9.397663680522e-01
4.200000000000e+00,9.600000000000e+00,9.279025800368e-01
4.200000000000e+00,9.800000000000e+00,9.163929523924e-01
4.200000000000e+00,1.000000000000e+01,9.052163050954e-01
4.200000000000e+00,1.020000000000e+01,8.943535455328e-01
4.200000000000e+00,1.040000000000e+01,8.837873955095e-01
4.200000000000e+00,1.060000000000e+01,8.735021603129e-01
4.200000000000e+00,1.080000000000e+01,8.634835325676e-01
4.200000000000e+00,1.100000000000e+01,8.537184249932e-01
4.200000000000e+00,1.120000000000e+01,8.441948272718e-01
4.200000000000e+00,1.140000000000e+01,8.349016831061e-01
4.200000000000e+00,1.160000000000e+01,8.258287842486e-01
4.200000000000e+00,1.180000000000e+01,8.169666788492e-01
4.200000000000e+00,1.200000000000e+01,8.083065919233e-01
4.200000000000e+00,1.220000000000e+01,7.998403561149e-01
4.200000000000e+00,1.240000000000e+01,7.915603512332e-01
4.200000000000e+00,1.260000000000e+01,7.834594512888e-01
4.200000000000e+00,1.280000000000e+01,7.755309779599e-01
4.200000000000e+00,1.300000000000e+01,7.677686595887e-01
4.200000000000e+00,1.320000000000e+01,7.601432825522e-01
4.200000000000e+00,1.340000000000e+01,7.526699030094e-01
4.200000000000e+00,1.360000000000e+01,7.453470490840e-01
4.200000000000e+00,1.380000000000e+01,7.381697010866e-01
4.200000000000e+00,1.400000000000e+01,7.311331038711e-01
4.200000000000e+00,1.420000000000e+01,7.242327462920e-01
4.200000000000e+00,1.440000000000e+01,7.174643427581e-01
4.200000000000e+00,1.460000000000e+01,7.108238166245e-01
4.200000000000e+00,1.480000000000e+01,7.043072852062e-01
4.200000000000e+00,1.500000000000e+01,6.979110462217e-01
4.200000000000e+00,1.520000000000e+01,6.916315655018e-01
4.200000000000e+00,1.540000000000e+01,6.854654658212e-01
4.200000000000e+00,1.560000000000e+01,6.794095167277e-01
4.200000000000e+00,1.580000000000e+01,6.734606252594e-01
4.200000000000e+00,1.600000000000e+01,6.676158274558e-01
4.400000000000e+00,3.000000000000e+00,3.177980129704e+00
4.400000000000e+00,3.200000000000e+00,2.710345634236e+00
4.400000000000e+00,3.400000000000e+00,2.390025437507e+00
4.400000000000e+00,3.600000000000e+00,2.160082296595e+00
4.400000000000e+00,3.800000000000e+00,1.988063364937e+00
4.400000000000e+00,4.000000000000e+00,1.855060005149e+00
4.400000000000e+00,4.200000000000e+00,1.749091073641e+00
4.400000000000e+00,4.400000000000e+00,1.662777502190e+00
4.400000000000e+00,4.600000000000e+00,1.590636984901e+00
4.400000000000e+00,4.800000000000e+00,1.529456209739e+00
4.400000000000e+00,5.000000000000e+00,1.476749062500e+00
4.400000000000e+00,5.200000000000e+00,1.430531982011e+00
4.400000000000e+00,5.400000000000e+00,1.389554825919e+00
4.400000000000e+00,5.600000000000e+00,1.352897381923e+00
4.400000000000e+00,5.800000000000e+00,1.319784001720e+00
4.400000000000e+00,6.000000000000e+00,1.289586328584e+00
4.400000000000e+00,6.200000000000e+00,1.261721268422e+00
4.400000000000e+00,6.400000000000e+00,1.235965009086e+00
4.400000000000e+00,6.600000000000e+00,1.212014395297e+00
4.400000000000e+00,6.800000000000e+00,1.189623405922e+00
4.400000000000e+00,7.000000000000e+00,1.168590545603e+00
4.400000000000e+00,7.200000000000e+00,1.148749376381e+00
4.400000000000e+00,7.400000000000e+00,1.129891935111e+00
4.400000000000e+00,7.600000000000e+00,1.111938628473e+00
4.400000000000e+00,7.800000000000e+00,1.094830642458e+00
4.400000000000e+00,8.000000000000e+00,1.078483933255e+00
4.400000000000e+00,8.200000000000e+00,1.062826582852e+00
4.400000000000e+00,8.400000000000e+00,1.047796682347e+00
4.400000000000e+00,8.600000000000e+00,1.033340635789e+00
4.400000000000e+00,8.800000000000e+00,1.019411791712e+00
4.400000000000e+00,9.000000000000e+00,1.005969331968e+00
4.400000000000e+00,9.200000000000e+00,9.929773640528e-01
4.400000000000e+00,9.400000000000e+00,9.803809673854e-01
4.400000000000e+00,9.600000000000e+00,9.681387682369e-01
4.400000000000e+00,9.800000000000e+00,9.562652498381e-01
4.400000000000e+00,1.000000000000e+01,9.447377444882e-01
4.400000000000e+00,1.020000000000e+01,9.335358708767e-01
4.400000000000e+00,1.040000000000e+01,9.226412315419e-01
4.400000000000e+00,1.060000000000e+01,9.120371571968e-01
4.400000000000e+00,1.080000000000e+01,9.017084897954e-01
4.400000000000e+00,1.100000000000e+01,8.916413977620e-01
4.400000000000e+00,1.120000000000e+01,8.818232180322e-01
4.400000000000e+00,1.140000000000e+01,8.722423205292e-01
4.400000000000e+00,1.160000000000e+01,8.628879914896e-01
4.400000000000e+00,1.180000000000e+01,8.537503326778e-01
4.400000000000e+00,1.200000000000e+01,8.448201740425e-01
4.400000000000e+00,1.220000000000e+01,8.360889977836e-01
4.400000000000e+00,1.240000000000e+01,8.275488721334e-01
4.400000000000e+00,1.260000000000e+01,8.191923934384e-01
4.400000000000e+00,1.280000000000e+01,8.110126353502e-01
4.400000000000e+00,1.300000000000e+01,8.030031041256e-01
4.400000000000e+00,1.320000000000e+01,7.951333346341e-01
4.400000000000e+00,1.340000000000e+01,7.874193270541e-01
4.400000000000e+00,1.360000000000e+01,7.798594058367e-01
4.400000000000e+00,1.380000000000e+01,7.724484039418e-01
4.400000000000e+00,1.400000000000e+01,7.651814325447e-01
4.400000000000e+00,1.420000000000e+01,7.580538588930e-01
4.400000000000e+00,1.440000000000e+01,7.510612864595e-01
4.400000000000e+00,1.460000000000e+01,7.441995371106e-01
4.400000000000e+00,1.480000000000e+01,7.374646350463e-01
4.400000000000e+00,1.500000000000e+01,7.308527923030e-01
4.400000000000e+00,1.520000000000e+01,7.243603956365e-01
4.400000000000e+00,1.540000000000e+01,7.179839946270e-01
4.400000000000e+00,1.560000000000e+01,7.117202908691e-01
4.400000000000e+00,1.580000000000e+01,7.055661281268e-01
4.400000000000e+00,1.600000000000e+01,6.995184833476e-01
4.600000000000e+00,3.000000000000e+00,3.463464465635e+00
4.600000000000e+00,3.200000000000e+00,2.923460638082e+00
4.600000000000e+00,3.400000000000e+00,2.557487483550e+00
4.600000000000e+00,3.600000000000e+00,2.297253835213e+00
4.600000000000e+00,3.800000000000e+00,2.104249166533e+00
4.600000000000e+00,4.000000000000e+00,1.956180304826e+00
4.600000000000e+00,4.200000000000e+00,1.839052535937e+00
4.600000000000e+00,4.400000000000e+00,1.744264099931e+00
4.600000000000e+00,4.600000000000e+00,1.665527194501e+00
4.600000000000e+00,4.800000000000e+00,1.599119422753e+00
4.600000000000e+00,5.000000000000e+00,1.542199378676e+00
4.600000000000e+00,5.200000000000e+00,1.492528793387e+00
4.600000000000e+00,5.400000000000e+00,1.448684309345e+00
4.600000000000e+00,5.600000000000e+00,1.409618961156e+00
4.600000000000e+00,5.800000000000e+00,1.374460800707e+00
4.600000000000e+00,6.000000000000e+00,1.342507414614e+00
4.600000000000e+00,6.200000000000e+00,1.313117864615e+00
4.600000000000e+00,6.400000000000e+00,1.286029354116e+00
4.600000000000e+00,6.600000000000e+00,1.260904763752e+00
4.600000000000e+00,6.800000000000e+00,1.237471127733e+00
4.600000000000e+00,7.000000000000e+00,1.215505367694e+00
4.600000000000e+00,7.200000000000e+00,1.194823606043e+00
4.600000000000e+00,7.400000000000e+00,1.175201057026e+00
4.600000000000e+00,7.600000000000e+00,1.156548688262e+00
4.600000000000e+00,7.800000000000e+00,1.138798655916e+00
4.600000000000e+00,8.000000000000e+00,1.121858901714e+00
4.600000000000e+00,8.200000000000e+00,1.105650814662e+00
4.600000000000e+00,8.400000000000e+00,1.090106868338e+00
4.600000000000e+00,8.600000000000e+00,1.075168730108e+00
4.600000000000e+00,8.800000000000e+00,1.060785737469e+00
4.600000000000e+00,9.000000000000e+00,1.046913662272e+00
4.600000000000e+00,9.200000000000e+00,1.033513702328e+00
4.600000000000e+00,9.400000000000e+00,1.020527331148e+00
4.600000000000e+00,9.600000000000e+00,1.007911411225e+00
4.600000000000e+00,9.800000000000e+00,9.956793933778e-01
4.600000000000e+00,1.000000000000e+01,9.838070119008e-01
4.600000000000e+00,1.020000000000e+01,9.722725010915e-01
4.600000000000e+00,1.040000000000e+01,9.610562610641e-01
4.600000000000e+00,1.060000000000e+01,9.501405755820e-01
4.600000000000e+00,1.080000000000e+01,9.395093728597e-01
4.600000000000e+00,1.100000000000e+01,9.291480220161e-01
4.600000000000e+00,1.120000000000e+01,9.190431592272e-01
4.600000000000e+00,1.140000000000e+01,9.091825387179e-01
4.600000000000e+00,1.160000000000e+01,8.995549046077e-01
4.600000000000e+00,1.180000000000e+01,8.901498803260e-01
4.600000000000e+00,1.200000000000e+01,8.809578728828e-01
4.600000000000e+00,1.220000000000e+01,8.719699897397e-01
4.600000000000e+00,1.240000000000e+01,8.631779664059e-01
4.600000000000e+00,1.260000000000e+01,8.545741031876e-01
4.600000000000e+00,1.280000000000e+01,8.461512097753e-01
4.600000000000e+00,1.300000000000e+01,8.379025565610e-01
4.600000000000e+00,1.320000000000e+01,8.297964347791e-01
4.600000000000e+00,1.340000000000e+01,8.218497622341e-01
4.600000000000e+00,1.360000000000e+01,8.140606461782e-01
4.600000000000e+00,1.380000000000e+01,8.064237648684e-01
4.600000000000e+00,1.400000000000e+01,7.989340896145e-01
4.600000000000e+00,1.420000000000e+01,7.915868608988e-01
4.600000000000e+00,1.440000000000e+01,7.843775670116e-01
4.600000000000e+00,1.460000000000e+01,7.773019248885e-01
4.600000000000e+00,1.480000000000e+01,7.703558628847e-01
4.600000000000e+00,1.500000000000e+01,7.635355052540e-01
4.600000000000e+00,1.520000000000e+01,7.568371581308e-01
4.600000000000e+00,1.540000000000e+01,7.502572968446e-01
4.600000000000e+00,1.560000000000e+01,7.437925544113e-01
4.600000000000e+00,1.580000000000e+01,7.374397110742e-01
4.600000000000e+00,1.600000000000e+01,7.311956847750e-01
4.800000000000e+00,3.000000000000e+00,inf
4.800000000000e+00,3.200000000000e+00,3.152864321395e+00
4.800000000000e+00,3.400000000000e+00,2.735654301112e+00
4.800000000000e+00,3.600000000000e+00,2.441710357612e+00
4.800000000000e+00,3.800000000000e+00,2.225524988720e+00
4.800000000000e+00,4.000000000000e+00,2.060925191598e+00
4.800000000000e+00,4.200000000000e+00,1.931625742221e+00
4.800000000000e+00,4.400000000000e+00,1.827641673504e+00
4.800000000000e+00,4.600000000000e+00,1.741781870548e+00
4.800000000000e+00,4.800000000000e+00,1.669753988414e+00
4.800000000000e+00,5.000000000000e+00,1.608321954713e+00
4.800000000000e+00,5.200000000000e+00,1.554966624550e+00
4.800000000000e+00,5.400000000000e+00,1.508073504665e+00
4.800000000000e+00,5.600000000000e+00,1.466456552270e+00
4.800000000000e+00,5.800000000000e+00,1.429138668172e+00
4.800000000000e+00,6.000000000000e+00,1.395337029322e+00
4.800000000000e+00,6.200000000000e+00,1.364348022734e+00
4.800000000000e+00,6.400000000000e+00,1.335866351993e+00
4.800000000000e+00,6.600000000000e+00,1.309518216810e+00
4.800000000000e+00,6.800000000000e+00,1.285001606995e+00
4.800000000000e+00,7.000000000000e+00,1.262070217181e+00
4.800000000000e+00,7.200000000000e+00,1.240521427483e+00
4.800000000000e+00,7.400000000000e+00,1.220112660104e+00
4.800000000000e+00,7.600000000000e+00,1.200744512800e+00
4.800000000000e+00,7.800000000000e+00,1.182339436266e+00
4.800000000000e+00,8.000000000000e+00,1.164796788298e+00
4.800000000000e+00,8.200000000000e+00,1.148030792170e+00
4.800000000000e+00,8.400000000000e+00,1.131967908725e+00
4.800000000000e+00,8.600000000000e+00,1.116544736113e+00
4.800000000000e+00,8.800000000000e+00,1.101706319388e+00
4.800000000000e+00,9.000000000000e+00,1.087404781014e+00
4.800000000000e+00,9.200000000000e+00,1.073598204512e+00
4.800000000000e+00,9.400000000000e+00,1.060224311969e+00
4.800000000000e+00,9.600000000000e+00,1.047238038312e+00
4.800000000000e+00,9.800000000000e+00,1.034651652238e+00
4.800000000000e+00,1.000000000000e+01,1.022439176512e+00
4.800000000000e+00,1.020000000000e+01,1.010577362392e+00
4.800000000000e+00,1.040000000000e+01,9.990453216570e-01
4.800000000000e+00,1.060000000000e+01,9.878242161645e-01
4.800000000000e+00,1.080000000000e+01,9.768969948857e-01
4.800000000000e+00,1.100000000000e+01,9.662481703171e-01
4.800000000000e+00,1.120000000000e+01,9.558636276728e-01
4.800000000000e+00,1.140000000000e+01,9.457304614751e-01
4.800000000000e+00,1.160000000000e+01,9.358368351383e-01
4.800000000000e+00,1.180000000000e+01,9.261718599115e-01
4.800000000000e+00,1.200000000000e+01,9.167254901828e-01
4.800000000000e+00,1.220000000000e+01,9.074884326533e-01
4.800000000000e+00,1.240000000000e+01,8.984520673104e-01
4.800000000000e+00,1.260000000000e+01,8.896083784656e-01
4.800000000000e+00,1.280000000000e+01,8.809498944074e-01
4.800000000000e+00,1.300000000000e+01,8.724696344448e-01
4.800000000000e+00,1.320000000000e+01,8.641346526033e-01
4.800000000000e+00,1.340000000000e+01,8.559627558801e-01
4.800000000000e+00,1.360000000000e+01,8.479518204554e-01
4.800000000000e+00,1.380000000000e+01,8.400963613316e-01
4.800000000000e+00,1.400000000000e+01,8.323912026201e-01
4.800000000000e+00,1.420000000000e+01,8.248314517901e-01
4.800000000000e+00,1.440000000000e+01,8.174124766626e-01
4.800000000000e+00,1.460000000000e+01,8.101298848111e-01
4.800000000000e+00,1.480000000000e+01,8.029795050739e-01
4.800000000000e+00,1.500000000000e+01,7.959573709231e-01
4.800000000000e+00,1.520000000000e+01,7.890597054722e-01
4.800000000000e+00,1.540000000000e+01,7.822829079297e-01
4.800000000000e+00,1.560000000000e+01,7.756235413338e-01
4.800000000000e+00,1.580000000000e+01,7.690783214242e-01
4.800000000000e+00,1.600000000000e+01,7.626441065225e-01
5.000000000000e+00,3.000000000000e+00,inf
5.000000000000e+00,3.200000000000e+00,3.400068518962e+00
5.000000000000e+00,3.400000000000e+00,2.925457729157e+00
5.000000000000e+00,3.600000000000e+00,2.594058819186e+00
5.000000000000e+00,3.800000000000e+00,2.352306158902e+00
5.000000000000e+00,4.000000000000e+00,2.169592085777e+00
5.000000000000e+00,4.200000000000e+00,2.027032853238e+00
5.000000000000e+00,4.400000000000e+00,1.913082743132e+00
5.000000000000e+00,4.600000000000e+00,1.819539717411e+00
5.000000000000e+00,4.800000000000e+00,1.741474917886e+00
5.000000000000e+00,5.000000000000e+00,1.675214710204e+00
5.000000000000e+00,5.200000000000e+00,1.617930690267e+00
5.000000000000e+00,5.400000000000e+00,1.567797932458e+00
5.000000000000e+00,5.600000000000e+00,1.523478071816e+00
5.000000000000e+00,5.800000000000e+00,1.483879396139e+00
5.000000000000e+00,6.000000000000e+00,1.448131898902e+00
5.000000000000e+00,6.200000000000e+00,1.415464182075e+00
5.000000000000e+00,6.400000000000e+00,1.385524740030e+00
5.000000000000e+00,6.600000000000e+00,1.357900234850e+00
5.000000000000e+00,6.800000000000e+00,1.332257412324e+00
5.000000000000e+00,7.000000000000e+00,1.308325023976e+00
5.000000000000e+00,7.200000000000e+00,1.285880352360e+00
5.000000000000e+00,7.400000000000e+00,1.264662013190e+00
5.000000000000e+00,7.600000000000e+00,1.244559280571e+00
5.000000000000e+00,7.800000000000e+00,1.225484203037e+00
5.000000000000e+00,8.000000000000e+00,1.207326968291e+00
5.000000000000e+00,8.200000000000e+00,1.189994148215e+00
5.000000000000e+00,8.400000000000e+00,1.173405785539e+00
5.000000000000e+00,8.600000000000e+00,1.157493068556e+00
5.000000000000e+00,8.800000000000e+00,1.142196461871e+00
5.000000000000e+00,9.000000000000e+00,1.127464193709e+00
5.000000000000e+00,9.200000000000e+00,1.113251024085e+00
5.000000000000e+00,9.400000000000e+00,1.099490773342e+00
5.000000000000e+00,9.600000000000e+00,1.086136279940e+00
5.000000000000e+00,9.800000000000e+00,1.073198480432e+00
5.000000000000e+00,1.000000000000e+01,1.060649569711e+00
5.000000000000e+00,1.020000000000e+01,1.048464714767e+00
5.000000000000e+00,1.040000000000e+01,1.036621650749e+00
5.000000000000e+00,1.060000000000e+01,1.025100340416e+00
5.000000000000e+00,1.080000000000e+01,1.013882685894e+00
5.000000000000e+00,1.100000000000e+01,1.002952283752e+00
5.000000000000e+00,1.120000000000e+01,9.922942161550e-01
5.000000000000e+00,1.140000000000e+01,9.818948721198e-01
5.000000000000e+00,1.160000000000e+01,9.717417940508e-01
5.000000000000e+00,1.180000000000e+01,9.618235455295e-01
5.000000000000e+00,1.200000000000e+01,9.521295970672e-01
5.000000000000e+00,1.220000000000e+01,9.426502270758e-01
5.000000000000e+00,1.240000000000e+01,9.333764357791e-01
5.000000000000e+00,1.260000000000e+01,9.242998701576e-01
5.000000000000e+00,1.280000000000e+01,9.154127583310e-01
5.000000000000e+00,1.300000000000e+01,9.067078520373e-01
5.000000000000e+00,1.320000000000e+01,8.981509731386e-01
5.000000000000e+00,1.340000000000e+01,8.897607876954e-01
5.000000000000e+00,1.360000000000e+01,8.815349266217e-01
5.000000000000e+00,1.380000000000e+01,8.734677320393e-01
5.000000000000e+00,1.400000000000e+01,8.655538725037e-01
5.000000000000e+00,1.420000000000e+01,8.577883152407e-01
5.000000000000e+00,1.440000000000e+01,8.501663013790e-01
5.000000000000e+00,1.460000000000e+01,8.426833238031e-01
5.000000000000e+00,1.480000000000e+01,8.353351073065e-01
5.000000000000e+00,1.500000000000e+01,8.281175907655e-01
5.000000000000e+00,1.520000000000e+01,8.210269110930e-01
5.000000000000e+00,1.540000000000e+01,8.140593887639e-01
5.000000000000e+00,1.560000000000e+01,8.072115147305e-01
5.000000000000e+00,1.580000000000e+01,8.004799385696e-01
5.000000000000e+00,1.600000000000e+01,7.938614577239e-01
5.200000000000e+00,3.000000000000e+00,inf
5.200000000000e+00,3.200000000000e+00,3.666695172884e+00
5.200000000000e+00,3.400000000000e+00,3.127887042321e+00
5.200000000000e+00,3.600000000000e+00,2.754937198870e+00
5.200000000000e+00,3.800000000000e+00,2.485024817375e+00
5.200000000000e+00,4.000000000000e+00,2.282487186454e+00
5.200000000000e+00,4.200000000000e+00,2.125500105686e+00
5.200000000000e+00,4.400000000000e+00,2.000761094530e+00
5.200000000000e+00,4.600000000000e+00,1.898939012850e+00
5.200000000000e+00,4.800000000000e+00,1.814395780493e+00
5.200000000000e+00,5.000000000000e+00,1.742973530931e+00
5.200000000000e+00,5.200000000000e+00,1.681503851019e+00
5.200000000000e+00,5.400000000000e+00,1.627930612271e+00
5.200000000000e+00,5.600000000000e+00,1.580748902691e+00
5.200000000000e+00,5.800000000000e+00,1.538742285326e+00
5.200000000000e+00,6.000000000000e+00,1.500946350173e+00
5.200000000000e+00,6.200000000000e+00,1.466516506493e+00
5.200000000000e+00,6.400000000000e+00,1.435051123532e+00
5.200000000000e+00,6.600000000000e+00,1.406094320837e+00
5.200000000000e+00,6.800000000000e+00,1.379279294868e+00
5.200000000000e+00,7.000000000000e+00,1.354308061728e+00
5.200000000000e+00,7.200000000000e+00,1.330936395630e+00
5.200000000000e+00,7.400000000000e+00,1.308883044614e+00
5.200000000000e+00,7.600000000000e+00,1.288024980972e+00
5.200000000000e+00,7.800000000000e+00,1.268263132050e+00
5.200000000000e+00,8.000000000000e+00,1.249477912036e+00
5.200000000000e+00,8.200000000000e+00,1.231567742503e+00
5.200000000000e+00,8.400000000000e+00,1.214445832392e+00
5.200000000000e+00,8.600000000000e+00,1.198037611372e+00
5.200000000000e+00,8.800000000000e+00,1.182278669094e+00
5.200000000000e+00,9.000000000000e+00,1.167113089382e+00
5.200000000000e+00,9.200000000000e+00,1.152492095137e+00
5.200000000000e+00,9.400000000000e+00,1.138345449958e+00
5.200000000000e+00,9.600000000000e+00,1.124623722575e+00
5.200000000000e+00,9.800000000000e+00,1.111336366973e+00
5.200000000000e+00,1.000000000000e+01,1.098453631321e+00
5.200000000000e+00,1.020000000000e+01,1.085948994833e+00
5.200000000000e+00,1.040000000000e+01,1.073798725636e+00
5.200000000000e+00,1.060000000000e+01,1.061981508263e+00
5.200000000000e+00,1.080000000000e+01,1.050478128572e+00
5.200000000000e+00,1.100000000000e+01,1.039271206192e+00
5.200000000000e+00,1.120000000000e+01,1.028344966517e+00
5.200000000000e+00,1.140000000000e+01,1.017685045711e+00
5.200000000000e+00,1.160000000000e+01,1.007278323382e+00
5.200000000000e+00,1.180000000000e+01,9.971127785368e-01
5.200000000000e+00,1.200000000000e+01,9.871773651949e-01
5.200000000000e+00,1.220000000000e+01,9.774619046426e-01
5.200000000000e+00,1.240000000000e+01,9.679569918420e-01
5.200000000000e+00,1.260000000000e+01,9.586539138970e-01
5.200000000000e+00,1.280000000000e+01,9.495445788317e-01
5.200000000000e+00,1.300000000000e+01,9.406214532085e-01
5.200000000000e+00,1.320000000000e+01,9.318491304581e-01
5.200000000000e+00,1.340000000000e+01,9.232471041803e-01
5.200000000000e+00,1.360000000000e+01,9.148127455345e-01
5.200000000000e+00,1.380000000000e+01,9.065402131805e-01
5.200000000000e+00,1.400000000000e+01,8.984240108422e-01
5.200000000000e+00,1.420000000000e+01,8.904589573938e-01
5.200000000000e+00,1.440000000000e+01,8.826401602048e-01
5.200000000000e+00,1.460000000000e+01,8.749629913366e-01
5.200000000000e+00,1.480000000000e+01,8.674230662378e-01
5.200000000000e+00,1.500000000000e+01,8.600162246337e-01
5.200000000000e+00,1.520000000000e+01,8.527385133496e-01
5.200000000000e+00,1.540000000000e+01,8.455861708366e-01
5.200000000000e+00,1.560000000000e+01,8.385556132048e-01
5.200000000000e+00,1.580000000000e+01,8.316434215905e-01
5.200000000000e+00,1.600000000000e+01,8.248463307059e-01
5.400000000000e+00,3.000000000000e+00,inf
5.400000000000e+00,3.200000000000e+00,3.954485638138e+00
5.400000000000e+00,3.400000000000e+00,3.343993503021e+00
5.400000000000e+00,3.600000000000e+00,2.925017072869e+00
5.400000000000e+00,3.800000000000e+00,2.624131574238e+00
5.400000000000e+00,4.000000000000e+00,2.399926650431e+00
5.400000000000e+00,4.200000000000e+00,2.227258713545e+00
5.400000000000e+00,4.400000000000e+00,2.090852502706e+00
5.400000000000e+00,4.600000000000e+00,1.980118207785e+00
5.400000000000e+00,4.800000000000e+00,1.888629210881e+00
5.400000000000e+00,5.000000000000e+00,1.811692702454e+00
5.400000000000e+00,5.200000000000e+00,1.745766985012e+00
5.400000000000e+00,5.400000000000e+00,1.688542381576e+00
5.400000000000e+00,5.600000000000e+00,1.638332166237e+00
5.400000000000e+00,5.800000000000e+00,1.593784375226e+00
5.400000000000e+00,6.000000000000e+00,1.553832502661e+00
5.400000000000e+00,6.200000000000e+00,1.517553041803e+00
5.400000000000e+00,6.400000000000e+00,1.484490101599e+00
5.400000000000e+00,6.600000000000e+00,1.454142097363e+00
5.400000000000e+00,6.800000000000e+00,1.426106259151e+00
5.400000000000e+00,7.000000000000e+00,1.400055994840e+00
5.400000000000e+00,7.200000000000e+00,1.375724100968e+00
5.400000000000e+00,7.400000000000e+00,1.352808348089e+00
5.400000000000e+00,7.600000000000e+00,1.331172402496e+00
5.400000000000e+00,7.800000000000e+00,1.310705327674e+00
5.400000000000e+00,8.000000000000e+00,1.291277142872e+00
5.400000000000e+00,8.200000000000e+00,1.272777606724e+00
5.400000000000e+00,8.400000000000e+00,1.255112668134e+00
5.400000000000e+00,8.600000000000e+00,1.238201641134e+00
5.400000000000e+00,8.800000000000e+00,1.221974939382e+00
5.400000000000e+00,9.000000000000e+00,1.206372246917e+00
5.400000000000e+00,9.200000000000e+00,1.191341031634e+00
5.400000000000e+00,9.400000000000e+00,1.176806840775e+00
5.400000000000e+00,9.600000000000e+00,1.162717796303e+00
5.400000000000e+00,9.800000000000e+00,1.149081718710e+00
5.400000000000e+00,1.000000000000e+01,1.135866788295e+00
5.400000000000e+00,1.020000000000e+01,1.123044690955e+00
5.400000000000e+00,1.040000000000e+01,1.110590135552e+00
5.400000000000e+00,1.060000000000e+01,1.098480447564e+00
5.400000000000e+00,1.080000000000e+01,1.086695225577e+00
5.400000000000e+00,1.100000000000e+01,1.075216049775e+00
5.400000000000e+00,1.120000000000e+01,1.064026233666e+00
5.400000000000e+00,1.140000000000e+01,1.053110611872e+00
5.400000000000e+00,1.160000000000e+01,1.042455358140e+00
5.400000000000e+00,1.180000000000e+01,1.032047828776e+00
5.400000000000e+00,1.200000000000e+01,1.021876427512e+00
5.400000000000e+00,1.220000000000e+01,1.011930488541e+00
5.400000000000e+00,1.240000000000e+01,1.002200174975e+00
5.400000000000e+00,1.260000000000e+01,9.926763904447e-01
5.400000000000e+00,1.280000000000e+01,9.833507019358e-01
5.400000000000e+00,1.300000000000e+01,9.742152722536e-01
5.400000000000e+00,1.320000000000e+01,9.652334688830e-01
5.400000000000e+00,1.340000000000e+01,9.564255803110e-01
5.400000000000e+00,1.360000000000e+01,9.477887031858e-01
5.400000000000e+00,1.380000000000e+01,9.393168012753e-01
5.400000000000e+00,1.400000000000e+01,9.310042033798e-01
5.400000000000e+00,1.420000000000e+01,9.228455711270e-01
5.400000000000e+00,1.440000000000e+01,9.148358703062e-01
5.400000000000e+00,1.460000000000e+01,9.069703452958e-01
5.400000000000e+00,1.480000000000e+01,8.992444962019e-01
5.400000000000e+00,1.500000000000e+01,8.916540583758e-01
5.400000000000e+00,1.520000000000e+01,8.841949840257e-01
5.400000000000e+00,1.540000000000e+01,8.768634256733e-01
5.400000000000e+00,1.560000000000e+01,8.696557212406e-01
5.400000000000e+00,1.580000000000e+01,8.625683805792e-01
5.400000000000e+00,1.600000000000e+01,8.555980732787e-01
5.600000000000e+00,3.000000000000e+00,inf
5.600000000000e+00,3.200000000000e+00,4.265310731933e+00
5.600000000000e+00,3.400000000000e+00,3.574895129131e+00
5.600000000000e+00,3.600000000000e+00,3.105006213927e+00
5.600000000000e+00,3.800000000000e+00,2.770097128590e+00
5.600000000000e+00,4.000000000000e+00,2.522237716106e+00
5.600000000000e+00,4.200000000000e+00,2.332545713140e+00
5.600000000000e+00,4.400000000000e+00,2.183535403963e+00
5.600000000000e+00,4.600000000000e+00,2.063216480792e+00
5.600000000000e+00,4.800000000000e+00,1.964287377971e+00
5.600000000000e+00,5.000000000000e+00,1.881465312498e+00
5.600000000000e+00,5.200000000000e+00,1.810799335790e+00
5.600000000000e+00,5.400000000000e+00,1.749702196663e+00
5.600000000000e+00,5.600000000000e+00,1.696288982131e+00
5.600000000000e+00,5.800000000000e+00,1.649060667317e+00
5.600000000000e+00,6.000000000000e+00,1.606840458565e+00
5.600000000000e+00,6.200000000000e+00,1.568619875364e+00
5.600000000000e+00,6.400000000000e+00,1.533884398938e+00
5.600000000000e+00,6.600000000000e+00,1.502083413001e+00
5.600000000000e+00,6.800000000000e+00,1.472775646143e+00
5.600000000000e+00,7.000000000000e+00,1.445603940256e+00
5.600000000000e+00,7.200000000000e+00,1.420276583107e+00
5.600000000000e+00,7.400000000000e+00,1.396469207354e+00
5.600000000000e+00,7.600000000000e+00,1.374031141243e+00
5.600000000000e+00,7.800000000000e+00,1.352838816691e+00
5.600000000000e+00,8.000000000000e+00,1.332751217767e+00
5.600000000000e+00,8.200000000000e+00,1.313648913248e+00
5.600000000000e+00,8.400000000000e+00,1.295430154808e+00
5.600000000000e+00,8.600000000000e+00,1.278007775357e+00
5.600000000000e+00,8.800000000000e+00,1.261306704898e+00
5.600000000000e+00,9.000000000000e+00,1.245261967030e+00
5.600000000000e+00,9.200000000000e+00,1.229817052525e+00
5.600000000000e+00,9.400000000000e+00,1.214893128064e+00
5.600000000000e+00,9.600000000000e+00,1.200435688484e+00
5.600000000000e+00,9.800000000000e+00,1.186450769211e+00
5.600000000000e+00,1.000000000000e+01,1.172904359428e+00
5.600000000000e+00,1.020000000000e+01,1.159766244311e+00
5.600000000000e+00,1.040000000000e+01,1.147009479556e+00
5.600000000000e+00,1.060000000000e+01,1.134609949249e+00
5.600000000000e+00,1.080000000000e+01,1.122545992310e+00
5.600000000000e+00,1.100000000000e+01,1.110798085684e+00
5.600000000000e+00,1.120000000000e+01,1.099348574654e+00
5.600000000000e+00,1.140000000000e+01,1.088181442457e+00
5.600000000000e+00,1.160000000000e+01,1.077282112820e+00
5.600000000000e+00,1.180000000000e+01,1.066637280158e+00
5.600000000000e+00,1.200000000000e+01,1.056234763109e+00
5.600000000000e+00,1.220000000000e+01,1.046063377829e+00
5.600000000000e+00,1.240000000000e+01,1.036112828042e+00
5.600000000000e+00,1.260000000000e+01,1.026373609397e+00
5.600000000000e+00,1.280000000000e+01,1.016836926019e+00
5.600000000000e+00,1.300000000000e+01,1.007494617517e+00
5.600000000000e+00,1.320000000000e+01,9.983088267379e-01
5.600000000000e+00,1.340000000000e+01,9.893006035074e-01
5.600000000000e+00,1.360000000000e+01,9.804667549648e-01
5.600000000000e+00,1.380000000000e+01,9.718010378048e-01
5.600000000000e+00,1.400000000000e+01,9.632975950872e-01
5.600000000000e+00,1.420000000000e+01,9.549509215995e-01
5.600000000000e+00,1.440000000000e+01,9.467558330548e-01
5.600000000000e+00,1.460000000000e+01,9.387074386388e-01
5.600000000000e+00,1.480000000000e+01,9.308011164915e-01
5.600000000000e+00,1.500000000000e+01,9.230324917639e-01
5.600000000000e+00,1.520000000000e+01,9.153974169382e-01
5.600000000000e+00,1.540000000000e+01,9.078919541434e-01
5.600000000000e+00,1.560000000000e+01,9.005123592311e-01
5.600000000000e+00,1.580000000000e+01,8.932550674097e-01
5.600000000000e+00,1.600000000000e+01,8.861166802587e-01
5.800000000000e+00,3.000000000000e+00,inf
5.800000000000e+00,3.200000000000e+00,inf
5.800000000000e+00,3.400000000000e+00,3.821781731488e+00
5.800000000000e+00,3.600000000000e+00,3.295651246201e+00
5.800000000000e+00,3.800000000000e+00,2.923413868012e+00
5.800000000000e+00,4.000000000000e+00,2.649759784223e+00
5.800000000000e+00,4.200000000000e+00,2.441604760415e+00
5.800000000000e+00,4.400000000000e+00,2.278991522250e+00
5.800000000000e+00,4.600000000000e+00,2.148374251598e+00
5.800000000000e+00,4.800000000000e+00,2.041482418362e+00
5.800000000000e+00,5.000000000000e+00,1.952383623447e+00
5.800000000000e+00,5.200000000000e+00,1.876678835473e+00
5.800000000000e+00,5.400000000000e+00,1.811477414442e+00
5.800000000000e+00,5.600000000000e+00,1.754678714105e+00
5.800000000000e+00,5.800000000000e+00,1.704624338637e+00
5.800000000000e+00,6.000000000000e+00,1.660018487238e+00
5.800000000000e+00,6.200000000000e+00,1.619761293926e+00
5.800000000000e+00,6.400000000000e+00,1.583274999268e+00
5.800000000000e+00,6.600000000000e+00,1.549956453264e+00
5.800000000000e+00,6.800000000000e+00,1.519323223554e+00
5.800000000000e+00,7.000000000000e+00,1.490985538753e+00
5.800000000000e+00,7.200000000000e+00,1.464625581705e+00
5.800000000000e+00,7.400000000000e+00,1.439895634071e+00
5.800000000000e+00,7.600000000000e+00,1.416629624158e+00
5.800000000000e+00,7.800000000000e+00,1.394690558177e+00
5.800000000000e+00,8.000000000000e+00,1.373925725036e+00
5.800000000000e+00,8.200000000000e+00,1.354205961797e+00
5.800000000000e+00,8.400000000000e+00,1.335421374320e+00
5.800000000000e+00,8.600000000000e+00,1.317477940138e+00
5.800000000000e+00,8.800000000000e+00,1.300294791121e+00
5.800000000000e+00,9.000000000000e+00,1.283802024426e+00
5.800000000000e+00,9.200000000000e+00,1.267938927327e+00
5.800000000000e+00,9.400000000000e+00,1.252622117146e+00
5.800000000000e+00,9.600000000000e+00,1.237794278219e+00
5.800000000000e+00,9.800000000000e+00,1.223459508565e+00
5.800000000000e+00,1.000000000000e+01,1.209581481009e+00
5.800000000000e+00,1.020000000000e+01,1.196127970881e+00
5.800000000000e+00,1.040000000000e+01,1.183070285303e+00
5.800000000000e+00,1.060000000000e+01,1.170382783268e+00
5.800000000000e+00,1.080000000000e+01,1.158042470409e+00
5.800000000000e+00,1.100000000000e+01,1.146028655500e+00
5.800000000000e+00,1.120000000000e+01,1.134322658197e+00
5.800000000000e+00,1.140000000000e+01,1.122907559512e+00
5.800000000000e+00,1.160000000000e+01,1.111767988031e+00
5.800000000000e+00,1.180000000000e+01,1.100889936185e+00
5.800000000000e+00,1.200000000000e+01,1.090260601838e+00
5.800000000000e+00,1.220000000000e+01,1.079868251312e+00
5.800000000000e+00,1.240000000000e+01,1.069702100598e+00
5.800000000000e+00,1.260000000000e+01,1.059752212064e+00
5.800000000000e+00,1.280000000000e+01,1.050009404378e+00
5.800000000000e+00,1.300000000000e+01,1.040465173779e+00
5.800000000000e+00,1.320000000000e+01,1.031080438663e+00
5.800000000000e+00,1.340000000000e+01,1.021876975955e+00
5.800000000000e+00,1.360000000000e+01,1.012851288071e+00
5.800000000000e+00,1.380000000000e+01,1.003996911790e+00
5.800000000000e+00,1.400000000000e+01,9.953077929730e-01
5.800000000000e+00,1.420000000000e+01,9.867782493524e-01
5.800000000000e+00,1.440000000000e+01,9.784029374690e-01
5.800000000000e+00,1.460000000000e+01,9.701768232252e-01
5.800000000000e+00,1.480000000000e+01,9.620951556112e-01
5.800000000000e+00,1.500000000000e+01,9.541534432097e-01
5.800000000000e+00,1.520000000000e+01,9.463474331458e-01
5.800000000000e+00,1.540000000000e+01,9.386730921881e-01
5.800000000000e+00,1.560000000000e+01,9.311265897505e-01
5.800000000000e+00,1.580000000000e+01,9.237042825719e-01
5.800000000000e+00,1.600000000000e+01,9.164027008836e-01
6.000000000000e+00,3.000000000000e+00,inf
6.000000000000e+00,3.200000000000e+00,inf
6.000000000000e+00,3.400000000000e+00,4.085920273093e+00
6.000000000000e+00,3.600000000000e+00,3.497740384676e+00
6.000000000000e+00,3.800000000000e+00,3.084597465396e+00
6.000000000000e+00,4.000000000000e+00,2.782845466663e+00
6.000000000000e+00,4.200000000000e+00,2.554686888407e+00
6.000000000000e+00,4.400000000000e+00,2.377406455785e+00
6.000000000000e+00,4.600000000000e+00,2.235733657925e+00
6.000000000000e+00,4.800000000000e+00,2.120326837208e+00
6.000000000000e+00,5.000000000000e+00,2.024539416771e+00
6.000000000000e+00,5.200000000000e+00,1.943482404453e+00
6.000000000000e+00,5.400000000000e+00,1.873934055070e+00
6.000000000000e+00,5.600000000000e+00,1.813559200634e+00
6.000000000000e+00,5.800000000000e+00,1.760526944184e+00
6.000000000000e+00,6.000000000000e+00,1.713413202032e+00
6.000000000000e+00,6.200000000000e+00,1.671019937100e+00
6.000000000000e+00,6.400000000000e+00,1.632701277315e+00
6.000000000000e+00,6.600000000000e+00,1.597797852775e+00
6.000000000000e+00,6.800000000000e+00,1.565783279702e+00
6.000000000000e+00,7.000000000000e+00,1.536233031913e+00
6.000000000000e+00,7.200000000000e+00,1.508801522711e+00
6.000000000000e+00,7.400000000000e+00,1.483116414810e+00
6.000000000000e+00,7.600000000000e+00,1.458995142769e+00
6.000000000000e+00,7.800000000000e+00,1.436286465084e+00
6.000000000000e+00,8.000000000000e+00,1.414825294793e+00
6.000000000000e+00,8.200000000000e+00,1.394472179740e+00
6.000000000000e+00,8.400000000000e+00,1.375108619469e+00
6.000000000000e+00,8.600000000000e+00,1.356633352760e+00
6.000000000000e+00,8.800000000000e+00,1.338959391818e+00
6.000000000000e+00,9.000000000000e+00,1.322011635857e+00
6.000000000000e+00,9.200000000000e+00,1.305724937942e+00
6.000000000000e+00,9.400000000000e+00,1.290011192597e+00
6.000000000000e+00,9.600000000000e+00,1.274810087505e+00
6.000000000000e+00,9.800000000000e+00,1.260123629994e+00
6.000000000000e+00,1.000000000000e+01,1.245913049378e+00
6.000000000000e+00,1.020000000000e+01,1.232144000397e+00
6.000000000000e+00,1.040000000000e+01,1.218785944776e+00
6.000000000000e+00,1.060000000000e+01,1.205811631488e+00
6.000000000000e+00,1.080000000000e+01,1.193196658144e+00
6.000000000000e+00,1.100000000000e+01,1.180919099400e+00
6.000000000000e+00,1.120000000000e+01,1.168959190953e+00
6.000000000000e+00,1.140000000000e+01,1.157299059872e+00
6.000000000000e+00,1.160000000000e+01,1.145922493663e+00
6.000000000000e+00,1.180000000000e+01,1.134814741888e+00
6.000000000000e+00,1.200000000000e+01,1.123962345198e+00
6.000000000000e+00,1.220000000000e+01,1.113352987565e+00
6.000000000000e+00,1.240000000000e+01,1.102975368193e+00
6.000000000000e+00,1.260000000000e+01,1.092819090183e+00
6.000000000000e+00,1.280000000000e+01,1.082874563495e+00
6.000000000000e+00,1.300000000000e+01,1.073132920172e+00
6.000000000000e+00,1.320000000000e+01,1.063553853296e+00
6.000000000000e+00,1.340000000000e+01,1.054159832139e+00
6.000000000000e+00,1.360000000000e+01,1.044947038982e+00
6.000000000000e+00,1.380000000000e+01,1.035908777265e+00
6.000000000000e+00,1.400000000000e+01,1.027038783627e+00
6.000000000000e+00,1.420000000000e+01,1.018331187982e+00
6.000000000000e+00,1.440000000000e+01,1.009780478071e+00
6.000000000000e+00,1.460000000000e+01,1.001381467904e+00
6.000000000000e+00,1.480000000000e+01,9.931292696383e-01
6.000000000000e+00,1.500000000000e+01,9.850192684350e-01
6.000000000000e+00,1.520000000000e+01,9.770470999613e-01
6.000000000000e+00,1.540000000000e+01,9.692086302050e-01
6.000000000000e+00,1.560000000000e+01,9.614999373357e-01
6.000000000000e+00,1.580000000000e+01,9.539172953727e-01
6.000000000000e+00,1.600000000000e+01,9.464571594530e-01
6.200000000000e+00,3.000000000000e+00,inf
6.200000000000e+00,3.200000000000e+00,inf
6.200000000000e+00,3.400000000000e+00,4.368660599374e+00
6.200000000000e+00,3.600000000000e+00,3.712106286904e+00
6.200000000000e+00,3.800000000000e+00,3.254188489441e+00
6.200000000000e+00,4.000000000000e+00,2.921861613707e+00
6.200000000000e+00,4.200000000000e+00,2.672051232305e+00
6.200000000000e+00,4.400000000000e+00,2.478970229508e+00
6.200000000000e+00,4.600000000000e+00,2.325438999902e+00
6.200000000000e+00,4.800000000000e+00,2.200933879697e+00
6.200000000000e+00,5.000000000000e+00,2.098024311574e+00
6.200000000000e+00,5.200000000000e+00,2.011286228859e+00
6.200000000000e+00,5.400000000000e+00,1.937137045944e+00
6.200000000000e+00,5.600000000000e+00,1.872986970441e+00
6.200000000000e+00,5.800000000000e+00,1.816818607406e+00
6.200000000000e+00,6.000000000000e+00,1.767069728278e+00
6.200000000000e+00,6.200000000000e+00,1.722436944774e+00
6.200000000000e+00,6.400000000000e+00,1.682201127310e+00
6.200000000000e+00,6.600000000000e+00,1.645642806283e+00
6.200000000000e+00,6.800000000000e+00,1.612188718327e+00
6.200000000000e+00,7.000000000000e+00,1.581377341904e+00
6.200000000000e+00,7.200000000000e+00,1.552833584220e+00
6.200000000000e+00,7.400000000000e+00,1.526159164008e+00
6.200000000000e+00,7.600000000000e+00,1.501153894183e+00
6.200000000000e+00,7.800000000000e+00,1.477651434207e+00
6.200000000000e+00,8.000000000000e+00,1.455473618779e+00
6.200000000000e+00,8.200000000000e+00,1.434470132595e+00
6.200000000000e+00,8.400000000000e+00,1.414513395920e+00
6.200000000000e+00,8.600000000000e+00,1.395494515864e+00
6.200000000000e+00,8.800000000000e+00,1.377320056096e+00
6.200000000000e+00,9.000000000000e+00,1.359909440688e+00
6.200000000000e+00,9.200000000000e+00,1.343192853336e+00
6.200000000000e+00,9.400000000000e+00,1.327077287615e+00
6.200000000000e+00,9.600000000000e+00,1.311499245754e+00
6.200000000000e+00,9.800000000000e+00,1.296458490012e+00
6.200000000000e+00,1.000000000000e+01,1.281913677166e+00
6.200000000000e+00,1.020000000000e+01,1.267828229054e+00
6.200000000000e+00,1.040000000000e+01,1.254169663857e+00
6.200000000000e+00,1.060000000000e+01,1.240909034444e+00
6.200000000000e+00,1.080000000000e+01,1.228020454657e+00
6.200000000000e+00,1.100000000000e+01,1.215480698177e+00
6.200000000000e+00,1.120000000000e+01,1.203268857580e+00
6.200000000000e+00,1.140000000000e+01,1.191366053505e+00
6.200000000000e+00,1.160000000000e+01,1.179755185715e+00
6.200000000000e+00,1.180000000000e+01,1.168420719337e+00
6.200000000000e+00,1.200000000000e+01,1.157348500718e+00
6.200000000000e+00,1.220000000000e+01,1.146525598335e+00
6.200000000000e+00,1.240000000000e+01,1.135940164941e+00
6.200000000000e+00,1.260000000000e+01,1.125581317801e+00
6.200000000000e+00,1.280000000000e+01,1.115439034341e+00
6.200000000000e+00,1.300000000000e+01,1.105504061024e+00
6.200000000000e+00,1.320000000000e+01,1.095734863761e+00
6.200000000000e+00,1.340000000000e+01,1.086154569052e+00
6.200000000000e+00,1.360000000000e+01,1.076759023467e+00
6.200000000000e+00,1.380000000000e+01,1.067541283170e+00
6.200000000000e+00,1.400000000000e+01,1.058494863060e+00
6.200000000000e+00,1.420000000000e+01,1.049613693987e+00
6.200000000000e+00,1.440000000000e+01,1.040892084788e+00
6.200000000000e+00,1.460000000000e+01,1.032324688522e+00
6.200000000000e+00,1.480000000000e+01,1.023906472378e+00
6.200000000000e+00,1.500000000000e+01,1.015632690813e+00
6.200000000000e+00,1.520000000000e+01,1.007498861514e+00
6.200000000000e+00,1.540000000000e+01,9.995007438604e-01
6.200000000000e+00,1.560000000000e+01,9.916343195760e-01
6.200000000000e+00,1.580000000000e+01,9.838957753282e-01
6.200000000000e+00,1.600000000000e+01,9.762814870427e-01
6.400000000000e+00,3.000000000000e+00,inf
6.400000000000e+00,3.200000000000e+00,inf
6.400000000000e+00,3.400000000000e+00,4.671441586397e+00
6.400000000000e+00,3.600000000000e+00,3.939629043706e+00
6.400000000000e+00,3.800000000000e+00,3.432754044351e+00
6.400000000000e+00,4.000000000000e+00,3.067190329615e+00
6.400000000000e+00,4.200000000000e+00,2.793965728955e+00
6.400000000000e+00,4.400000000000e+00,2.583877818524e+00
6.400000000000e+00,4.600000000000e+00,2.417637156039e+00
6.400000000000e+00,4.800000000000e+00,2.283417876201e+00
6.400000000000e+00,5.000000000000e+00,2.172930059513e+00
6.400000000000e+00,5.200000000000e+00,2.080166017332e+00
6.400000000000e+00,5.400000000000e+00,2.001150447962e+00
6.400000000000e+00,5.600000000000e+00,1.933017443166e+00
6.400000000000e+00,5.800000000000e+00,1.873548198596e+00
6.400000000000e+00,6.000000000000e+00,1.821031861764e+00
6.400000000000e+00,6.200000000000e+00,1.774052097461e+00
6.400000000000e+00,6.400000000000e+00,1.731811086666e+00
6.400000000000e+00,6.600000000000e+00,1.693525176905e+00
6.400000000000e+00,6.800000000000e+00,1.658571152486e+00
6.400000000000e+00,7.000000000000e+00,1.626448152027e+00
6.400000000000e+00,7.200000000000e+00,1.596749764596e+00
6.400000000000e+00,7.400000000000e+00,1.569050380515e+00
6.400000000000e+00,7.600000000000e+00,1.543131026883e+00
6.400000000000e+00,7.800000000000e+00,1.518809382009e+00
6.400000000000e+00,8.000000000000e+00,1.495893476957e+00
6.400000000000e+00,8.200000000000e+00,1.474221542121e+00
6.400000000000e+00,8.400000000000e+00,1.453656432451e+00
6.400000000000e+00,8.600000000000e+00,1.434081220488e+00
6.400000000000e+00,8.800000000000e+00,1.415395684830e+00
6.400000000000e+00,9.000000000000e+00,1.397513491285e+00
6.400000000000e+00,9.200000000000e+00,1.380359914402e+00
6.400000000000e+00,9.400000000000e+00,1.363836863859e+00
6.400000000000e+00,9.600000000000e+00,1.347877465054e+00
6.400000000000e+00,9.800000000000e+00,1.332479079524e+00
6.400000000000e+00,1.000000000000e+01,1.317597660621e+00
6.400000000000e+00,1.020000000000e+01,1.303194283437e+00
6.400000000000e+00,1.040000000000e+01,1.289234423178e+00
6.400000000000e+00,1.060000000000e+01,1.275687349437e+00
6.400000000000e+00,1.080000000000e+01,1.262525615592e+00
6.400000000000e+00,1.100000000000e+01,1.249724626662e+00
6.400000000000e+00,1.120000000000e+01,1.237262272188e+00
6.400000000000e+00,1.140000000000e+01,1.225118613207e+00
6.400000000000e+00,1.160000000000e+01,1.213275614444e+00
6.400000000000e+00,1.180000000000e+01,1.201716914426e+00
6.400000000000e+00,1.200000000000e+01,1.190427627541e+00
6.400000000000e+00,1.220000000000e+01,1.179394173080e+00
6.400000000000e+00,1.240000000000e+01,1.168604127165e+00
6.400000000000e+00,1.260000000000e+01,1.158046094142e+00
6.400000000000e+00,1.280000000000e+01,1.147709594585e+00
6.400000000000e+00,1.300000000000e+01,1.137584967514e+00
6.400000000000e+00,1.320000000000e+01,1.127629448867e+00
6.400000000000e+00,1.340000000000e+01,1.117866787030e+00
6.400000000000e+00,1.360000000000e+01,1.108292477127e+00
6.400000000000e+00,1.380000000000e+01,1.098899313673e+00
6.400000000000e+00,1.400000000000e+01,1.089680576869e+00
6.400000000000e+00,1.420000000000e+01,1.080629986831e+00
6.400000000000e+00,1.440000000000e+01,1.071741662980e+00
6.400000000000e+00,1.460000000000e+01,1.063010087949e+00
6.400000000000e+00,1.480000000000e+01,1.054430075438e+00
6.400000000000e+00,1.500000000000e+01,1.045996741527e+00
6.400000000000e+00,1.520000000000e+01,1.037705479029e+00
6.400000000000e+00,1.540000000000e+01,1.029551934520e+00
6.400000000000e+00,1.560000000000e+01,1.021531987724e+00
6.400000000000e+00,1.580000000000e+01,1.013641732979e+00
6.400000000000e+00,1.600000000000e+01,1.005877462548e+00
6.600000000000e+00,3.000000000000e+00,inf
6.600000000000e+00,3.200000000000e+00,inf
6.600000000000e+00,3.400000000000e+00,4.995797751679e+00
6.600000000000e+00,3.600000000000e+00,4.181239334289e+00
6.600000000000e+00,3.800000000000e+00,3.620889453640e+00
6.600000000000e+00,4.000000000000e+00,3.219229985748e+00
6.600000000000e+00,4.200000000000e+00,2.920707797166e+00
6.600000000000e+00,4.400000000000e+00,2.692329647287e+00
6.600000000000e+00,4.600000000000e+00,2.512477974481e+00
6.600000000000e+00,4.800000000000e+00,2.367894564010e+00
6.600000000000e+00,5.000000000000e+00,2.249348818349e+00
6.600000000000e+00,5.200000000000e+00,2.150197238779e+00
6.600000000000e+00,5.400000000000e+00,2.066037665183e+00
6.600000000000e+00,5.600000000000e+00,1.993705115817e+00
6.600000000000e+00,5.800000000000e+00,1.930763501405e+00
6.600000000000e+00,6.000000000000e+00,1.875342217542e+00
6.600000000000e+00,6.200000000000e+00,1.825903949052e+00
6.600000000000e+00,6.400000000000e+00,1.781566453996e+00
6.600000000000e+00,6.600000000000e+00,1.741477600495e+00
6.600000000000e+00,6.800000000000e+00,1.704960996220e+00
6.600000000000e+00,7.000000000000e+00,1.671473986528e+00
6.600000000000e+00,7.200000000000e+00,1.640576951210e+00
6.600000000000e+00,7.400000000000e+00,1.611815505981e+00
6.600000000000e+00,7.600000000000e+00,1.584950689436e+00
6.600000000000e+00,7.800000000000e+00,1.559783284334e+00
6.600000000000e+00,8.000000000000e+00,1.536106768864e+00
6.600000000000e+00,8.200000000000e+00,1.513747309910e+00
6.600000000000e+00,8.400000000000e+00,1.492557697363e+00
6.600000000000e+00,8.600000000000e+00,1.472412555853e+00
6.600000000000e+00,8.800000000000e+00,1.453204534344e+00
6.600000000000e+00,9.000000000000e+00,1.434841251071e+00
6.600000000000e+00,9.200000000000e+00,1.417242826860e+00
6.600000000000e+00,9.400000000000e+00,1.400305899637e+00
6.600000000000e+00,9.600000000000e+00,1.383960024023e+00
6.600000000000e+00,9.800000000000e+00,1.368200003735e+00
6.600000000000e+00,1.000000000000e+01,1.352978955926e+00
6.600000000000e+00,1.020000000000e+01,1.338255493572e+00
6.600000000000e+00,1.040000000000e+01,1.323992948217e+00
6.600000000000e+00,1.060000000000e+01,1.310158717951e+00
6.600000000000e+00,1.080000000000e+01,1.296723718097e+00
6.600000000000e+00,1.100000000000e+01,1.283661916549e+00
6.600000000000e+00,1.120000000000e+01,1.270949939210e+00
6.600000000000e+00,1.140000000000e+01,1.258566733731e+00
6.600000000000e+00,1.160000000000e+01,1.246493281932e+00
6.600000000000e+00,1.180000000000e+01,1.234712353055e+00
6.600000000000e+00,1.200000000000e+01,1.223208291377e+00
6.600000000000e+00,1.220000000000e+01,1.211966832844e+00
6.600000000000e+00,1.240000000000e+01,1.200974946310e+00
6.600000000000e+00,1.260000000000e+01,1.190220695689e+00
6.600000000000e+00,1.280000000000e+01,1.179693119955e+00
6.600000000000e+00,1.300000000000e+01,1.169382128406e+00
6.600000000000e+00,1.320000000000e+01,1.159243723326e+00
6.600000000000e+00,1.340000000000e+01,1.149302239520e+00
6.600000000000e+00,1.360000000000e+01,1.139552804802e+00
6.600000000000e+00,1.380000000000e+01,1.129987937272e+00
6.600000000000e+00,1.400000000000e+01,1.120600669106e+00
6.600000000000e+00,1.420000000000e+01,1.111384497640e+00
6.600000000000e+00,1.440000000000e+01,1.102333342001e+00
6.600000000000e+00,1.460000000000e+01,1.093441504570e+00
6.600000000000e+00,1.480000000000e+01,1.084703636682e+00
6.600000000000e+00,1.500000000000e+01,1.076114708030e+00
6.600000000000e+00,1.520000000000e+01,1.067669979324e+00
6.600000000000e+00,1.540000000000e+01,1.059364977818e+00
6.600000000000e+00,1.560000000000e+01,1.051195475363e+00
6.600000000000e+00,1.580000000000e+01,1.043157468681e+00
6.600000000000e+00,1.600000000000e+01,1.035247161622e+00
6.800000000000e+00,3.000000000000e+00,inf
6.800000000000e+00,3.200000000000e+00,inf
6.800000000000e+00,3.400000000000e+00,inf
6.800000000000e+00,3.600000000000e+00,4.437921770020e+00
6.800000000000e+00,3.800000000000e+00,3.819220002307e+00
6.800000000000e+00,4.000000000000e+00,3.378396240012e+00
6.800000000000e+00,4.200000000000e+00,3.052565004694e+00
6.800000000000e+00,4.400000000000e+00,2.804532068875e+00
6.800000000000e+00,4.600000000000e+00,2.610114642950e+00
6.800000000000e+00,4.800000000000e+00,2.454481388404e+00
6.800000000000e+00,5.000000000000e+00,2.327373406316e+00
6.800000000000e+00,5.200000000000e+00,2.221455342771e+00
6.800000000000e+00,5.400000000000e+00,2.131861639097e+00
6.800000000000e+00,5.600000000000e+00,2.055103735824e+00
6.800000000000e+00,5.800000000000e+00,1.988511367894e+00
6.800000000000e+00,6.000000000000e+00,1.930042369154e+00
6.800000000000e+00,6.200000000000e+00,1.878029951777e+00
6.800000000000e+00,6.400000000000e+00,1.831501401020e+00
6.800000000000e+00,6.600000000000e+00,1.789531585469e+00
6.800000000000e+00,6.800000000000e+00,1.751387553119e+00
6.800000000000e+00,7.000000000000e+00,1.716482288627e+00
6.800000000000e+00,7.200000000000e+00,1.684340988602e+00
6.800000000000e+00,7.400000000000e+00,1.654478983765e+00
6.800000000000e+00,7.600000000000e+00,1.626636080724e+00
6.800000000000e+00,7.800000000000e+00,1.600595218515e+00
6.800000000000e+00,8.000000000000e+00,1.576134548146e+00
6.800000000000e+00,8.200000000000e+00,1.553067544868e+00
6.800000000000e+00,8.400000000000e+00,1.531236419417e+00
6.800000000000e+00,8.600000000000e+00,1.510506924208e+00
6.800000000000e+00,8.800000000000e+00,1.490764225622e+00
6.800000000000e+00,9.000000000000e+00,1.471909598540e+00
6.800000000000e+00,9.200000000000e+00,1.453857760474e+00
6.800000000000e+00,9.400000000000e+00,1.436499884712e+00
6.800000000000e+00,9.600000000000e+00,1.419761758556e+00
6.800000000000e+00,9.800000000000e+00,1.403635469167e+00
6.800000000000e+00,1.000000000000e+01,1.388071162809e+00
6.800000000000e+00,1.020000000000e+01,1.373024873427e+00
6.800000000000e+00,1.040000000000e+01,1.358457686961e+00
6.800000000000e+00,1.060000000000e+01,1.344335040739e+00
6.800000000000e+00,1.080000000000e+01,1.330626133571e+00
6.800000000000e+00,1.100000000000e+01,1.317303427021e+00
6.800000000000e+00,1.120000000000e+01,1.304342222118e+00
6.800000000000e+00,1.140000000000e+01,1.291720298769e+00
6.800000000000e+00,1.160000000000e+01,1.279417607517e+00
6.800000000000e+00,1.180000000000e+01,1.267416005166e+00
6.800000000000e+00,1.200000000000e+01,1.255699027294e+00
6.800000000000e+00,1.220000000000e+01,1.244251691935e+00
6.800000000000e+00,1.240000000000e+01,1.233060329645e+00
6.800000000000e+00,1.260000000000e+01,1.222112436013e+00
6.800000000000e+00,1.280000000000e+01,1.211396543304e+00
6.800000000000e+00,1.300000000000e+01,1.200902108458e+00
6.800000000000e+00,1.320000000000e+01,1.190583895574e+00
6.800000000000e+00,1.340000000000e+01,1.180466790405e+00
6.800000000000e+00,1.360000000000e+01,1.170545537464e+00
6.800000000000e+00,1.380000000000e+01,1.160812363341e+00
6.800000000000e+00,1.400000000000e+01,1.151260038524e+00
6.800000000000e+00,1.420000000000e+01,1.141881825205e+00
6.800000000000e+00,1.440000000000e+01,1.132671431017e+00
6.800000000000e+00,1.460000000000e+01,1.123622967954e+00
6.800000000000e+00,1.480000000000e+01,1.114730915802e+00
6.800000000000e+00,1.500000000000e+01,1.105990089555e+00
6.800000000000e+00,1.520000000000e+01,1.097395610294e+00
6.800000000000e+00,1.540000000000e+01,1.088942879145e+00
6.800000000000e+00,1.560000000000e+01,1.080627553929e+00
6.800000000000e+00,1.580000000000e+01,1.072445528190e+00
6.800000000000e+00,1.600000000000e+01,1.064392912341e+00
7.000000000000e+00,3.000000000000e+00,inf
7.000000000000e+00,3.200000000000e+00,inf
7.000000000000e+00,3.400000000000e+00,inf
7.000000000000e+00,3.600000000000e+00,4.710718449986e+00
7.000000000000e+00,3.800000000000e+00,4.028402751019e+00
7.000000000000e+00,4.000000000000e+00,3.545123070953e+00
7.000000000000e+00,4.200000000000e+00,3.189835727420e+00
7.000000000000e+00,4.400000000000e+00,2.920697828364e+00
7.000000000000e+00,4.600000000000e+00,2.710704040498e+00
7.000000000000e+00,4.800000000000e+00,2.543297785574e+00
7.000000000000e+00,5.000000000000e+00,2.407097539338e+00
7.000000000000e+00,5.200000000000e+00,2.294015964226e+00
7.000000000000e+00,5.400000000000e+00,2.198685028756e+00
7.000000000000e+00,5.600000000000e+00,2.117266461596e+00
7.000000000000e+00,5.800000000000e+00,2.046837862722e+00
7.000000000000e+00,6.000000000000e+00,1.985172978574e+00
7.000000000000e+00,6.200000000000e+00,1.930466573423e+00
7.000000000000e+00,6.400000000000e+00,1.881649078175e+00
7.000000000000e+00,6.600000000000e+00,1.837717607690e+00
7.000000000000e+00,6.800000000000e+00,1.797879101207e+00
7.000000000000e+00,7.000000000000e+00,1.761499496050e+00
7.000000000000e+00,7.200000000000e+00,1.728066745222e+00
7.000000000000e+00,7.400000000000e+00,1.697064317388e+00
7.000000000000e+00,7.600000000000e+00,1.668209500611e+00
7.000000000000e+00,7.800000000000e+00,1.641266406740e+00
7.000000000000e+00,8.000000000000e+00,1.615997059082e+00
7.000000000000e+00,8.200000000000e+00,1.592201593338e+00
7.000000000000e+00,8.400000000000e+00,1.569711111969e+00
7.000000000000e+00,8.600000000000e+00,1.548382059410e+00
7.000000000000e+00,8.800000000000e+00,1.528091757711e+00
7.000000000000e+00,9.000000000000e+00,1.508734835848e+00
7.000000000000e+00,9.200000000000e+00,1.490220353196e+00
7.000000000000e+00,9.400000000000e+00,1.472433820340e+00
7.000000000000e+00,9.600000000000e+00,1.455297058054e+00
7.000000000000e+00,9.800000000000e+00,1.438799276388e+00
7.000000000000e+00,1.000000000000e+01,1.422887514052e+00
7.000000000000e+00,1.020000000000e+01,1.407515107470e+00
7.000000000000e+00,1.040000000000e+01,1.392640793766e+00
7.000000000000e+00,1.060000000000e+01,1.378227959209e+00
7.000000000000e+00,1.080000000000e+01,1.364244006795e+00
7.000000000000e+00,1.100000000000e+01,1.350659821837e+00
7.000000000000e+00,1.120000000000e+01,1.337449318638e+00
7.000000000000e+00,1.140000000000e+01,1.324589054482e+00
7.000000000000e+00,1.160000000000e+01,1.312057899796e+00
7.000000000000e+00,1.180000000000e+01,1.299836755366e+00
7.000000000000e+00,1.200000000000e+01,1.287908309102e+00
7.000000000000e+00,1.220000000000e+01,1.276256826192e+00
7.000000000000e+00,1.240000000000e+01,1.264867967527e+00
7.000000000000e+00,1.260000000000e+01,1.253728632153e+00
7.000000000000e+00,1.280000000000e+01,1.242826820196e+00
7.000000000000e+00,1.300000000000e+01,1.232151513297e+00
7.000000000000e+00,1.320000000000e+01,1.221656232053e+00
7.000000000000e+00,1.340000000000e+01,1.211366377743e+00
7.000000000000e+00,1.360000000000e+01,1.201276295490e+00
7.000000000000e+00,1.380000000000e+01,1.191377904990e+00
7.000000000000e+00,1.400000000000e+01,1.181663701096e+00
7.000000000000e+00,1.420000000000e+01,1.172126698209e+00
7.000000000000e+00,1.440000000000e+01,1.162760380999e+00
7.000000000000e+00,1.460000000000e+01,1.153558660652e+00
7.000000000000e+00,1.480000000000e+01,1.144515835961e+00
7.000000000000e+00,1.500000000000e+01,1.135626558639e+00
7.000000000000e+00,1.520000000000e+01,1.126885802355e+00
7.000000000000e+00,1.540000000000e+01,1.118288835042e+00
7.000000000000e+00,1.560000000000e+01,1.109831194083e+00
7.000000000000e+00,1.580000000000e+01,1.101508664034e+00
7.000000000000e+00,1.600000000000e+01,1.093317256611e+00
7.200000000000e+00,3.000000000000e+00,inf
7.200000000000e+00,3.200000000000e+00,inf
7.200000000000e+00,3.400000000000e+00,inf
7.200000000000e+00,3.600000000000e+00,5.000732750315e+00
7.200000000000e+00,3.800000000000e+00,4.249128435369e+00
7.200000000000e+00,4.000000000000e+00,3.719863834466e+00
7.200000000000e+00,4.200000000000e+00,3.332829805891e+00
7.200000000000e+00,4.400000000000e+00,3.041046513991e+00
7.200000000000e+00,4.600000000000e+00,2.814407073939e+00
7.200000000000e+00,4.800000000000e+00,2.634465449717e+00
7.200000000000e+00,5.000000000000e+00,2.488616053007e+00
7.200000000000e+00,5.200000000000e+00,2.367955113915e+00
7.200000000000e+00,5.400000000000e+00,2.266570378009e+00
7.200000000000e+00,5.600000000000e+00,2.180246011515e+00
7.200000000000e+00,5.800000000000e+00,2.105788397143e+00
7.200000000000e+00,6.000000000000e+00,2.040773917316e+00
7.200000000000e+00,6.200000000000e+00,1.983249407005e+00
7.200000000000e+00,6.400000000000e+00,1.932041713929e+00
7.200000000000e+00,6.600000000000e+00,1.886065200238e+00
7.200000000000e+00,6.800000000000e+00,1.844462973833e+00
7.200000000000e+00,7.000000000000e+00,1.806551113578e+00
7.200000000000e+00,7.200000000000e+00,1.771778178144e+00
7.200000000000e+00,7.400000000000e+00,1.739594127852e+00
7.200000000000e+00,7.600000000000e+00,1.709692400282e+00
7.200000000000e+00,7.800000000000e+00,1.681817259816e+00
7.200000000000e+00,8.000000000000e+00,1.655713774162e+00
7.200000000000e+00,8.200000000000e+00,1.631168070873e+00
7.200000000000e+00,8.400000000000e+00,1.607999599310e+00
7.200000000000e+00,8.600000000000e+00,1.586055048165e+00
7.200000000000e+00,8.800000000000e+00,1.565203524214e+00
7.200000000000e+00,9.000000000000e+00,1.545332700892e+00
7.200000000000e+00,9.200000000000e+00,1.526345719121e+00
7.200000000000e+00,9.400000000000e+00,1.508122223410e+00
7.200000000000e+00,9.600000000000e+00,1.490579866018e+00
7.200000000000e+00,9.800000000000e+00,1.473704817330e+00
7.200000000000e+00,1.000000000000e+01,1.457440869783e+00
7.200000000000e+00,1.020000000000e+01,1.441738542169e+00
7.200000000000e+00,1.040000000000e+01,1.426554118285e+00
7.200000000000e+00,1.060000000000e+01,1.411848842009e+00
7.200000000000e+00,1.080000000000e+01,1.397588240356e+00
7.200000000000e+00,1.100000000000e+01,1.383741551774e+00
7.200000000000e+00,1.120000000000e+01,1.370281241400e+00
7.200000000000e+00,1.140000000000e+01,1.357182588508e+00
7.200000000000e+00,1.160000000000e+01,1.344423334135e+00
7.200000000000e+00,1.180000000000e+01,1.331983379085e+00
7.200000000000e+00,1.200000000000e+01,1.319844524277e+00
7.200000000000e+00,1.220000000000e+01,1.307990246803e+00
7.200000000000e+00,1.240000000000e+01,1.296405506223e+00
7.200000000000e+00,1.260000000000e+01,1.285076576531e+00
7.200000000000e+00,1.280000000000e+01,1.273990900018e+00
7.200000000000e+00,1.300000000000e+01,1.263136959822e+00
7.200000000000e+00,1.320000000000e+01,1.252467026959e+00
7.200000000000e+00,1.340000000000e+01,1.242006982949e+00
7.200000000000e+00,1.360000000000e+01,1.231750757347e+00
7.200000000000e+00,1.380000000000e+01,1.221689947316e+00
7.200000000000e+00,1.400000000000e+01,1.211816757887e+00
7.200000000000e+00,1.420000000000e+01,1.202123942778e+00
7.200000000000e+00,1.440000000000e+01,1.192604751980e+00
7.200000000000e+00,1.460000000000e+01,1.183252885226e+00
7.200000000000e+00,1.480000000000e+01,1.174062450626e+00
7.200000000000e+00,1.500000000000e+01,1.165027927802e+00
7.200000000000e+00,1.520000000000e+01,1.156144134997e+00
7.200000000000e+00,1.540000000000e+01,1.147406199661e+00
7.200000000000e+00,1.560000000000e+01,1.138809532107e+00
7.200000000000e+00,1.580000000000e+01,1.130349801877e+00
7.200000000000e+00,1.600000000000e+01,1.122022916507e+00
7.400000000000e+00,3.000000000000e+00,inf
7.400000000000e+00,3.200000000000e+00,inf
7.400000000000e+00,3.400000000000e+00,inf
7.400000000000e+00,3.600000000000e+00,5.309133368340e+00
7.400000000000e+00,3.800000000000e+00,4.482123462671e+00
7.400000000000e+00,4.000000000000e+00,3.903092350707e+00
7.400000000000e+00,4.200000000000e+00,3.481869204088e+00
7.400000000000e+00,4.400000000000e+00,3.165804999513e+00
7.400000000000e+00,4.600000000000e+00,2.921389001556e+00
7.400000000000e+00,4.800000000000e+00,2.728108586407e+00
7.400000000000e+00,5.000000000000e+00,2.572025111075e+00
7.400000000000e+00,5.200000000000e+00,2.443349356253e+00
7.400000000000e+00,5.400000000000e+00,2.335580271005e+00
7.400000000000e+00,5.600000000000e+00,2.244094802312e+00
7.400000000000e+00,5.800000000000e+00,2.165407853508e+00
7.400000000000e+00,6.000000000000e+00,2.096884379175e+00
7.400000000000e+00,6.200000000000e+00,2.036413273196e+00
7.400000000000e+00,6.400000000000e+00,1.982710707925e+00
7.400000000000e+00,6.600000000000e+00,1.934603038035e+00
7.400000000000e+00,6.800000000000e+00,1.891165636369e+00
7.400000000000e+00,7.000000000000e+00,1.851661782333e+00
7.400000000000e+00,7.200000000000e+00,1.815498395357e+00
7.400000000000e+00,7.400000000000e+00,1.782090209310e+00
7.400000000000e+00,7.600000000000e+00,1.751105431655e+00
7.400000000000e+00,7.800000000000e+00,1.722267420673e+00
7.400000000000e+00,8.000000000000e+00,1.695303432016e+00
7.400000000000e+00,8.200000000000e+00,1.669984894913e+00
7.400000000000e+00,8.400000000000e+00,1.646119044395e+00
7.400000000000e+00,8.600000000000e+00,1.623542353122e+00
7.400000000000e+00,8.800000000000e+00,1.602115332032e+00
7.400000000000e+00,9.000000000000e+00,1.581718381967e+00
7.400000000000e+00,9.200000000000e+00,1.562248459356e+00
7.400000000000e+00,9.400000000000e+00,1.543579133774e+00
7.400000000000e+00,9.600000000000e+00,1.525623684082e+00
7.400000000000e+00,9.800000000000e+00,1.508365076251e+00
7.400000000000e+00,1.000000000000e+01,1.491743715602e+00
7.400000000000e+00,1.020000000000e+01,1.475707181494e+00
7.400000000000e+00,1.040000000000e+01,1.460209198555e+00
7.400000000000e+00,1.060000000000e+01,1.445208775864e+00
7.400000000000e+00,1.080000000000e+01,1.430669483438e+00
7.400000000000e+00,1.100000000000e+01,1.416558841531e+00
7.400000000000e+00,1.120000000000e+01,1.402847803100e+00
7.400000000000e+00,1.140000000000e+01,1.389510313537e+00
7.400000000000e+00,1.160000000000e+01,1.376522934795e+00
7.400000000000e+00,1.180000000000e+01,1.363864523375e+00
7.400000000000e+00,1.200000000000e+01,1.351515953562e+00
7.400000000000e+00,1.220000000000e+01,1.339459878814e+00
7.400000000000e+00,1.240000000000e+01,1.327680525419e+00
7.400000000000e+00,1.260000000000e+01,1.316163513573e+00
7.400000000000e+00,1.280000000000e+01,1.304895701794e+00
7.400000000000e+00,1.300000000000e+01,1.293865051279e+00
7.400000000000e+00,1.320000000000e+01,1.283022576677e+00
7.400000000000e+00,1.340000000000e+01,1.272394604653e+00
7.400000000000e+00,1.360000000000e+01,1.261974632921e+00
7.400000000000e+00,1.380000000000e+01,1.251753920273e+00
7.400000000000e+00,1.400000000000e+01,1.241724367513e+00
7.400000000000e+00,1.420000000000e+01,1.231878454578e+00
7.400000000000e+00,1.440000000000e+01,1.222209184858e+00
7.400000000000e+00,1.460000000000e+01,1.212710035777e+00
7.400000000000e+00,1.480000000000e+01,1.203374914869e+00
7.400000000000e+00,1.500000000000e+01,1.194198120655e+00
7.400000000000e+00,1.520000000000e+01,1.185174307735e+00
7.400000000000e+00,1.540000000000e+01,1.176298455585e+00
7.400000000000e+00,1.560000000000e+01,1.167565840623e+00
7.400000000000e+00,1.580000000000e+01,1.158972011154e+00
7.400000000000e+00,1.600000000000e+01,1.150512764865e+00
7.600000000000e+00,3.000000000000e+00,inf
7.600000000000e+00,3.200000000000e+00,inf
7.600000000000e+00,3.400000000000e+00,inf
7.600000000000e+00,3.600000000000e+00,5.637158641842e+00
7.600000000000e+00,3.800000000000e+00,4.728152018188e+00
7.600000000000e+00,4.000000000000e+00,4.095304028498e+00
7.600000000000e+00,4.200000000000e+00,3.637288675056e+00
7.600000000000e+00,4.400000000000e+00,3.295207880960e+00
7.600000000000e+00,4.600000000000e+00,3.031819746482e+00
7.600000000000e+00,4.800000000000e+00,2.824354154181e+00
7.600000000000e+00,5.000000000000e+00,2.657422402057e+00
7.600000000000e+00,5.200000000000e+00,2.520275975703e+00
7.600000000000e+00,5.400000000000e+00,2.405777477095e+00
7.600000000000e+00,5.600000000000e+00,2.308865077729e+00
7.600000000000e+00,5.800000000000e+00,2.225740700997e+00
7.600000000000e+00,6.000000000000e+00,2.153542985160e+00
7.600000000000e+00,6.200000000000e+00,2.089992315896e+00
7.600000000000e+00,6.400000000000e+00,2.033686718186e+00
7.600000000000e+00,6.600000000000e+00,1.983359017415e+00
7.600000000000e+00,6.800000000000e+00,1.938012758707e+00
7.600000000000e+00,7.000000000000e+00,1.896855345636e+00
7.600000000000e+00,7.200000000000e+00,1.859249715382e+00
7.600000000000e+00,7.400000000000e+00,1.824573582765e+00
7.600000000000e+00,7.600000000000e+00,1.792468495468e+00
7.600000000000e+00,7.800000000000e+00,1.762635807135e+00
7.600000000000e+00,8.000000000000e+00,1.734784075154e+00
7.600000000000e+00,8.200000000000e+00,1.708669317769e+00
7.600000000000e+00,8.400000000000e+00,1.684085977343e+00
7.600000000000e+00,8.600000000000e+00,1.660859837138e+00
7.600000000000e+00,8.800000000000e+00,1.638842421651e+00
7.600000000000e+00,9.000000000000e+00,1.617906534332e+00
7.600000000000e+00,9.200000000000e+00,1.597942675075e+00
7.600000000000e+00,9.400000000000e+00,1.578818124029e+00
7.600000000000e+00,9.600000000000e+00,1.560441578728e+00
7.600000000000e+00,9.800000000000e+00,1.542792633606e+00
7.600000000000e+00,1.000000000000e+01,1.525808163791e+00
7.600000000000e+00,1.020000000000e+01,1.509432685663e+00
7.600000000000e+00,1.040000000000e+01,1.493617257451e+00
7.600000000000e+00,1.060000000000e+01,1.478318559929e+00
7.600000000000e+00,1.080000000000e+01,1.463498124210e+00
7.600000000000e+00,1.100000000000e+01,1.449121680321e+00
7.600000000000e+00,1.120000000000e+01,1.435158605439e+00
7.600000000000e+00,1.140000000000e+01,1.421581454723e+00
7.600000000000e+00,1.160000000000e+01,1.408365560948e+00
7.600000000000e+00,1.180000000000e+01,1.395488691645e+00
7.600000000000e+00,1.200000000000e+01,1.382930754526e+00
7.600000000000e+00,1.220000000000e+01,1.370673543606e+00
7.600000000000e+00,1.240000000000e+01,1.358700519733e+00
7.600000000000e+00,1.260000000000e+01,1.346996620327e+00
7.600000000000e+00,1.280000000000e+01,1.335548093988e+00
7.600000000000e+00,1.300000000000e+01,1.324342356346e+00
7.600000000000e+00,1.320000000000e+01,1.313329158206e+00
7.600000000000e+00,1.340000000000e+01,1.302535236519e+00
7.600000000000e+00,1.360000000000e+01,1.291953640819e+00
7.600000000000e+00,1.380000000000e+01,1.281575275494e+00
7.600000000000e+00,1.400000000000e+01,1.271391722542e+00
7.600000000000e+00,1.420000000000e+01,1.261395174842e+00
7.600000000000e+00,1.440000000000e+01,1.251578377082e+00
7.600000000000e+00,1.460000000000e+01,1.241934573340e+00
7.600000000000e+00,1.480000000000e+01,1.232457460511e+00
7.600000000000e+00,1.500000000000e+01,1.223141146824e+00
7.600000000000e+00,1.520000000000e+01,1.213980114843e+00
7.600000000000e+00,1.540000000000e+01,1.204969188409e+00
7.600000000000e+00,1.560000000000e+01,1.196103503045e+00
7.600000000000e+00,1.580000000000e+01,1.187378479426e+00
7.600000000000e+00,1.600000000000e+01,1.178789799548e+00
7.800000000000e+00,3.000000000000e+00,inf
7.800000000000e+00,3.200000000000e+00,inf
7.800000000000e+00,3.400000000000e+00,inf
7.800000000000e+00,3.600000000000e+00,5.986121163081e+00
7.800000000000e+00,3.800000000000e+00,4.988018292160e+00
7.800000000000e+00,4.000000000000e+00,4.297017034181e+00
7.800000000000e+00,4.200000000000e+00,3.799436437793e+00
7.800000000000e+00,4.400000000000e+00,3.429497910725e+00
7.800000000000e+00,4.600000000000e+00,3.145874201946e+00
7.800000000000e+00,4.800000000000e+00,2.923332096082e+00
7.800000000000e+00,5.000000000000e+00,2.744907325411e+00
7.800000000000e+00,5.200000000000e+00,2.598813133050e+00
7.800000000000e+00,5.400000000000e+00,2.477225086163e+00
7.800000000000e+00,5.600000000000e+00,2.374609028322e+00
7.800000000000e+00,5.800000000000e+00,2.286831103283e+00
7.800000000000e+00,6.000000000000e+00,2.210787881157e+00
7.800000000000e+00,6.200000000000e+00,2.144020091326e+00
7.800000000000e+00,6.400000000000e+00,2.084999742639e+00
7.800000000000e+00,6.600000000000e+00,2.032360330779e+00
7.800000000000e+00,6.800000000000e+00,1.985029283571e+00
7.800000000000e+00,7.000000000000e+00,1.942154911403e+00
7.800000000000e+00,7.200000000000e+00,1.903053724081e+00
7.800000000000e+00,7.400000000000e+00,1.867064547576e+00
7.800000000000e+00,7.600000000000e+00,1.833800787754e+00
7.800000000000e+00,7.800000000000e+00,1.802940653618e+00
7.800000000000e+00,8.000000000000e+00,1.774173087133e+00
7.800000000000e+00,8.200000000000e+00,1.747237959483e+00
7.800000000000e+00,8.400000000000e+00,1.721916324220e+00
7.800000000000e+00,8.600000000000e+00,1.698022788216e+00
7.800000000000e+00,8.800000000000e+00,1.675399488443e+00
7.800000000000e+00,9.000000000000e+00,1.653911298079e+00
7.800000000000e+00,9.200000000000e+00,1.633441982176e+00
7.800000000000e+00,9.400000000000e+00,1.613852311156e+00
7.800000000000e+00,9.600000000000e+00,1.595046190087e+00
7.800000000000e+00,9.800000000000e+00,1.576999672183e+00
7.800000000000e+00,1.000000000000e+01,1.559645956980e+00
7.800000000000e+00,1.020000000000e+01,1.542926372501e+00
7.800000000000e+00,1.040000000000e+01,1.526789201905e+00
7.800000000000e+00,1.060000000000e+01,1.511188703005e+00
7.800000000000e+00,1.080000000000e+01,1.496084285200e+00
7.800000000000e+00,1.100000000000e+01,1.481439815528e+00
7.800000000000e+00,1.120000000000e+01,1.467223031195e+00
7.800000000000e+00,1.140000000000e+01,1.453405040298e+00
7.800000000000e+00,1.160000000000e+01,1.439959895942e+00
7.800000000000e+00,1.180000000000e+01,1.426864231687e+00
7.800000000000e+00,1.200000000000e+01,1.414096948450e+00
7.800000000000e+00,1.220000000000e+01,1.401638944753e+00
7.800000000000e+00,1.240000000000e+01,1.389472883607e+00
7.800000000000e+00,1.260000000000e+01,1.377582990484e+00
7.800000000000e+00,1.280000000000e+01,1.365954877743e+00
7.800000000000e+00,1.300000000000e+01,1.354575391637e+00
7.800000000000e+00,1.320000000000e+01,1.343393011008e+00
7.800000000000e+00,1.340000000000e+01,1.332434848507e+00
7.800000000000e+00,1.360000000000e+01,1.321693489075e+00
7.800000000000e+00,1.380000000000e+01,1.311159466515e+00
7.800000000000e+00,1.400000000000e+01,1.300824029282e+00
7.800000000000e+00,1.420000000000e+01,1.290679069767e+00
7.800000000000e+00,1.440000000000e+01,1.280717061701e+00
7.800000000000e+00,1.460000000000e+01,1.270931004633e+00
7.800000000000e+00,1.480000000000e+01,1.261314374596e+00
7.800000000000e+00,1.500000000000e+01,1.251861080183e+00
7.800000000000e+00,1.520000000000e+01,1.242565423384e+00
7.800000000000e+00,1.540000000000e+01,1.233422064588e+00
7.800000000000e+00,1.560000000000e+01,1.224425991273e+00
7.800000000000e+00,1.580000000000e+01,1.215572489937e+00
7.800000000000e+00,1.600000000000e+01,1.206857120901e+00
8.000000000000e+00,3.000000000000e+00,inf
8.000000000000e+00,3.200000000000e+00,inf
8.000000000000e+00,3.400000000000e+00,inf
8.000000000000e+00,3.600000000000e+00,inf
8.000000000000e+00,3.800000000000e+00,5.262568838483e+00
8.000000000000e+00,4.000000000000e+00,4.508773511590e+00
8.000000000000e+00,4.200000000000e+00,3.968674869599e+00
8.000000000000e+00,4.400000000000e+00,3.568926431834e+00
8.000000000000e+00,4.600000000000e+00,3.263732530433e+00
8.000000000000e+00,4.800000000000e+00,3.025175562761e+00
8.000000000000e+00,5.000000000000e+00,2.834581168619e+00
8.000000000000e+00,5.200000000000e+00,2.679040012644e+00
8.000000000000e+00,5.400000000000e+00,2.549986635362e+00
8.000000000000e+00,5.600000000000e+00,2.441378903235e+00
8.000000000000e+00,5.800000000000e+00,2.348723018786e+00
8.000000000000e+00,6.000000000000e+00,2.268656828861e+00
8.000000000000e+00,6.200000000000e+00,2.198529651093e+00
8.000000000000e+00,6.400000000000e+00,2.136679195281e+00
8.000000000000e+00,6.600000000000e+00,2.081633536560e+00
8.000000000000e+00,6.800000000000e+00,2.032239490780e+00
8.000000000000e+00,7.000000000000e+00,1.987582911085e+00
8.000000000000e+00,7.200000000000e+00,1.946931328592e+00
8.000000000000e+00,7.400000000000e+00,1.909582730633e+00
8.000000000000e+00,7.600000000000e+00,1.875120844503e+00
8.000000000000e+00,7.800000000000e+00,1.843199551494e+00
8.000000000000e+00,8.000000000000e+00,1.813487228827e+00
8.000000000000e+00,8.200000000000e+00,1.785706840217e+00
8.000000000000e+00,8.400000000000e+00,1.759625435737e+00
8.000000000000e+00,8.600000000000e+00,1.735045944693e+00
8.000000000000e+00,8.800000000000e+00,1.711800704541e+00
8.000000000000e+00,9.000000000000e+00,1.689746316874e+00
8.000000000000e+00,9.200000000000e+00,1.668759527061e+00
8.000000000000e+00,9.400000000000e+00,1.648694369509e+00
8.000000000000e+00,9.600000000000e+00,1.629449742306e+00
8.000000000000e+00,9.800000000000e+00,1.610997985017e+00
8.000000000000e+00,1.000000000000e+01,1.593268473753e+00
8.000000000000e+00,1.020000000000e+01,1.576199220889e+00
8.000000000000e+00,1.040000000000e+01,1.559735624332e+00
8.000000000000e+00,1.060000000000e+01,1.543829423097e+00
8.000000000000e+00,1.080000000000e+01,1.528437821109e+00
8.000000000000e+00,1.100000000000e+01,1.513522748900e+00
8.000000000000e+00,1.120000000000e+01,1.499050238914e+00
8.000000000000e+00,1.140000000000e+01,1.484989894867e+00
8.000000000000e+00,1.160000000000e+01,1.471314439308e+00
8.000000000000e+00,1.180000000000e+01,1.457999326497e+00
8.000000000000e+00,1.200000000000e+01,1.445022410057e+00
8.000000000000e+00,1.220000000000e+01,1.432363656728e+00
8.000000000000e+00,1.240000000000e+01,1.420004899090e+00
8.000000000000e+00,1.260000000000e+01,1.407929621314e+00
8.000000000000e+00,1.280000000000e+01,1.396122773021e+00
8.000000000000e+00,1.300000000000e+01,1.384570607137e+00
8.000000000000e+00,1.320000000000e+01,1.373220321795e+00
8.000000000000e+00,1.340000000000e+01,1.362099371059e+00
8.000000000000e+00,1.360000000000e+01,1.351199858805e+00
8.000000000000e+00,1.380000000000e+01,1.340511931937e+00
8.000000000000e+00,1.400000000000e+01,1.330026490499e+00
8.000000000000e+00,1.420000000000e+01,1.319735112832e+00
8.000000000000e+00,1.440000000000e+01,1.309629989329e+00
8.000000000000e+00,1.460000000000e+01,1.299703863690e+00
8.000000000000e+00,1.480000000000e+01,1.289949980736e+00
8.000000000000e+00,1.500000000000e+01,1.280362039954e+00
8.000000000000e+00,1.520000000000e+01,1.270934154081e+00
8.000000000000e+00,1.540000000000e+01,1.261660812110e+00
8.000000000000e+00,1.560000000000e+01,1.252536846192e+00
8.000000000000e+00,1.580000000000e+01,1.243557401973e+00
8.000000000000e+00,1.600000000000e+01,1.234717911979e+00
8.200000000000e+00,3.000000000000e+00,inf
8.200000000000e+00,3.200000000000e+00,inf
8.200000000000e+00,3.400000000000e+00,inf
8.200000000000e+00,3.600000000000e+00,inf
8.200000000000e+00,3.800000000000e+00,5.552695075481e+00
8.200000000000e+00,4.000000000000e+00,4.731140859522e+00
8.200000000000e+00,4.200000000000e+00,4.145381217921e+00
8.200000000000e+00,4.400000000000e+00,3.713753815005e+00
8.200000000000e+00,4.600000000000e+00,3.385580458627e+00
8.200000000000e+00,4.800000000000e+00,3.130021128616e+00
8.200000000000e+00,5.000000000000e+00,2.926547276388e+00
8.200000000000e+00,5.200000000000e+00,2.761036961680e+00
8.200000000000e+00,5.400000000000e+00,2.624126228122e+00
8.200000000000e+00,5.600000000000e+00,2.509227114688e+00
8.200000000000e+00,5.800000000000e+00,2.411460294178e+00
8.200000000000e+00,6.000000000000e+00,2.327187290520e+00
8.200000000000e+00,6.200000000000e+00,2.253553619628e+00
8.200000000000e+00,6.400000000000e+00,2.188753977306e+00
8.200000000000e+00,6.600000000000e+00,2.131204624709e+00
8.200000000000e+00,6.800000000000e+00,2.079667057586e+00
8.200000000000e+00,7.000000000000e+00,2.033161155223e+00
8.200000000000e+00,7.200000000000e+00,1.990902808394e+00
8.200000000000e+00,7.400000000000e+00,1.952147133169e+00
8.200000000000e+00,7.600000000000e+00,1.916446584409e+00
8.200000000000e+00,7.800000000000e+00,1.883429487974e+00
8.200000000000e+00,8.000000000000e+00,1.852742673624e+00
8.200000000000e+00,8.200000000000e+00,1.824091411935e+00
8.200000000000e+00,8.400000000000e+00,1.797228115581e+00
8.200000000000e+00,8.600000000000e+00,1.771943520389e+00
8.200000000000e+00,8.800000000000e+00,1.748059740959e+00
8.200000000000e+00,9.000000000000e+00,1.725424757210e+00
8.200000000000e+00,9.200000000000e+00,1.703908003173e+00
8.200000000000e+00,9.400000000000e+00,1.683356544794e+00
8.200000000000e+00,9.600000000000e+00,1.663664055096e+00
8.200000000000e+00,9.800000000000e+00,1.644798984650e+00
8.200000000000e+00,1.000000000000e+01,1.626686735761e+00
8.200000000000e+00,1.020000000000e+01,1.609261875864e+00
8.200000000000e+00,1.040000000000e+01,1.592466805858e+00
8.200000000000e+00,1.060000000000e+01,1.576250648875e+00
8.200000000000e+00,1.080000000000e+01,1.560568318624e+00
8.200000000000e+00,1.100000000000e+01,1.545379734830e+00
8.200000000000e+00,1.120000000000e+01,1.530649159765e+00
8.200000000000e+00,1.140000000000e+01,1.516344634943e+00
8.200000000000e+00,1.160000000000e+01,1.502437501065e+00
8.200000000000e+00,1.180000000000e+01,1.488901987436e+00
8.200000000000e+00,1.200000000000e+01,1.475714859612e+00
8.200000000000e+00,1.220000000000e+01,1.462855116041e+00
8.200000000000e+00,1.240000000000e+01,1.450303726077e+00
8.200000000000e+00,1.260000000000e+01,1.438043403067e+00
8.200000000000e+00,1.280000000000e+01,1.426058407258e+00
8.200000000000e+00,1.300000000000e+01,1.414334374150e+00
8.200000000000e+00,1.320000000000e+01,1.402817211832e+00
8.200000000000e+00,1.340000000000e+01,1.391534681820e+00
8.200000000000e+00,1.360000000000e+01,1.380478390392e+00
8.200000000000e+00,1.380000000000e+01,1.369638081122e+00
8.200000000000e+00,1.400000000000e+01,1.359004290669e+00
8.200000000000e+00,1.420000000000e+01,1.348568269649e+00
8.200000000000e+00,1.440000000000e+01,1.338321912624e+00
8.200000000000e+00,1.460000000000e+01,1.328257696017e+00
8.200000000000e+00,1.480000000000e+01,1.318368622974e+00
8.200000000000e+00,1.500000000000e+01,1.308648174291e+00
8.200000000000e+00,1.520000000000e+01,1.299090264668e+00
8.200000000000e+00,1.540000000000e+01,1.289689203640e+00
8.200000000000e+00,1.560000000000e+01,1.280439660633e+00
8.200000000000e+00,1.580000000000e+01,1.271336633657e+00
8.200000000000e+00,1.600000000000e+01,1.262375421205e+00
8.400000000000e+00,3.000000000000e+00,inf
8.400000000000e+00,3.200000000000e+00,inf
8.400000000000e+00,3.400000000000e+00,inf
8.400000000000e+00,3.600000000000e+00,inf
8.400000000000e+00,3.800000000000e+00,5.859335938822e+00
8.400000000000e+00,4.000000000000e+00,4.964713072792e+00
8.400000000000e+00,4.200000000000e+00,4.329948335523e+00
8.400000000000e+00,4.400000000000e+00,3.864249901056e+00
8.400000000000e+00,4.600000000000e+00,3.511609569913e+00
8.400000000000e+00,4.800000000000e+00,3.238009002294e+00
8.400000000000e+00,5.000000000000e+00,3.020911213058e+00
8.400000000000e+00,5.200000000000e+00,2.844885622414e+00
8.400000000000e+00,5.400000000000e+00,2.699708646257e+00
8.400000000000e+00,5.600000000000e+00,2.578206335885e+00
8.400000000000e+00,5.800000000000e+00,2.475086751719e+00
8.400000000000e+00,6.000000000000e+00,2.386416507971e+00
8.400000000000e+00,6.200000000000e+00,2.309124266416e+00
8.400000000000e+00,6.400000000000e+00,2.241252543516e+00
8.400000000000e+00,6.600000000000e+00,2.181099077968e+00
8.400000000000e+00,6.800000000000e+00,2.127335115286e+00
8.400000000000e+00,7.000000000000e+00,2.078910885753e+00
8.400000000000e+00,7.200000000000e+00,2.034987863560e+00
8.400000000000e+00,7.400000000000e+00,1.994776175165e+00
8.400000000000e+00,7.600000000000e+00,1.957795349633e+00
8.400000000000e+00,7.800000000000e+00,1.923646883387e+00
8.400000000000e+00,8.000000000000e+00,1.891955041383e+00
8.400000000000e+00,8.200000000000e+00,1.862406589174e+00
8.400000000000e+00,8.400000000000e+00,1.834738648157e+00
8.400000000000e+00,8.600000000000e+00,1.808729229455e+00
8.400000000000e+00,8.800000000000e+00,1.784189789683e+00
8.400000000000e+00,9.000000000000e+00,1.760959327875e+00
8.400000000000e+00,9.200000000000e+00,1.738899667975e+00
8.400000000000e+00,9.400000000000e+00,1.717850668678e+00
8.400000000000e+00,9.600000000000e+00,1.697700556115e+00
8.400000000000e+00,9.800000000000e+00,1.678413713403e+00
8.400000000000e+00,1.000000000000e+01,1.659911416005e+00
8.400000000000e+00,1.020000000000e+01,1.642124655031e+00
8.400000000000e+00,1.040000000000e+01,1.624992720968e+00
8.400000000000e+00,1.060000000000e+01,1.608462022675e+00
8.400000000000e+00,1.080000000000e+01,1.592485097875e+00
8.400000000000e+00,1.100000000000e+01,1.577019780374e+00
8.400000000000e+00,1.120000000000e+01,1.562028496206e+00
8.400000000000e+00,1.140000000000e+01,1.547477666351e+00
8.400000000000e+00,1.160000000000e+01,1.533337197956e+00
8.400000000000e+00,1.180000000000e+01,1.519580049379e+00
8.400000000000e+00,1.200000000000e+01,1.506181857068e+00
8.400000000000e+00,1.220000000000e+01,1.493120614438e+00
8.400000000000e+00,1.240000000000e+01,1.480376394639e+00
8.400000000000e+00,1.260000000000e+01,1.467931110513e+00
8.400000000000e+00,1.280000000000e+01,1.455768306149e+00
8.400000000000e+00,1.300000000000e+01,1.443872975407e+00
8.400000000000e+00,1.320000000000e+01,1.432189726421e+00
8.400000000000e+00,1.340000000000e+01,1.420746594542e+00
8.400000000000e+00,1.360000000000e+01,1.409534671855e+00
8.400000000000e+00,1.380000000000e+01,1.398543282081e+00
8.400000000000e+00,1.400000000000e+01,1.387762583419e+00
8.400000000000e+00,1.420000000000e+01,1.377183484998e+00
8.400000000000e+00,1.440000000000e+01,1.366797572958e+00
8.400000000000e+00,1.460000000000e+01,1.356597044926e+00
8.400000000000e+00,1.480000000000e+01,1.346574651815e+00
8.400000000000e+00,1.500000000000e+01,1.336723646050e+00
8.400000000000e+00,1.520000000000e+01,1.327037735409e+00
8.400000000000e+00,1.540000000000e+01,1.317511041815e+00
8.400000000000e+00,1.560000000000e+01,1.308138064475e+00
8.400000000000e+00,1.580000000000e+01,1.298913646872e+00
8.400000000000e+00,1.600000000000e+01,1.289832947136e+00
8.600000000000e+00,3.000000000000e+00,inf
8.600000000000e+00,3.200000000000e+00,inf
8.600000000000e+00,3.400000000000e+00,inf
8.600000000000e+00,3.600000000000e+00,inf
8.600000000000e+00,3.800000000000e+00,6.183480696406e+00
8.600000000000e+00,4.000000000000e+00,5.210112152731e+00
8.600000000000e+00,4.200000000000e+00,4.522785442704e+00
8.600000000000e+00,4.400000000000e+00,4.020694451029e+00
8.600000000000e+00,4.600000000000e+00,3.642017596102e+00
8.600000000000e+00,4.800000000000e+00,3.349283232826e+00
8.600000000000e+00,5.000000000000e+00,3.117780919241e+00
8.600000000000e+00,5.200000000000e+00,2.930669058196e+00
8.600000000000e+00,5.400000000000e+00,2.776799455898e+00
8.600000000000e+00,5.600000000000e+00,2.648369592984e+00
8.600000000000e+00,5.800000000000e+00,2.539646270990e+00
8.600000000000e+00,6.000000000000e+00,2.446381576473e+00
8.600000000000e+00,6.200000000000e+00,2.365273573429e+00
8.600000000000e+00,6.400000000000e+00,2.294202964354e+00
8.600000000000e+00,6.600000000000e+00,2.231341929184e+00
8.600000000000e+00,6.800000000000e+00,2.175266302283e+00
8.600000000000e+00,7.000000000000e+00,2.124852825155e+00
8.600000000000e+00,7.200000000000e+00,2.079205660275e+00
8.600000000000e+00,7.400000000000e+00,2.037487737411e+00
8.600000000000e+00,7.600000000000e+00,1.999183944573e+00
8.600000000000e+00,7.800000000000e+00,1.963867626815e+00
8.600000000000e+00,8.000000000000e+00,1.931139431065e+00
8.600000000000e+00,8.200000000000e+00,1.900666778812e+00
8.600000000000e+00,8.400000000000e+00,1.872170825595e+00
8.600000000000e+00,8.600000000000e+00,1.845416310748e+00
8.600000000000e+00,8.800000000000e+00,1.820203585536e+00
8.600000000000e+00,9.000000000000e+00,1.796362299416e+00
8.600000000000e+00,9.200000000000e+00,1.773746360133e+00
8.600000000000e+00,9.400000000000e+00,1.752188173815e+00
8.600000000000e+00,9.600000000000e+00,1.731570293916e+00
8.600000000000e+00,9.800000000000e+00,1.711852854374e+00
8.600000000000e+00,1.000000000000e+01,1.692952847988e+00
8.600000000000e+00,1.020000000000e+01,1.674797555973e+00
8.600000000000e+00,1.040000000000e+01,1.657323043273e+00
8.600000000000e+00,1.060000000000e+01,1.640472904723e+00
8.600000000000e+00,1.080000000000e+01,1.624197215211e+00
8.600000000000e+00,1.100000000000e+01,1.608451646658e+00
8.600000000000e+00,1.120000000000e+01,1.593196722125e+00
8.600000000000e+00,1.140000000000e+01,1.578397183182e+00
8.600000000000e+00,1.160000000000e+01,1.564021451288e+00
8.600000000000e+00,1.180000000000e+01,1.550041167520e+00
8.600000000000e+00,1.200000000000e+01,1.536430797899e+00
8.600000000000e+00,1.220000000000e+01,1.523167293844e+00
8.600000000000e+00,1.240000000000e+01,1.510229799136e+00
8.600000000000e+00,1.260000000000e+01,1.497599396272e+00
8.600000000000e+00,1.280000000000e+01,1.485258886273e+00
8.600000000000e+00,1.300000000000e+01,1.473192597027e+00
8.600000000000e+00,1.320000000000e+01,1.461343826252e+00
8.600000000000e+00,1.340000000000e+01,1.449740849868e+00
8.600000000000e+00,1.360000000000e+01,1.438374229116e+00
8.600000000000e+00,1.380000000000e+01,1.427232851257e+00
8.600000000000e+00,1.400000000000e+01,1.416306480878e+00
8.600000000000e+00,1.420000000000e+01,1.405585671774e+00
8.600000000000e+00,1.440000000000e+01,1.395061688999e+00
8.600000000000e+00,1.460000000000e+01,1.384726439780e+00
8.600000000000e+00,1.480000000000e+01,1.374572412164e+00
8.600000000000e+00,1.500000000000e+01,1.364592620442e+00
8.600000000000e+00,1.520000000000e+01,1.354780556507e+00
8.600000000000e+00,1.540000000000e+01,1.345130146426e+00
8.600000000000e+00,1.560000000000e+01,1.335635711616e+00
8.600000000000e+00,1.580000000000e+01,1.326291934058e+00
8.600000000000e+00,1.600000000000e+01,1.317093825097e+00
8.800000000000e+00,3.000000000000e+00,inf
8.800000000000e+00,3.200000000000e+00,inf
8.800000000000e+00,3.400000000000e+00,inf
8.800000000000e+00,3.600000000000e+00,inf
8.800000000000e+00,3.800000000000e+00,6.526171934856e+00
8.800000000000e+00,4.000000000000e+00,5.467989592706e+00
8.800000000000e+00,4.200000000000e+00,4.724318920070e+00
8.800000000000e+00,4.400000000000e+00,4.183377606354e+00
8.800000000000e+00,4.600000000000e+00,3.777008709928e+00
8.800000000000e+00,4.800000000000e+00,3.463991912524e+00
8.800000000000e+00,5.000000000000e+00,3.217266863600e+00
8.800000000000e+00,5.200000000000e+00,3.018471874086e+00
8.800000000000e+00,5.400000000000e+00,2.855465107935e+00
8.800000000000e+00,5.600000000000e+00,2.719770351715e+00
8.800000000000e+00,5.800000000000e+00,2.605182865532e+00
8.800000000000e+00,6.000000000000e+00,2.507119513749e+00
8.800000000000e+00,6.200000000000e+00,2.422033298121e+00
8.800000000000e+00,6.400000000000e+00,2.347632983867e+00
8.800000000000e+00,6.600000000000e+00,2.281957814913e+00
8.800000000000e+00,6.800000000000e+00,2.223482813815e+00
8.800000000000e+00,7.000000000000e+00,2.171007222640e+00
8.800000000000e+00,7.200000000000e+00,2.123574873703e+00
8.800000000000e+00,7.400000000000e+00,2.080299201262e+00
8.800000000000e+00,7.600000000000e+00,2.040628672658e+00
8.800000000000e+00,7.800000000000e+00,2.004107110055e+00
8.800000000000e+00,8.000000000000e+00,1.970310451980e+00
8.800000000000e+00,8.200000000000e+00,1.938885908705e+00
8.800000000000e+00,8.400000000000e+00,1.909537973905e+00
8.800000000000e+00,8.600000000000e+00,1.882017551596e+00
8.800000000000e+00,8.800000000000e+00,1.856113427649e+00
8.800000000000e+00,9.000000000000e+00,1.831645523429e+00
8.800000000000e+00,9.200000000000e+00,1.808459516717e+00
8.800000000000e+00,9.400000000000e+00,1.786380109042e+00
8.800000000000e+00,9.600000000000e+00,1.765283951259e+00
8.800000000000e+00,9.800000000000e+00,1.745126742941e+00
8.800000000000e+00,1.000000000000e+01,1.725821035510e+00
8.800000000000e+00,1.020000000000e+01,1.707290264426e+00
8.800000000000e+00,1.040000000000e+01,1.689467152157e+00
8.800000000000e+00,1.060000000000e+01,1.672292378339e+00
8.800000000000e+00,1.080000000000e+01,1.655713467048e+00
8.800000000000e+00,1.100000000000e+01,1.639683851459e+00
8.800000000000e+00,1.120000000000e+01,1.624162084212e+00
8.800000000000e+00,1.140000000000e+01,1.609111168038e+00
8.800000000000e+00,1.160000000000e+01,1.594497986126e+00
8.800000000000e+00,1.180000000000e+01,1.580292815583e+00
8.800000000000e+00,1.200000000000e+01,1.566468910397e+00
8.800000000000e+00,1.220000000000e+01,1.553002142797e+00
8.800000000000e+00,1.240000000000e+01,1.539870693847e+00
8.800000000000e+00,1.260000000000e+01,1.527054785708e+00
8.800000000000e+00,1.280000000000e+01,1.514536449291e+00
8.800000000000e+00,1.300000000000e+01,1.502299322074e+00
8.800000000000e+00,1.320000000000e+01,1.490285380366e+00
8.800000000000e+00,1.340000000000e+01,1.478523107746e+00
8.800000000000e+00,1.360000000000e+01,1.467002517904e+00
8.800000000000e+00,1.380000000000e+01,1.455712044964e+00
8.800000000000e+00,1.400000000000e+01,1.444641044678e+00
8.800000000000e+00,1.420000000000e+01,1.433779701593e+00
8.800000000000e+00,1.440000000000e+01,1.423118946947e+00
8.800000000000e+00,1.460000000000e+01,1.412650385897e+00
8.800000000000e+00,1.480000000000e+01,1.402366232923e+00
8.800000000000e+00,1.500000000000e+01,1.392259254354e+00
8.800000000000e+00,1.520000000000e+01,1.382322717162e+00
8.800000000000e+00,1.540000000000e+01,1.372550343254e+00
8.800000000000e+00,1.560000000000e+01,1.362936268601e+00
8.800000000000e+00,1.580000000000e+01,1.353475006639e+00
8.800000000000e+00,1.600000000000e+01,1.344161415440e+00
9.000000000000e+00,3.000000000000e+00,inf
9.000000000000e+00,3.200000000000e+00,inf
9.000000000000e+00,3.400000000000e+00,inf
9.000000000000e+00,3.600000000000e+00,inf
9.000000000000e+00,3.800000000000e+00,6.888508727228e+00
9.000000000000e+00,4.000000000000e+00,5.739027944080e+00
9.000000000000e+00,4.200000000000e+00,4.934993135289e+00
9.000000000000e+00,4.400000000000e+00,4.352600361248e+00
9.000000000000e+00,4.600000000000e+00,3.916793819829e+00
9.000000000000e+00,4.800000000000e+00,3.582287377742e+00
9.000000000000e+00,5.000000000000e+00,3.319482190621e+00
9.000000000000e+00,5.200000000000e+00,3.108380332754e+00
9.000000000000e+00,5.400000000000e+00,2.935773033574e+00
9.000000000000e+00,5.600000000000e+00,2.792462599198e+00
9.000000000000e+00,5.800000000000e+00,2.671740754879e+00
9.000000000000e+00,6.000000000000e+00,2.568667324680e+00
9.000000000000e+00,6.200000000000e+00,2.479435032355e+00
9.000000000000e+00,6.400000000000e+00,2.401570073900e+00
9.000000000000e+00,6.600000000000e+00,2.332971025582e+00
9.000000000000e+00,6.800000000000e+00,2.272006448544e+00
9.000000000000e+00,7.000000000000e+00,2.217393897497e+00
9.000000000000e+00,7.200000000000e+00,2.168113728349e+00
9.000000000000e+00,7.400000000000e+00,2.123227486165e+00
9.000000000000e+00,7.600000000000e+00,2.082145371196e+00
9.000000000000e+00,7.800000000000e+00,2.044380259908e+00
9.000000000000e+00,8.000000000000e+00,2.009482253631e+00
9.000000000000e+00,8.200000000000e+00,1.977077455186e+00
9.000000000000e+00,8.400000000000e+00,1.946852978205e+00
9.000000000000e+00,8.600000000000e+00,1.918545310851e+00
9.000000000000e+00,8.800000000000e+00,1.891931200436e+00
9.000000000000e+00,9.000000000000e+00,1.866820451532e+00
9.000000000000e+00,9.200000000000e+00,1.843050190258e+00
9.000000000000e+00,9.400000000000e+00,1.820437154615e+00
9.000000000000e+00,9.600000000000e+00,1.798851858588e+00
9.000000000000e+00,9.800000000000e+00,1.778245378578e+00
9.000000000000e+00,1.000000000000e+01,1.758525662899e+00
9.000000000000e+00,1.020000000000e+01,1.739612163014e+00
9.000000000000e+00,1.040000000000e+01,1.721434140093e+00
9.000000000000e+00,1.060000000000e+01,1.703929255906e+00
9.000000000000e+00,1.080000000000e+01,1.687042394560e+00
9.000000000000e+00,1.100000000000e+01,1.670724672690e+00
9.000000000000e+00,1.120000000000e+01,1.654932604328e+00
9.000000000000e+00,1.140000000000e+01,1.639627393343e+00
9.000000000000e+00,1.160000000000e+01,1.624774331608e+00
9.000000000000e+00,1.180000000000e+01,1.610342285197e+00
9.000000000000e+00,1.200000000000e+01,1.596303254168e+00
9.000000000000e+00,1.220000000000e+01,1.582631994133e+00
9.000000000000e+00,1.240000000000e+01,1.569305689895e+00
9.000000000000e+00,1.260000000000e+01,1.556303673136e+00
9.000000000000e+00,1.280000000000e+01,1.543607177491e+00
9.000000000000e+00,1.300000000000e+01,1.531199125483e+00
9.000000000000e+00,1.320000000000e+01,1.519020160506e+00
9.000000000000e+00,1.340000000000e+01,1.507098941246e+00
9.000000000000e+00,1.360000000000e+01,1.495424917081e+00
9.000000000000e+00,1.380000000000e+01,1.483986052251e+00
9.000000000000e+00,1.400000000000e+01,1.472771278394e+00
9.000000000000e+00,1.420000000000e+01,1.461770396841e+00
9.000000000000e+00,1.440000000000e+01,1.450973992223e+00
9.000000000000e+00,1.460000000000e+01,1.440373355909e+00
9.000000000000e+00,1.480000000000e+01,1.429960418048e+00
9.000000000000e+00,1.500000000000e+01,1.419727687123e+00
9.000000000000e+00,1.520000000000e+01,1.409668196096e+00
9.000000000000e+00,1.540000000000e+01,1.399775454345e+00
9.000000000000e+00,1.560000000000e+01,1.390043404686e+00
9.000000000000e+00,1.580000000000e+01,1.380466384906e+00
9.000000000000e+00,1.600000000000e+01,1.371039093248e+00
9.200000000000e+00,3.000000000000e+00,inf
9.200000000000e+00,3.200000000000e+00,inf
9.200000000000e+00,3.400000000000e+00,inf
9.200000000000e+00,3.600000000000e+00,inf
9.200000000000e+00,3.800000000000e+00,inf
9.200000000000e+00,4.000000000000e+00,6.023942467808e+00
9.200000000000e+00,4.200000000000e+00,5.155271307046e+00
9.200000000000e+00,4.400000000000e+00,4.528675049451e+00
9.200000000000e+00,4.600000000000e+00,4.061590868409e+00
9.200000000000e+00,4.800000000000e+00,3.704326408501e+00
9.200000000000e+00,5.000000000000e+00,3.424542865160e+00
9.200000000000e+00,5.200000000000e+00,3.200482466329e+00
9.200000000000e+00,5.400000000000e+00,3.017791735571e+00
9.200000000000e+00,5.600000000000e+00,2.866500921432e+00
9.200000000000e+00,5.800000000000e+00,2.739364432396e+00
9.200000000000e+00,6.000000000000e+00,2.631062062020e+00
9.200000000000e+00,6.200000000000e+00,2.537510257599e+00
9.200000000000e+00,6.400000000000e+00,2.456041484818e+00
9.200000000000e+00,6.600000000000e+00,2.384405552433e+00
9.200000000000e+00,6.800000000000e+00,2.320858652204e+00
9.200000000000e+00,7.000000000000e+00,2.264032279779e+00
9.200000000000e+00,7.200000000000e+00,2.212840036012e+00
9.200000000000e+00,7.400000000000e+00,2.166289085054e+00
9.200000000000e+00,7.600000000000e+00,2.123749444342e+00
9.200000000000e+00,7.800000000000e+00,2.084701568838e+00
9.200000000000e+00,8.000000000000e+00,2.048668554153e+00
9.200000000000e+00,8.200000000000e+00,2.015254469365e+00
9.200000000000e+00,8.400000000000e+00,1.984128306975e+00
9.200000000000e+00,8.600000000000e+00,1.955011541176e+00
9.200000000000e+00,8.800000000000e+00,1.927668393973e+00
9.200000000000e+00,9.000000000000e+00,1.901898153917e+00
9.200000000000e+00,9.200000000000e+00,1.877529065554e+00
9.200000000000e+00,9.400000000000e+00,1.854369637332e+00
9.200000000000e+00,9.600000000000e+00,1.832284007550e+00
9.200000000000e+00,9.800000000000e+00,1.811218436841e+00
9.200000000000e+00,1.000000000000e+01,1.791076105534e+00
9.200000000000e+00,1.020000000000e+01,1.771772340370e+00
9.200000000000e+00,1.040000000000e+01,1.753232820438e+00
9.200000000000e+00,1.060000000000e+01,1.735392085416e+00
9.200000000000e+00,1.080000000000e+01,1.718192289046e+00
9.200000000000e+00,1.100000000000e+01,1.701582152649e+00
9.200000000000e+00,1.120000000000e+01,1.685516082685e+00
9.200000000000e+00,1.140000000000e+01,1.669953423521e+00
9.200000000000e+00,1.160000000000e+01,1.654857822179e+00
9.200000000000e+00,1.180000000000e+01,1.640196686254e+00
9.200000000000e+00,1.200000000000e+01,1.625940719665e+00
9.200000000000e+00,1.220000000000e+01,1.612063523732e+00
9.200000000000e+00,1.240000000000e+01,1.598541253263e+00
9.200000000000e+00,1.260000000000e+01,1.585352319159e+00
9.200000000000e+00,1.280000000000e+01,1.572477130487e+00
9.200000000000e+00,1.300000000000e+01,1.559897870166e+00
9.200000000000e+00,1.320000000000e+01,1.547553836668e+00
9.200000000000e+00,1.340000000000e+01,1.535473831595e+00
9.200000000000e+00,1.360000000000e+01,1.523646723189e+00
9.200000000000e+00,1.380000000000e+01,1.512059989008e+00
9.200000000000e+00,1.400000000000e+01,1.500702121239e+00
9.200000000000e+00,1.420000000000e+01,1.489562523984e+00
9.200000000000e+00,1.440000000000e+01,1.478631422428e+00
9.200000000000e+00,1.460000000000e+01,1.467899782384e+00
9.200000000000e+00,1.480000000000e+01,1.457359238867e+00
9.200000000000e+00,1.500000000000e+01,1.447002032581e+00
9.200000000000e+00,1.520000000000e+01,1.436820953340e+00
9.200000000000e+00,1.540000000000e+01,1.426809289573e+00
9.200000000000e+00,1.560000000000e+01,1.416960783188e+00
9.200000000000e+00,1.580000000000e+01,1.407269589161e+00
9.200000000000e+00,1.600000000000e+01,1.397730239297e+00
9.400000000000e+00,3.000000000000e+00,inf
9.400000000000e+00,3.200000000000e+00,inf
9.400000000000e+00,3.400000000000e+00,inf
9.400000000000e+00,3.600000000000e+00,inf
9.400000000000e+00,3.800000000000e+00,inf
9.400000000000e+00,4.000000000000e+00,6.323482876758e+00
9.400000000000e+00,4.200000000000e+00,5.385636409359e+00
9.400000000000e+00,4.400000000000e+00,4.711925847351e+00
9.400000000000e+00,4.600000000000e+00,4.211625135937e+00
9.400000000000e+00,4.800000000000e+00,3.830270427931e+00
9.400000000000e+00,5.000000000000e+00,3.532567814488e+00
9.400000000000e+00,5.200000000000e+00,3.294868184776e+00
9.400000000000e+00,5.400000000000e+00,3.101590875655e+00
9.400000000000e+00,5.600000000000e+00,2.941940576931e+00
9.400000000000e+00,5.800000000000e+00,2.808098729351e+00
9.400000000000e+00,6.000000000000e+00,2.694340883487e+00
9.400000000000e+00,6.200000000000e+00,2.596290396691e+00
9.400000000000e+00,6.400000000000e+00,2.511074293024e+00
9.400000000000e+00,6.600000000000e+00,2.436285131503e+00
9.400000000000e+00,6.800000000000e+00,2.370060558517e+00
9.400000000000e+00,7.000000000000e+00,2.310941448487e+00
9.400000000000e+00,7.200000000000e+00,2.257771231476e+00
9.400000000000e+00,7.400000000000e+00,2.209500097707e+00
9.400000000000e+00,7.600000000000e+00,2.165455894256e+00
9.400000000000e+00,7.800000000000e+00,2.125085124025e+00
9.400000000000e+00,8.000000000000e+00,2.087882667356e+00
9.400000000000e+00,8.200000000000e+00,2.053429602245e+00
9.400000000000e+00,8.400000000000e+00,2.021376035309e+00
9.400000000000e+00,8.600000000000e+00,1.991427810491e+00
9.400000000000e+00,8.800000000000e+00,1.963336123723e+00
9.400000000000e+00,9.000000000000e+00,1.936889337413e+00
9.400000000000e+00,9.200000000000e+00,1.911906476126e+00
9.400000000000e+00,9.400000000000e+00,1.888187545453e+00
9.400000000000e+00,9.600000000000e+00,1.865590064435e+00
9.400000000000e+00,9.800000000000e+00,1.844055281386e+00
9.400000000000e+00,1.000000000000e+01,1.823481440510e+00
9.400000000000e+00,1.020000000000e+01,1.803779600524e+00
9.400000000000e+00,1.040000000000e+01,1.784871735595e+00
9.400000000000e+00,1.060000000000e+01,1.766689157456e+00
9.400000000000e+00,1.080000000000e+01,1.749171197803e+00
9.400000000000e+00,1.100000000000e+01,1.732264102841e+00
9.400000000000e+00,1.120000000000e+01,1.715920101677e+00
9.400000000000e+00,1.140000000000e+01,1.700096617890e+00
9.400000000000e+00,1.160000000000e+01,1.684755599606e+00
9.400000000000e+00,1.180000000000e+01,1.669862948081e+00
9.400000000000e+00,1.200000000000e+01,1.655388028567e+00
9.400000000000e+00,1.220000000000e+01,1.641303250165e+00
9.400000000000e+00,1.240000000000e+01,1.627583703745e+00
9.400000000000e+00,1.260000000000e+01,1.614206848966e+00
9.400000000000e+00,1.280000000000e+01,1.601152242907e+00
9.400000000000e+00,1.300000000000e+01,1.588401304127e+00
9.400000000000e+00,1.320000000000e+01,1.575891973685e+00
9.400000000000e+00,1.340000000000e+01,1.563653164263e+00
9.400000000000e+00,1.360000000000e+01,1.551673146077e+00
9.400000000000e+00,1.380000000000e+01,1.539938893152e+00
9.400000000000e+00,1.400000000000e+01,1.528438442850e+00
9.400000000000e+00,1.420000000000e+01,1.517160787977e+00
9.400000000000e+00,1.440000000000e+01,1.506095781404e+00
9.400000000000e+00,1.460000000000e+01,1.495234051576e+00
9.400000000000e+00,1.480000000000e+01,1.484566927531e+00
9.400000000000e+00,1.500000000000e+01,1.474086372227e+00
9.400000000000e+00,1.520000000000e+01,1.463784923149e+00
9.400000000000e+00,1.540000000000e+01,1.453655639323e+00
9.400000000000e+00,1.560000000000e+01,1.443692053945e+00
9.400000000000e+00,1.580000000000e+01,1.433888131983e+00
9.400000000000e+00,1.600000000000e+01,1.424238232153e+00
9.600000000000e+00,3.000000000000e+00,inf
9.600000000000e+00,3.200000000000e+00,inf
9.600000000000e+00,3.400000000000e+00,inf
9.600000000000e+00,3.600000000000e+00,inf
9.600000000000e+00,3.800000000000e+00,inf
9.600000000000e+00,4.000000000000e+00,6.638435173746e+00
9.600000000000e+00,4.200000000000e+00,5.626592119230e+00
9.600000000000e+00,4.400000000000e+00,4.902689295421e+00
9.600000000000e+00,4.600000000000e+00,4.367129550193e+00
9.600000000000e+00,4.800000000000e+00,3.960285702439e+00
9.600000000000e+00,5.000000000000e+00,3.643679068522e+00
9.600000000000e+00,5.200000000000e+00,3.391629381352e+00
9.600000000000e+00,5.400000000000e+00,3.187241358606e+00
9.600000000000e+00,5.600000000000e+00,3.018837566888e+00
9.600000000000e+00,5.800000000000e+00,2.877988875561e+00
9.600000000000e+00,6.000000000000e+00,2.758541105561e+00
9.600000000000e+00,6.200000000000e+00,2.655806862473e+00
9.600000000000e+00,6.400000000000e+00,2.566695445521e+00
9.600000000000e+00,6.600000000000e+00,2.488633284836e+00
9.600000000000e+00,6.800000000000e+00,2.419633027557e+00
9.600000000000e+00,7.000000000000e+00,2.358140167406e+00
9.600000000000e+00,7.200000000000e+00,2.302924406055e+00
9.600000000000e+00,7.400000000000e+00,2.252876262162e+00
9.600000000000e+00,7.600000000000e+00,2.207279350517e+00
9.600000000000e+00,7.800000000000e+00,2.165544634883e+00
9.600000000000e+00,8.000000000000e+00,2.127137528415e+00
9.600000000000e+00,8.200000000000e+00,2.091615128655e+00
9.600000000000e+00,8.400000000000e+00,2.058607867157e+00
9.600000000000e+00,8.600000000000e+00,2.027805322592e+00
9.600000000000e+00,8.800000000000e+00,1.998945149572e+00
9.600000000000e+00,9.000000000000e+00,1.971804362997e+00
9.600000000000e+00,9.200000000000e+00,1.946192420268e+00
9.600000000000e+00,9.400000000000e+00,1.921900543330e+00
9.600000000000e+00,9.600000000000e+00,1.898779383448e+00
9.600000000000e+00,9.800000000000e+00,1.876764975940e+00
9.600000000000e+00,1.000000000000e+01,1.855750457367e+00
9.600000000000e+00,1.020000000000e+01,1.835642472422e+00
9.600000000000e+00,1.040000000000e+01,1.816359165389e+00
9.600000000000e+00,1.060000000000e+01,1.797828512509e+00
9.600000000000e+00,1.080000000000e+01,1.779986930395e+00
9.600000000000e+00,1.100000000000e+01,1.762778109261e+00
9.600000000000e+00,1.120000000000e+01,1.746152030229e+00
9.600000000000e+00,1.140000000000e+01,1.730064134130e+00
9.600000000000e+00,1.160000000000e+01,1.714474615600e+00
9.600000000000e+00,1.180000000000e+01,1.699347821279e+00
9.600000000000e+00,1.200000000000e+01,1.684651734881e+00
9.600000000000e+00,1.220000000000e+01,1.670357535085e+00
9.600000000000e+00,1.240000000000e+01,1.656439214680e+00
9.600000000000e+00,1.260000000000e+01,1.642873251448e+00
9.600000000000e+00,1.280000000000e+01,1.629638322923e+00
9.600000000000e+00,1.300000000000e+01,1.616715058450e+00
9.600000000000e+00,1.320000000000e+01,1.604040028703e+00
9.600000000000e+00,1.340000000000e+01,1.591642225954e+00
9.600000000000e+00,1.360000000000e+01,1.579509305441e+00
9.600000000000e+00,1.380000000000e+01,1.567627720757e+00
9.600000000000e+00,1.400000000000e+01,1.555985039018e+00
9.600000000000e+00,1.420000000000e+01,1.544569827639e+00
9.600000000000e+00,1.440000000000e+01,1.533371554265e+00
9.600000000000e+00,1.460000000000e+01,1.522380498136e+00
9.600000000000e+00,1.480000000000e+01,1.511587671439e+00
9.600000000000e+00,1.500000000000e+01,1.500984749379e+00
9.600000000000e+00,1.520000000000e+01,1.490564007910e+00
9.600000000000e+00,1.540000000000e+01,1.480318268159e+00
9.600000000000e+00,1.560000000000e+01,1.470240846780e+00
9.600000000000e+00,1.580000000000e+01,1.460325511496e+00
9.600000000000e+00,1.600000000000e+01,1.450566441245e+00
9.800000000000e+00,3.000000000000e+00,inf
9.800000000000e+00,3.200000000000e+00,inf
9.800000000000e+00,3.400000000000e+00,inf
9.800000000000e+00,3.600000000000e+00,inf
9.800000000000e+00,3.800000000000e+00,inf
9.800000000000e+00,4.000000000000e+00,6.969623590233e+00
9.800000000000e+00,4.200000000000e+00,5.878663810549e+00
9.800000000000e+00,4.400000000000e+00,5.101314839855e+00
9.800000000000e+00,4.600000000000e+00,4.528345003895e+00
9.800000000000e+00,4.800000000000e+00,4.094543543465e+00
9.800000000000e+00,5.000000000000e+00,3.758001898857e+00
9.800000000000e+00,5.200000000000e+00,3.490860035650e+00
9.800000000000e+00,5.400000000000e+00,3.274815413404e+00
9.800000000000e+00,5.600000000000e+00,3.097248702263e+00
9.800000000000e+00,5.800000000000e+00,2.949080556959e+00
9.800000000000e+00,6.000000000000e+00,2.823700254283e+00
9.800000000000e+00,6.200000000000e+00,2.716091103560e+00
9.800000000000e+00,6.400000000000e+00,2.622931801765e+00
9.800000000000e+00,6.600000000000e+00,2.541473359166e+00
9.800000000000e+00,6.800000000000e+00,2.469596681735e+00
9.800000000000e+00,7.000000000000e+00,2.405646918756e+00
9.800000000000e+00,7.200000000000e+00,2.348316339128e+00
9.800000000000e+00,7.400000000000e+00,2.296432984302e+00
9.800000000000e+00,7.600000000000e+00,2.249234097877e+00
9.800000000000e+00,7.800000000000e+00,2.206093459079e+00
9.800000000000e+00,8.000000000000e+00,2.166445718242e+00
9.800000000000e+00,8.200000000000e+00,2.129822970023e+00
9.800000000000e+00,8.400000000000e+00,2.095835156560e+00
9.800000000000e+00,8.600000000000e+00,2.064154936893e+00
9.800000000000e+00,8.800000000000e+00,2.034505894140e+00
9.800000000000e+00,9.000000000000e+00,2.006653262719e+00
9.800000000000e+00,9.200000000000e+00,1.980396576625e+00
9.800000000000e+00,9.400000000000e+00,1.955517985698e+00
9.800000000000e+00,9.600000000000e+00,1.931861019748e+00
9.800000000000e+00,9.800000000000e+00,1.909356296141e+00
9.800000000000e+00,1.000000000000e+01,1.887891668764e+00
9.800000000000e+00,1.020000000000e+01,1.867369219509e+00
9.800000000000e+00,1.040000000000e+01,1.847703135595e+00
9.800000000000e+00,1.060000000000e+01,1.828817948458e+00
9.800000000000e+00,1.080000000000e+01,1.810647065189e+00
9.800000000000e+00,1.100000000000e+01,1.793131538018e+00
9.800000000000e+00,1.120000000000e+01,1.776219028554e+00
9.800000000000e+00,1.140000000000e+01,1.759862932205e+00
9.800000000000e+00,1.160000000000e+01,1.744021634965e+00
9.800000000000e+00,1.180000000000e+01,1.728657880121e+00
9.800000000000e+00,1.200000000000e+01,1.713738226627e+00
9.800000000000e+00,1.220000000000e+01,1.699232584263e+00
9.800000000000e+00,1.240000000000e+01,1.685113813355e+00
9.800000000000e+00,1.260000000000e+01,1.671357379006e+00
9.800000000000e+00,1.280000000000e+01,1.657941051509e+00
9.800000000000e+00,1.300000000000e+01,1.644844646027e+00
9.800000000000e+00,1.320000000000e+01,1.632003349415e+00
9.800000000000e+00,1.340000000000e+01,1.619446202384e+00
9.800000000000e+00,1.360000000000e+01,1.607160228170e+00
9.800000000000e+00,1.380000000000e+01,1.595131342990e+00
9.800000000000e+00,1.400000000000e+01,1.583346628253e+00
9.800000000000e+00,1.420000000000e+01,1.571794211857e+00
9.800000000000e+00,1.440000000000e+01,1.560463163279e+00
9.800000000000e+00,1.460000000000e+01,1.549343400689e+00
9.800000000000e+00,1.480000000000e+01,1.538425608519e+00
9.800000000000e+00,1.500000000000e+01,1.527701164200e+00
9.800000000000e+00,1.520000000000e+01,1.517162072911e+00
9.800000000000e+00,1.540000000000e+01,1.506800909374e+00
9.800000000000e+00,1.560000000000e+01,1.496610765832e+00
9.800000000000e+00,1.580000000000e+01,1.486585205501e+00
9.800000000000e+00,1.600000000000e+01,1.476718220826e+00
1.000000000000e+01,3.000000000000e+00,inf
1.000000000000e+01,3.200000000000e+00,inf
1.000000000000e+01,3.400000000000e+00,inf
1.000000000000e+01,3.600000000000e+00,inf
1.000000000000e+01,3.800000000000e+00,inf
1.000000000000e+01,4.000000000000e+00,7.317912630627e+00
1.000000000000e+01,4.200000000000e+00,6.142399597045e+00
1.000000000000e+01,4.400000000000e+00,5.308165396208e+00
1.000000000000e+01,4.600000000000e+00,4.695520680900e+00
1.000000000000e+01,4.800000000000e+00,4.233220511636e+00
1.000000000000e+01,5.000000000000e+00,3.875664957220e+00
1.000000000000e+01,5.200000000000e+00,3.592656314688e+00
1.000000000000e+01,5.400000000000e+00,3.364386671857e+00
1.000000000000e+01,5.600000000000e+00,3.177231668134e+00
1.000000000000e+01,5.800000000000e+00,3.021419970390e+00
1.000000000000e+01,6.000000000000e+00,2.889856113339e+00
1.000000000000e+01,6.200000000000e+00,2.777174647482e+00
1.000000000000e+01,6.400000000000e+00,2.679810173024e+00
1.000000000000e+01,6.600000000000e+00,2.594828562229e+00
1.000000000000e+01,6.800000000000e+00,2.519971939593e+00
1.000000000000e+01,7.000000000000e+00,2.453479934784e+00
1.000000000000e+01,7.200000000000e+00,2.393963527787e+00
1.000000000000e+01,7.400000000000e+00,2.340185365708e+00
1.000000000000e+01,7.600000000000e+00,2.291334102449e+00
1.000000000000e+01,7.800000000000e+00,2.246744627137e+00
1.000000000000e+01,8.000000000000e+00,2.205819486571e+00
1.000000000000e+01,8.200000000000e+00,2.168064716025e+00
1.000000000000e+01,8.400000000000e+00,2.133068927898e+00
1.000000000000e+01,8.600000000000e+00,2.100487187323e+00
1.000000000000e+01,8.800000000000e+00,2.070028460358e+00
1.000000000000e+01,9.000000000000e+00,2.041445756010e+00
1.000000000000e+01,9.200000000000e+00,2.014528319278e+00
1.000000000000e+01,9.400000000000e+00,1.989048931567e+00
1.000000000000e+01,9.600000000000e+00,1.964843742193e+00
1.000000000000e+01,9.800000000000e+00,1.941837741172e+00
1.000000000000e+01,1.000000000000e+01,1.919913321056e+00
1.000000000000e+01,1.020000000000e+01,1.898967849277e+00
1.000000000000e+01,1.040000000000e+01,1.878911426504e+00
1.000000000000e+01,1.060000000000e+01,1.859665028223e+00
1.000000000000e+01,1.080000000000e+01,1.841158956102e+00
1.000000000000e+01,1.100000000000e+01,1.823331541219e+00
1.000000000000e+01,1.120000000000e+01,1.806128053215e+00
1.000000000000e+01,1.140000000000e+01,1.789499778652e+00
1.000000000000e+01,1.160000000000e+01,1.773403239136e+00
1.000000000000e+01,1.180000000000e+01,1.757799525397e+00
1.000000000000e+01,1.200000000000e+01,1.742653728028e+00
1.000000000000e+01,1.220000000000e+01,1.727934449130e+00
1.000000000000e+01,1.240000000000e+01,1.713613381960e+00
1.000000000000e+01,1.260000000000e+01,1.699664947948e+00
1.000000000000e+01,1.280000000000e+01,1.686065982304e+00
1.000000000000e+01,1.300000000000e+01,1.672795460926e+00
1.000000000000e+01,1.320000000000e+01,1.659787172962e+00
1.000000000000e+01,1.340000000000e+01,1.647070176739e+00
1.000000000000e+01,1.360000000000e+01,1.634630846388e+00
1.000000000000e+01,1.380000000000e+01,1.622454543763e+00
1.000000000000e+01,1.400000000000e+01,1.610527849072e+00
1.000000000000e+01,1.420000000000e+01,1.598838436532e+00
1.000000000000e+01,1.440000000000e+01,1.587374964491e+00
1.000000000000e+01,1.460000000000e+01,1.576126978154e+00
1.000000000000e+01,1.480000000000e+01,1.565084823281e+00
1.000000000000e+01,1.500000000000e+01,1.554239569477e+00
1.000000000000e+01,1.520000000000e+01,1.543582941893e+00
1.000000000000e+01,1.540000000000e+01,1.533107260304e+00
1.000000000000e+01,1.560000000000e+01,1.522805384666e+00
1.000000000000e+01,1.580000000000e+01,1.512670666397e+00
1.000000000000e+01,1.600000000000e+01,1.502696904708e+00
1.020000000000e+01,3.000000000000e+00,inf
1.020000000000e+01,3.200000000000e+00,inf
1.020000000000e+01,3.400000000000e+00,inf
1.020000000000e+01,3.600000000000e+00,inf
1.020000000000e+01,3.800000000000e+00,inf
1.020000000000e+01,4.000000000000e+00,7.684209227210e+00
1.020000000000e+01,4.200000000000e+00,6.418371427021e+00
1.020000000000e+01,4.400000000000e+00,5.523617936750e+00
1.020000000000e+01,4.600000000000e+00,4.868914392345e+00
1.020000000000e+01,4.800000000000e+00,4.376498624120e+00
1.020000000000e+01,5.000000000000e+00,3.996800413889e+00
1.020000000000e+01,5.200000000000e+00,3.697116672493e+00
1.020000000000e+01,5.400000000000e+00,3.456030245058e+00
1.020000000000e+01,5.600000000000e+00,3.258845085605e+00
1.020000000000e+01,5.800000000000e+00,3.095053875898e+00
1.020000000000e+01,6.000000000000e+00,2.957046769660e+00
1.020000000000e+01,6.200000000000e+00,2.839089141438e+00
1.020000000000e+01,6.400000000000e+00,2.737357359440e+00
1.020000000000e+01,6.600000000000e+00,2.648721996923e+00
1.020000000000e+01,6.800000000000e+00,2.570779047553e+00
1.020000000000e+01,7.000000000000e+00,2.501657227463e+00
1.020000000000e+01,7.200000000000e+00,2.439882214716e+00
1.020000000000e+01,7.400000000000e+00,2.384148229886e+00
1.020000000000e+01,7.600000000000e+00,2.333593036397e+00
1.020000000000e+01,7.800000000000e+00,2.287510865690e+00
1.020000000000e+01,8.000000000000e+00,2.245270773840e+00
1.020000000000e+01,8.200000000000e+00,2.206351645129e+00
1.020000000000e+01,8.400000000000e+00,2.170319895159e+00
1.020000000000e+01,8.600000000000e+00,2.136812300365e+00
1.020000000000e+01,8.800000000000e+00,2.105522648319e+00
1.020000000000e+01,9.000000000000e+00,2.076191265374e+00
1.020000000000e+01,9.200000000000e+00,2.048596732306e+00
1.020000000000e+01,9.400000000000e+00,2.022502157695e+00
1.020000000000e+01,9.600000000000e+00,1.997736045759e+00
1.020000000000e+01,9.800000000000e+00,1.974217545162e+00
1.020000000000e+01,1.000000000000e+01,1.951823404714e+00
1.020000000000e+01,1.020000000000e+01,1.930446122736e+00
1.020000000000e+01,1.040000000000e+01,1.909991581484e+00
1.020000000000e+01,1.060000000000e+01,1.890377087447e+00
1.020000000000e+01,1.080000000000e+01,1.871529739442e+00
1.020000000000e+01,1.100000000000e+01,1.853385063017e+00
1.020000000000e+01,1.120000000000e+01,1.835885862408e+00
1.020000000000e+01,1.140000000000e+01,1.818981251137e+00
1.020000000000e+01,1.160000000000e+01,1.802625830050e+00
1.020000000000e+01,1.180000000000e+01,1.786778987619e+00
1.020000000000e+01,1.200000000000e+01,1.771404302082e+00
1.020000000000e+01,1.220000000000e+01,1.756469028771e+00
1.020000000000e+01,1.240000000000e+01,1.741943659013e+00
1.020000000000e+01,1.260000000000e+01,1.727801539377e+00
1.020000000000e+01,1.280000000000e+01,1.714018541998e+00
1.020000000000e+01,1.300000000000e+01,1.700572778301e+00
1.020000000000e+01,1.320000000000e+01,1.687396625395e+00
1.020000000000e+01,1.340000000000e+01,1.674519128708e+00
1.020000000000e+01,1.360000000000e+01,1.661925996091e+00
1.020000000000e+01,1.380000000000e+01,1.649602017999e+00
1.020000000000e+01,1.400000000000e+01,1.637533257907e+00
1.020000000000e+01,1.420000000000e+01,1.625706922161e+00
1.020000000000e+01,1.440000000000e+01,1.614111244993e+00
1.020000000000e+01,1.460000000000e+01,1.602735386733e+00
1.020000000000e+01,1.480000000000e+01,1.591569343525e+00
1.020000000000e+01,1.500000000000e+01,1.580603867084e+00
1.020000000000e+01,1.520000000000e+01,1.569830393264e+00
1.020000000000e+01,1.540000000000e+01,1.559240978337e+00
1.020000000000e+01,1.560000000000e+01,1.548828242070e+00
1.020000000000e+01,1.580000000000e+01,1.538585316783e+00
1.020000000000e+01,1.600000000000e+01,1.528505801691e+00
1.040000000000e+01,3.000000000000e+00,inf
1.040000000000e+01,3.200000000000e+00,inf
1.040000000000e+01,3.400000000000e+00,inf
1.040000000000e+01,3.600000000000e+00,inf
1.040000000000e+01,3.800000000000e+00,inf
1.040000000000e+01,4.000000000000e+00,8.069465010803e+00
1.040000000000e+01,4.200000000000e+00,6.707176232542e+00
1.040000000000e+01,4.400000000000e+00,5.748064103232e+00
1.040000000000e+01,4.600000000000e+00,5.048792923816e+00
1.040000000000e+01,4.800000000000e+00,4.524565565915e+00
1.040000000000e+01,5.000000000000e+00,4.121544096637e+00
1.040000000000e+01,5.200000000000e+00,3.804341948575e+00
1.040000000000e+01,5.400000000000e+00,3.549822798002e+00
1.040000000000e+01,5.600000000000e+00,3.342148571585e+00
1.040000000000e+01,5.800000000000e+00,3.170029646780e+00
1.040000000000e+01,6.000000000000e+00,3.025310656794e+00
1.040000000000e+01,6.200000000000e+00,2.901866390862e+00
1.040000000000e+01,6.400000000000e+00,2.795600185004e+00
1.040000000000e+01,6.600000000000e+00,2.703176693458e+00
1.040000000000e+01,6.800000000000e+00,2.622038109776e+00
1.040000000000e+01,7.000000000000e+00,2.550196616416e+00
1.040000000000e+01,7.200000000000e+00,2.486088414416e+00
1.040000000000e+01,7.400000000000e+00,2.428336146957e+00
1.040000000000e+01,7.600000000000e+00,2.376024301220e+00
1.040000000000e+01,7.800000000000e+00,2.328404619435e+00
1.040000000000e+01,8.000000000000e+00,2.284811231886e+00
1.040000000000e+01,8.200000000000e+00,2.244694744096e+00
1.040000000000e+01,8.400000000000e+00,2.207598480282e+00
1.040000000000e+01,8.600000000000e+00,2.173140212262e+00
1.040000000000e+01,8.800000000000e+00,2.140997971393e+00
1.040000000000e+01,9.000000000000e+00,2.110898931436e+00
1.040000000000e+01,9.200000000000e+00,2.082610623817e+00
1.040000000000e+01,9.400000000000e+00,2.055886171618e+00
1.040000000000e+01,9.600000000000e+00,2.030546163597e+00
1.040000000000e+01,9.800000000000e+00,2.006503688307e+00
1.040000000000e+01,1.000000000000e+01,1.983629664535e+00
1.040000000000e+01,1.020000000000e+01,1.961811563753e+00
1.040000000000e+01,1.040000000000e+01,1.940950915478e+00
1.040000000000e+01,1.060000000000e+01,1.920961242182e+00
1.040000000000e+01,1.080000000000e+01,1.901766340824e+00
1.040000000000e+01,1.100000000000e+01,1.883298845776e+00
1.040000000000e+01,1.120000000000e+01,1.865499021420e+00
1.040000000000e+01,1.140000000000e+01,1.848313743226e+00
1.040000000000e+01,1.160000000000e+01,1.831695634262e+00
1.040000000000e+01,1.180000000000e+01,1.815602330523e+00
1.040000000000e+01,1.200000000000e+01,1.799995853476e+00
1.040000000000e+01,1.220000000000e+01,1.784842072265e+00
1.040000000000e+01,1.240000000000e+01,1.770110241169e+00
1.040000000000e+01,1.260000000000e+01,1.755772600500e+00
1.040000000000e+01,1.280000000000e+01,1.741804031159e+00
1.040000000000e+01,1.300000000000e+01,1.728181754767e+00
1.040000000000e+01,1.320000000000e+01,1.714836721618e+00
1.040000000000e+01,1.340000000000e+01,1.701797934027e+00
1.040000000000e+01,1.360000000000e+01,1.689050416306e+00
1.040000000000e+01,1.380000000000e+01,1.676578370427e+00
1.040000000000e+01,1.400000000000e+01,1.664367327566e+00
1.040000000000e+01,1.420000000000e+01,1.652404011980e+00
1.040000000000e+01,1.440000000000e+01,1.640676220771e+00
1.040000000000e+01,1.460000000000e+01,1.629172717467e+00
1.040000000000e+01,1.480000000000e+01,1.617883137638e+00
1.040000000000e+01,1.500000000000e+01,1.606797905034e+00
1.040000000000e+01,1.520000000000e+01,1.595908156922e+00
1.040000000000e+01,1.540000000000e+01,1.585205677509e+00
1.040000000000e+01,1.560000000000e+01,1.574682838459e+00
1.040000000000e+01,1.580000000000e+01,1.564332545676e+00
1.040000000000e+01,1.600000000000e+01,1.554148191601e+00
1.060000000000e+01,3.000000000000e+00,inf
1.060000000000e+01,3.200000000000e+00,inf
1.060000000000e+01,3.400000000000e+00,inf
1.060000000000e+01,3.600000000000e+00,inf
1.060000000000e+01,3.800000000000e+00,inf
1.060000000000e+01,4.000000000000e+00,inf
1.060000000000e+01,4.200000000000e+00,7.009437135720e+00
1.060000000000e+01,4.400000000000e+00,5.981910846645e+00
1.060000000000e+01,4.600000000000e+00,5.235432394635e+00
1.060000000000e+01,4.800000000000e+00,4.677614905822e+00
1.060000000000e+01,5.000000000000e+00,4.250035630680e+00
1.060000000000e+01,5.200000000000e+00,3.914435465689e+00
1.060000000000e+01,5.400000000000e+00,3.645842622681e+00
1.060000000000e+01,5.600000000000e+00,3.427202796681e+00
1.060000000000e+01,5.800000000000e+00,3.246395317625e+00
1.060000000000e+01,6.000000000000e+00,3.094686596243e+00
1.060000000000e+01,6.200000000000e+00,2.965538395994e+00
1.060000000000e+01,6.400000000000e+00,2.854565530589e+00
1.060000000000e+01,6.600000000000e+00,2.758215639667e+00
1.060000000000e+01,6.800000000000e+00,2.673769116279e+00
1.060000000000e+01,7.000000000000e+00,2.599115755190e+00
1.060000000000e+01,7.200000000000e+00,2.532597937893e+00
1.060000000000e+01,7.400000000000e+00,2.472763456924e+00
1.060000000000e+01,7.600000000000e+00,2.418641049706e+00
1.060000000000e+01,7.800000000000e+00,2.369438071875e+00
1.060000000000e+01,8.000000000000e+00,2.324452243537e+00
1.060000000000e+01,8.200000000000e+00,2.283104726464e+00
1.060000000000e+01,8.400000000000e+00,2.244914830571e+00
1.060000000000e+01,8.600000000000e+00,2.209480585415e+00
1.060000000000e+01,8.800000000000e+00,2.176463671620e+00
1.060000000000e+01,9.000000000000e+00,2.145577627377e+00
1.060000000000e+01,9.200000000000e+00,2.116578539426e+00
1.060000000000e+01,9.400000000000e+00,2.089209224216e+00
1.060000000000e+01,9.600000000000e+00,2.063282078708e+00
1.060000000000e+01,9.800000000000e+00,2.038703907680e+00
1.060000000000e+01,1.000000000000e+01,2.015339609616e+00
1.060000000000e+01,1.020000000000e+01,1.993071468219e+00
1.060000000000e+01,1.040000000000e+01,1.971796523392e+00
1.060000000000e+01,1.060000000000e+01,1.951424396524e+00
1.060000000000e+01,1.080000000000e+01,1.931875482077e+00
1.060000000000e+01,1.100000000000e+01,1.913079436285e+00
1.060000000000e+01,1.120000000000e+01,1.894973908172e+00
1.060000000000e+01,1.140000000000e+01,1.877503469297e+00
1.060000000000e+01,1.160000000000e+01,1.860618707249e+00
1.060000000000e+01,1.180000000000e+01,1.844275454778e+00
1.060000000000e+01,1.200000000000e+01,1.828434131740e+00
1.060000000000e+01,1.220000000000e+01,1.813059181319e+00
1.060000000000e+01,1.240000000000e+01,1.798118585351e+00
1.060000000000e+01,1.260000000000e+01,1.783583446275e+00
1.060000000000e+01,1.280000000000e+01,1.769427625430e+00
1.060000000000e+01,1.300000000000e+01,1.755627429165e+00
1.060000000000e+01,1.320000000000e+01,1.742112365744e+00
1.060000000000e+01,1.340000000000e+01,1.728911364450e+00
1.060000000000e+01,1.360000000000e+01,1.716008748696e+00
1.060000000000e+01,1.380000000000e+01,1.703388114845e+00
1.060000000000e+01,1.400000000000e+01,1.691034446168e+00
1.060000000000e+01,1.420000000000e+01,1.678933970586e+00
1.060000000000e+01,1.440000000000e+01,1.667074035039e+00
1.060000000000e+01,1.460000000000e+01,1.655442994305e+00
1.060000000000e+01,1.480000000000e+01,1.644030112412e+00
1.060000000000e+01,1.500000000000e+01,1.632825475051e+00
1.060000000000e+01,1.520000000000e+01,1.621819911609e+00
1.060000000000e+01,1.540000000000e+01,1.611004925651e+00
1.060000000000e+01,1.560000000000e+01,1.600372632816e+00
1.060000000000e+01,1.580000000000e+01,1.589915705266e+00
1.060000000000e+01,1.600000000000e+01,1.579627321884e+00
1.080000000000e+01,3.000000000000e+00,inf
1.080000000000e+01,3.200000000000e+00,inf
1.080000000000e+01,3.400000000000e+00,inf
1.080000000000e+01,3.600000000000e+00,inf
1.080000000000e+01,3.800000000000e+00,inf
1.080000000000e+01,4.000000000000e+00,inf
1.080000000000e+01,4.200000000000e+00,7.325804714716e+00
1.080000000000e+01,4.400000000000e+00,6.225581095564e+00
1.080000000000e+01,4.600000000000e+00,5.429118630267e+00
1.080000000000e+01,4.800000000000e+00,4.835846317772e+00
1.080000000000e+01,5.000000000000e+00,4.382418580159e+00
1.080000000000e+01,5.200000000000e+00,4.027503127228e+00
1.080000000000e+01,5.400000000000e+00,3.744169709939e+00
1.080000000000e+01,5.600000000000e+00,3.514069541459e+00
1.080000000000e+01,5.800000000000e+00,3.324199630563e+00
1.080000000000e+01,6.000000000000e+00,3.165213836965e+00
1.080000000000e+01,6.200000000000e+00,3.030137386638e+00
1.080000000000e+01,6.400000000000e+00,2.914280365228e+00
1.080000000000e+01,6.600000000000e+00,2.813861809614e+00
1.080000000000e+01,6.800000000000e+00,2.725991969426e+00
1.080000000000e+01,7.000000000000e+00,2.648432156001e+00
1.080000000000e+01,7.200000000000e+00,2.579426415902e+00
1.080000000000e+01,7.400000000000e+00,2.517444291580e+00
1.080000000000e+01,7.600000000000e+00,2.461456206643e+00
1.080000000000e+01,7.800000000000e+00,2.410623164907e+00
1.080000000000e+01,8.000000000000e+00,2.364204941139e+00
1.080000000000e+01,8.200000000000e+00,2.321592050070e+00
1.080000000000e+01,8.400000000000e+00,2.282278835249e+00
1.080000000000e+01,8.600000000000e+00,2.245842823991e+00
1.080000000000e+01,8.800000000000e+00,2.211928734411e+00
1.080000000000e+01,9.000000000000e+00,2.180235972739e+00
1.080000000000e+01,9.200000000000e+00,2.150508775206e+00
1.080000000000e+01,9.400000000000e+00,2.122479321815e+00
1.080000000000e+01,9.600000000000e+00,2.095951535233e+00
1.080000000000e+01,9.800000000000e+00,2.070825707721e+00
1.080000000000e+01,1.000000000000e+01,2.046960523076e+00
1.080000000000e+01,1.020000000000e+01,2.024232913021e+00
1.080000000000e+01,1.040000000000e+01,2.002535288337e+00
1.080000000000e+01,1.060000000000e+01,1.981773250163e+00
1.080000000000e+01,1.080000000000e+01,1.961863688125e+00
1.080000000000e+01,1.100000000000e+01,1.942733191992e+00
1.080000000000e+01,1.120000000000e+01,1.924316718831e+00
1.080000000000e+01,1.140000000000e+01,1.906556469546e+00
1.080000000000e+01,1.160000000000e+01,1.889400937842e+00
1.080000000000e+01,1.180000000000e+01,1.872804101887e+00
1.080000000000e+01,1.200000000000e+01,1.856724734621e+00
1.080000000000e+01,1.220000000000e+01,1.841125813138e+00
1.080000000000e+01,1.240000000000e+01,1.825974011141e+00
1.080000000000e+01,1.260000000000e+01,1.811239261352e+00
1.080000000000e+01,1.280000000000e+01,1.796894377035e+00
1.080000000000e+01,1.300000000000e+01,1.782914723656e+00
1.080000000000e+01,1.320000000000e+01,1.769228351809e+00
1.080000000000e+01,1.340000000000e+01,1.755864088084e+00
1.080000000000e+01,1.360000000000e+01,1.742805537552e+00
1.080000000000e+01,1.380000000000e+01,1.730035673780e+00
1.080000000000e+01,1.400000000000e+01,1.717538916492e+00
1.080000000000e+01,1.420000000000e+01,1.705300982998e+00
1.080000000000e+01,1.440000000000e+01,1.693308757020e+00
1.080000000000e+01,1.460000000000e+01,1.681550172620e+00
1.080000000000e+01,1.480000000000e+01,1.670014111305e+00
1.080000000000e+01,1.500000000000e+01,1.658690310605e+00
1.080000000000e+01,1.520000000000e+01,1.647569282723e+00
1.080000000000e+01,1.540000000000e+01,1.636642241998e+00
1.080000000000e+01,1.560000000000e+01,1.625901040118e+00
1.080000000000e+01,1.580000000000e+01,1.615338108163e+00
1.080000000000e+01,1.600000000000e+01,1.604946404669e+00
1.100000000000e+01,3.000000000000e+00,inf
1.100000000000e+01,3.200000000000e+00,inf
1.100000000000e+01,3.400000000000e+00,inf
1.100000000000e+01,3.600000000000e+00,inf
1.100000000000e+01,3.800000000000e+00,inf
1.100000000000e+01,4.000000000000e+00,inf
1.100000000000e+01,4.200000000000e+00,7.656958332104e+00
1.100000000000e+01,4.400000000000e+00,6.479514454568e+00
1.100000000000e+01,4.600000000000e+00,5.630147548857e+00
1.100000000000e+01,4.800000000000e+00,4.999465808206e+00
1.100000000000e+01,5.000000000000e+00,4.518840591589e+00
1.100000000000e+01,5.200000000000e+00,4.143653514612e+00
1.100000000000e+01,5.400000000000e+00,3.844885820355e+00
1.100000000000e+01,5.600000000000e+00,3.602811751293e+00
1.100000000000e+01,5.800000000000e+00,3.403492079913e+00
1.100000000000e+01,6.000000000000e+00,3.236932093216e+00
1.100000000000e+01,6.200000000000e+00,3.095695855261e+00
1.100000000000e+01,6.400000000000e+00,2.974771775766e+00
1.100000000000e+01,6.600000000000e+00,2.870138190651e+00
1.100000000000e+01,6.800000000000e+00,2.778726508934e+00
1.100000000000e+01,7.000000000000e+00,2.698163213064e+00
1.100000000000e+01,7.200000000000e+00,2.626589320858e+00
1.100000000000e+01,7.400000000000e+00,2.562392595176e+00
1.100000000000e+01,7.600000000000e+00,2.504482488355e+00
1.100000000000e+01,7.800000000000e+00,2.451971617319e+00
1.100000000000e+01,8.000000000000e+00,2.404080224081e+00
1.100000000000e+01,8.200000000000e+00,2.360166933642e+00
1.100000000000e+01,8.400000000000e+00,2.319700141167e+00
1.100000000000e+01,8.600000000000e+00,2.282236088768e+00
1.100000000000e+01,8.800000000000e+00,2.247401902555e+00
1.100000000000e+01,9.000000000000e+00,2.214882346622e+00
1.100000000000e+01,9.200000000000e+00,2.184409390092e+00
1.100000000000e+01,9.400000000000e+00,2.155704237825e+00
1.100000000000e+01,9.600000000000e+00,2.128562049325e+00
1.100000000000e+01,9.800000000000e+00,2.102876370386e+00
1.100000000000e+01,1.000000000000e+01,2.078499471486e+00
1.100000000000e+01,1.020000000000e+01,2.055302764781e+00
1.100000000000e+01,1.040000000000e+01,2.033173889711e+00
1.100000000000e+01,1.060000000000e+01,2.012014305812e+00
1.100000000000e+01,1.080000000000e+01,1.991737293786e+00
1.100000000000e+01,1.100000000000e+01,1.972266287200e+00
1.100000000000e+01,1.120000000000e+01,1.953533473425e+00
1.100000000000e+01,1.140000000000e+01,1.935478615054e+00
1.100000000000e+01,1.160000000000e+01,1.918048052756e+00
1.100000000000e+01,1.180000000000e+01,1.901193858189e+00
1.100000000000e+01,1.200000000000e+01,1.884873111598e+00
1.100000000000e+01,1.220000000000e+01,1.869047283468e+00
1.100000000000e+01,1.240000000000e+01,1.853681703377e+00
1.100000000000e+01,1.260000000000e+01,1.838745102243e+00
1.100000000000e+01,1.280000000000e+01,1.824209216543e+00
1.100000000000e+01,1.300000000000e+01,1.810048445100e+00
1.100000000000e+01,1.320000000000e+01,1.796189364770e+00
1.100000000000e+01,1.340000000000e+01,1.782660670048e+00
1.100000000000e+01,1.360000000000e+01,1.769445230108e+00
1.100000000000e+01,1.380000000000e+01,1.756525378490e+00
1.100000000000e+01,1.400000000000e+01,1.743884955681e+00
1.100000000000e+01,1.420000000000e+01,1.731509154075e+00
1.100000000000e+01,1.440000000000e+01,1.719384381096e+00
1.100000000000e+01,1.460000000000e+01,1.707498138113e+00
1.100000000000e+01,1.480000000000e+01,1.695838913112e+00
1.100000000000e+01,1.500000000000e+01,1.684396085355e+00
1.100000000000e+01,1.520000000000e+01,1.673159840550e+00
1.100000000000e+01,1.540000000000e+01,1.662121095222e+00
1.100000000000e+01,1.560000000000e+01,1.651271429172e+00
1.100000000000e+01,1.580000000000e+01,1.640603025062e+00
1.100000000000e+01,1.600000000000e+01,1.630108614281e+00
1.120000000000e+01,3.000000000000e+00,inf
1.120000000000e+01,3.200000000000e+00,inf
1.120000000000e+01,3.400000000000e+00,inf
1.120000000000e+01,3.600000000000e+00,inf
1.120000000000e+01,3.800000000000e+00,inf
1.120000000000e+01,4.000000000000e+00,inf
1.120000000000e+01,4.200000000000e+00,8.003607528249e+00
1.120000000000e+01,4.400000000000e+00,6.744167934238e+00
1.120000000000e+01,4.600000000000e+00,5.838825562847e+00
1.120000000000e+01,4.800000000000e+00,5.168685950139e+00
1.120000000000e+01,5.000000000000e+00,4.659453539742e+00
1.120000000000e+01,5.200000000000e+00,4.262997984987e+00
1.120000000000e+01,5.400000000000e+00,3.948074554410e+00
1.120000000000e+01,5.600000000000e+00,3.693493590013e+00
1.120000000000e+01,5.800000000000e+00,3.484322955414e+00
1.120000000000e+01,6.000000000000e+00,3.309881580896e+00
1.120000000000e+01,6.200000000000e+00,3.162246588582e+00
1.120000000000e+01,6.400000000000e+00,3.036066995035e+00
1.120000000000e+01,6.600000000000e+00,2.927067809026e+00
1.120000000000e+01,6.800000000000e+00,2.831992535492e+00
1.120000000000e+01,7.000000000000e+00,2.748326224603e+00
1.120000000000e+01,7.200000000000e+00,2.674101987493e+00
1.120000000000e+01,7.400000000000e+00,2.607622143900e+00
1.120000000000e+01,7.600000000000e+00,2.547732421133e+00
1.120000000000e+01,7.800000000000e+00,2.493494942262e+00
1.120000000000e+01,8.000000000000e+00,2.444088775373e+00
1.120000000000e+01,8.200000000000e+00,2.398839372530e+00
1.120000000000e+01,8.400000000000e+00,2.357188167702e+00
1.120000000000e+01,8.600000000000e+00,2.318669311256e+00
1.120000000000e+01,8.800000000000e+00,2.282891689576e+00
1.120000000000e+01,9.000000000000e+00,2.249524900294e+00
1.120000000000e+01,9.200000000000e+00,2.218288217762e+00
1.120000000000e+01,9.400000000000e+00,2.188891523906e+00
1.120000000000e+01,9.600000000000e+00,2.161120919634e+00
1.120000000000e+01,9.800000000000e+00,2.134862964946e+00
1.120000000000e+01,1.000000000000e+01,2.109963314022e+00
1.120000000000e+01,1.020000000000e+01,2.086287688371e+00
1.120000000000e+01,1.040000000000e+01,2.063718811083e+00
1.120000000000e+01,1.060000000000e+01,2.042153876493e+00
1.120000000000e+01,1.080000000000e+01,2.021502450481e+00
1.120000000000e+01,1.100000000000e+01,2.001684719213e+00
1.120000000000e+01,1.120000000000e+01,1.982630021449e+00
1.120000000000e+01,1.140000000000e+01,1.964275612862e+00
1.120000000000e+01,1.160000000000e+01,1.946565621167e+00
1.120000000000e+01,1.180000000000e+01,1.929450158962e+00
1.120000000000e+01,1.200000000000e+01,1.912884567519e+00
1.120000000000e+01,1.220000000000e+01,1.896828769793e+00
1.120000000000e+01,1.240000000000e+01,1.881246714927e+00
1.120000000000e+01,1.260000000000e+01,1.866105899681e+00
1.120000000000e+01,1.280000000000e+01,1.851376954843e+00
1.120000000000e+01,1.300000000000e+01,1.837033286661e+00
1.120000000000e+01,1.320000000000e+01,1.822999981766e+00
1.120000000000e+01,1.340000000000e+01,1.809305573391e+00
1.120000000000e+01,1.360000000000e+01,1.795932177153e+00
1.120000000000e+01,1.380000000000e+01,1.782861469267e+00
1.120000000000e+01,1.400000000000e+01,1.770076695259e+00
1.120000000000e+01,1.420000000000e+01,1.757562508262e+00
1.120000000000e+01,1.440000000000e+01,1.745304826300e+00
1.120000000000e+01,1.460000000000e+01,1.733290706053e+00
1.120000000000e+01,1.480000000000e+01,1.721508230976e+00
1.120000000000e+01,1.500000000000e+01,1.709946411946e+00
1.120000000000e+01,1.520000000000e+01,1.698595098859e+00
1.120000000000e+01,1.540000000000e+01,1.687444901833e+00
1.120000000000e+01,1.560000000000e+01,1.676487120844e+00
1.120000000000e+01,1.580000000000e+01,1.665713682795e+00
1.120000000000e+01,1.600000000000e+01,1.655117085126e+00
1.140000000000e+01,3.000000000000e+00,inf
1.140000000000e+01,3.200000000000e+00,inf
1.140000000000e+01,3.400000000000e+00,inf
1.140000000000e+01,3.600000000000e+00,inf
1.140000000000e+01,3.800000000000e+00,inf
1.140000000000e+01,4.000000000000e+00,inf
1.140000000000e+01,4.200000000000e+00,8.366493482427e+00
1.140000000000e+01,4.400000000000e+00,7.020016714183e+00
1.140000000000e+01,4.600000000000e+00,6.055469996597e+00
1.140000000000e+01,4.800000000000e+00,5.343726124536e+00
1.140000000000e+01,5.000000000000e+00,4.804413676406e+00
1.140000000000e+01,5.200000000000e+00,4.385650769542e+00
1.140000000000e+01,5.400000000000e+00,4.053821422175e+00
1.140000000000e+01,5.600000000000e+00,3.786180492543e+00
1.140000000000e+01,5.800000000000e+00,3.566743384209e+00
1.140000000000e+01,6.000000000000e+00,3.384103052553e+00
1.140000000000e+01,6.200000000000e+00,3.229822697796e+00
1.140000000000e+01,6.400000000000e+00,3.098193428662e+00
1.140000000000e+01,6.600000000000e+00,2.984673754173e+00
1.140000000000e+01,6.800000000000e+00,2.885809833107e+00
1.140000000000e+01,7.000000000000e+00,2.798938413641e+00
1.140000000000e+01,7.200000000000e+00,2.721979632362e+00
1.140000000000e+01,7.400000000000e+00,2.653146564267e+00
1.140000000000e+01,7.600000000000e+00,2.591218358644e+00
1.140000000000e+01,7.800000000000e+00,2.535204463763e+00
1.140000000000e+01,8.000000000000e+00,2.484241077316e+00
1.140000000000e+01,8.200000000000e+00,2.437619153591e+00
1.140000000000e+01,8.400000000000e+00,2.394752120906e+00
1.140000000000e+01,8.600000000000e+00,2.355151207108e+00
1.140000000000e+01,8.800000000000e+00,2.318406392441e+00
1.140000000000e+01,9.000000000000e+00,2.284171569222e+00
1.140000000000e+01,9.200000000000e+00,2.252152877999e+00
1.140000000000e+01,9.400000000000e+00,2.222048520684e+00
1.140000000000e+01,9.600000000000e+00,2.193635237380e+00
1.140000000000e+01,9.800000000000e+00,2.166792357446e+00
1.140000000000e+01,1.000000000000e+01,2.141358711305e+00
1.140000000000e+01,1.020000000000e+01,2.117194155165e+00
1.140000000000e+01,1.040000000000e+01,2.094176347876e+00
1.140000000000e+01,1.060000000000e+01,2.072198092664e+00
1.140000000000e+01,1.080000000000e+01,2.051165132817e+00
1.140000000000e+01,1.100000000000e+01,2.030994314400e+00
1.140000000000e+01,1.120000000000e+01,2.011612047424e+00
1.140000000000e+01,1.140000000000e+01,1.992953011045e+00
1.140000000000e+01,1.160000000000e+01,1.974959059312e+00
1.140000000000e+01,1.180000000000e+01,1.957578292569e+00
1.140000000000e+01,1.200000000000e+01,1.940764266311e+00
1.140000000000e+01,1.220000000000e+01,1.924475314630e+00
1.140000000000e+01,1.240000000000e+01,1.908673969576e+00
1.140000000000e+01,1.260000000000e+01,1.893326461142e+00
1.140000000000e+01,1.280000000000e+01,1.878402285290e+00
1.140000000000e+01,1.300000000000e+01,1.863873829605e+00
1.140000000000e+01,1.320000000000e+01,1.849664673581e+00
1.140000000000e+01,1.340000000000e+01,1.835803160239e+00
1.140000000000e+01,1.360000000000e+01,1.822270633867e+00
1.140000000000e+01,1.380000000000e+01,1.809048095995e+00
1.140000000000e+01,1.400000000000e+01,1.796118181410e+00
1.140000000000e+01,1.420000000000e+01,1.783464989611e+00
1.140000000000e+01,1.440000000000e+01,1.771073936090e+00
1.140000000000e+01,1.460000000000e+01,1.758931620821e+00
1.140000000000e+01,1.480000000000e+01,1.747025711710e+00
1.140000000000e+01,1.500000000000e+01,1.735344841121e+00
1.140000000000e+01,1.520000000000e+01,1.723878513814e+00
1.140000000000e+01,1.540000000000e+01,1.712617024905e+00
1.140000000000e+01,1.560000000000e+01,1.701551386605e+00
1.140000000000e+01,1.580000000000e+01,1.690673262714e+00
1.140000000000e+01,1.600000000000e+01,1.679974909923e+00
1.160000000000e+01,3.000000000000e+00,inf
1.160000000000e+01,3.200000000000e+00,inf
1.160000000000e+01,3.400000000000e+00,inf
1.160000000000e+01,3.600000000000e+00,inf
1.160000000000e+01,3.800000000000e+00,inf
1.160000000000e+01,4.000000000000e+00,inf
1.160000000000e+01,4.200000000000e+00,8.746390544488e+00
1.160000000000e+01,4.400000000000e+00,7.307554940538e+00
1.160000000000e+01,4.600000000000e+00,6.280409520907e+00
1.160000000000e+01,4.800000000000e+00,5.524812769618e+00
1.160000000000e+01,5.000000000000e+00,4.953881782412e+00
1.160000000000e+01,5.200000000000e+00,4.511729072760e+00
1.160000000000e+01,5.400000000000e+00,4.162213912745e+00
1.160000000000e+01,5.600000000000e+00,3.880939216715e+00
1.160000000000e+01,5.800000000000e+00,3.650805371737e+00
1.160000000000e+01,6.000000000000e+00,3.459637831166e+00
1.160000000000e+01,6.200000000000e+00,3.298457647545e+00
1.160000000000e+01,6.400000000000e+00,3.161178680647e+00
1.160000000000e+01,6.600000000000e+00,3.042979201787e+00
1.160000000000e+01,6.800000000000e+00,2.940198190273e+00
1.160000000000e+01,7.000000000000e+00,2.850016947661e+00
1.160000000000e+01,7.200000000000e+00,2.770237372256e+00
1.160000000000e+01,7.400000000000e+00,2.698979350489e+00
1.160000000000e+01,7.600000000000e+00,2.634952498367e+00
1.160000000000e+01,7.800000000000e+00,2.577111332324e+00
1.160000000000e+01,8.000000000000e+00,2.524547426340e+00
1.160000000000e+01,8.200000000000e+00,2.476515869296e+00
1.160000000000e+01,8.400000000000e+00,2.432401006916e+00
1.160000000000e+01,8.600000000000e+00,2.391690288873e+00
1.160000000000e+01,8.800000000000e+00,2.353954103668e+00
1.160000000000e+01,9.000000000000e+00,2.318830084541e+00
1.160000000000e+01,9.200000000000e+00,2.286010787555e+00
1.160000000000e+01,9.400000000000e+00,2.255182368007e+00
1.160000000000e+01,9.600000000000e+00,2.226111896024e+00
1.160000000000e+01,9.800000000000e+00,2.198671219798e+00
1.160000000000e+01,1.000000000000e+01,2.172692133947e+00
1.160000000000e+01,1.020000000000e+01,2.148028451037e+00
1.160000000000e+01,1.040000000000e+01,2.124552614835e+00
1.160000000000e+01,1.060000000000e+01,2.102152909165e+00
1.160000000000e+01,1.080000000000e+01,2.080731145036e+00
1.160000000000e+01,1.100000000000e+01,2.060200734151e+00
1.160000000000e+01,1.120000000000e+01,2.040485076380e+00
1.160000000000e+01,1.140000000000e+01,2.021516203744e+00
1.160000000000e+01,1.160000000000e+01,2.003233635085e+00
1.160000000000e+01,1.180000000000e+01,1.985583404625e+00
1.160000000000e+01,1.200000000000e+01,1.968517234745e+00
1.160000000000e+01,1.220000000000e+01,1.951991828896e+00
1.160000000000e+01,1.240000000000e+01,1.935968265028e+00
1.160000000000e+01,1.260000000000e+01,1.920411473466e+00
1.160000000000e+01,1.280000000000e+01,1.905289785997e+00
1.160000000000e+01,1.300000000000e+01,1.890574545258e+00
1.160000000000e+01,1.320000000000e+01,1.876187806282e+00
1.160000000000e+01,1.340000000000e+01,1.862157693133e+00
1.160000000000e+01,1.360000000000e+01,1.848464760871e+00
1.160000000000e+01,1.380000000000e+01,1.835089318920e+00
1.160000000000e+01,1.400000000000e+01,1.822013375494e+00
1.160000000000e+01,1.420000000000e+01,1.809220462044e+00
1.160000000000e+01,1.440000000000e+01,1.796695478376e+00
1.160000000000e+01,1.460000000000e+01,1.784424555718e+00
1.160000000000e+01,1.480000000000e+01,1.772394935392e+00
1.160000000000e+01,1.500000000000e+01,1.760594861113e+00
1.160000000000e+01,1.520000000000e+01,1.749013483178e+00
1.160000000000e+01,1.540000000000e+01,1.737640773099e+00
1.160000000000e+01,1.560000000000e+01,1.726467447385e+00
1.160000000000e+01,1.580000000000e+01,1.715484899384e+00
1.160000000000e+01,1.600000000000e+01,1.704685138241e+00
1.180000000000e+01,3.000000000000e+00,inf
1.180000000000e+01,3.200000000000e+00,inf
1.180000000000e+01,3.400000000000e+00,inf
1.180000000000e+01,3.600000000000e+00,inf
1.180000000000e+01,3.800000000000e+00,inf
1.180000000000e+01,4.000000000000e+00,inf
1.180000000000e+01,4.200000000000e+00,9.144107839938e+00
1.180000000000e+01,4.400000000000e+00,7.607296559364e+00
1.180000000000e+01,4.600000000000e+00,6.513984605312e+00
1.180000000000e+01,4.800000000000e+00,5.712179638658e+00
1.180000000000e+01,5.000000000000e+00,5.108023323368e+00
1.180000000000e+01,5.200000000000e+00,4.641353172874e+00
1.180000000000e+01,5.400000000000e+00,4.273341563633e+00
1.180000000000e+01,5.600000000000e+00,3.977837894429e+00
1.180000000000e+01,5.800000000000e+00,3.736561841667e+00
1.180000000000e+01,6.000000000000e+00,3.536527842862e+00
1.180000000000e+01,6.200000000000e+00,3.368185283763e+00
1.180000000000e+01,6.400000000000e+00,3.225050577793e+00
1.180000000000e+01,6.600000000000e+00,3.102007435774e+00
1.180000000000e+01,6.800000000000e+00,2.995177420046e+00
1.180000000000e+01,7.000000000000e+00,2.901578957217e+00
1.180000000000e+01,7.200000000000e+00,2.818890241632e+00
1.180000000000e+01,7.400000000000e+00,2.745133880880e+00
1.180000000000e+01,7.600000000000e+00,2.678946897132e+00
1.180000000000e+01,7.800000000000e+00,2.619226539674e+00
1.180000000000e+01,8.000000000000e+00,2.565017947033e+00
1.180000000000e+01,8.200000000000e+00,2.515538931088e+00
1.180000000000e+01,8.400000000000e+00,2.470143644671e+00
1.180000000000e+01,8.600000000000e+00,2.428294878095e+00
1.180000000000e+01,8.800000000000e+00,2.389542722833e+00
1.180000000000e+01,9.000000000000e+00,2.353507983993e+00
1.180000000000e+01,9.200000000000e+00,2.319869170524e+00
1.180000000000e+01,9.400000000000e+00,2.288300014773e+00
1.180000000000e+01,9.600000000000e+00,2.258557600554e+00
1.180000000000e+01,9.800000000000e+00,2.230506038545e+00
1.180000000000e+01,1.000000000000e+01,2.203969870787e+00
1.180000000000e+01,1.020000000000e+01,2.178796684092e+00
1.180000000000e+01,1.040000000000e+01,2.154853553263e+00
1.180000000000e+01,1.060000000000e+01,2.132024111981e+00
1.180000000000e+01,1.080000000000e+01,2.110206127308e+00
1.180000000000e+01,1.100000000000e+01,2.089309480726e+00
1.180000000000e+01,1.120000000000e+01,2.069254479264e+00
1.180000000000e+01,1.140000000000e+01,2.049970436143e+00
1.180000000000e+01,1.160000000000e+01,2.031394472597e+00
1.180000000000e+01,1.180000000000e+01,2.013470502171e+00
1.180000000000e+01,1.200000000000e+01,1.996148366223e+00
1.180000000000e+01,1.220000000000e+01,1.979383095327e+00
1.180000000000e+01,1.240000000000e+01,1.963134275964e+00
1.180000000000e+01,1.260000000000e+01,1.947365505589e+00
1.180000000000e+01,1.280000000000e+01,1.932043922222e+00
1.180000000000e+01,1.300000000000e+01,1.917139797083e+00
1.180000000000e+01,1.320000000000e+01,1.902573643000e+00
1.180000000000e+01,1.340000000000e+01,1.888373336520e+00
1.180000000000e+01,1.360000000000e+01,1.874518625451e+00
1.180000000000e+01,1.380000000000e+01,1.860989109608e+00
1.180000000000e+01,1.400000000000e+01,1.847766154751e+00
1.180000000000e+01,1.420000000000e+01,1.834832709827e+00
1.180000000000e+01,1.440000000000e+01,1.822173145765e+00
1.180000000000e+01,1.460000000000e+01,1.809773112988e+00
1.180000000000e+01,1.480000000000e+01,1.797619415186e+00
1.180000000000e+01,1.500000000000e+01,1.785699897276e+00
1.180000000000e+01,1.520000000000e+01,1.774003345758e+00
1.180000000000e+01,1.540000000000e+01,1.762519399938e+00
1.180000000000e+01,1.560000000000e+01,1.751238472678e+00
1.180000000000e+01,1.580000000000e+01,1.740151679536e+00
1.180000000000e+01,1.600000000000e+01,1.729250775306e+00
1.200000000000e+01,3.000000000000e+00,inf
1.200000000000e+01,3.200000000000e+00,inf
1.200000000000e+01,3.400000000000e+00,inf
1.200000000000e+01,3.600000000000e+00,inf
1.200000000000e+01,3.800000000000e+00,inf
1.200000000000e+01,4.000000000000e+00,inf
1.200000000000e+01,4.200000000000e+00,inf
1.200000000000e+01,4.400000000000e+00,7.919776187408e+00
1.200000000000e+01,4.600000000000e+00,6.756547988998e+00
1.200000000000e+01,4.800000000000e+00,5.906068066854e+00
1.200000000000e+01,5.000000000000e+00,5.267008609452e+00
1.200000000000e+01,5.200000000000e+00,4.774646523808e+00
1.200000000000e+01,5.400000000000e+00,4.387296030328e+00
1.200000000000e+01,5.600000000000e+00,4.076946082311e+00
1.200000000000e+01,5.800000000000e+00,3.824066675022e+00
1.200000000000e+01,6.000000000000e+00,3.614815648656e+00
1.200000000000e+01,6.200000000000e+00,3.439039860496e+00
1.200000000000e+01,6.400000000000e+00,3.289837193105e+00
1.200000000000e+01,6.600000000000e+00,3.161781869182e+00
1.200000000000e+01,6.800000000000e+00,3.050767379129e+00
1.200000000000e+01,7.000000000000e+00,2.953641553576e+00
1.200000000000e+01,7.200000000000e+00,2.867953209088e+00
1.200000000000e+01,7.400000000000e+00,2.791623433381e+00
1.200000000000e+01,7.600000000000e+00,2.723213485806e+00
1.200000000000e+01,7.800000000000e+00,2.661560932724e+00
1.200000000000e+01,8.000000000000e+00,2.605662605419e+00
1.200000000000e+01,8.200000000000e+00,2.554697582040e+00
1.200000000000e+01,8.400000000000e+00,2.507988677980e+00
1.200000000000e+01,8.600000000000e+00,2.464973116822e+00
1.200000000000e+01,8.800000000000e+00,2.425179967527e+00
1.200000000000e+01,9.000000000000e+00,2.388212622351e+00
1.200000000000e+01,9.200000000000e+00,2.353735068241e+00
1.200000000000e+01,9.400000000000e+00,2.321408228319e+00
1.200000000000e+01,9.600000000000e+00,2.290978876379e+00
1.200000000000e+01,9.800000000000e+00,2.262303123260e+00
1.200000000000e+01,1.000000000000e+01,2.235198036824e+00
1.200000000000e+01,1.020000000000e+01,2.209504792137e+00
1.200000000000e+01,1.040000000000e+01,2.185084938038e+00
1.200000000000e+01,1.060000000000e+01,2.161817324810e+00
1.200000000000e+01,1.080000000000e+01,2.139595561868e+00
1.200000000000e+01,1.100000000000e+01,2.118325902958e+00
1.200000000000e+01,1.120000000000e+01,2.097925478242e+00
1.200000000000e+01,1.140000000000e+01,2.078320809375e+00
1.200000000000e+01,1.160000000000e+01,2.059446556706e+00
1.200000000000e+01,1.180000000000e+01,2.041244457820e+00
1.200000000000e+01,1.200000000000e+01,2.023662424560e+00
1.200000000000e+01,1.220000000000e+01,2.006653771922e+00
1.200000000000e+01,1.240000000000e+01,1.990176557151e+00
1.200000000000e+01,1.260000000000e+01,1.974193011325e+00
1.200000000000e+01,1.280000000000e+01,1.958669048851e+00
1.200000000000e+01,1.300000000000e+01,1.943573842865e+00
1.200000000000e+01,1.320000000000e+01,1.928826345831e+00
1.200000000000e+01,1.340000000000e+01,1.914454158382e+00
1.200000000000e+01,1.360000000000e+01,1.900436202915e+00
1.200000000000e+01,1.380000000000e+01,1.886751352062e+00
1.200000000000e+01,1.400000000000e+01,1.873380313183e+00
1.200000000000e+01,1.420000000000e+01,1.860305438216e+00
1.200000000000e+01,1.440000000000e+01,1.847510555994e+00
1.200000000000e+01,1.460000000000e+01,1.834980824052e+00
1.200000000000e+01,1.480000000000e+01,1.822702597376e+00
1.200000000000e+01,1.500000000000e+01,1.810663311929e+00
1.200000000000e+01,1.520000000000e+01,1.798851381074e+00
1.200000000000e+01,1.540000000000e+01,1.787256103304e+00
1.200000000000e+01,1.560000000000e+01,1.775867579890e+00
1.200000000000e+01,1.580000000000e+01,1.764676641256e+00
1.200000000000e+01,1.600000000000e+01,1.753674781048e+00
1.220000000000e+01,3.000000000000e+00,inf
1.220000000000e+01,3.200000000000e+00,inf
1.220000000000e+01,3.400000000000e+00,inf
1.220000000000e+01,3.600000000000e+00,inf
1.220000000000e+01,3.800000000000e+00,inf
1.220000000000e+01,4.000000000000e+00,inf
1.220000000000e+01,4.200000000000e+00,inf
1.220000000000e+01,4.400000000000e+00,8.245550021655e+00
1.220000000000e+01,4.600000000000e+00,7.008465171171e+00
1.220000000000e+01,4.800000000000e+00,6.106727247810e+00
1.220000000000e+01,5.000000000000e+00,5.431012959675e+00
1.220000000000e+01,5.200000000000e+00,4.911735858877e+00
1.220000000000e+01,5.400000000000e+00,4.504171156214e+00
1.220000000000e+01,5.600000000000e+00,4.178334812032e+00
1.220000000000e+01,5.800000000000e+00,3.913374748611e+00
1.220000000000e+01,6.000000000000e+00,3.694544475340e+00
1.220000000000e+01,6.200000000000e+00,3.511056065788e+00
1.220000000000e+01,6.400000000000e+00,3.355566868234e+00
1.220000000000e+01,6.600000000000e+00,3.222326064175e+00
1.220000000000e+01,6.800000000000e+00,3.106987986014e+00
1.220000000000e+01,7.000000000000e+00,3.006221845457e+00
1.220000000000e+01,7.200000000000e+00,2.917441192990e+00
1.220000000000e+01,7.400000000000e+00,2.838461200252e+00
1.220000000000e+01,7.600000000000e+00,2.767764083196e+00
1.220000000000e+01,7.800000000000e+00,2.704125226769e+00
1.220000000000e+01,8.000000000000e+00,2.646491221538e+00
1.220000000000e+01,8.200000000000e+00,2.594000908846e+00
1.220000000000e+01,8.400000000000e+00,2.545944586967e+00
1.220000000000e+01,8.600000000000e+00,2.501732978518e+00
1.220000000000e+01,8.800000000000e+00,2.460873383773e+00
1.220000000000e+01,9.000000000000e+00,2.422951181342e+00
1.220000000000e+01,9.200000000000e+00,2.387615348737e+00
1.220000000000e+01,9.400000000000e+00,2.354513603409e+00
1.220000000000e+01,9.600000000000e+00,2.323382077857e+00
1.220000000000e+01,9.800000000000e+00,2.294068614630e+00
1.220000000000e+01,1.000000000000e+01,2.266382580851e+00
1.220000000000e+01,1.020000000000e+01,2.240158549877e+00
1.220000000000e+01,1.040000000000e+01,2.215252384387e+00
1.220000000000e+01,1.060000000000e+01,2.191538015428e+00
1.220000000000e+01,1.080000000000e+01,2.168904778975e+00
1.220000000000e+01,1.100000000000e+01,2.147255201835e+00
1.220000000000e+01,1.120000000000e+01,2.126503151887e+00
1.220000000000e+01,1.140000000000e+01,2.106572285343e+00
1.220000000000e+01,1.160000000000e+01,2.087394737470e+00
1.220000000000e+01,1.180000000000e+01,2.068910013868e+00
1.220000000000e+01,1.200000000000e+01,2.051064047770e+00
1.220000000000e+01,1.220000000000e+01,2.033808395387e+00
1.220000000000e+01,1.240000000000e+01,2.017099546574e+00
1.220000000000e+01,1.260000000000e+01,2.000898332195e+00
1.220000000000e+01,1.280000000000e+01,1.985169412938e+00
1.220000000000e+01,1.300000000000e+01,1.969880836969e+00
1.220000000000e+01,1.320000000000e+01,1.954949977819e+00
1.220000000000e+01,1.340000000000e+01,1.940404131962e+00
1.220000000000e+01,1.360000000000e+01,1.926221378081e+00
1.220000000000e+01,1.380000000000e+01,1.912379843966e+00
1.220000000000e+01,1.400000000000e+01,1.898859562568e+00
1.220000000000e+01,1.420000000000e+01,1.885642274264e+00
1.220000000000e+01,1.440000000000e+01,1.872711252529e+00
1.220000000000e+01,1.460000000000e+01,1.860051149900e+00
1.220000000000e+01,1.480000000000e+01,1.847647861575e+00
1.220000000000e+01,1.500000000000e+01,1.835488404392e+00
1.220000000000e+01,1.520000000000e+01,1.823560809224e+00
1.220000000000e+01,1.540000000000e+01,1.811854025141e+00
1.220000000000e+01,1.560000000000e+01,1.800357833879e+00
1.220000000000e+01,1.580000000000e+01,1.789062773388e+00
1.220000000000e+01,1.600000000000e+01,1.777960069364e+00
1.240000000000e+01,3.000000000000e+00,inf
1.240000000000e+01,3.200000000000e+00,inf
1.240000000000e+01,3.400000000000e+00,inf
1.240000000000e+01,3.600000000000e+00,inf
1.240000000000e+01,3.800000000000e+00,inf
1.240000000000e+01,4.000000000000e+00,inf
1.240000000000e+01,4.200000000000e+00,inf
1.240000000000e+01,4.400000000000e+00,8.585196789170e+00
1.240000000000e+01,4.600000000000e+00,7.270114921699e+00
1.240000000000e+01,4.800000000000e+00,6.314414520158e+00
1.240000000000e+01,5.000000000000e+00,5.600216870956e+00
1.240000000000e+01,5.200000000000e+00,5.052751296489e+00
1.240000000000e+01,5.400000000000e+00,4.624063043035e+00
1.240000000000e+01,5.600000000000e+00,4.282076640425e+00
1.240000000000e+01,5.800000000000e+00,4.004541972887e+00
1.240000000000e+01,6.000000000000e+00,3.775758245618e+00
1.240000000000e+01,6.200000000000e+00,3.584269046746e+00
1.240000000000e+01,6.400000000000e+00,3.422268235058e+00
1.240000000000e+01,6.600000000000e+00,3.283663751149e+00
1.240000000000e+01,6.800000000000e+00,3.163859238277e+00
1.240000000000e+01,7.000000000000e+00,3.059336954945e+00
1.240000000000e+01,7.200000000000e+00,2.967369076287e+00
1.240000000000e+01,7.400000000000e+00,2.885660301989e+00
1.240000000000e+01,7.600000000000e+00,2.812610409210e+00
1.240000000000e+01,7.800000000000e+00,2.746930017991e+00
1.240000000000e+01,8.000000000000e+00,2.687513481351e+00
1.240000000000e+01,8.200000000000e+00,2.633457853186e+00
1.240000000000e+01,8.400000000000e+00,2.584019698924e+00
1.240000000000e+01,8.600000000000e+00,2.538582278438e+00
1.240000000000e+01,8.800000000000e+00,2.496630355926e+00
1.240000000000e+01,9.000000000000e+00,2.457730679103e+00
1.240000000000e+01,9.200000000000e+00,2.421516715750e+00
1.240000000000e+01,9.400000000000e+00,2.387622570810e+00
1.240000000000e+01,9.600000000000e+00,2.355773396448e+00
1.240000000000e+01,9.800000000000e+00,2.325808492192e+00
1.240000000000e+01,1.000000000000e+01,2.297529292791e+00
1.240000000000e+01,1.020000000000e+01,2.270763575857e+00
1.240000000000e+01,1.040000000000e+01,2.245361354436e+00
1.240000000000e+01,1.060000000000e+01,2.221191501855e+00
1.240000000000e+01,1.080000000000e+01,2.198138962708e+00
1.240000000000e+01,1.100000000000e+01,2.176102435918e+00
1.240000000000e+01,1.120000000000e+01,2.154992440253e+00
1.240000000000e+01,1.140000000000e+01,2.134729691443e+00
1.240000000000e+01,1.160000000000e+01,2.115243734535e+00
1.240000000000e+01,1.180000000000e+01,2.096471786355e+00
1.240000000000e+01,1.200000000000e+01,2.078357751797e+00
1.240000000000e+01,1.220000000000e+01,2.060851384579e+00
1.240000000000e+01,1.240000000000e+01,2.043907568584e+00
1.240000000000e+01,1.260000000000e+01,2.027485700290e+00
1.240000000000e+01,1.280000000000e+01,2.011549156283e+00
1.240000000000e+01,1.300000000000e+01,1.996064832657e+00
1.240000000000e+01,1.320000000000e+01,1.980948505024e+00
1.240000000000e+01,1.340000000000e+01,1.966227137582e+00
1.240000000000e+01,1.360000000000e+01,1.951877946856e+00
1.240000000000e+01,1.380000000000e+01,1.937878298042e+00
1.240000000000e+01,1.400000000000e+01,1.924207533601e+00
1.240000000000e+01,1.420000000000e+01,1.910846767746e+00
1.240000000000e+01,1.440000000000e+01,1.897778705295e+00
1.240000000000e+01,1.460000000000e+01,1.884987481644e+00
1.240000000000e+01,1.480000000000e+01,1.872458521095e+00
1.240000000000e+01,1.500000000000e+01,1.860178411175e+00
1.240000000000e+01,1.520000000000e+01,1.848134790909e+00
1.240000000000e+01,1.540000000000e+01,1.836316251329e+00
1.240000000000e+01,1.560000000000e+01,1.824712246689e+00
1.240000000000e+01,1.580000000000e+01,1.813313015118e+00
1.240000000000e+01,1.600000000000e+01,1.802109507575e+00
1.260000000000e+01,3.000000000000e+00,inf
1.260000000000e+01,3.200000000000e+00,inf
1.260000000000e+01,3.400000000000e+00,inf
1.260000000000e+01,3.600000000000e+00,inf
1.260000000000e+01,3.800000000000e+00,inf
1.260000000000e+01,4.000000000000e+00,inf
1.260000000000e+01,4.200000000000e+00,inf
1.260000000000e+01,4.400000000000e+00,8.939318738739e+00
1.260000000000e+01,4.600000000000e+00,7.541889812842e+00
1.260000000000e+01,4.800000000000e+00,6.529395664844e+00
1.260000000000e+01,5.000000000000e+00,5.774806192371e+00
1.260000000000e+01,5.200000000000e+00,5.197826448110e+00
1.260000000000e+01,5.400000000000e+00,4.747070122085e+00
1.260000000000e+01,5.600000000000e+00,4.388245699534e+00
1.260000000000e+01,5.800000000000e+00,4.097625329332e+00
1.260000000000e+01,6.000000000000e+00,3.858501607579e+00
1.260000000000e+01,6.200000000000e+00,3.658714433831e+00
1.260000000000e+01,6.400000000000e+00,3.489970236473e+00
1.260000000000e+01,6.600000000000e+00,3.345818847045e+00
1.260000000000e+01,6.800000000000e+00,3.221401229089e+00
1.260000000000e+01,7.000000000000e+00,3.113004032621e+00
1.260000000000e+01,7.200000000000e+00,3.017751720574e+00
1.260000000000e+01,7.400000000000e+00,2.933233800526e+00
1.260000000000e+01,7.600000000000e+00,2.857764097331e+00
1.260000000000e+01,7.800000000000e+00,2.789985795300e+00
1.260000000000e+01,8.000000000000e+00,2.728738948027e+00
1.260000000000e+01,8.200000000000e+00,2.673077222501e+00
1.260000000000e+01,8.400000000000e+00,2.622222198613e+00
1.260000000000e+01,8.600000000000e+00,2.575528683481e+00
1.260000000000e+01,8.800000000000e+00,2.532458116099e+00
1.260000000000e+01,9.000000000000e+00,2.492557979181e+00
1.260000000000e+01,9.200000000000e+00,2.455445717319e+00
1.260000000000e+01,9.400000000000e+00,2.420741405493e+00
1.260000000000e+01,9.600000000000e+00,2.388158868525e+00
1.260000000000e+01,9.800000000000e+00,2.357528581761e+00
1.260000000000e+01,1.000000000000e+01,2.328643810745e+00
1.260000000000e+01,1.020000000000e+01,2.301325339140e+00
1.260000000000e+01,1.040000000000e+01,2.275417163526e+00
1.260000000000e+01,1.060000000000e+01,2.250782958311e+00
1.260000000000e+01,1.080000000000e+01,2.227303156576e+00
1.260000000000e+01,1.100000000000e+01,2.204872526619e+00
1.260000000000e+01,1.120000000000e+01,2.183398149810e+00
1.260000000000e+01,1.140000000000e+01,2.162797725180e+00
1.260000000000e+01,1.160000000000e+01,2.142998141443e+00
1.260000000000e+01,1.180000000000e+01,2.123934269064e+00
1.260000000000e+01,1.200000000000e+01,2.105547934228e+00
1.260000000000e+01,1.220000000000e+01,2.087787043915e+00
1.260000000000e+01,1.240000000000e+01,2.070604837027e+00
1.260000000000e+01,1.260000000000e+01,2.053959241130e+00
1.260000000000e+01,1.280000000000e+01,2.037812318040e+00
1.260000000000e+01,1.300000000000e+01,2.022129784443e+00
1.260000000000e+01,1.320000000000e+01,2.006825798631e+00
1.260000000000e+01,1.340000000000e+01,1.991926964526e+00
1.260000000000e+01,1.360000000000e+01,1.977409617894e+00
1.260000000000e+01,1.380000000000e+01,1.963250343489e+00
1.260000000000e+01,1.400000000000e+01,1.949427777132e+00
1.260000000000e+01,1.420000000000e+01,1.935922392208e+00
1.260000000000e+01,1.440000000000e+01,1.922716311531e+00
1.260000000000e+01,1.460000000000e+01,1.909793141185e+00
1.260000000000e+01,1.480000000000e+01,1.897137823443e+00
1.260000000000e+01,1.500000000000e+01,1.884736506318e+00
1.260000000000e+01,1.520000000000e+01,1.872576427619e+00
1.260000000000e+01,1.540000000000e+01,1.860645811715e+00
1.260000000000e+01,1.560000000000e+01,1.848933777430e+00
1.260000000000e+01,1.580000000000e+01,1.837430255732e+00
1.260000000000e+01,1.600000000000e+01,1.826125916044e+00
1.280000000000e+01,3.000000000000e+00,inf
1.280000000000e+01,3.200000000000e+00,inf
1.280000000000e+01,3.400000000000e+00,inf
1.280000000000e+01,3.600000000000e+00,inf
1.280000000000e+01,3.800000000000e+00,inf
1.280000000000e+01,4.000000000000e+00,inf
1.280000000000e+01,4.200000000000e+00,inf
1.280000000000e+01,4.400000000000e+00,9.308542675865e+00
1.280000000000e+01,4.600000000000e+00,7.824196772857e+00
1.280000000000e+01,4.800000000000e+00,6.751945213567e+00
1.280000000000e+01,5.000000000000e+00,5.954972304913e+00
1.280000000000e+01,5.200000000000e+00,5.347098528732e+00
1.280000000000e+01,5.400000000000e+00,4.873293226298e+00
1.280000000000e+01,5.600000000000e+00,4.496917746735e+00
1.280000000000e+01,5.800000000000e+00,4.192682907496e+00
1.280000000000e+01,6.000000000000e+00,3.942819963593e+00
1.280000000000e+01,6.200000000000e+00,3.734428364500e+00
1.280000000000e+01,6.400000000000e+00,3.558702146466e+00
1.280000000000e+01,6.600000000000e+00,3.408815472930e+00
1.280000000000e+01,6.800000000000e+00,3.279634162985e+00
1.280000000000e+01,7.000000000000e+00,3.167240271992e+00
1.280000000000e+01,7.200000000000e+00,3.068603979468e+00
1.280000000000e+01,7.400000000000e+00,2.981194711760e+00
1.280000000000e+01,7.600000000000e+00,2.903236706446e+00
1.280000000000e+01,7.800000000000e+00,2.833302951569e+00
1.280000000000e+01,8.000000000000e+00,2.770177072644e+00
1.280000000000e+01,8.200000000000e+00,2.712867700213e+00
1.280000000000e+01,8.400000000000e+00,2.660560138040e+00
1.280000000000e+01,8.600000000000e+00,2.612579721540e+00
1.280000000000e+01,8.800000000000e+00,2.568363753114e+00
1.280000000000e+01,9.000000000000e+00,2.527439799106e+00
1.280000000000e+01,9.200000000000e+00,2.489408753981e+00
1.280000000000e+01,9.400000000000e+00,2.453876234459e+00
1.280000000000e+01,9.600000000000e+00,2.420544382837e+00
1.280000000000e+01,9.800000000000e+00,2.389234562539e+00
1.280000000000e+01,1.000000000000e+01,2.359731627754e+00
1.280000000000e+01,1.020000000000e+01,2.331849165724e+00
1.280000000000e+01,1.040000000000e+01,2.305424986296e+00
1.280000000000e+01,1.060000000000e+01,2.280317420980e+00
1.280000000000e+01,1.080000000000e+01,2.256402268951e+00
1.280000000000e+01,1.100000000000e+01,2.233570263314e+00
1.280000000000e+01,1.120000000000e+01,2.211724958262e+00
1.280000000000e+01,1.140000000000e+01,2.190780958678e+00
1.280000000000e+01,1.160000000000e+01,2.170662429840e+00
1.280000000000e+01,1.180000000000e+01,2.151301837447e+00
1.280000000000e+01,1.200000000000e+01,2.132638877934e+00
1.280000000000e+01,1.220000000000e+01,2.114619566752e+00
1.280000000000e+01,1.240000000000e+01,2.097195458365e+00
1.280000000000e+01,1.260000000000e+01,2.080322976534e+00
1.280000000000e+01,1.280000000000e+01,2.063962837339e+00
1.280000000000e+01,1.300000000000e+01,2.048079550476e+00
1.280000000000e+01,1.320000000000e+01,2.032585637108e+00
1.280000000000e+01,1.340000000000e+01,2.017507312974e+00
1.280000000000e+01,1.360000000000e+01,2.002820014318e+00
1.280000000000e+01,1.380000000000e+01,1.988499527510e+00
1.280000000000e+01,1.400000000000e+01,1.974523765492e+00
1.280000000000e+01,1.420000000000e+01,1.960872546096e+00
1.280000000000e+01,1.440000000000e+01,1.947527396745e+00
1.280000000000e+01,1.460000000000e+01,1.934471381997e+00
1.280000000000e+01,1.480000000000e+01,1.921688950939e+00
1.280000000000e+01,1.500000000000e+01,1.909165801848e+00
1.280000000000e+01,1.520000000000e+01,1.896888761936e+00
1.280000000000e+01,1.540000000000e+01,1.884845680279e+00
1.280000000000e+01,1.560000000000e+01,1.873025332314e+00
1.280000000000e+01,1.580000000000e+01,1.861417334506e+00
1.280000000000e+01,1.600000000000e+01,1.850012067952e+00
1.300000000000e+01,3.000000000000e+00,inf
1.300000000000e+01,3.200000000000e+00,inf
1.300000000000e+01,3.400000000000e+00,inf
1.300000000000e+01,3.600000000000e+00,inf
1.300000000000e+01,3.800000000000e+00,inf
1.300000000000e+01,4.000000000000e+00,inf
1.300000000000e+01,4.200000000000e+00,inf
1.300000000000e+01,4.400000000000e+00,9.693521042750e+00
1.300000000000e+01,4.600000000000e+00,8.117457662324e+00
1.300000000000e+01,4.800000000000e+00,6.982346768859e+00
1.300000000000e+01,5.000000000000e+00,6.140912307099e+00
1.300000000000e+01,5.200000000000e+00,5.500708470055e+00
1.300000000000e+01,5.400000000000e+00,5.002835663403e+00
1.300000000000e+01,5.600000000000e+00,4.608170215043e+00
1.300000000000e+01,5.800000000000e+00,4.289773941766e+00
1.300000000000e+01,6.000000000000e+00,4.028759498727e+00
1.300000000000e+01,6.200000000000e+00,3.811447506218e+00
1.300000000000e+01,6.400000000000e+00,3.628493589534e+00
1.300000000000e+01,6.600000000000e+00,3.472677970909e+00
1.300000000000e+01,6.800000000000e+00,3.338578370974e+00
1.300000000000e+01,7.000000000000e+00,3.222062923246e+00
1.300000000000e+01,7.200000000000e+00,3.119940711336e+00
1.300000000000e+01,7.400000000000e+00,3.029556017456e+00
1.300000000000e+01,7.600000000000e+00,2.949039732068e+00
1.300000000000e+01,7.800000000000e+00,2.876891794279e+00
1.300000000000e+01,8.000000000000e+00,2.811837204333e+00
1.300000000000e+01,8.200000000000e+00,2.752837855423e+00
1.300000000000e+01,8.400000000000e+00,2.699041445736e+00
1.300000000000e+01,8.600000000000e+00,2.649742790398e+00
1.300000000000e+01,8.800000000000e+00,2.604354221024e+00
1.300000000000e+01,9.000000000000e+00,2.562382718546e+00
1.300000000000e+01,9.200000000000e+00,2.523412086584e+00
1.300000000000e+01,9.400000000000e+00,2.487033044210e+00
1.300000000000e+01,9.600000000000e+00,2.452935687651e+00
1.300000000000e+01,9.800000000000e+00,2.420931973930e+00
1.300000000000e+01,1.000000000000e+01,2.390798098290e+00
1.300000000000e+01,1.020000000000e+01,2.362340244720e+00
1.300000000000e+01,1.040000000000e+01,2.335389862548e+00
1.300000000000e+01,1.060000000000e+01,2.309799793560e+00
1.300000000000e+01,1.080000000000e+01,2.285441078327e+00
1.300000000000e+01,1.100000000000e+01,2.262200308309e+00
1.300000000000e+01,1.120000000000e+01,2.239977419212e+00
1.300000000000e+01,1.140000000000e+01,2.218683843071e+00
1.300000000000e+01,1.160000000000e+01,2.198240953595e+00
1.300000000000e+01,1.180000000000e+01,2.178578752474e+00
1.300000000000e+01,1.200000000000e+01,2.159634754661e+00
1.300000000000e+01,1.220000000000e+01,2.141353038724e+00
1.300000000000e+01,1.240000000000e+01,2.123683434763e+00
1.300000000000e+01,1.260000000000e+01,2.106580827466e+00
1.300000000000e+01,1.280000000000e+01,2.090004555899e+00
1.300000000000e+01,1.300000000000e+01,2.073917894937e+00
1.300000000000e+01,1.320000000000e+01,2.058231708383e+00
1.300000000000e+01,1.340000000000e+01,2.042971795971e+00
1.300000000000e+01,1.360000000000e+01,2.028112675491e+00
1.300000000000e+01,1.380000000000e+01,2.013629316877e+00
1.300000000000e+01,1.400000000000e+01,1.999498893875e+00
1.300000000000e+01,1.420000000000e+01,1.985700553972e+00
1.300000000000e+01,1.440000000000e+01,1.972215215752e+00
1.300000000000e+01,1.460000000000e+01,1.959025390003e+00
1.300000000000e+01,1.480000000000e+01,1.946115021434e+00
1.300000000000e+01,1.500000000000e+01,1.933469348348e+00
1.300000000000e+01,1.520000000000e+01,1.921074777959e+00
1.300000000000e+01,1.540000000000e+01,1.908918775411e+00
1.300000000000e+01,1.560000000000e+01,1.896989764799e+00
1.300000000000e+01,1.580000000000e+01,1.885277040735e+00
1.300000000000e+01,1.600000000000e+01,1.873770689201e+00
1.320000000000e+01,3.000000000000e+00,inf
1.320000000000e+01,3.200000000000e+00,inf
1.320000000000e+01,3.400000000000e+00,inf
1.320000000000e+01,3.600000000000e+00,inf
1.320000000000e+01,3.800000000000e+00,inf
1.320000000000e+01,4.000000000000e+00,inf
1.320000000000e+01,4.200000000000e+00,inf
1.320000000000e+01,4.400000000000e+00,1.009493304491e+01
1.320000000000e+01,4.600000000000e+00,8.422109873959e+00
1.320000000000e+01,4.800000000000e+00,7.220893336310e+00
1.320000000000e+01,5.000000000000e+00,6.332829206744e+00
1.320000000000e+01,5.200000000000e+00,5.658801036645e+00
1.320000000000e+01,5.400000000000e+00,5.135803290314e+00
1.320000000000e+01,5.600000000000e+00,4.722082263729e+00
1.320000000000e+01,5.800000000000e+00,4.388958847964e+00
1.320000000000e+01,6.000000000000e+00,4.116367208736e+00
1.320000000000e+01,6.200000000000e+00,3.889809078961e+00
1.320000000000e+01,6.400000000000e+00,3.699374559509e+00
1.320000000000e+01,6.600000000000e+00,3.537430920421e+00
1.320000000000e+01,6.800000000000e+00,3.398254325025e+00
1.320000000000e+01,7.000000000000e+00,3.277489306405e+00
1.320000000000e+01,7.200000000000e+00,3.171776791419e+00
1.320000000000e+01,7.400000000000e+00,3.078330676569e+00
1.320000000000e+01,7.600000000000e+00,2.995184617003e+00
1.320000000000e+01,7.800000000000e+00,2.920762555633e+00
1.320000000000e+01,8.000000000000e+00,2.853728599915e+00
1.320000000000e+01,8.200000000000e+00,2.792996152112e+00
1.320000000000e+01,8.400000000000e+00,2.737673935572e+00
1.320000000000e+01,8.600000000000e+00,2.687025166173e+00
1.320000000000e+01,8.800000000000e+00,2.640436347211e+00
1.320000000000e+01,9.000000000000e+00,2.597393187085e+00
1.320000000000e+01,9.200000000000e+00,2.557461843731e+00
1.320000000000e+01,9.400000000000e+00,2.520217687886e+00
1.320000000000e+01,9.600000000000e+00,2.485338397574e+00
1.320000000000e+01,9.800000000000e+00,2.452626222056e+00
1.320000000000e+01,1.000000000000e+01,2.421848444479e+00
1.320000000000e+01,1.020000000000e+01,2.392803634281e+00
1.320000000000e+01,1.040000000000e+01,2.365316702883e+00
1.320000000000e+01,1.060000000000e+01,2.339234852621e+00
1.320000000000e+01,1.080000000000e+01,2.314424238391e+00
1.320000000000e+01,1.100000000000e+01,2.290767201641e+00
1.320000000000e+01,1.120000000000e+01,2.268159966699e+00
1.320000000000e+01,1.140000000000e+01,2.246510712773e+00
1.320000000000e+01,1.160000000000e+01,2.225737952816e+00
1.320000000000e+01,1.180000000000e+01,2.205769164400e+00
1.320000000000e+01,1.200000000000e+01,2.186539628553e+00
1.320000000000e+01,1.220000000000e+01,2.167991441019e+00
1.320000000000e+01,1.240000000000e+01,2.150072667141e+00
1.320000000000e+01,1.260000000000e+01,2.132736616863e+00
1.320000000000e+01,1.280000000000e+01,2.115941220641e+00
1.320000000000e+01,1.300000000000e+01,2.099648490432e+00
1.320000000000e+01,1.320000000000e+01,2.083767612036e+00
1.320000000000e+01,1.340000000000e+01,2.068323941419e+00
1.320000000000e+01,1.360000000000e+01,2.053291058818e+00
1.320000000000e+01,1.380000000000e+01,2.038643099560e+00
1.320000000000e+01,1.400000000000e+01,2.024356481788e+00
1.320000000000e+01,1.420000000000e+01,2.010409667780e+00
1.320000000000e+01,1.440000000000e+01,1.996782953785e+00
1.320000000000e+01,1.460000000000e+01,1.983458284524e+00
1.320000000000e+01,1.480000000000e+01,1.970419089113e+00
1.320000000000e+01,1.500000000000e+01,1.957650135611e+00
1.320000000000e+01,1.520000000000e+01,1.945137401821e+00
1.320000000000e+01,1.540000000000e+01,1.932867960306e+00
1.320000000000e+01,1.560000000000e+01,1.920829875853e+00
1.320000000000e+01,1.580000000000e+01,1.909012113873e+00
1.320000000000e+01,1.600000000000e+01,1.897404458441e+00
1.340000000000e+01,3.000000000000e+00,inf
1.340000000000e+01,3.200000000000e+00,inf
1.340000000000e+01,3.400000000000e+00,inf
1.340000000000e+01,3.600000000000e+00,inf
1.340000000000e+01,3.800000000000e+00,inf
1.340000000000e+01,4.000000000000e+00,inf
1.340000000000e+01,4.200000000000e+00,inf
1.340000000000e+01,4.400000000000e+00,inf
1.340000000000e+01,4.600000000000e+00,8.738606956781e+00
1.340000000000e+01,4.800000000000e+00,7.467887669374e+00
1.340000000000e+01,5.000000000000e+00,6.530932119204e+00
1.340000000000e+01,5.200000000000e+00,5.821524945251e+00
1.340000000000e+01,5.400000000000e+00,5.272304588890e+00
1.340000000000e+01,5.600000000000e+00,4.838734829366e+00
1.340000000000e+01,5.800000000000e+00,4.490299259872e+00
1.340000000000e+01,6.000000000000e+00,4.205690927721e+00
1.340000000000e+01,6.200000000000e+00,3.969550877225e+00
1.340000000000e+01,6.400000000000e+00,3.771375437850e+00
1.340000000000e+01,6.600000000000e+00,3.603099153971e+00
1.340000000000e+01,6.800000000000e+00,3.458682651978e+00
1.340000000000e+01,7.000000000000e+00,3.333536823905e+00
1.340000000000e+01,7.200000000000e+00,3.224127123405e+00
1.340000000000e+01,7.400000000000e+00,3.127531636020e+00
1.340000000000e+01,7.600000000000e+00,3.041682761490e+00
1.340000000000e+01,7.800000000000e+00,2.964925402161e+00
1.340000000000e+01,8.000000000000e+00,2.895860433041e+00
1.340000000000e+01,8.200000000000e+00,2.833350957883e+00
1.340000000000e+01,8.400000000000e+00,2.776465315125e+00
1.340000000000e+01,8.600000000000e+00,2.724434011349e+00
1.340000000000e+01,8.800000000000e+00,2.676616840097e+00
1.340000000000e+01,9.000000000000e+00,2.632477531611e+00
1.340000000000e+01,9.200000000000e+00,2.591564028882e+00
1.340000000000e+01,9.400000000000e+00,2.553435892064e+00
1.340000000000e+01,9.600000000000e+00,2.517758000074e+00
1.340000000000e+01,9.800000000000e+00,2.484322586001e+00
1.340000000000e+01,1.000000000000e+01,2.452887762064e+00
1.340000000000e+01,1.020000000000e+01,2.423244267288e+00
1.340000000000e+01,1.040000000000e+01,2.395210294132e+00
1.340000000000e+01,1.060000000000e+01,2.368627252764e+00
1.340000000000e+01,1.080000000000e+01,2.343356282932e+00
1.340000000000e+01,1.100000000000e+01,2.319275365722e+00
1.340000000000e+01,1.120000000000e+01,2.296276919597e+00
1.340000000000e+01,1.140000000000e+01,2.274265789633e+00
1.340000000000e+01,1.160000000000e+01,2.253157557758e+00
1.340000000000e+01,1.180000000000e+01,2.232877116434e+00
1.340000000000e+01,1.200000000000e+01,2.213357459589e+00
1.340000000000e+01,1.220000000000e+01,2.194538653608e+00
1.340000000000e+01,1.240000000000e+01,2.176366958176e+00
1.340000000000e+01,1.260000000000e+01,2.158794072427e+00
1.340000000000e+01,1.280000000000e+01,2.141776486273e+00
1.340000000000e+01,1.300000000000e+01,2.125274920384e+00
1.340000000000e+01,1.320000000000e+01,2.109196861495e+00
1.340000000000e+01,1.340000000000e+01,2.093567194093e+00
1.340000000000e+01,1.360000000000e+01,2.078358541573e+00
1.340000000000e+01,1.380000000000e+01,2.063544186376e+00
1.340000000000e+01,1.400000000000e+01,2.049099774534e+00
1.340000000000e+01,1.420000000000e+01,2.035003068178e+00
1.340000000000e+01,1.440000000000e+01,2.021233727661e+00
1.340000000000e+01,1.460000000000e+01,2.007773119302e+00
1.340000000000e+01,1.480000000000e+01,1.994604145365e+00
1.340000000000e+01,1.500000000000e+01,1.981711093374e+00
1.340000000000e+01,1.520000000000e+01,1.969079502292e+00
1.340000000000e+01,1.540000000000e+01,1.956696043436e+00
1.340000000000e+01,1.560000000000e+01,1.944548414307e+00
1.340000000000e+01,1.580000000000e+01,1.932625243769e+00
1.340000000000e+01,1.600000000000e+01,1.920916007193e+00
1.360000000000e+01,3.000000000000e+00,inf
1.360000000000e+01,3.200000000000e+00,inf
1.360000000000e+01,3.400000000000e+00,inf
1.360000000000e+01,3.600000000000e+00,inf
1.360000000000e+01,3.800000000000e+00,inf
1.360000000000e+01,4.000000000000e+00,inf
1.360000000000e+01,4.200000000000e+00,inf
1.360000000000e+01,4.400000000000e+00,inf
1.360000000000e+01,4.600000000000e+00,9.067419265450e+00
1.360000000000e+01,4.800000000000e+00,7.723642627254e+00
1.360000000000e+01,5.000000000000e+00,6.735436472413e+00
1.360000000000e+01,5.200000000000e+00,5.989032987515e+00
1.360000000000e+01,5.400000000000e+00,5.412450743245e+00
1.360000000000e+01,5.600000000000e+00,4.958210677409e+00
1.360000000000e+01,5.800000000000e+00,4.593858065756e+00
1.360000000000e+01,6.000000000000e+00,4.296779355510e+00
1.360000000000e+01,6.200000000000e+00,4.050711291637e+00
1.360000000000e+01,6.400000000000e+00,3.844527011450e+00
1.360000000000e+01,6.600000000000e+00,3.669707772348e+00
1.360000000000e+01,6.800000000000e+00,3.519884146939e+00
1.360000000000e+01,7.000000000000e+00,3.390222972650e+00
1.360000000000e+01,7.200000000000e+00,3.277006650482e+00
1.360000000000e+01,7.400000000000e+00,3.177171840972e+00
1.360000000000e+01,7.600000000000e+00,3.088545532847e+00
1.360000000000e+01,7.800000000000e+00,3.009390443855e+00
1.360000000000e+01,8.000000000000e+00,2.938241802893e+00
1.360000000000e+01,8.200000000000e+00,2.873910552268e+00
1.360000000000e+01,8.400000000000e+00,2.815423193642e+00
1.360000000000e+01,8.600000000000e+00,2.761976382409e+00
1.360000000000e+01,8.800000000000e+00,2.712902296473e+00
1.360000000000e+01,9.000000000000e+00,2.667641963368e+00
1.360000000000e+01,9.200000000000e+00,2.625724527120e+00
1.360000000000e+01,9.400000000000e+00,2.586693263263e+00
1.360000000000e+01,9.600000000000e+00,2.550199861712e+00
1.360000000000e+01,9.800000000000e+00,2.516026223780e+00
1.360000000000e+01,1.000000000000e+01,2.483921026119e+00
1.360000000000e+01,1.020000000000e+01,2.453666956819e+00
1.360000000000e+01,1.040000000000e+01,2.425075304559e+00
1.360000000000e+01,1.060000000000e+01,2.397981531591e+00
1.360000000000e+01,1.080000000000e+01,2.372241630560e+00
1.360000000000e+01,1.100000000000e+01,2.347729109834e+00
1.360000000000e+01,1.120000000000e+01,2.324332485868e+00
1.360000000000e+01,1.140000000000e+01,2.301953186956e+00
1.360000000000e+01,1.160000000000e+01,2.280503792630e+00
1.360000000000e+01,1.180000000000e+01,2.259906548328e+00
1.360000000000e+01,1.200000000000e+01,2.240092106962e+00
1.360000000000e+01,1.220000000000e+01,2.220998458397e+00
1.360000000000e+01,1.240000000000e+01,2.202570015258e+00
1.360000000000e+01,1.260000000000e+01,2.184756829380e+00
1.360000000000e+01,1.280000000000e+01,2.167513917852e+00
1.360000000000e+01,1.300000000000e+01,2.150800681405e+00
1.360000000000e+01,1.320000000000e+01,2.134522886229e+00
1.360000000000e+01,1.340000000000e+01,2.118704917648e+00
1.360000000000e+01,1.360000000000e+01,2.103318422749e+00
1.360000000000e+01,1.380000000000e+01,2.088335812670e+00
1.360000000000e+01,1.400000000000e+01,2.073731944731e+00
1.360000000000e+01,1.420000000000e+01,2.059483865896e+00
1.360000000000e+01,1.440000000000e+01,2.045570586998e+00
1.360000000000e+01,1.460000000000e+01,2.031972883566e+00
1.360000000000e+01,1.480000000000e+01,2.018673119720e+00
1.360000000000e+01,1.500000000000e+01,2.005655092128e+00
1.360000000000e+01,1.520000000000e+01,1.992903891457e+00
1.360000000000e+01,1.540000000000e+01,1.980405779100e+00
1.360000000000e+01,1.560000000000e+01,1.968148077295e+00
1.360000000000e+01,1.580000000000e+01,1.956119070993e+00
1.360000000000e+01,1.600000000000e+01,1.944307920071e+00
1.380000000000e+01,3.000000000000e+00,inf
1.380000000000e+01,3.200000000000e+00,inf
1.380000000000e+01,3.400000000000e+00,inf
1.380000000000e+01,3.600000000000e+00,inf
1.380000000000e+01,3.800000000000e+00,inf
1.380000000000e+01,4.000000000000e+00,inf
1.380000000000e+01,4.200000000000e+00,inf
1.380000000000e+01,4.400000000000e+00,inf
1.380000000000e+01,4.600000000000e+00,9.409034635641e+00
1.380000000000e+01,4.800000000000e+00,7.988481546317e+00
1.380000000000e+01,5.000000000000e+00,6.946564218984e+00
1.380000000000e+01,5.200000000000e+00,6.161482156271e+00
1.380000000000e+01,5.400000000000e+00,5.556355718731e+00
1.380000000000e+01,5.600000000000e+00,5.080594454415e+00
1.380000000000e+01,5.800000000000e+00,4.699699444985e+00
1.380000000000e+01,6.000000000000e+00,4.389682084840e+00
1.380000000000e+01,6.200000000000e+00,4.133329330197e+00
1.380000000000e+01,6.400000000000e+00,3.918860490010e+00
1.380000000000e+01,6.600000000000e+00,3.737282159370e+00
1.380000000000e+01,6.800000000000e+00,3.581879786180e+00
1.380000000000e+01,7.000000000000e+00,3.447565355585e+00
1.380000000000e+01,7.200000000000e+00,3.330430365909e+00
1.380000000000e+01,7.400000000000e+00,3.227264244629e+00
1.380000000000e+01,7.600000000000e+00,3.135784274662e+00
1.380000000000e+01,7.800000000000e+00,3.054167742852e+00
1.380000000000e+01,8.000000000000e+00,2.980881742440e+00
1.380000000000e+01,8.200000000000e+00,2.914683134619e+00
1.380000000000e+01,8.400000000000e+00,2.854555089599e+00
1.380000000000e+01,8.600000000000e+00,2.799659237099e+00
1.380000000000e+01,8.800000000000e+00,2.749299208480e+00
1.380000000000e+01,9.000000000000e+00,2.702892584661e+00
1.380000000000e+01,9.200000000000e+00,2.659949111602e+00
1.380000000000e+01,9.400000000000e+00,2.619995294135e+00
1.380000000000e+01,9.600000000000e+00,2.582669234094e+00
1.380000000000e+01,9.800000000000e+00,2.547742178051e+00
1.380000000000e+01,1.000000000000e+01,2.514953096524e+00
1.380000000000e+01,1.020000000000e+01,2.484076401387e+00
1.380000000000e+01,1.040000000000e+01,2.454916288883e+00
1.380000000000e+01,1.060000000000e+01,2.427302114490e+00
1.380000000000e+01,1.080000000000e+01,2.401084589270e+00
1.380000000000e+01,1.100000000000e+01,2.376132634459e+00
1.380000000000e+01,1.120000000000e+01,2.352330766680e+00
1.380000000000e+01,1.140000000000e+01,2.329576913415e+00
1.380000000000e+01,1.160000000000e+01,2.307780579285e+00
1.380000000000e+01,1.180000000000e+01,2.286861299866e+00
1.380000000000e+01,1.200000000000e+01,2.266747332362e+00
1.380000000000e+01,1.220000000000e+01,2.247374542324e+00
1.380000000000e+01,1.240000000000e+01,2.228685453393e+00
1.380000000000e+01,1.260000000000e+01,2.210628433178e+00
1.380000000000e+01,1.280000000000e+01,2.193156993316e+00
1.380000000000e+01,1.300000000000e+01,2.176229185651e+00
1.380000000000e+01,1.320000000000e+01,2.159749033927e+00
1.380000000000e+01,1.340000000000e+01,2.143740396637e+00
1.380000000000e+01,1.360000000000e+01,2.128173924897e+00
1.380000000000e+01,1.380000000000e+01,2.113021140004e+00
1.380000000000e+01,1.400000000000e+01,2.098256093851e+00
1.380000000000e+01,1.420000000000e+01,2.083855103130e+00
1.380000000000e+01,1.440000000000e+01,2.069796515465e+00
1.380000000000e+01,1.460000000000e+01,2.056060503153e+00
1.380000000000e+01,1.480000000000e+01,2.042628880834e+00
1.380000000000e+01,1.500000000000e+01,2.029484943968e+00
1.380000000000e+01,1.520000000000e+01,2.016613325450e+00
1.380000000000e+01,1.540000000000e+01,2.003999868053e+00
1.380000000000e+01,1.560000000000e+01,1.991631510756e+00
1.380000000000e+01,1.580000000000e+01,1.979496187237e+00
1.380000000000e+01,1.600000000000e+01,1.967582735075e+00
1.400000000000e+01,3.000000000000e+00,inf
1.400000000000e+01,3.200000000000e+00,inf
1.400000000000e+01,3.400000000000e+00,inf
1.400000000000e+01,3.600000000000e+00,inf
1.400000000000e+01,3.800000000000e+00,inf
1.400000000000e+01,4.000000000000e+00,inf
1.400000000000e+01,4.200000000000e+00,inf
1.400000000000e+01,4.400000000000e+00,inf
1.400000000000e+01,4.600000000000e+00,9.763959086348e+00
1.400000000000e+01,4.800000000000e+00,8.262738625506e+00
1.400000000000e+01,5.000000000000e+00,7.164544055685e+00
1.400000000000e+01,5.200000000000e+00,6.339033775627e+00
1.400000000000e+01,5.400000000000e+00,5.704136342745e+00
1.400000000000e+01,5.600000000000e+00,5.205972741017e+00
1.400000000000e+01,5.800000000000e+00,4.807888904804e+00
1.400000000000e+01,6.000000000000e+00,4.484449628382e+00
1.400000000000e+01,6.200000000000e+00,4.217444639220e+00
1.400000000000e+01,6.400000000000e+00,3.994407523018e+00
1.400000000000e+01,6.600000000000e+00,3.805847996207e+00
1.400000000000e+01,6.800000000000e+00,3.644690739601e+00
1.400000000000e+01,7.000000000000e+00,3.505581692814e+00
1.400000000000e+01,7.200000000000e+00,3.384413323144e+00
1.400000000000e+01,7.400000000000e+00,3.277821817603e+00
1.400000000000e+01,7.600000000000e+00,3.183410315559e+00
1.400000000000e+01,7.800000000000e+00,3.099267321715e+00
1.400000000000e+01,8.000000000000e+00,3.023789226307e+00
1.400000000000e+01,8.200000000000e+00,2.955676831623e+00
1.400000000000e+01,8.400000000000e+00,2.893868437898e+00
1.400000000000e+01,8.600000000000e+00,2.837489441336e+00
1.400000000000e+01,8.800000000000e+00,2.785813970253e+00
1.400000000000e+01,9.000000000000e+00,2.738235395252e+00
1.400000000000e+01,9.200000000000e+00,2.694243449707e+00
1.400000000000e+01,9.400000000000e+00,2.653347369389e+00
1.400000000000e+01,9.600000000000e+00,2.615171259559e+00
1.400000000000e+01,9.800000000000e+00,2.579475381582e+00
1.400000000000e+01,1.000000000000e+01,2.545988723210e+00
1.400000000000e+01,1.020000000000e+01,2.514477189965e+00
1.400000000000e+01,1.040000000000e+01,2.484737693081e+00
1.400000000000e+01,1.060000000000e+01,2.456593319226e+00
1.400000000000e+01,1.080000000000e+01,2.429889360829e+00
1.400000000000e+01,1.100000000000e+01,2.404490035471e+00
1.400000000000e+01,1.120000000000e+01,2.380275760395e+00
1.400000000000e+01,1.140000000000e+01,2.357140876827e+00
1.400000000000e+01,1.160000000000e+01,2.334991740808e+00
1.400000000000e+01,1.180000000000e+01,2.313745114254e+00
1.400000000000e+01,1.200000000000e+01,2.293326803178e+00
1.400000000000e+01,1.220000000000e+01,2.273670500375e+00
1.400000000000e+01,1.240000000000e+01,2.254716798033e+00
1.400000000000e+01,1.260000000000e+01,2.236412342173e+00
1.400000000000e+01,1.280000000000e+01,2.218709105972e+00
1.400000000000e+01,1.300000000000e+01,2.201563763142e+00
1.400000000000e+01,1.320000000000e+01,2.184878572657e+00
1.400000000000e+01,1.340000000000e+01,2.168676838510e+00
1.400000000000e+01,1.360000000000e+01,2.152928195986e+00
1.400000000000e+01,1.380000000000e+01,2.137603257861e+00
1.400000000000e+01,1.400000000000e+01,2.122675253778e+00
1.400000000000e+01,1.420000000000e+01,2.108119754963e+00
1.400000000000e+01,1.440000000000e+01,2.093914432069e+00
1.400000000000e+01,1.460000000000e+01,2.080038841660e+00
1.400000000000e+01,1.480000000000e+01,2.066474237517e+00
1.400000000000e+01,1.500000000000e+01,2.053203403506e+00
1.400000000000e+01,1.520000000000e+01,2.040210505245e+00
1.400000000000e+01,1.540000000000e+01,2.027480958177e+00
1.400000000000e+01,1.560000000000e+01,2.015001310013e+00
1.400000000000e+01,1.580000000000e+01,2.002759135782e+00
1.400000000000e+01,1.600000000000e+01,1.990742943967e+00
1.420000000000e+01,3.000000000000e+00,inf
1.420000000000e+01,3.200000000000e+00,inf
1.420000000000e+01,3.400000000000e+00,inf
1.420000000000e+01,3.600000000000e+00,inf
1.420000000000e+01,3.800000000000e+00,inf
1.420000000000e+01,4.000000000000e+00,inf
1.420000000000e+01,4.200000000000e+00,inf
1.420000000000e+01,4.400000000000e+00,inf
1.420000000000e+01,4.600000000000e+00,1.013271755002e+01
1.420000000000e+01,4.800000000000e+00,8.546759326211e+00
1.420000000000e+01,5.000000000000e+00,7.389611650565e+00
1.420000000000e+01,5.200000000000e+00,6.521853635047e+00
1.420000000000e+01,5.400000000000e+00,5.855912387501e+00
1.420000000000e+01,5.600000000000e+00,5.334434105739e+00
1.420000000000e+01,5.800000000000e+00,4.918493317357e+00
1.420000000000e+01,6.000000000000e+00,4.581133445696e+00
1.420000000000e+01,6.200000000000e+00,4.303097524020e+00
1.420000000000e+01,6.400000000000e+00,4.071200216396e+00
1.420000000000e+01,6.600000000000e+00,3.875431275302e+00
1.420000000000e+01,6.800000000000e+00,3.708338382777e+00
1.420000000000e+01,7.000000000000e+00,3.564289832304e+00
1.420000000000e+01,7.200000000000e+00,3.438970645554e+00
1.420000000000e+01,7.400000000000e+00,3.328857556869e+00
1.420000000000e+01,7.600000000000e+00,3.231434977558e+00
1.420000000000e+01,7.800000000000e+00,3.144699171313e+00
1.420000000000e+01,8.000000000000e+00,3.066973178263e+00
1.420000000000e+01,8.200000000000e+00,2.996899704446e+00
1.420000000000e+01,8.400000000000e+00,2.933370596718e+00
1.420000000000e+01,8.600000000000e+00,2.875473775786e+00
1.420000000000e+01,8.800000000000e+00,2.822452884244e+00
1.420000000000e+01,9.000000000000e+00,2.773676298445e+00
1.420000000000e+01,9.200000000000e+00,2.728613108908e+00
1.420000000000e+01,9.400000000000e+00,2.686754771432e+00
1.420000000000e+01,9.600000000000e+00,2.647710976615e+00
1.420000000000e+01,9.800000000000e+00,2.611230662470e+00
1.420000000000e+01,1.000000000000e+01,2.577032551177e+00
1.420000000000e+01,1.020000000000e+01,2.544873806806e+00
1.420000000000e+01,1.040000000000e+01,2.514543859008e+00
1.420000000000e+01,1.060000000000e+01,2.485859360375e+00
1.420000000000e+01,1.080000000000e+01,2.458660045008e+00
1.420000000000e+01,1.100000000000e+01,2.432805308166e+00
1.420000000000e+01,1.120000000000e+01,2.408171366409e+00
1.420000000000e+01,1.140000000000e+01,2.384648887818e+00
1.420000000000e+01,1.160000000000e+01,2.362141004996e+00
1.420000000000e+01,1.180000000000e+01,2.340561641420e+00
1.420000000000e+01,1.200000000000e+01,2.319834095623e+00
1.420000000000e+01,1.220000000000e+01,2.299889838532e+00
1.420000000000e+01,1.240000000000e+01,2.280667487863e+00
1.420000000000e+01,1.260000000000e+01,2.262111930221e+00
1.420000000000e+01,1.280000000000e+01,2.244173566946e+00
1.420000000000e+01,1.300000000000e+01,2.226807664055e+00
1.420000000000e+01,1.320000000000e+01,2.209914693002e+00
1.420000000000e+01,1.340000000000e+01,2.193517375600e+00
1.420000000000e+01,1.360000000000e+01,2.177584311236e+00
1.420000000000e+01,1.380000000000e+01,2.162085185341e+00
1.420000000000e+01,1.400000000000e+01,2.146992388370e+00
1.420000000000e+01,1.420000000000e+01,2.132280730793e+00
1.420000000000e+01,1.440000000000e+01,2.117927192451e+00
1.420000000000e+01,1.460000000000e+01,2.103910701619e+00
1.420000000000e+01,1.480000000000e+01,2.090211939789e+00
1.420000000000e+01,1.500000000000e+01,2.076813168811e+00
1.420000000000e+01,1.520000000000e+01,2.063698077493e+00
1.420000000000e+01,1.540000000000e+01,2.050851645213e+00
1.420000000000e+01,1.560000000000e+01,2.038260020392e+00
1.420000000000e+01,1.580000000000e+01,2.025910412027e+00
1.420000000000e+01,1.600000000000e+01,2.013790992694e+00
1.440000000000e+01,3.000000000000e+00,inf
1.440000000000e+01,3.200000000000e+00,inf
1.440000000000e+01,3.400000000000e+00,inf
1.440000000000e+01,3.600000000000e+00,inf
1.440000000000e+01,3.800000000000e+00,inf
1.440000000000e+01,4.000000000000e+00,inf
1.440000000000e+01,4.200000000000e+00,inf
1.440000000000e+01,4.400000000000e+00,inf
1.440000000000e+01,4.600000000000e+00,1.051585463150e+01
1.440000000000e+01,4.800000000000e+00,8.840900787081e+00
1.440000000000e+01,5.000000000000e+00,7.622009878007e+00
1.440000000000e+01,5.200000000000e+00,6.710112127588e+00
1.440000000000e+01,5.400000000000e+00,6.011806654896e+00
1.440000000000e+01,5.600000000000e+00,5.466069159756e+00
1.440000000000e+01,5.800000000000e+00,5.031580957014e+00
1.440000000000e+01,6.000000000000e+00,4.679785970141e+00
1.440000000000e+01,6.200000000000e+00,4.390328969381e+00
1.440000000000e+01,6.400000000000e+00,4.149271148823e+00
1.440000000000e+01,6.600000000000e+00,3.946058313953e+00
1.440000000000e+01,6.800000000000e+00,3.772844308634e+00
1.440000000000e+01,7.000000000000e+00,3.623707760206e+00
1.440000000000e+01,7.200000000000e+00,3.494117535740e+00
1.440000000000e+01,7.400000000000e+00,3.380384494336e+00
1.440000000000e+01,7.600000000000e+00,3.279869584065e+00
1.440000000000e+01,7.800000000000e+00,3.190473258348e+00
1.440000000000e+01,8.000000000000e+00,3.110442478358e+00
1.440000000000e+01,8.200000000000e+00,3.038359755543e+00
1.440000000000e+01,8.400000000000e+00,2.973068854031e+00
1.440000000000e+01,8.600000000000e+00,2.913618942126e+00
1.440000000000e+01,8.800000000000e+00,2.859222167251e+00
1.440000000000e+01,9.000000000000e+00,2.809221106898e+00
1.440000000000e+01,9.200000000000e+00,2.763063562357e+00
1.440000000000e+01,9.400000000000e+00,2.720222685763e+00
1.440000000000e+01,9.600000000000e+00,2.680293325130e+00
1.440000000000e+01,9.800000000000e+00,2.643012749146e+00
1.440000000000e+01,1.000000000000e+01,2.608089125306e+00
1.440000000000e+01,1.020000000000e+01,2.575270636064e+00
1.440000000000e+01,1.040000000000e+01,2.544339028837e+00
1.440000000000e+01,1.060000000000e+01,2.515104353565e+00
1.440000000000e+01,1.080000000000e+01,2.487400643647e+00
1.440000000000e+01,1.100000000000e+01,2.461082351156e+00
1.440000000000e+01,1.120000000000e+01,2.436021388869e+00
1.440000000000e+01,1.140000000000e+01,2.412104663361e+00
1.440000000000e+01,1.160000000000e+01,2.389232007723e+00
1.440000000000e+01,1.180000000000e+01,2.367314441213e+00
1.440000000000e+01,1.200000000000e+01,2.346272697767e+00
1.440000000000e+01,1.220000000000e+01,2.326035976646e+00
1.440000000000e+01,1.240000000000e+01,2.306540877506e+00
1.440000000000e+01,1.260000000000e+01,2.287730489243e+00
1.440000000000e+01,1.280000000000e+01,2.269553607588e+00
1.440000000000e+01,1.300000000000e+01,2.251964060978e+00
1.440000000000e+01,1.320000000000e+01,2.234860510174e+00
1.440000000000e+01,1.340000000000e+01,2.218265067094e+00
1.440000000000e+01,1.360000000000e+01,2.202145274951e+00
1.440000000000e+01,1.380000000000e+01,2.186469872860e+00
1.440000000000e+01,1.400000000000e+01,2.171210395027e+00
1.440000000000e+01,1.420000000000e+01,2.156340875773e+00
1.440000000000e+01,1.440000000000e+01,2.141837590212e+00
1.440000000000e+01,1.460000000000e+01,2.127678825703e+00
1.440000000000e+01,1.480000000000e+01,2.113844679973e+00
1.440000000000e+01,1.500000000000e+01,2.100316882387e+00
1.440000000000e+01,1.520000000000e+01,2.087078635386e+00
1.440000000000e+01,1.540000000000e+01,2.074114473523e+00
1.440000000000e+01,1.560000000000e+01,2.061410137890e+00
1.440000000000e+01,1.580000000000e+01,2.048952464057e+00
1.440000000000e+01,1.600000000000e+01,2.036729281877e+00
1.460000000000e+01,3.000000000000e+00,inf
1.460000000000e+01,3.200000000000e+00,inf
1.460000000000e+01,3.400000000000e+00,inf
1.460000000000e+01,3.600000000000e+00,inf
1.460000000000e+01,3.800000000000e+00,inf
1.460000000000e+01,4.000000000000e+00,inf
1.460000000000e+01,4.200000000000e+00,inf
1.460000000000e+01,4.400000000000e+00,inf
1.460000000000e+01,4.600000000000e+00,1.091393539671e+01
1.460000000000e+01,4.800000000000e+00,9.145532254240e+00
1.460000000000e+01,5.000000000000e+00,7.861989061991e+00
1.460000000000e+01,5.200000000000e+00,6.903984392500e+00
1.460000000000e+01,5.400000000000e+00,6.171945063603e+00
1.460000000000e+01,5.600000000000e+00,5.600970612697e+00
1.460000000000e+01,5.800000000000e+00,5.147221538090e+00
1.460000000000e+01,6.000000000000e+00,4.780460635826e+00
1.460000000000e+01,6.200000000000e+00,4.479180659863e+00
1.460000000000e+01,6.400000000000e+00,4.228653387806e+00
1.460000000000e+01,6.600000000000e+00,4.017755767563e+00
1.460000000000e+01,6.800000000000e+00,3.838230338774e+00
1.460000000000e+01,7.000000000000e+00,3.683853610816e+00
1.460000000000e+01,7.200000000000e+00,3.549869284506e+00
1.460000000000e+01,7.400000000000e+00,3.432415705071e+00
1.460000000000e+01,7.600000000000e+00,3.328725467517e+00
1.460000000000e+01,7.800000000000e+00,3.236599532532e+00
1.460000000000e+01,8.000000000000e+00,3.154205969722e+00
1.460000000000e+01,8.200000000000e+00,3.080064935146e+00
1.460000000000e+01,8.400000000000e+00,3.012970433818e+00
1.460000000000e+01,8.600000000000e+00,2.951931569011e+00
1.460000000000e+01,8.800000000000e+00,2.896127956162e+00
1.460000000000e+01,9.000000000000e+00,2.844875548147e+00
1.460000000000e+01,9.200000000000e+00,2.797600194226e+00
1.460000000000e+01,9.400000000000e+00,2.753756206114e+00
1.460000000000e+01,9.600000000000e+00,2.712923151290e+00
1.460000000000e+01,9.800000000000e+00,2.674826275152e+00
1.460000000000e+01,1.000000000000e+01,2.639162894956e+00
1.460000000000e+01,1.020000000000e+01,2.605671966219e+00
1.460000000000e+01,1.040000000000e+01,2.574127349308e+00
1.460000000000e+01,1.060000000000e+01,2.544332319566e+00
1.460000000000e+01,1.080000000000e+01,2.516115064574e+00
1.460000000000e+01,1.100000000000e+01,2.489324970119e+00
1.460000000000e+01,1.120000000000e+01,2.463829540260e+00
1.460000000000e+01,1.140000000000e+01,2.439511830200e+00
1.460000000000e+01,1.160000000000e+01,2.416268296203e+00
1.460000000000e+01,1.180000000000e+01,2.394006986506e+00
1.460000000000e+01,1.200000000000e+01,2.372646012483e+00
1.460000000000e+01,1.220000000000e+01,2.352112251228e+00
1.460000000000e+01,1.240000000000e+01,2.332340240172e+00
1.460000000000e+01,1.260000000000e+01,2.313271231719e+00
1.460000000000e+01,1.280000000000e+01,2.294852381824e+00
1.460000000000e+01,1.300000000000e+01,2.277036051125e+00
1.460000000000e+01,1.320000000000e+01,2.259719066087e+00
1.460000000000e+01,1.340000000000e+01,2.242922900975e+00
1.460000000000e+01,1.360000000000e+01,2.226614022334e+00
1.460000000000e+01,1.380000000000e+01,2.210760203837e+00
1.460000000000e+01,1.400000000000e+01,2.195332106250e+00
1.460000000000e+01,1.420000000000e+01,2.180302972256e+00
1.460000000000e+01,1.440000000000e+01,2.165648358234e+00
1.460000000000e+01,1.460000000000e+01,2.151345897938e+00
1.460000000000e+01,1.480000000000e+01,2.137375093793e+00
1.460000000000e+01,1.500000000000e+01,2.123717132176e+00
1.460000000000e+01,1.520000000000e+01,2.110354719563e+00
1.460000000000e+01,1.540000000000e+01,2.097271936898e+00
1.460000000000e+01,1.560000000000e+01,2.084454109887e+00
1.460000000000e+01,1.580000000000e+01,2.071887693265e+00
1.460000000000e+01,1.600000000000e+01,2.059560167335e+00
1.480000000000e+01,3.000000000000e+00,inf
1.480000000000e+01,3.200000000000e+00,inf
1.480000000000e+01,3.400000000000e+00,inf
1.480000000000e+01,3.600000000000e+00,inf
1.480000000000e+01,3.800000000000e+00,inf
1.480000000000e+01,4.000000000000e+00,inf
1.480000000000e+01,4.200000000000e+00,inf
1.480000000000e+01,4.400000000000e+00,inf
1.480000000000e+01,4.600000000000e+00,1.132754619217e+01
1.480000000000e+01,4.800000000000e+00,9.461035527405e+00
1.480000000000e+01,5.000000000000e+00,8.109807227841e+00
1.480000000000e+01,5.200000000000e+00,7.103650462368e+00
1.480000000000e+01,5.400000000000e+00,6.336456738511e+00
1.480000000000e+01,5.600000000000e+00,5.739233329572e+00
1.480000000000e+01,5.800000000000e+00,5.265486253001e+00
1.480000000000e+01,6.000000000000e+00,4.883211904623e+00
1.480000000000e+01,6.200000000000e+00,4.569694999980e+00
1.480000000000e+01,6.400000000000e+00,4.309380505509e+00
1.480000000000e+01,6.600000000000e+00,4.090550642609e+00
1.480000000000e+01,6.800000000000e+00,3.904518534487e+00
1.480000000000e+01,7.000000000000e+00,3.744745676210e+00
1.480000000000e+01,7.200000000000e+00,3.606241279493e+00
1.480000000000e+01,7.400000000000e+00,3.484964315183e+00
1.480000000000e+01,7.600000000000e+00,3.378013976693e+00
1.480000000000e+01,7.800000000000e+00,3.283087933453e+00
1.480000000000e+01,8.000000000000e+00,3.198272465069e+00
1.480000000000e+01,8.200000000000e+00,3.122023147449e+00
1.480000000000e+01,8.400000000000e+00,3.053082501989e+00
1.480000000000e+01,8.600000000000e+00,2.990418217762e+00
1.480000000000e+01,8.800000000000e+00,2.933176313422e+00
1.480000000000e+01,9.000000000000e+00,2.880645269893e+00
1.480000000000e+01,9.200000000000e+00,2.832228304797e+00
1.480000000000e+01,9.400000000000e+00,2.787360339367e+00
1.480000000000e+01,9.600000000000e+00,2.745605212344e+00
1.480000000000e+01,9.800000000000e+00,2.706675783713e+00
1.480000000000e+01,1.000000000000e+01,2.670258218375e+00
1.480000000000e+01,1.020000000000e+01,2.636081994324e+00
1.480000000000e+01,1.040000000000e+01,2.603912875816e+00
1.480000000000e+01,1.060000000000e+01,2.573547188218e+00
1.480000000000e+01,1.080000000000e+01,2.544807125375e+00
1.480000000000e+01,1.100000000000e+01,2.517536881410e+00
1.480000000000e+01,1.120000000000e+01,2.491599444861e+00
1.480000000000e+01,1.140000000000e+01,2.466873928155e+00
1.480000000000e+01,1.160000000000e+01,2.443253332147e+00
1.480000000000e+01,1.180000000000e+01,2.420642666206e+00
1.480000000000e+01,1.200000000000e+01,2.398957360310e+00
1.480000000000e+01,1.220000000000e+01,2.378121918173e+00
1.480000000000e+01,1.240000000000e+01,2.358068770232e+00
1.480000000000e+01,1.260000000000e+01,2.338737293130e+00
1.480000000000e+01,1.280000000000e+01,2.320072968463e+00
1.480000000000e+01,1.300000000000e+01,2.302026658507e+00
1.480000000000e+01,1.320000000000e+01,2.284493331400e+00
1.480000000000e+01,1.340000000000e+01,2.267493795934e+00
1.480000000000e+01,1.360000000000e+01,2.250993421274e+00
1.480000000000e+01,1.380000000000e+01,2.234958996363e+00
1.480000000000e+01,1.400000000000e+01,2.219360291202e+00
1.480000000000e+01,1.420000000000e+01,2.204169741235e+00
1.480000000000e+01,1.440000000000e+01,2.189362170015e+00
1.480000000000e+01,1.460000000000e+01,2.174914544926e+00
1.480000000000e+01,1.480000000000e+01,2.160805761502e+00
1.480000000000e+01,1.500000000000e+01,2.147016452576e+00
1.480000000000e+01,1.520000000000e+01,2.133528819029e+00
1.480000000000e+01,1.540000000000e+01,2.120326479385e+00
1.480000000000e+01,1.560000000000e+01,2.107394335885e+00
1.480000000000e+01,1.580000000000e+01,2.094718455003e+00
1.480000000000e+01,1.600000000000e+01,2.082285960658e+00
1.500000000000e+01,3.000000000000e+00,inf
1.500000000000e+01,3.200000000000e+00,inf
1.500000000000e+01,3.400000000000e+00,inf
1.500000000000e+01,3.600000000000e+00,inf
1.500000000000e+01,3.800000000000e+00,inf
1.500000000000e+01,4.000000000000e+00,inf
1.500000000000e+01,4.200000000000e+00,inf
1.500000000000e+01,4.400000000000e+00,inf
1.500000000000e+01,4.600000000000e+00,inf
1.500000000000e+01,4.800000000000e+00,9.787805422396e+00
1.500000000000e+01,5.000000000000e+00,8.365730362721e+00
1.500000000000e+01,5.200000000000e+00,7.309295414953e+00
1.500000000000e+01,5.400000000000e+00,6.505474102647e+00
1.500000000000e+01,5.600000000000e+00,5.880954388921e+00
1.500000000000e+01,5.800000000000e+00,5.386447810951e+00
1.500000000000e+01,6.000000000000e+00,4.988095293317e+00
1.500000000000e+01,6.200000000000e+00,4.661915134301e+00
1.500000000000e+01,6.400000000000e+00,4.391486594387e+00
1.500000000000e+01,6.600000000000e+00,4.164470309346e+00
1.500000000000e+01,6.800000000000e+00,3.971731207474e+00
1.500000000000e+01,7.000000000000e+00,3.806402415577e+00
1.500000000000e+01,7.200000000000e+00,3.663249013507e+00
1.500000000000e+01,7.400000000000e+00,3.538043509408e+00
1.500000000000e+01,7.600000000000e+00,3.427746483728e+00
1.500000000000e+01,7.800000000000e+00,3.329948397139e+00
1.500000000000e+01,8.000000000000e+00,3.242650752893e+00
1.500000000000e+01,8.200000000000e+00,3.164242256512e+00
1.500000000000e+01,8.400000000000e+00,3.093412172030e+00
1.500000000000e+01,8.600000000000e+00,3.029085387787e+00
1.500000000000e+01,8.800000000000e+00,2.970373232263e+00
1.500000000000e+01,9.000000000000e+00,2.916535845029e+00
1.500000000000e+01,9.200000000000e+00,2.866953115323e+00
1.500000000000e+01,9.400000000000e+00,2.821040010245e+00
1.500000000000e+01,9.600000000000e+00,2.778344181132e+00
1.500000000000e+01,9.800000000000e+00,2.738565732110e+00
1.500000000000e+01,1.000000000000e+01,2.701379366920e+00
1.500000000000e+01,1.020000000000e+01,2.666504830072e+00
1.500000000000e+01,1.040000000000e+01,2.633699576329e+00
1.500000000000e+01,1.060000000000e+01,2.602752802192e+00
1.500000000000e+01,1.080000000000e+01,2.573480557013e+00
1.500000000000e+01,1.100000000000e+01,2.545721715539e+00
1.500000000000e+01,1.120000000000e+01,2.519334642081e+00
1.500000000000e+01,1.140000000000e+01,2.494194413313e+00
1.500000000000e+01,1.160000000000e+01,2.470190494814e+00
1.500000000000e+01,1.180000000000e+01,2.447224788163e+00
1.500000000000e+01,1.200000000000e+01,2.425209982232e+00
1.500000000000e+01,1.220000000000e+01,2.404068155399e+00
1.500000000000e+01,1.240000000000e+01,2.383729585735e+00
1.500000000000e+01,1.260000000000e+01,2.364131734340e+00
1.500000000000e+01,1.280000000000e+01,2.345218373446e+00
1.500000000000e+01,1.300000000000e+01,2.326938836062e+00
1.500000000000e+01,1.320000000000e+01,2.309186207521e+00
1.500000000000e+01,1.340000000000e+01,2.291980603262e+00
1.500000000000e+01,1.360000000000e+01,2.275286274121e+00
1.500000000000e+01,1.380000000000e+01,2.259069004855e+00
1.500000000000e+01,1.400000000000e+01,2.243297657246e+00
1.500000000000e+01,1.420000000000e+01,2.227943843780e+00
1.500000000000e+01,1.440000000000e+01,2.212981641000e+00
1.500000000000e+01,1.460000000000e+01,2.198387337079e+00
1.500000000000e+01,1.480000000000e+01,2.184139209010e+00
1.500000000000e+01,1.500000000000e+01,2.170217325478e+00
1.500000000000e+01,1.520000000000e+01,2.156603372101e+00
1.500000000000e+01,1.540000000000e+01,2.143280496141e+00
1.500000000000e+01,1.560000000000e+01,2.130233168270e+00
1.500000000000e+01,1.580000000000e+01,2.117447059264e+00
1.500000000000e+01,1.600000000000e+01,2.104908929807e+00
1.520000000000e+01,3.000000000000e+00,inf
1.520000000000e+01,3.200000000000e+00,inf
1.520000000000e+01,3.400000000000e+00,inf
1.520000000000e+01,3.600000000000e+00,inf
1.520000000000e+01,3.800000000000e+00,inf
1.520000000000e+01,4.000000000000e+00,inf
1.520000000000e+01,4.200000000000e+00,inf
1.520000000000e+01,4.400000000000e+00,inf
1.520000000000e+01,4.600000000000e+00,inf
1.520000000000e+01,4.800000000000e+00,1.012625025055e+01
1.520000000000e+01,5.000000000000e+00,8.630032685160e+00
1.520000000000e+01,5.200000000000e+00,7.521109529924e+00
1.520000000000e+01,5.400000000000e+00,6.679132971688e+00
1.520000000000e+01,5.600000000000e+00,6.026233142270e+00
1.520000000000e+01,5.800000000000e+00,5.510180477186e+00
1.520000000000e+01,6.000000000000e+00,5.095167400930e+00
1.520000000000e+01,6.200000000000e+00,4.755884967495e+00
1.520000000000e+01,6.400000000000e+00,4.475006282655e+00
1.520000000000e+01,6.600000000000e+00,4.239542514287e+00
1.520000000000e+01,6.800000000000e+00,4.039890930303e+00
1.520000000000e+01,7.000000000000e+00,3.868842464268e+00
1.520000000000e+01,7.200000000000e+00,3.720908092560e+00
1.520000000000e+01,7.400000000000e+00,3.591666538398e+00
1.520000000000e+01,7.600000000000e+00,3.477934390838e+00
1.520000000000e+01,7.800000000000e+00,3.377190862339e+00
1.520000000000e+01,8.000000000000e+00,3.287349603400e+00
1.520000000000e+01,8.200000000000e+00,3.206730091900e+00
1.520000000000e+01,8.400000000000e+00,3.133966510395e+00
1.520000000000e+01,8.600000000000e+00,3.067939521756e+00
1.520000000000e+01,8.800000000000e+00,3.007724641679e+00
1.520000000000e+01,9.000000000000e+00,2.952552776447e+00
1.520000000000e+01,9.200000000000e+00,2.901779772661e+00
1.520000000000e+01,9.400000000000e+00,2.854800065792e+00
1.520000000000e+01,9.600000000000e+00,2.811144650412e+00
1.520000000000e+01,9.800000000000e+00,2.770500495865e+00
1.520000000000e+01,1.000000000000e+01,2.732530529091e+00
1.520000000000e+01,1.020000000000e+01,2.696944499693e+00
1.520000000000e+01,1.040000000000e+01,2.663491335141e+00
1.520000000000e+01,1.060000000000e+01,2.631952920618e+00
1.520000000000e+01,1.080000000000e+01,2.602139007315e+00
1.520000000000e+01,1.100000000000e+01,2.573883020521e+00
1.520000000000e+01,1.120000000000e+01,2.547038589669e+00
1.520000000000e+01,1.140000000000e+01,2.521476661113e+00
1.520000000000e+01,1.160000000000e+01,2.497083083960e+00
1.520000000000e+01,1.180000000000e+01,2.473756581997e+00
1.520000000000e+01,1.200000000000e+01,2.451407042367e+00
1.520000000000e+01,1.220000000000e+01,2.429954065413e+00
1.520000000000e+01,1.240000000000e+01,2.409325730841e+00
1.520000000000e+01,1.260000000000e+01,2.389457543909e+00
1.520000000000e+01,1.280000000000e+01,2.370291532050e+00
1.520000000000e+01,1.300000000000e+01,2.351775467729e+00
1.520000000000e+01,1.320000000000e+01,2.333800528577e+00
1.520000000000e+01,1.340000000000e+01,2.316386108696e+00
1.520000000000e+01,1.360000000000e+01,2.299495319420e+00
1.520000000000e+01,1.380000000000e+01,2.283092921695e+00
1.520000000000e+01,1.400000000000e+01,2.267146851476e+00
1.520000000000e+01,1.420000000000e+01,2.251627882462e+00
1.520000000000e+01,1.440000000000e+01,2.236509329903e+00
1.520000000000e+01,1.460000000000e+01,2.221766789844e+00
1.520000000000e+01,1.480000000000e+01,2.207377909017e+00
1.520000000000e+01,1.500000000000e+01,2.193322181310e+00
1.520000000000e+01,1.520000000000e+01,2.179580767362e+00
1.520000000000e+01,1.540000000000e+01,2.166136334301e+00
1.520000000000e+01,1.560000000000e+01,2.152972913105e+00
1.520000000000e+01,1.580000000000e+01,2.140075771390e+00
1.520000000000e+01,1.600000000000e+01,2.127431299745e+00
1.540000000000e+01,3.000000000000e+00,inf
1.540000000000e+01,3.200000000000e+00,inf
1.540000000000e+01,3.400000000000e+00,inf
1.540000000000e+01,3.600000000000e+00,inf
1.540000000000e+01,3.800000000000e+00,inf
1.540000000000e+01,4.000000000000e+00,inf
1.540000000000e+01,4.200000000000e+00,inf
1.540000000000e+01,4.400000000000e+00,inf
1.540000000000e+01,4.600000000000e+00,inf
1.540000000000e+01,4.800000000000e+00,1.047679231559e+01
1.540000000000e+01,5.000000000000e+00,8.902996923889e+00
1.540000000000e+01,5.200000000000e+00,7.739288450645e+00
1.540000000000e+01,5.400000000000e+00,6.857572651189e+00
1.540000000000e+01,5.600000000000e+00,6.175171274971e+00
1.540000000000e+01,5.800000000000e+00,5.636760112898e+00
1.540000000000e+01,6.000000000000e+00,5.204485936263e+00
1.540000000000e+01,6.200000000000e+00,4.851649184370e+00
1.540000000000e+01,6.400000000000e+00,4.559974749614e+00
1.540000000000e+01,6.600000000000e+00,4.315795392477e+00
1.540000000000e+01,6.800000000000e+00,4.109020546633e+00
1.540000000000e+01,7.000000000000e+00,3.932084642590e+00
1.540000000000e+01,7.200000000000e+00,3.779234243643e+00
1.540000000000e+01,7.400000000000e+00,3.645846725753e+00
1.540000000000e+01,7.600000000000e+00,3.528589136780e+00
1.540000000000e+01,7.800000000000e+00,3.424825276548e+00
1.540000000000e+01,8.000000000000e+00,3.332377774184e+00
1.540000000000e+01,8.200000000000e+00,3.249494454071e+00
1.540000000000e+01,8.400000000000e+00,3.174752541650e+00
1.540000000000e+01,8.600000000000e+00,3.106987010539e+00
1.540000000000e+01,8.800000000000e+00,3.045236411179e+00
1.540000000000e+01,9.000000000000e+00,2.988701501622e+00
1.540000000000e+01,9.200000000000e+00,2.936713353708e+00
1.540000000000e+01,9.400000000000e+00,2.888645279655e+00
1.540000000000e+01,9.600000000000e+00,2.844011137007e+00
1.540000000000e+01,9.800000000000e+00,2.802484372741e+00
1.540000000000e+01,1.000000000000e+01,2.763715814407e+00
1.540000000000e+01,1.020000000000e+01,2.727404949691e+00
1.540000000000e+01,1.040000000000e+01,2.693291956487e+00
1.540000000000e+01,1.060000000000e+01,2.661151222560e+00
1.540000000000e+01,1.080000000000e+01,2.630786044317e+00
1.540000000000e+01,1.100000000000e+01,2.602024265098e+00
1.540000000000e+01,1.120000000000e+01,2.574714666819e+00
1.540000000000e+01,1.140000000000e+01,2.548723969316e+00
1.540000000000e+01,1.160000000000e+01,2.523934322693e+00
1.540000000000e+01,1.180000000000e+01,2.500241201821e+00
1.540000000000e+01,1.200000000000e+01,2.477551630578e+00
1.540000000000e+01,1.220000000000e+01,2.455782677802e+00
1.540000000000e+01,1.240000000000e+01,2.434860178200e+00
1.540000000000e+01,1.260000000000e+01,2.414717640357e+00
1.540000000000e+01,1.280000000000e+01,2.395295311027e+00
1.540000000000e+01,1.300000000000e+01,2.376539370492e+00
1.540000000000e+01,1.320000000000e+01,2.358339063331e+00
1.540000000000e+01,1.340000000000e+01,2.340713034240e+00
1.540000000000e+01,1.360000000000e+01,2.323623233632e+00
1.540000000000e+01,1.380000000000e+01,2.307033378834e+00
1.540000000000e+01,1.400000000000e+01,2.290910462229e+00
1.540000000000e+01,1.420000000000e+01,2.275224402770e+00
1.540000000000e+01,1.440000000000e+01,2.259947740033e+00
1.540000000000e+01,1.460000000000e+01,2.245055364932e+00
1.540000000000e+01,1.480000000000e+01,2.230524282155e+00
1.540000000000e+01,1.500000000000e+01,2.216333400085e+00
1.540000000000e+01,1.520000000000e+01,2.202463344627e+00
1.540000000000e+01,1.540000000000e+01,2.188896293867e+00
1.540000000000e+01,1.560000000000e+01,2.175615830934e+00
1.540000000000e+01,1.580000000000e+01,2.162606812804e+00
1.540000000000e+01,1.600000000000e+01,2.149855253093e+00
1.560000000000e+01,3.000000000000e+00,inf
1.560000000000e+01,3.200000000000e+00,inf
1.560000000000e+01,3.400000000000e+00,inf
1.560000000000e+01,3.600000000000e+00,inf
1.560000000000e+01,3.800000000000e+00,inf
1.560000000000e+01,4.000000000000e+00,inf
1.560000000000e+01,4.200000000000e+00,inf
1.560000000000e+01,4.400000000000e+00,inf
1.560000000000e+01,4.600000000000e+00,inf
1.560000000000e+01,4.800000000000e+00,1.083986842841e+01
1.560000000000e+01,5.000000000000e+00,9.184914606246e+00
1.560000000000e+01,5.200000000000e+00,7.964033351172e+00
1.560000000000e+01,5.400000000000e+00,7.040936036628e+00
1.560000000000e+01,5.600000000000e+00,6.327872868519e+00
1.560000000000e+01,5.800000000000e+00,5.766264215822e+00
1.560000000000e+01,6.000000000000e+00,5.316109745706e+00
1.560000000000e+01,6.200000000000e+00,4.949253269940e+00
1.560000000000e+01,6.400000000000e+00,4.646427740878e+00
1.560000000000e+01,6.600000000000e+00,4.393257479581e+00
1.560000000000e+01,6.800000000000e+00,4.179143181207e+00
1.560000000000e+01,7.000000000000e+00,3.996147964361e+00
1.560000000000e+01,7.200000000000e+00,3.838243322259e+00
1.560000000000e+01,7.400000000000e+00,3.700597474790e+00
1.560000000000e+01,7.600000000000e+00,3.579722203067e+00
1.560000000000e+01,7.800000000000e+00,3.472861601786e+00
1.560000000000e+01,8.000000000000e+00,3.377744015656e+00
1.560000000000e+01,8.200000000000e+00,3.292543119524e+00
1.560000000000e+01,8.400000000000e+00,3.215777253395e+00
1.560000000000e+01,8.600000000000e+00,3.146234197925e+00
1.560000000000e+01,8.800000000000e+00,3.082914355332e+00
1.560000000000e+01,9.000000000000e+00,3.024987396994e+00
1.560000000000e+01,9.200000000000e+00,2.971758869629e+00
1.560000000000e+01,9.400000000000e+00,2.922580356176e+00
1.560000000000e+01,9.600000000000e+00,2.876948085757e+00
1.560000000000e+01,9.800000000000e+00,2.834521586574e+00
1.560000000000e+01,1.000000000000e+01,2.794939257103e+00
1.560000000000e+01,1.020000000000e+01,2.757890050426e+00
1.560000000000e+01,1.040000000000e+01,2.723105167993e+00
1.560000000000e+01,1.060000000000e+01,2.690351310354e+00
1.560000000000e+01,1.080000000000e+01,2.659425159492e+00
1.560000000000e+01,1.100000000000e+01,2.630148841839e+00
1.560000000000e+01,1.120000000000e+01,2.602366177147e+00
1.560000000000e+01,1.140000000000e+01,2.575939560875e+00
1.560000000000e+01,1.160000000000e+01,2.550747360218e+00
1.560000000000e+01,1.180000000000e+01,2.526681728882e+00
1.560000000000e+01,1.200000000000e+01,2.503646764997e+00
1.560000000000e+01,1.220000000000e+01,2.481556951647e+00
1.560000000000e+01,1.240000000000e+01,2.460335831254e+00
1.560000000000e+01,1.260000000000e+01,2.439914874358e+00
1.560000000000e+01,1.280000000000e+01,2.420232510697e+00
1.560000000000e+01,1.300000000000e+01,2.401233296357e+00
1.560000000000e+01,1.320000000000e+01,2.382804517070e+00
1.560000000000e+01,1.340000000000e+01,2.364964039943e+00
1.560000000000e+01,1.360000000000e+01,2.347672632808e+00
1.560000000000e+01,1.380000000000e+01,2.330892949382e+00
1.560000000000e+01,1.400000000000e+01,2.314591020573e+00
1.560000000000e+01,1.420000000000e+01,2.298735894507e+00
1.560000000000e+01,1.440000000000e+01,2.283299320596e+00
1.560000000000e+01,1.460000000000e+01,2.268255471538e+00
1.560000000000e+01,1.480000000000e+01,2.253580698122e+00
1.560000000000e+01,1.500000000000e+01,2.239253312459e+00
1.560000000000e+01,1.520000000000e+01,2.225253395918e+00
1.560000000000e+01,1.540000000000e+01,2.211562628599e+00
1.560000000000e+01,1.560000000000e+01,2.198164137599e+00
1.560000000000e+01,1.580000000000e+01,2.185042361749e+00
1.560000000000e+01,1.600000000000e+01,2.172182930802e+00
1.580000000000e+01,3.000000000000e+00,inf
1.580000000000e+01,3.200000000000e+00,inf
1.580000000000e+01,3.400000000000e+00,inf
1.580000000000e+01,3.600000000000e+00,inf
1.580000000000e+01,3.800000000000e+00,inf
1.580000000000e+01,4.000000000000e+00,inf
1.580000000000e+01,4.200000000000e+00,inf
1.580000000000e+01,4.400000000000e+00,inf
1.580000000000e+01,4.600000000000e+00,inf
1.580000000000e+01,4.800000000000e+00,1.121593044049e+01
1.580000000000e+01,5.000000000000e+00,9.476086356450e+00
1.580000000000e+01,5.200000000000e+00,8.195551108648e+00
1.580000000000e+01,5.400000000000e+00,7.229369716398e+00
1.580000000000e+01,5.600000000000e+00,6.484444464419e+00
1.580000000000e+01,5.800000000000e+00,5.898771961600e+00
1.580000000000e+01,6.000000000000e+00,5.430098841366e+00
1.580000000000e+01,6.200000000000e+00,5.048743529551e+00
1.580000000000e+01,6.400000000000e+00,4.734401583516e+00
1.580000000000e+01,6.600000000000e+00,4.471957723825e+00
1.580000000000e+01,6.800000000000e+00,4.250282249662e+00
1.580000000000e+01,7.000000000000e+00,4.061051645251e+00
1.580000000000e+01,7.200000000000e+00,3.897951319716e+00
1.580000000000e+01,7.400000000000e+00,3.755932275093e+00
1.580000000000e+01,7.600000000000e+00,3.631345119943e+00
1.580000000000e+01,7.800000000000e+00,3.521309820139e+00
1.580000000000e+01,8.000000000000e+00,3.423457076251e+00
1.580000000000e+01,8.200000000000e+00,3.335883845737e+00
1.580000000000e+01,8.400000000000e+00,3.257047600964e+00
1.580000000000e+01,8.600000000000e+00,3.185687385127e+00
1.580000000000e+01,8.800000000000e+00,3.120764238098e+00
1.580000000000e+01,9.000000000000e+00,3.061415782149e+00
1.580000000000e+01,9.200000000000e+00,3.006921269901e+00
1.580000000000e+01,9.400000000000e+00,2.956609934303e+00
1.580000000000e+01,9.600000000000e+00,2.909959873307e+00
1.580000000000e+01,9.800000000000e+00,2.866616290934e+00
1.580000000000e+01,1.000000000000e+01,2.826204819679e+00
1.580000000000e+01,1.020000000000e+01,2.788403599542e+00
1.580000000000e+01,1.040000000000e+01,2.752934623999e+00
1.580000000000e+01,1.060000000000e+01,2.719556712812e+00
1.580000000000e+01,1.080000000000e+01,2.688059770834e+00
1.580000000000e+01,1.100000000000e+01,2.658260070126e+00
1.580000000000e+01,1.120000000000e+01,2.629996351571e+00
1.580000000000e+01,1.140000000000e+01,2.603126586700e+00
1.580000000000e+01,1.160000000000e+01,2.577525274505e+00
1.580000000000e+01,1.180000000000e+01,2.553081174113e+00
1.580000000000e+01,1.200000000000e+01,2.529695394471e+00
1.580000000000e+01,1.220000000000e+01,2.507279777864e+00
1.580000000000e+01,1.240000000000e+01,2.485755526477e+00
1.580000000000e+01,1.260000000000e+01,2.465052030873e+00
1.580000000000e+01,1.280000000000e+01,2.445105866985e+00
1.580000000000e+01,1.300000000000e+01,2.425859934290e+00
1.580000000000e+01,1.320000000000e+01,2.407199533442e+00
1.580000000000e+01,1.340000000000e+01,2.389141725648e+00
1.580000000000e+01,1.360000000000e+01,2.371646074244e+00
1.580000000000e+01,1.380000000000e+01,2.354674149165e+00
1.580000000000e+01,1.400000000000e+01,2.338191001777e+00
1.580000000000e+01,1.420000000000e+01,2.322164793170e+00
1.580000000000e+01,1.440000000000e+01,2.306566467995e+00
1.580000000000e+01,1.460000000000e+01,2.291369467554e+00
1.580000000000e+01,1.480000000000e+01,2.276549476811e+00
1.580000000000e+01,1.500000000000e+01,2.262084200775e+00
1.580000000000e+01,1.520000000000e+01,2.247953166435e+00
1.580000000000e+01,1.540000000000e+01,2.234137546916e+00
1.580000000000e+01,1.560000000000e+01,2.220620005067e+00
1.580000000000e+01,1.580000000000e+01,2.207384554053e+00
1.580000000000e+01,1.600000000000e+01,2.194416432845e+00
1.600000000000e+01,3.000000000000e+00,inf
1.600000000000e+01,3.200000000000e+00,inf
1.600000000000e+01,3.400000000000e+00,inf
1.600000000000e+01,3.600000000000e+00,inf
1.600000000000e+01,3.800000000000e+00,inf
1.600000000000e+01,4.000000000000e+00,inf
1.600000000000e+01,4.200000000000e+00,inf
1.600000000000e+01,4.400000000000e+00,inf
1.600000000000e+01,4.600000000000e+00,inf
1.600000000000e+01,4.800000000000e+00,1.160544579638e+01
1.600000000000e+01,5.000000000000e+00,9.776822204021e+00
1.600000000000e+01,5.200000000000e+00,8.434054481243e+00
1.600000000000e+01,5.400000000000e+00,7.423024077836e+00
1.600000000000e+01,5.600000000000e+00,6.644995129674e+00
1.600000000000e+01,5.800000000000e+00,6.034364245959e+00
1.600000000000e+01,6.000000000000e+00,5.546514429536e+00
1.600000000000e+01,6.200000000000e+00,5.150167109088e+00
1.600000000000e+01,6.400000000000e+00,4.823933201139e+00
1.600000000000e+01,6.600000000000e+00,4.551925497798e+00
1.600000000000e+01,6.800000000000e+00,4.322461468152e+00
1.600000000000e+01,7.000000000000e+00,4.126815110917e+00
1.600000000000e+01,7.200000000000e+00,3.958374370224e+00
1.600000000000e+01,7.400000000000e+00,3.811864708840e+00
1.600000000000e+01,7.600000000000e+00,3.683469472151e+00
1.600000000000e+01,7.800000000000e+00,3.570179939095e+00
1.600000000000e+01,8.000000000000e+00,3.469525707421e+00
1.600000000000e+01,8.200000000000e+00,3.379524375883e+00
1.600000000000e+01,8.400000000000e+00,3.298570511924e+00
1.600000000000e+01,8.600000000000e+00,3.225352835097e+00
1.600000000000e+01,8.800000000000e+00,3.158791776980e+00
1.600000000000e+01,9.000000000000e+00,3.097991923821e+00
1.600000000000e+01,9.200000000000e+00,3.042205446178e+00
1.600000000000e+01,9.400000000000e+00,2.990738591333e+00
1.600000000000e+01,9.600000000000e+00,2.943050811731e+00
1.600000000000e+01,9.800000000000e+00,2.898772572639e+00
1.600000000000e+01,1.000000000000e+01,2.857516396299e+00
1.600000000000e+01,1.020000000000e+01,2.818949325259e+00
1.600000000000e+01,1.040000000000e+01,2.782783908741e+00
1.600000000000e+01,1.060000000000e+01,2.748770888305e+00
1.600000000000e+01,1.080000000000e+01,2.716693225840e+00
1.600000000000e+01,1.100000000000e+01,2.686361199025e+00
1.600000000000e+01,1.120000000000e+01,2.657608351075e+00
1.600000000000e+01,1.140000000000e+01,2.630288128326e+00
1.600000000000e+01,1.160000000000e+01,2.604271074844e+00
1.600000000000e+01,1.180000000000e+01,2.579442480598e+00
1.600000000000e+01,1.200000000000e+01,2.555700400932e+00
1.600000000000e+01,1.220000000000e+01,2.532953981474e+00
1.600000000000e+01,1.240000000000e+01,2.511122035541e+00
1.600000000000e+01,1.260000000000e+01,2.490131831231e+00
1.600000000000e+01,1.280000000000e+01,2.469918053397e+00
1.600000000000e+01,1.300000000000e+01,2.450421912106e+00
1.600000000000e+01,1.320000000000e+01,2.431526696249e+00
1.600000000000e+01,1.340000000000e+01,2.413248632689e+00
1.600000000000e+01,1.360000000000e+01,2.395546058097e+00
1.600000000000e+01,1.380000000000e+01,2.378379438251e+00
1.600000000000e+01,1.400000000000e+01,2.361712826757e+00
1.600000000000e+01,1.420000000000e+01,2.345513481314e+00
1.600000000000e+01,1.440000000000e+01,2.329751527105e+00
1.600000000000e+01,1.460000000000e+01,2.314399660768e+00
1.600000000000e+01,1.480000000000e+01,2.299432889432e+00
1.600000000000e+01,1.500000000000e+01,2.284828300121e+00
1.600000000000e+01,1.520000000000e+01,2.270564855534e+00
1.600000000000e+01,1.540000000000e+01,2.256623212798e+00
1.600000000000e+01,1.560000000000e+01,2.242985562271e+00
1.600000000000e+01,1.580000000000e+01,2.229635483889e+00
1.600000000000e+01,1.600000000000e+01,2.216557818917e+00
1.620000000000e+01,3.000000000000e+00,inf
1.620000000000e+01,3.200000000000e+00,inf
1.620000000000e+01,3.400000000000e+00,inf
1.620000000000e+01,3.600000000000e+00,inf
1.620000000000e+01,3.800000000000e+00,inf
1.620000000000e+01,4.000000000000e+00,inf
1.620000000000e+01,4.200000000000e+00,inf
1.620000000000e+01,4.400000000000e+00,inf
1.620000000000e+01,4.600000000000e+00,inf
1.620000000000e+01,4.800000000000e+00,1.200889810588e+01
1.620000000000e+01,5.000000000000e+00,1.008744190264e+01
1.620000000000e+01,5.200000000000e+00,8.679762291806e+00
1.620000000000e+01,5.400000000000e+00,7.622053416409e+00
1.620000000000e+01,5.600000000000e+00,6.809636523988e+00
1.620000000000e+01,5.800000000000e+00,6.173123727759e+00
1.620000000000e+01,6.000000000000e+00,5.665418939568e+00
1.620000000000e+01,6.200000000000e+00,5.253572015325e+00
1.620000000000e+01,6.400000000000e+00,4.915060128964e+00
1.620000000000e+01,6.600000000000e+00,4.633190610145e+00
1.620000000000e+01,6.800000000000e+00,4.395704862817e+00
1.620000000000e+01,7.000000000000e+00,4.193458004959e+00
1.620000000000e+01,7.200000000000e+00,4.019528757781e+00
1.620000000000e+01,7.400000000000e+00,3.868408456928e+00
1.620000000000e+01,7.600000000000e+00,3.736106904489e+00
1.620000000000e+01,7.800000000000e+00,3.619481996672e+00
1.620000000000e+01,8.000000000000e+00,3.515958668434e+00
1.620000000000e+01,8.200000000000e+00,3.423472443361e+00
1.620000000000e+01,8.400000000000e+00,3.340352890385e+00
1.620000000000e+01,8.600000000000e+00,3.265236776645e+00
1.620000000000e+01,8.800000000000e+00,3.197002646983e+00
1.620000000000e+01,9.000000000000e+00,3.134721039713e+00
1.620000000000e+01,9.200000000000e+00,3.077616235988e+00
1.620000000000e+01,9.400000000000e+00,3.024970846484e+00
1.620000000000e+01,9.600000000000e+00,2.976225151991e+00
1.620000000000e+01,9.800000000000e+00,2.930994455106e+00
1.620000000000e+01,1.000000000000e+01,2.888877816045e+00
1.620000000000e+01,1.020000000000e+01,2.849530889525e+00
1.620000000000e+01,1.040000000000e+01,2.812656539405e+00
1.620000000000e+01,1.060000000000e+01,2.777997227713e+00
1.620000000000e+01,1.080000000000e+01,2.745328804364e+00
1.620000000000e+01,1.100000000000e+01,2.714455410044e+00
1.620000000000e+01,1.120000000000e+01,2.685205269377e+00
1.620000000000e+01,1.140000000000e+01,2.657427200481e+00
1.620000000000e+01,1.160000000000e+01,2.630987704329e+00
1.620000000000e+01,1.180000000000e+01,2.605768525952e+00
1.620000000000e+01,1.200000000000e+01,2.581664601680e+00
1.620000000000e+01,1.220000000000e+01,2.558582323794e+00
1.620000000000e+01,1.240000000000e+01,2.536438067428e+00
1.620000000000e+01,1.260000000000e+01,2.515156935139e+00
1.620000000000e+01,1.280000000000e+01,2.494671682949e+00
1.620000000000e+01,1.300000000000e+01,2.474921798308e+00
1.620000000000e+01,1.320000000000e+01,2.455788531204e+00
1.620000000000e+01,1.340000000000e+01,2.437287245563e+00
1.620000000000e+01,1.360000000000e+01,2.419375028966e+00
1.620000000000e+01,1.380000000000e+01,2.402011222456e+00
1.620000000000e+01,1.400000000000e+01,2.385158863490e+00
1.620000000000e+01,1.420000000000e+01,2.368784289889e+00
1.620000000000e+01,1.440000000000e+01,2.352856792542e+00
1.620000000000e+01,1.460000000000e+01,2.337348310053e+00
1.620000000000e+01,1.480000000000e+01,2.322233159633e+00
1.620000000000e+01,1.500000000000e+01,2.307487799363e+00
1.620000000000e+01,1.520000000000e+01,2.293090617698e+00
1.620000000000e+01,1.540000000000e+01,2.279021746696e+00
1.620000000000e+01,1.560000000000e+01,2.265262895938e+00
1.620000000000e+01,1.580000000000e+01,2.251797204557e+00
1.620000000000e+01,1.600000000000e+01,2.238609109150e+00
1.640000000000e+01,3.000000000000e+00,inf
1.640000000000e+01,3.200000000000e+00,inf
1.640000000000e+01,3.400000000000e+00,inf
1.640000000000e+01,3.600000000000e+00,inf
1.640000000000e+01,3.800000000000e+00,inf
1.640000000000e+01,4.000000000000e+00,inf
1.640000000000e+01,4.200000000000e+00,inf
1.640000000000e+01,4.400000000000e+00,inf
1.640000000000e+01,4.600000000000e+00,inf
1.640000000000e+01,4.800000000000e+00,1.242678773672e+01
1.640000000000e+01,5.000000000000e+00,1.040827525976e+01
1.640000000000e+01,5.200000000000e+00,8.932899617398e+00
1.640000000000e+01,5.400000000000e+00,7.826616048157e+00
1.640000000000e+01,5.600000000000e+00,6.978482968741e+00
1.640000000000e+01,5.800000000000e+00,6.315134872968e+00
1.640000000000e+01,6.000000000000e+00,5.786876053179e+00
1.640000000000e+01,6.200000000000e+00,5.359007136410e+00
1.640000000000e+01,6.400000000000e+00,5.007820528869e+00
1.640000000000e+01,6.600000000000e+00,4.715783317161e+00
1.640000000000e+01,6.800000000000e+00,4.470036779112e+00
1.640000000000e+01,7.000000000000e+00,4.261000196705e+00
1.640000000000e+01,7.200000000000e+00,4.081430922890e+00
1.640000000000e+01,7.400000000000e+00,3.925577304915e+00
1.640000000000e+01,7.600000000000e+00,3.789269127179e+00
1.640000000000e+01,7.800000000000e+00,3.669226066355e+00
1.640000000000e+01,8.000000000000e+00,3.562764730973e+00
1.640000000000e+01,8.200000000000e+00,3.467735776139e+00
1.640000000000e+01,8.400000000000e+00,3.382401621127e+00
1.640000000000e+01,8.600000000000e+00,3.305345408387e+00
1.640000000000e+01,8.800000000000e+00,3.235402484412e+00
1.640000000000e+01,9.000000000000e+00,3.171608302159e+00
1.640000000000e+01,9.200000000000e+00,3.113158426267e+00
1.640000000000e+01,9.400000000000e+00,3.059311164322e+00
1.640000000000e+01,9.600000000000e+00,3.009487087262e+00
1.640000000000e+01,9.800000000000e+00,2.963285901572e+00
1.640000000000e+01,1.000000000000e+01,2.920292846034e+00
1.640000000000e+01,1.020000000000e+01,2.880151891040e+00
1.640000000000e+01,1.040000000000e+01,2.842555969056e+00
1.640000000000e+01,1.060000000000e+01,2.807239057265e+00
1.640000000000e+01,1.080000000000e+01,2.773969721365e+00
1.640000000000e+01,1.100000000000e+01,2.742545819795e+00
1.640000000000e+01,1.120000000000e+01,2.712790135496e+00
1.640000000000e+01,1.140000000000e+01,2.684546753566e+00
1.640000000000e+01,1.160000000000e+01,2.657678042245e+00
1.640000000000e+01,1.180000000000e+01,2.632062124625e+00
1.640000000000e+01,1.200000000000e+01,2.607590751599e+00
1.640000000000e+01,1.220000000000e+01,2.584167504571e+00
1.640000000000e+01,1.240000000000e+01,2.561706270465e+00
1.640000000000e+01,1.260000000000e+01,2.540129942638e+00
1.640000000000e+01,1.280000000000e+01,2.519369310036e+00
1.640000000000e+01,1.300000000000e+01,2.499362103869e+00
1.640000000000e+01,1.320000000000e+01,2.479987507631e+00
1.640000000000e+01,1.340000000000e+01,2.461259993555e+00
1.640000000000e+01,1.360000000000e+01,2.443135377436e+00
1.640000000000e+01,1.380000000000e+01,2.425571854808e+00
1.640000000000e+01,1.400000000000e+01,2.408531428411e+00
1.640000000000e+01,1.420000000000e+01,2.391979499561e+00
1.640000000000e+01,1.440000000000e+01,2.375884509902e+00
1.640000000000e+01,1.460000000000e+01,2.360217626540e+00
1.640000000000e+01,1.480000000000e+01,2.344952464596e+00
1.640000000000e+01,1.500000000000e+01,2.330064842183e+00
1.640000000000e+01,1.520000000000e+01,2.315532563503e+00
1.640000000000e+01,1.540000000000e+01,2.301335226427e+00
1.640000000000e+01,1.560000000000e+01,2.287454051439e+00
1.640000000000e+01,1.580000000000e+01,2.273871729256e+00
1.640000000000e+01,1.600000000000e+01,2.260572284830e+00
1.660000000000e+01,3.000000000000e+00,inf
1.660000000000e+01,3.200000000000e+00,inf
1.660000000000e+01,3.400000000000e+00,inf
1.660000000000e+01,3.600000000000e+00,inf
1.660000000000e+01,3.800000000000e+00,inf
1.660000000000e+01,4.000000000000e+00,inf
1.660000000000e+01,4.200000000000e+00,inf
1.660000000000e+01,4.400000000000e+00,inf
1.660000000000e+01,4.600000000000e+00,inf
1.660000000000e+01,4.800000000000e+00,1.285963242810e+01
1.660000000000e+01,5.000000000000e+00,1.073966247724e+01
1.660000000000e+01,5.200000000000e+00,9.193697984876e+00
1.660000000000e+01,5.400000000000e+00,8.036874425493e+00
1.660000000000e+01,5.600000000000e+00,7.151651517811e+00
1.660000000000e+01,5.800000000000e+00,6.460483999617e+00
1.660000000000e+01,6.000000000000e+00,5.910950734224e+00
1.660000000000e+01,6.200000000000e+00,5.466522262546e+00
1.660000000000e+01,6.400000000000e+00,5.102253204470e+00
1.660000000000e+01,6.600000000000e+00,4.799734334321e+00
1.660000000000e+01,6.800000000000e+00,4.545481891008e+00
1.660000000000e+01,7.000000000000e+00,4.329461788854e+00
1.660000000000e+01,7.200000000000e+00,4.144097469104e+00
1.660000000000e+01,7.400000000000e+00,3.983385148785e+00
1.660000000000e+01,7.600000000000e+00,3.842967921065e+00
1.660000000000e+01,7.800000000000e+00,3.719422261865e+00
1.660000000000e+01,8.000000000000e+00,3.609952683574e+00
1.660000000000e+01,8.200000000000e+00,3.512322100919e+00
1.660000000000e+01,8.400000000000e+00,3.424723573556e+00
1.660000000000e+01,8.600000000000e+00,3.345684902531e+00
1.660000000000e+01,8.800000000000e+00,3.273996890502e+00
1.660000000000e+01,9.000000000000e+00,3.208658841618e+00
1.660000000000e+01,9.200000000000e+00,3.148836756744e+00
1.660000000000e+01,9.400000000000e+00,3.093763958036e+00
1.660000000000e+01,9.600000000000e+00,3.042840756101e+00
1.660000000000e+01,9.800000000000e+00,2.995650818170e+00
1.660000000000e+01,1.000000000000e+01,2.951765194405e+00
1.660000000000e+01,1.020000000000e+01,2.910815868155e+00
1.660000000000e+01,1.040000000000e+01,2.872485589449e+00
1.660000000000e+01,1.060000000000e+01,2.836499641267e+00
1.660000000000e+01,1.080000000000e+01,2.802619129549e+00
1.660000000000e+01,1.100000000000e+01,2.770635482546e+00
1.660000000000e+01,1.120000000000e+01,2.740365916222e+00
1.660000000000e+01,1.140000000000e+01,2.711649676039e+00
1.660000000000e+01,1.160000000000e+01,2.684344906370e+00
1.660000000000e+01,1.180000000000e+01,2.658326030122e+00
1.660000000000e+01,1.200000000000e+01,2.633481545297e+00
1.660000000000e+01,1.220000000000e+01,2.609712164034e+00
1.660000000000e+01,1.240000000000e+01,2.586929234304e+00
1.660000000000e+01,1.260000000000e+01,2.565053396004e+00
1.660000000000e+01,1.280000000000e+01,2.544013432254e+00
1.660000000000e+01,1.300000000000e+01,2.523745283983e+00
1.660000000000e+01,1.320000000000e+01,2.504126040133e+00
1.660000000000e+01,1.340000000000e+01,2.485169252323e+00
1.660000000000e+01,1.360000000000e+01,2.466829441595e+00
1.660000000000e+01,1.380000000000e+01,2.449063636985e+00
1.660000000000e+01,1.400000000000e+01,2.431832787780e+00
1.660000000000e+01,1.420000000000e+01,2.415101342003e+00
1.660000000000e+01,1.440000000000e+01,2.398836876990e+00
1.660000000000e+01,1.460000000000e+01,2.383009774771e+00
1.660000000000e+01,1.480000000000e+01,2.367592936127e+00
1.660000000000e+01,1.500000000000e+01,2.352561528107e+00
1.660000000000e+01,1.520000000000e+01,2.337892760584e+00
1.660000000000e+01,1.540000000000e+01,2.323565688080e+00
1.660000000000e+01,1.560000000000e+01,2.309561033620e+00
1.660000000000e+01,1.580000000000e+01,2.295861031865e+00
1.660000000000e+01,1.600000000000e+01,2.282449289118e+00
1.680000000000e+01,3.000000000000e+00,inf
1.680000000000e+01,3.200000000000e+00,inf
1.680000000000e+01,3.400000000000e+00,inf
1.680000000000e+01,3.600000000000e+00,inf
1.680000000000e+01,3.800000000000e+00,inf
1.680000000000e+01,4.000000000000e+00,inf
1.680000000000e+01,4.200000000000e+00,inf
1.680000000000e+01,4.400000000000e+00,inf
1.680000000000e+01,4.600000000000e+00,inf
1.680000000000e+01,4.800000000000e+00,inf
1.680000000000e+01,5.000000000000e+00,1.108195450335e+01
1.680000000000e+01,5.200000000000e+00,9.462395572672e+00
1.680000000000e+01,5.400000000000e+00,8.252995256472e+00
1.680000000000e+01,5.600000000000e+00,7.329262030320e+00
1.680000000000e+01,5.800000000000e+00,6.609259323779e+00
1.680000000000e+01,6.000000000000e+00,6.037709258992e+00
1.680000000000e+01,6.200000000000e+00,5.576168106881e+00
1.680000000000e+01,6.400000000000e+00,5.198397616237e+00
1.680000000000e+01,6.600000000000e+00,4.885074847751e+00
1.680000000000e+01,6.800000000000e+00,4.622065210088e+00
1.680000000000e+01,7.000000000000e+00,4.398863124964e+00
1.680000000000e+01,7.200000000000e+00,4.207545169415e+00
1.680000000000e+01,7.400000000000e+00,4.041846000550e+00
1.680000000000e+01,7.600000000000e+00,3.897215142636e+00
1.680000000000e+01,7.800000000000e+00,3.770080741747e+00
1.680000000000e+01,8.000000000000e+00,3.657531335887e+00
1.680000000000e+01,8.200000000000e+00,3.557239147148e+00
1.680000000000e+01,8.400000000000e+00,3.467325605503e+00
1.680000000000e+01,8.600000000000e+00,3.386261408496e+00
1.680000000000e+01,8.800000000000e+00,3.312791434895e+00
1.680000000000e+01,9.000000000000e+00,3.245877750033e+00
1.680000000000e+01,9.200000000000e+00,3.184655923180e+00
1.680000000000e+01,9.400000000000e+00,3.128333592572e+00
1.680000000000e+01,9.600000000000e+00,3.076290245489e+00
1.680000000000e+01,9.800000000000e+00,3.028093056885e+00
1.680000000000e+01,1.000000000000e+01,2.983298513188e+00
1.680000000000e+01,1.020000000000e+01,2.941526301652e+00
1.680000000000e+01,1.040000000000e+01,2.902448733728e+00
1.680000000000e+01,1.060000000000e+01,2.865782184714e+00
1.680000000000e+01,1.080000000000e+01,2.831280121899e+00
1.680000000000e+01,1.100000000000e+01,2.798727392677e+00
1.680000000000e+01,1.120000000000e+01,2.767935518497e+00
1.680000000000e+01,1.140000000000e+01,2.738738796721e+00
1.680000000000e+01,1.160000000000e+01,2.710991055199e+00
1.680000000000e+01,1.180000000000e+01,2.684562937148e+00
1.680000000000e+01,1.200000000000e+01,2.659339619176e+00
1.680000000000e+01,1.220000000000e+01,2.635218884889e+00
1.680000000000e+01,1.240000000000e+01,2.612109491838e+00
1.680000000000e+01,1.260000000000e+01,2.589929781585e+00
1.680000000000e+01,1.280000000000e+01,2.568606492163e+00
1.680000000000e+01,1.300000000000e+01,2.548073739745e+00
1.680000000000e+01,1.320000000000e+01,2.528206490206e+00
1.680000000000e+01,1.340000000000e+01,2.509017345445e+00
1.680000000000e+01,1.360000000000e+01,2.490459508507e+00
1.680000000000e+01,1.380000000000e+01,2.472488820725e+00
1.680000000000e+01,1.400000000000e+01,2.455065159012e+00
1.680000000000e+01,1.420000000000e+01,2.438152001167e+00
1.680000000000e+01,1.440000000000e+01,2.421716045018e+00
1.680000000000e+01,1.460000000000e+01,2.405726873843e+00
1.680000000000e+01,1.480000000000e+01,2.390156661736e+00
1.680000000000e+01,1.500000000000e+01,2.374979913511e+00
1.680000000000e+01,1.520000000000e+01,2.360173234582e+00
1.680000000000e+01,1.540000000000e+01,2.345715126903e+00
1.680000000000e+01,1.560000000000e+01,2.331585807644e+00
1.680000000000e+01,1.580000000000e+01,2.317767047727e+00
1.680000000000e+01,1.600000000000e+01,2.304242027778e+00
1.700000000000e+01,3.000000000000e+00,inf
1.700000000000e+01,3.200000000000e+00,inf
1.700000000000e+01,3.400000000000e+00,inf
1.700000000000e+01,3.600000000000e+00,inf
1.700000000000e+01,3.800000000000e+00,inf
1.700000000000e+01,4.000000000000e+00,inf
1.700000000000e+01,4.200000000000e+00,inf
1.700000000000e+01,4.400000000000e+00,inf
1.700000000000e+01,4.600000000000e+00,inf
1.700000000000e+01,4.800000000000e+00,inf
1.700000000000e+01,5.000000000000e+00,1.143551339652e+01
1.700000000000e+01,5.200000000000e+00,9.739237418969e+00
1.700000000000e+01,5.400000000000e+00,8.475149627619e+00
1.700000000000e+01,5.600000000000e+00,7.511437245372e+00
1.700000000000e+01,5.800000000000e+00,6.761551006635e+00
1.700000000000e+01,6.000000000000e+00,6.167219247040e+00
1.700000000000e+01,6.200000000000e+00,5.687996326634e+00
1.700000000000e+01,6.400000000000e+00,5.296293896677e+00
1.700000000000e+01,6.600000000000e+00,4.971836525657e+00
1.700000000000e+01,6.800000000000e+00,4.699812094549e+00
1.700000000000e+01,7.000000000000e+00,4.469224796834e+00
1.700000000000e+01,7.200000000000e+00,4.271790972507e+00
1.700000000000e+01,7.400000000000e+00,4.100973993704e+00
1.700000000000e+01,7.600000000000e+00,3.952022728901e+00
1.700000000000e+01,7.800000000000e+00,3.821211713817e+00
1.700000000000e+01,8.000000000000e+00,3.705509522788e+00
1.700000000000e+01,8.200000000000e+00,3.602494650867e+00
1.700000000000e+01,8.400000000000e+00,3.510214566869e+00
1.700000000000e+01,8.600000000000e+00,3.427081056396e+00
1.700000000000e+01,8.800000000000e+00,3.351791658978e+00
1.700000000000e+01,9.000000000000e+00,3.283270084042e+00
1.700000000000e+01,9.200000000000e+00,3.220620580470e+00
1.700000000000e+01,9.400000000000e+00,3.163024387642e+00
1.700000000000e+01,9.600000000000e+00,3.109839593748e+00
1.700000000000e+01,9.800000000000e+00,3.060616418374e+00
1.700000000000e+01,1.000000000000e+01,3.014896401043e+00
1.700000000000e+01,1.020000000000e+01,2.972286617407e+00
1.700000000000e+01,1.040000000000e+01,2.932448679015e+00
1.700000000000e+01,1.060000000000e+01,2.895089835806e+00
1.700000000000e+01,1.080000000000e+01,2.859955734123e+00
1.700000000000e+01,1.100000000000e+01,2.826824487047e+00
1.700000000000e+01,1.120000000000e+01,2.795501791700e+00
1.700000000000e+01,1.140000000000e+01,2.765816887009e+00
1.700000000000e+01,1.160000000000e+01,2.737619190087e+00
1.700000000000e+01,1.180000000000e+01,2.710775483679e+00
1.700000000000e+01,1.200000000000e+01,2.685167553426e+00
1.700000000000e+01,1.220000000000e+01,2.660690194246e+00
1.700000000000e+01,1.240000000000e+01,2.637249521055e+00
1.700000000000e+01,1.260000000000e+01,2.614761531586e+00
1.700000000000e+01,1.280000000000e+01,2.593150879002e+00
1.700000000000e+01,1.300000000000e+01,2.572349819805e+00
1.700000000000e+01,1.320000000000e+01,2.552231167821e+00
1.700000000000e+01,1.340000000000e+01,2.532806545928e+00
1.700000000000e+01,1.360000000000e+01,2.514027815650e+00
1.700000000000e+01,1.380000000000e+01,2.495849609194e+00
1.700000000000e+01,1.400000000000e+01,2.478230711991e+00
1.700000000000e+01,1.420000000000e+01,2.461133614528e+00
1.700000000000e+01,1.440000000000e+01,2.444524119793e+00
1.700000000000e+01,1.460000000000e+01,2.428370998525e+00
1.700000000000e+01,1.480000000000e+01,2.412645685692e+00
1.700000000000e+01,1.500000000000e+01,2.397322012629e+00
1.700000000000e+01,1.520000000000e+01,2.382375970090e+00
1.700000000000e+01,1.540000000000e+01,2.367785498197e+00
1.700000000000e+01,1.560000000000e+01,2.353530299815e+00
1.700000000000e+01,1.580000000000e+01,2.339591674421e+00
1.700000000000e+01,1.600000000000e+01,2.325952369901e+00
1.720000000000e+01,3.000000000000e+00,inf
1.720000000000e+01,3.200000000000e+00,inf
1.720000000000e+01,3.400000000000e+00,inf
1.720000000000e+01,3.600000000000e+00,inf
1.720000000000e+01,3.800000000000e+00,inf
1.720000000000e+01,4.000000000000e+00,inf
1.720000000000e+01,4.200000000000e+00,inf
1.720000000000e+01,4.400000000000e+00,inf
1.720000000000e+01,4.600000000000e+00,inf
1.720000000000e+01,4.800000000000e+00,inf
1.720000000000e+01,5.000000000000e+00,1.180071270102e+01
1.720000000000e+01,5.200000000000e+00,1.002447563641e+01
1.720000000000e+01,5.400000000000e+00,8.703513130427e+00
1.720000000000e+01,5.600000000000e+00,7.698302858840e+00
1.720000000000e+01,5.800000000000e+00,6.917451202658e+00
1.720000000000e+01,6.000000000000e+00,6.299549692614e+00
1.720000000000e+01,6.200000000000e+00,5.802059544496e+00
1.720000000000e+01,6.400000000000e+00,5.395982865600e+00
1.720000000000e+01,6.600000000000e+00,5.060051529748e+00
1.720000000000e+01,6.800000000000e+00,4.778748258124e+00
1.720000000000e+01,7.000000000000e+00,4.540567651759e+00
1.720000000000e+01,7.200000000000e+00,4.336852008874e+00
1.720000000000e+01,7.400000000000e+00,4.160783388537e+00
1.720000000000e+01,7.600000000000e+00,4.007402702117e+00
1.720000000000e+01,7.800000000000e+00,3.872825439454e+00
1.720000000000e+01,8.000000000000e+00,3.753896108345e+00
1.720000000000e+01,8.200000000000e+00,3.648096358419e+00
1.720000000000e+01,8.400000000000e+00,3.553397303127e+00
1.720000000000e+01,8.600000000000e+00,3.468149960366e+00
1.720000000000e+01,8.800000000000e+00,3.391003079079e+00
1.720000000000e+01,9.000000000000e+00,3.320840868048e+00
1.720000000000e+01,9.200000000000e+00,3.256735345617e+00
1.720000000000e+01,9.400000000000e+00,3.197840620598e+00
1.720000000000e+01,9.600000000000e+00,3.143492793329e+00
1.720000000000e+01,9.800000000000e+00,3.093224654684e+00
1.720000000000e+01,1.000000000000e+01,3.046562405899e+00
1.720000000000e+01,1.020000000000e+01,3.003100188955e+00
1.720000000000e+01,1.040000000000e+01,2.962488648896e+00
1.720000000000e+01,1.060000000000e+01,2.924425688360e+00
1.720000000000e+01,1.080000000000e+01,2.888648946989e+00
1.720000000000e+01,1.100000000000e+01,2.854929647267e+00
1.720000000000e+01,1.120000000000e+01,2.823067529859e+00
1.720000000000e+01,1.140000000000e+01,2.792886663009e+00
1.720000000000e+01,1.160000000000e+01,2.764231957320e+00
1.720000000000e+01,1.180000000000e+01,2.736966252962e+00
1.720000000000e+01,1.200000000000e+01,2.710967873957e+00
1.720000000000e+01,1.220000000000e+01,2.686128565479e+00
1.720000000000e+01,1.240000000000e+01,2.662351746833e+00
1.720000000000e+01,1.260000000000e+01,2.639551025798e+00
1.720000000000e+01,1.280000000000e+01,2.617648930349e+00
1.720000000000e+01,1.300000000000e+01,2.596575821958e+00
1.720000000000e+01,1.320000000000e+01,2.576202332947e+00
1.720000000000e+01,1.340000000000e+01,2.556539077671e+00
1.720000000000e+01,1.360000000000e+01,2.537536552323e+00
1.720000000000e+01,1.380000000000e+01,2.519148158332e+00
1.720000000000e+01,1.400000000000e+01,2.501331570349e+00
1.720000000000e+01,1.420000000000e+01,2.484048274300e+00
1.720000000000e+01,1.440000000000e+01,2.467263162870e+00
1.720000000000e+01,1.460000000000e+01,2.450944180355e+00
1.720000000000e+01,1.480000000000e+01,2.435062010067e+00
1.720000000000e+01,1.500000000000e+01,2.419589798532e+00
1.720000000000e+01,1.520000000000e+01,2.404502911585e+00
1.720000000000e+01,1.540000000000e+01,2.389778718187e+00
1.720000000000e+01,1.560000000000e+01,2.375396398412e+00
1.720000000000e+01,1.580000000000e+01,2.361336772540e+00
1.720000000000e+01,1.600000000000e+01,2.347582148630e+00
1.740000000000e+01,3.000000000000e+00,inf
1.740000000000e+01,3.200000000000e+00,inf
1.740000000000e+01,3.400000000000e+00,inf
1.740000000000e+01,3.600000000000e+00,inf
1.740000000000e+01,3.800000000000e+00,inf
1.740000000000e+01,4.000000000000e+00,inf
1.740000000000e+01,4.200000000000e+00,inf
1.740000000000e+01,4.400000000000e+00,inf
1.740000000000e+01,4.600000000000e+00,inf
1.740000000000e+01,4.800000000000e+00,inf
1.740000000000e+01,5.000000000000e+00,1.217793783512e+01
1.740000000000e+01,5.200000000000e+00,1.031836963356e+01
1.740000000000e+01,5.400000000000e+00,8.938265991614e+00
1.740000000000e+01,5.600000000000e+00,7.889987602284e+00
1.740000000000e+01,5.800000000000e+00,7.077054108983e+00
1.740000000000e+01,6.000000000000e+00,6.434770996697e+00
1.740000000000e+01,6.200000000000e+00,5.918411370324e+00
1.740000000000e+01,6.400000000000e+00,5.497506045490e+00
1.740000000000e+01,6.600000000000e+00,5.149752526638e+00
1.740000000000e+01,6.800000000000e+00,4.858899778941e+00
1.740000000000e+01,7.000000000000e+00,4.612912799694e+00
1.740000000000e+01,7.200000000000e+00,4.402745596823e+00
1.740000000000e+01,7.400000000000e+00,4.221288577316e+00
1.740000000000e+01,7.600000000000e+00,4.063367174384e+00
1.740000000000e+01,7.800000000000e+00,3.924932237757e+00
1.740000000000e+01,8.000000000000e+00,3.802699989639e+00
1.740000000000e+01,8.200000000000e+00,3.694052030020e+00
1.740000000000e+01,8.400000000000e+00,3.596880658691e+00
1.740000000000e+01,8.600000000000e+00,3.509474221776e+00
1.740000000000e+01,8.800000000000e+00,3.430431189531e+00
1.740000000000e+01,9.000000000000e+00,3.358595097182e+00
1.740000000000e+01,9.200000000000e+00,3.293004800583e+00
1.740000000000e+01,9.400000000000e+00,3.232786529195e+00
1.740000000000e+01,9.600000000000e+00,3.177253793489e+00
1.740000000000e+01,9.800000000000e+00,3.125921471845e+00
1.740000000000e+01,1.000000000000e+01,3.078300027473e+00
1.740000000000e+01,1.020000000000e+01,3.033970339937e+00
1.740000000000e+01,1.040000000000e+01,2.992571815804e+00
1.740000000000e+01,1.060000000000e+01,2.953792784134e+00
1.740000000000e+01,1.080000000000e+01,2.917362688584e+00
1.740000000000e+01,1.100000000000e+01,2.883045701889e+00
1.740000000000e+01,1.120000000000e+01,2.850635473766e+00
1.740000000000e+01,1.140000000000e+01,2.819950787603e+00
1.740000000000e+01,1.160000000000e+01,2.790831950100e+00
1.740000000000e+01,1.180000000000e+01,2.763137775443e+00
1.740000000000e+01,1.200000000000e+01,2.736743054269e+00
1.740000000000e+01,1.220000000000e+01,2.711536420030e+00
1.740000000000e+01,1.240000000000e+01,2.687418542682e+00
1.740000000000e+01,1.260000000000e+01,2.664300593273e+00
1.740000000000e+01,1.280000000000e+01,2.642102933737e+00
1.740000000000e+01,1.300000000000e+01,2.620753994701e+00
1.740000000000e+01,1.320000000000e+01,2.600122197049e+00
1.740000000000e+01,1.340000000000e+01,2.580217116900e+00
1.740000000000e+01,1.360000000000e+01,2.560987861013e+00
1.740000000000e+01,1.380000000000e+01,2.542386578157e+00
1.740000000000e+01,1.400000000000e+01,2.524369812715e+00
1.740000000000e+01,1.420000000000e+01,2.506898028633e+00
1.740000000000e+01,1.440000000000e+01,2.489935192693e+00
1.740000000000e+01,1.460000000000e+01,2.473448408728e+00
1.740000000000e+01,1.480000000000e+01,2.457407595764e+00
1.740000000000e+01,1.500000000000e+01,2.441785204109e+00
1.740000000000e+01,1.520000000000e+01,2.426555964344e+00
1.740000000000e+01,1.540000000000e+01,2.411696664893e+00
1.740000000000e+01,1.560000000000e+01,2.397185954500e+00
1.740000000000e+01,1.580000000000e+01,2.383004166457e+00
1.740000000000e+01,1.600000000000e+01,2.369133161879e+00
1.760000000000e+01,3.000000000000e+00,inf
1.760000000000e+01,3.200000000000e+00,inf
1.760000000000e+01,3.400000000000e+00,inf
1.760000000000e+01,3.600000000000e+00,inf
1.760000000000e+01,3.800000000000e+00,inf
1.760000000000e+01,4.000000000000e+00,inf
1.760000000000e+01,4.200000000000e+00,inf
1.760000000000e+01,4.400000000000e+00,inf
1.760000000000e+01,4.600000000000e+00,inf
1.760000000000e+01,4.800000000000e+00,inf
1.760000000000e+01,5.000000000000e+00,1.256758649190e+01
1.760000000000e+01,5.200000000000e+00,1.062118634323e+01
1.760000000000e+01,5.400000000000e+00,9.179593207256e+00
1.760000000000e+01,5.600000000000e+00,8.086623324050e+00
1.760000000000e+01,5.800000000000e+00,7.240456015992e+00
1.760000000000e+01,6.000000000000e+00,6.572954999699e+00
1.760000000000e+01,6.200000000000e+00,6.037106423144e+00
1.760000000000e+01,6.400000000000e+00,5.600905677000e+00
1.760000000000e+01,6.600000000000e+00,5.240972699276e+00
1.760000000000e+01,6.800000000000e+00,4.940293108325e+00
1.760000000000e+01,7.000000000000e+00,4.686281620329e+00
1.760000000000e+01,7.200000000000e+00,4.469489248362e+00
1.760000000000e+01,7.400000000000e+00,4.282504089355e+00
1.760000000000e+01,7.600000000000e+00,4.119928352108e+00
1.760000000000e+01,7.800000000000e+00,3.977542489572e+00
1.760000000000e+01,8.000000000000e+00,3.851930100468e+00
1.760000000000e+01,8.200000000000e+00,3.740369443203e+00
1.760000000000e+01,8.400000000000e+00,3.640671480159e+00
1.760000000000e+01,8.600000000000e+00,3.551059932307e+00
1.760000000000e+01,8.800000000000e+00,3.470081465624e+00
1.760000000000e+01,9.000000000000e+00,3.396537740125e+00
1.760000000000e+01,9.200000000000e+00,3.329433495019e+00
1.760000000000e+01,9.400000000000e+00,3.267866314234e+00
1.760000000000e+01,9.600000000000e+00,3.211126502856e+00
1.760000000000e+01,9.800000000000e+00,3.158710532366e+00
1.760000000000e+01,1.000000000000e+01,3.110112719699e+00
1.760000000000e+01,1.020000000000e+01,3.064900346461e+00
1.760000000000e+01,1.040000000000e+01,3.022701303314e+00
1.760000000000e+01,1.060000000000e+01,2.983194115050e+00
1.760000000000e+01,1.080000000000e+01,2.946099836476e+00
1.760000000000e+01,1.100000000000e+01,2.911175428504e+00
1.760000000000e+01,1.120000000000e+01,2.878208313026e+00
1.760000000000e+01,1.140000000000e+01,2.847011872419e+00
1.760000000000e+01,1.160000000000e+01,2.817421710477e+00
1.760000000000e+01,1.180000000000e+01,2.789292530627e+00
1.760000000000e+01,1.200000000000e+01,2.762495517246e+00
1.760000000000e+01,1.220000000000e+01,2.736916129148e+00
1.760000000000e+01,1.240000000000e+01,2.712452232419e+00
1.760000000000e+01,1.260000000000e+01,2.689012513949e+00
1.760000000000e+01,1.280000000000e+01,2.666515128218e+00
1.760000000000e+01,1.300000000000e+01,2.644886538731e+00
1.760000000000e+01,1.320000000000e+01,2.623992924529e+00
1.760000000000e+01,1.340000000000e+01,2.603842793553e+00
1.760000000000e+01,1.360000000000e+01,2.584383838727e+00
1.760000000000e+01,1.380000000000e+01,2.565566934048e+00
1.760000000000e+01,1.400000000000e+01,2.547347473936e+00
1.760000000000e+01,1.420000000000e+01,2.529684882778e+00
1.760000000000e+01,1.440000000000e+01,2.512542185706e+00
1.760000000000e+01,1.460000000000e+01,2.495885631951e+00
1.760000000000e+01,1.480000000000e+01,2.479684363521e+00
1.760000000000e+01,1.500000000000e+01,2.463910123015e+00
1.760000000000e+01,1.520000000000e+01,2.448536995356e+00
1.760000000000e+01,1.540000000000e+01,2.433541178989e+00
1.760000000000e+01,1.560000000000e+01,2.418900782742e+00
1.760000000000e+01,1.580000000000e+01,2.404595645093e+00
1.760000000000e+01,1.600000000000e+01,2.390607173054e+00
1.780000000000e+01,3.000000000000e+00,inf
1.780000000000e+01,3.200000000000e+00,inf
1.780000000000e+01,3.400000000000e+00,inf
1.780000000000e+01,3.600000000000e+00,inf
1.780000000000e+01,3.800000000000e+00,inf
1.780000000000e+01,4.000000000000e+00,inf
1.780000000000e+01,4.200000000000e+00,inf
1.780000000000e+01,4.400000000000e+00,inf
1.780000000000e+01,4.600000000000e+00,inf
1.780000000000e+01,4.800000000000e+00,inf
1.780000000000e+01,5.000000000000e+00,1.297006905331e+01
1.780000000000e+01,5.200000000000e+00,1.093320045790e+01
1.780000000000e+01,5.400000000000e+00,9.427684680879e+00
1.780000000000e+01,5.600000000000e+00,8.288345072629e+00
1.780000000000e+01,5.800000000000e+00,7.407755359165e+00
1.780000000000e+01,6.000000000000e+00,6.714175014845e+00
1.780000000000e+01,6.200000000000e+00,6.158200353516e+00
1.780000000000e+01,6.400000000000e+00,5.706224734593e+00
1.780000000000e+01,6.600000000000e+00,5.333745758392e+00
1.780000000000e+01,6.800000000000e+00,5.022955079570e+00
1.780000000000e+01,7.000000000000e+00,4.760695770080e+00
1.780000000000e+01,7.200000000000e+00,4.537100674999e+00
1.780000000000e+01,7.400000000000e+00,4.344444595960e+00
1.780000000000e+01,7.600000000000e+00,4.177098540362e+00
1.780000000000e+01,7.800000000000e+00,4.030666641405e+00
1.780000000000e+01,8.000000000000e+00,3.901595414922e+00
1.780000000000e+01,8.200000000000e+00,3.787056396138e+00
1.780000000000e+01,8.400000000000e+00,3.684776619434e+00
1.780000000000e+01,8.600000000000e+00,3.592913176908e+00
1.780000000000e+01,8.800000000000e+00,3.509959366428e+00
1.780000000000e+01,9.000000000000e+00,3.434673741833e+00
1.780000000000e+01,9.200000000000e+00,3.366025948893e+00
1.780000000000e+01,9.400000000000e+00,3.303084142100e+00
1.780000000000e+01,9.600000000000e+00,3.245114791894e+00
1.780000000000e+01,9.800000000000e+00,3.191595457621e+00
1.780000000000e+01,1.000000000000e+01,3.142003893046e+00
1.780000000000e+01,1.020000000000e+01,3.095893439363e+00
1.780000000000e+01,1.040000000000e+01,3.052880188341e+00
1.780000000000e+01,1.060000000000e+01,3.012632625334e+00
1.780000000000e+01,1.080000000000e+01,2.974863219798e+00
1.780000000000e+01,1.100000000000e+01,2.939321555774e+00
1.780000000000e+01,1.120000000000e+01,2.905788688021e+00
1.780000000000e+01,1.140000000000e+01,2.874072479751e+00
1.780000000000e+01,1.160000000000e+01,2.844003731192e+00
1.780000000000e+01,1.180000000000e+01,2.815432948877e+00
1.780000000000e+01,1.200000000000e+01,2.788227636901e+00
1.780000000000e+01,1.220000000000e+01,2.762270015578e+00
1.780000000000e+01,1.240000000000e+01,2.737455091804e+00
1.780000000000e+01,1.260000000000e+01,2.713689020216e+00
1.780000000000e+01,1.280000000000e+01,2.690887705876e+00
1.780000000000e+01,1.300000000000e+01,2.668975608413e+00
1.780000000000e+01,1.320000000000e+01,2.647816634134e+00
1.780000000000e+01,1.340000000000e+01,2.627418192630e+00
1.780000000000e+01,1.360000000000e+01,2.607726538292e+00
1.780000000000e+01,1.380000000000e+01,2.588691247984e+00
1.780000000000e+01,1.400000000000e+01,2.570266546270e+00
1.780000000000e+01,1.420000000000e+01,2.552410800225e+00
1.780000000000e+01,1.440000000000e+01,2.535086077439e+00
1.780000000000e+01,1.460000000000e+01,2.518257758280e+00
1.780000000000e+01,1.480000000000e+01,2.501894194904e+00
1.780000000000e+01,1.500000000000e+01,2.485966410618e+00
1.780000000000e+01,1.520000000000e+01,2.470447834210e+00
1.780000000000e+01,1.540000000000e+01,2.455314064647e+00
1.780000000000e+01,1.560000000000e+01,2.440542662200e+00
1.780000000000e+01,1.580000000000e+01,2.426112962664e+00
1.780000000000e+01,1.600000000000e+01,2.412005911757e+00
1.800000000000e+01,3.000000000000e+00,inf
1.800000000000e+01,3.200000000000e+00,inf
1.800000000000e+01,3.400000000000e+00,inf
1.800000000000e+01,3.600000000000e+00,inf
1.800000000000e+01,3.800000000000e+00,inf
1.800000000000e+01,4.000000000000e+00,inf
1.800000000000e+01,4.200000000000e+00,inf
1.800000000000e+01,4.400000000000e+00,inf
1.800000000000e+01,4.600000000000e+00,inf
1.800000000000e+01,4.800000000000e+00,inf
1.800000000000e+01,5.000000000000e+00,1.338580901755e+01
1.800000000000e+01,5.200000000000e+00,1.125469467248e+01
1.800000000000e+01,5.400000000000e+00,9.682735365623e+00
1.800000000000e+01,5.600000000000e+00,8.495291182331e+00
1.800000000000e+01,5.800000000000e+00,7.579052772249e+00
1.800000000000e+01,6.000000000000e+00,6.858505862278e+00
1.800000000000e+01,6.200000000000e+00,6.281749866258e+00
1.800000000000e+01,6.400000000000e+00,5.813506942344e+00
1.800000000000e+01,6.600000000000e+00,5.428105953995e+00
1.800000000000e+01,6.800000000000e+00,5.106912916674e+00
1.800000000000e+01,7.000000000000e+00,4.836177189022e+00
1.800000000000e+01,7.200000000000e+00,4.605597793441e+00
1.800000000000e+01,7.400000000000e+00,4.407124915286e+00
1.800000000000e+01,7.600000000000e+00,4.234890147116e+00
1.800000000000e+01,7.800000000000e+00,4.084315209216e+00
1.800000000000e+01,8.000000000000e+00,3.951704950844e+00
1.800000000000e+01,8.200000000000e+00,3.834120710842e+00
1.800000000000e+01,8.400000000000e+00,3.729202936732e+00
1.800000000000e+01,8.600000000000e+00,3.635040036653e+00
1.800000000000e+01,8.800000000000e+00,3.550070337516e+00
1.800000000000e+01,9.000000000000e+00,3.473008026143e+00
1.800000000000e+01,9.200000000000e+00,3.402786655002e+00
1.800000000000e+01,9.400000000000e+00,3.338444147200e+00
1.800000000000e+01,9.600000000000e+00,3.279222495261e+00
1.800000000000e+01,9.800000000000e+00,3.224579830151e+00
1.800000000000e+01,1.000000000000e+01,3.173976916757e+00
1.800000000000e+01,1.020000000000e+01,3.126952806376e+00
1.800000000000e+01,1.040000000000e+01,3.083111503255e+00
1.800000000000e+01,1.060000000000e+01,3.042111213578e+00
1.800000000000e+01,1.080000000000e+01,3.003655621249e+00
1.800000000000e+01,1.100000000000e+01,2.967486765377e+00
1.800000000000e+01,1.120000000000e+01,2.933379191803e+00
1.800000000000e+01,1.140000000000e+01,2.901135124396e+00
1.800000000000e+01,1.160000000000e+01,2.870580457474e+00
1.800000000000e+01,1.180000000000e+01,2.841561413147e+00
1.800000000000e+01,1.200000000000e+01,2.813941740055e+00
1.800000000000e+01,1.220000000000e+01,2.787600355181e+00
1.800000000000e+01,1.240000000000e+01,2.762429350107e+00
1.800000000000e+01,1.260000000000e+01,2.738332298446e+00
1.800000000000e+01,1.280000000000e+01,2.715222813300e+00
1.800000000000e+01,1.300000000000e+01,2.693023313193e+00
1.800000000000e+01,1.320000000000e+01,2.671595400324e+00
1.800000000000e+01,1.340000000000e+01,2.650945355513e+00
1.800000000000e+01,1.360000000000e+01,2.631017969615e+00
1.800000000000e+01,1.380000000000e+01,2.611761499757e+00
1.800000000000e+01,1.400000000000e+01,2.593128980548e+00
1.800000000000e+01,1.420000000000e+01,2.575077703819e+00
1.800000000000e+01,1.440000000000e+01,2.557568763577e+00
1.800000000000e+01,1.460000000000e+01,2.540566656941e+00
1.800000000000e+01,1.480000000000e+01,2.524038933274e+00
1.800000000000e+01,1.500000000000e+01,2.507955884918e+00
1.800000000000e+01,1.520000000000e+01,2.492290273977e+00
1.800000000000e+01,1.540000000000e+01,2.477017090370e+00
1.800000000000e+01,1.560000000000e+01,2.462113337125e+00
1.800000000000e+01,1.580000000000e+01,2.447557839435e+00
1.800000000000e+01,1.600000000000e+01,2.433331074502e+00
1.820000000000e+01,3.000000000000e+00,inf
1.820000000000e+01,3.200000000000e+00,inf
1.820000000000e+01,3.400000000000e+00,inf
1.820000000000e+01,3.600000000000e+00,inf
1.820000000000e+01,3.800000000000e+00,inf
1.820000000000e+01,4.000000000000e+00,inf
1.820000000000e+01,4.200000000000e+00,inf
1.820000000000e+01,4.400000000000e+00,inf
1.820000000000e+01,4.600000000000e+00,inf
1.820000000000e+01,4.800000000000e+00,inf
1.820000000000e+01,5.000000000000e+00,1.381524344061e+01
1.820000000000e+01,5.200000000000e+00,1.158595993440e+01
1.820000000000e+01,5.400000000000e+00,9.944945410580e+00
1.820000000000e+01,5.600000000000e+00,8.707603361336e+00
1.820000000000e+01,5.800000000000e+00,7.754451141779e+00
1.820000000000e+01,6.000000000000e+00,7.006023903913e+00
1.820000000000e+01,6.200000000000e+00,6.407812743561e+00
1.820000000000e+01,6.400000000000e+00,5.922796789924e+00
1.820000000000e+01,6.600000000000e+00,5.524088086915e+00
1.820000000000e+01,6.800000000000e+00,5.192194243061e+00
1.820000000000e+01,7.000000000000e+00,4.912748107755e+00
1.820000000000e+01,7.200000000000e+00,4.674998731216e+00
1.820000000000e+01,7.400000000000e+00,4.470560017091e+00
1.820000000000e+01,7.600000000000e+00,4.293315687387e+00
1.820000000000e+01,7.800000000000e+00,4.138498782111e+00
1.820000000000e+01,8.000000000000e+00,4.002267773189e+00
1.820000000000e+01,8.200000000000e+00,3.881570236277e+00
1.820000000000e+01,8.400000000000e+00,3.773957303483e+00
1.820000000000e+01,8.600000000000e+00,3.677446591479e+00
1.820000000000e+01,8.800000000000e+00,3.590419813582e+00
1.820000000000e+01,9.000000000000e+00,3.511545498287e+00
1.820000000000e+01,9.200000000000e+00,3.439720081395e+00
1.820000000000e+01,9.400000000000e+00,3.373950434301e+00
1.820000000000e+01,9.600000000000e+00,3.313453414080e+00
1.820000000000e+01,9.800000000000e+00,3.257667195859e+00
1.820000000000e+01,1.000000000000e+01,3.206035120984e+00
1.820000000000e+01,1.020000000000e+01,3.158081594216e+00
1.820000000000e+01,1.040000000000e+01,3.113398237911e+00
1.820000000000e+01,1.060000000000e+01,3.071632734716e+00
1.820000000000e+01,1.080000000000e+01,3.032479779021e+00
1.820000000000e+01,1.100000000000e+01,2.995673693879e+00
1.820000000000e+01,1.120000000000e+01,2.960982371920e+00
1.820000000000e+01,1.140000000000e+01,2.928202275423e+00
1.820000000000e+01,1.160000000000e+01,2.897154288752e+00
1.820000000000e+01,1.180000000000e+01,2.867680260654e+00
1.820000000000e+01,1.200000000000e+01,2.839640107960e+00
1.820000000000e+01,1.220000000000e+01,2.812909378513e+00
1.820000000000e+01,1.240000000000e+01,2.787377191636e+00
1.820000000000e+01,1.260000000000e+01,2.762944490457e+00
1.820000000000e+01,1.280000000000e+01,2.739522553003e+00
1.820000000000e+01,1.300000000000e+01,2.717031718975e+00
1.820000000000e+01,1.320000000000e+01,2.695331254592e+00
1.820000000000e+01,1.340000000000e+01,2.674426281238e+00
1.820000000000e+01,1.360000000000e+01,2.654260100913e+00
1.820000000000e+01,1.380000000000e+01,2.634779628156e+00
1.820000000000e+01,1.400000000000e+01,2.615936687308e+00
1.820000000000e+01,1.420000000000e+01,2.597687476843e+00
1.820000000000e+01,1.440000000000e+01,2.579992100997e+00
1.820000000000e+01,1.460000000000e+01,2.562814159123e+00
1.820000000000e+01,1.480000000000e+01,2.546120384737e+00
1.820000000000e+01,1.500000000000e+01,2.529880327456e+00
1.820000000000e+01,1.520000000000e+01,2.514066072068e+00
1.820000000000e+01,1.540000000000e+01,2.498651989815e+00
1.820000000000e+01,1.560000000000e+01,2.483614517735e+00
1.820000000000e+01,1.580000000000e+01,2.468931962458e+00
1.820000000000e+01,1.600000000000e+01,2.454584325403e+00
1.840000000000e+01,3.000000000000e+00,inf
1.840000000000e+01,3.200000000000e+00,inf
1.840000000000e+01,3.400000000000e+00,inf
1.840000000000e+01,3.600000000000e+00,inf
1.840000000000e+01,3.800000000000e+00,inf
1.840000000000e+01,4.000000000000e+00,inf
1.840000000000e+01,4.200000000000e+00,inf
1.840000000000e+01,4.400000000000e+00,inf
1.840000000000e+01,4.600000000000e+00,inf
1.840000000000e+01,4.800000000000e+00,inf
1.840000000000e+01,5.000000000000e+00,1.425882339189e+01
1.840000000000e+01,5.200000000000e+00,1.192729570153e+01
1.840000000000e+01,5.400000000000e+00,1.021452031140e+01
1.840000000000e+01,5.600000000000e+00,8.925426782189e+00
1.840000000000e+01,5.800000000000e+00,7.934055662997e+00
1.840000000000e+01,6.000000000000e+00,7.156807079079e+00
1.840000000000e+01,6.200000000000e+00,6.536447868531e+00
1.840000000000e+01,6.400000000000e+00,6.034139548786e+00
1.840000000000e+01,6.600000000000e+00,5.621727520431e+00
1.840000000000e+01,6.800000000000e+00,5.278827090303e+00
1.840000000000e+01,7.000000000000e+00,4.990431054234e+00
1.840000000000e+01,7.200000000000e+00,4.745321832228e+00
1.840000000000e+01,7.400000000000e+00,4.534765027407e+00
1.840000000000e+01,7.600000000000e+00,4.352387787279e+00
1.840000000000e+01,7.800000000000e+00,4.193228025931e+00
1.840000000000e+01,8.000000000000e+00,4.053292997276e+00
1.840000000000e+01,8.200000000000e+00,3.929412851353e+00
1.840000000000e+01,8.400000000000e+00,3.819046605138e+00
1.840000000000e+01,8.600000000000e+00,3.720138922834e+00
1.840000000000e+01,8.800000000000e+00,3.631013220951e+00
1.840000000000e+01,9.000000000000e+00,3.550291047301e+00
1.840000000000e+01,9.200000000000e+00,3.476830673692e+00
1.840000000000e+01,9.400000000000e+00,3.409607080774e+00
1.840000000000e+01,9.600000000000e+00,3.347811318114e+00
1.840000000000e+01,9.800000000000e+00,3.290861066131e+00
1.840000000000e+01,1.000000000000e+01,3.238181798851e+00
1.840000000000e+01,1.020000000000e+01,3.189282910588e+00
1.840000000000e+01,1.040000000000e+01,3.143743341600e+00
1.840000000000e+01,1.060000000000e+01,3.101200001922e+00
1.840000000000e+01,1.080000000000e+01,3.061338388649e+00
1.840000000000e+01,1.100000000000e+01,3.023884934540e+00
1.840000000000e+01,1.120000000000e+01,2.988600732171e+00
1.840000000000e+01,1.140000000000e+01,2.955276357889e+00
1.840000000000e+01,1.160000000000e+01,2.923727580326e+00
1.840000000000e+01,1.180000000000e+01,2.893791784492e+00
1.840000000000e+01,1.200000000000e+01,2.865324977864e+00
1.840000000000e+01,1.220000000000e+01,2.838199272341e+00
1.840000000000e+01,1.240000000000e+01,2.812300757208e+00
1.840000000000e+01,1.260000000000e+01,2.787527694948e+00
1.840000000000e+01,1.280000000000e+01,2.763788984808e+00
1.840000000000e+01,1.300000000000e+01,2.741002849451e+00
1.840000000000e+01,1.320000000000e+01,2.719026186756e+00
1.840000000000e+01,1.340000000000e+01,2.697862927739e+00
1.840000000000e+01,1.360000000000e+01,2.677454859910e+00
1.840000000000e+01,1.380000000000e+01,2.657747532116e+00
1.840000000000e+01,1.400000000000e+01,2.638691537899e+00
1.840000000000e+01,1.420000000000e+01,2.620241964085e+00
1.840000000000e+01,1.440000000000e+01,2.602357908791e+00
1.840000000000e+01,1.460000000000e+01,2.585002058952e+00
1.840000000000e+01,1.480000000000e+01,2.568140319078e+00
1.840000000000e+01,1.500000000000e+01,2.551741484204e+00
1.840000000000e+01,1.520000000000e+01,2.535776951087e+00
1.840000000000e+01,1.540000000000e+01,2.520220462599e+00
1.840000000000e+01,1.560000000000e+01,2.505047880982e+00
1.840000000000e+01,1.580000000000e+01,2.490236986294e+00
1.840000000000e+01,1.600000000000e+01,2.475767296871e+00
1.860000000000e+01,3.000000000000e+00,inf
1.860000000000e+01,3.200000000000e+00,inf
1.860000000000e+01,3.400000000000e+00,inf
1.860000000000e+01,3.600000000000e+00,inf
1.860000000000e+01,3.800000000000e+00,inf
1.860000000000e+01,4.000000000000e+00,inf
1.860000000000e+01,4.200000000000e+00,inf
1.860000000000e+01,4.400000000000e+00,inf
1.860000000000e+01,4.600000000000e+00,inf
1.860000000000e+01,4.800000000000e+00,inf
1.860000000000e+01,5.000000000000e+00,inf
1.860000000000e+01,5.200000000000e+00,1.227901020780e+01
1.860000000000e+01,5.400000000000e+00,1.049167106531e+01
1.860000000000e+01,5.600000000000e+00,9.148910174810e+00
1.860000000000e+01,5.800000000000e+00,8.117973897214e+00
1.860000000000e+01,6.000000000000e+00,7.310934940969e+00
1.860000000000e+01,6.200000000000e+00,6.667715249162e+00
1.860000000000e+01,6.400000000000e+00,6.147581288557e+00
1.860000000000e+01,6.600000000000e+00,5.721060191972e+00
1.860000000000e+01,6.800000000000e+00,5.366839906842e+00
1.860000000000e+01,7.000000000000e+00,5.069248860546e+00
1.860000000000e+01,7.200000000000e+00,4.816585662235e+00
1.860000000000e+01,7.400000000000e+00,4.599755233129e+00
1.860000000000e+01,7.600000000000e+00,4.412119187943e+00
1.860000000000e+01,7.800000000000e+00,4.248513686759e+00
1.860000000000e+01,8.000000000000e+00,4.104789791953e+00
1.860000000000e+01,8.200000000000e+00,3.977656467829e+00
1.860000000000e+01,8.400000000000e+00,3.864477743866e+00
1.860000000000e+01,8.600000000000e+00,3.763123116227e+00
1.860000000000e+01,8.800000000000e+00,3.671855980011e+00
1.860000000000e+01,9.000000000000e+00,3.589249548346e+00
1.860000000000e+01,9.200000000000e+00,3.514122857322e+00
1.860000000000e+01,9.400000000000e+00,3.445418138754e+00
1.860000000000e+01,9.600000000000e+00,3.382299947860e+00
1.860000000000e+01,9.800000000000e+00,3.324164919866e+00
1.860000000000e+01,1.000000000000e+01,3.270420208427e+00
1.860000000000e+01,1.020000000000e+01,3.220559826108e+00
1.860000000000e+01,1.040000000000e+01,3.174149724925e+00
1.860000000000e+01,1.060000000000e+01,3.130815788442e+00
1.860000000000e+01,1.080000000000e+01,3.090234104796e+00
1.860000000000e+01,1.100000000000e+01,3.052123039049e+00
1.860000000000e+01,1.120000000000e+01,3.016236734297e+00
1.860000000000e+01,1.140000000000e+01,2.982359754478e+00
1.860000000000e+01,1.160000000000e+01,2.950302644962e+00
1.860000000000e+01,1.180000000000e+01,2.919898235188e+00
1.860000000000e+01,1.200000000000e+01,2.890998544526e+00
1.860000000000e+01,1.220000000000e+01,2.863472181113e+00
1.860000000000e+01,1.240000000000e+01,2.837202145574e+00
1.860000000000e+01,1.260000000000e+01,2.812083968873e+00
1.860000000000e+01,1.280000000000e+01,2.788024127180e+00
1.860000000000e+01,1.300000000000e+01,2.764938687399e+00
1.860000000000e+01,1.320000000000e+01,2.742682146208e+00
1.860000000000e+01,1.340000000000e+01,2.721257213050e+00
1.860000000000e+01,1.360000000000e+01,2.700604134996e+00
1.860000000000e+01,1.380000000000e+01,2.680667071836e+00
1.860000000000e+01,1.400000000000e+01,2.661395365559e+00
1.860000000000e+01,1.420000000000e+01,2.642742972867e+00
1.860000000000e+01,1.440000000000e+01,2.624667969250e+00
1.860000000000e+01,1.460000000000e+01,2.607132114443e+00
1.860000000000e+01,1.480000000000e+01,2.590100470672e+00
1.860000000000e+01,1.500000000000e+01,2.573541066432e+00
1.860000000000e+01,1.520000000000e+01,2.557424599661e+00
1.860000000000e+01,1.540000000000e+01,2.541724175091e+00
1.860000000000e+01,1.560000000000e+01,2.526415071307e+00
1.860000000000e+01,1.580000000000e+01,2.511474533738e+00
1.860000000000e+01,1.600000000000e+01,2.496881590289e+00
1.880000000000e+01,3.000000000000e+00,inf
1.880000000000e+01,3.200000000000e+00,inf
1.880000000000e+01,3.400000000000e+00,inf
1.880000000000e+01,3.600000000000e+00,inf
1.880000000000e+01,3.800000000000e+00,inf
1.880000000000e+01,4.000000000000e+00,inf
1.880000000000e+01,4.200000000000e+00,inf
1.880000000000e+01,4.400000000000e+00,inf
1.880000000000e+01,4.600000000000e+00,inf
1.880000000000e+01,4.800000000000e+00,inf
1.880000000000e+01,5.000000000000e+00,inf
1.880000000000e+01,5.200000000000e+00,1.264142073707e+01
1.880000000000e+01,5.400000000000e+00,1.077661433053e+01
1.880000000000e+01,5.600000000000e+00,9.378205922053e+00
1.880000000000e+01,5.800000000000e+00,8.306315830648e+00
1.880000000000e+01,6.000000000000e+00,7.468488693940e+00
1.880000000000e+01,6.200000000000e+00,6.801676042772e+00
1.880000000000e+01,6.400000000000e+00,6.263168893679e+00
1.880000000000e+01,6.600000000000e+00,5.822122624914e+00
1.880000000000e+01,6.800000000000e+00,5.456261566735e+00
1.880000000000e+01,7.000000000000e+00,5.149224669669e+00
1.880000000000e+01,7.200000000000e+00,4.888809014281e+00
1.880000000000e+01,7.400000000000e+00,4.665546086530e+00
1.880000000000e+01,7.600000000000e+00,4.472522749454e+00
1.880000000000e+01,7.800000000000e+00,4.304366594324e+00
1.880000000000e+01,8.000000000000e+00,4.156767382663e+00
1.880000000000e+01,8.200000000000e+00,4.026309033130e+00
1.880000000000e+01,8.400000000000e+00,3.910257641180e+00
1.880000000000e+01,8.600000000000e+00,3.806405263685e+00
1.880000000000e+01,8.800000000000e+00,3.712953507547e+00
1.880000000000e+01,9.000000000000e+00,3.628425864942e+00
1.880000000000e+01,9.200000000000e+00,3.551601039669e+00
1.880000000000e+01,9.400000000000e+00,3.481387637218e+00
1.880000000000e+01,9.600000000000e+00,3.416923016558e+00
1.880000000000e+01,9.800000000000e+00,3.357582205427e+00
1.880000000000e+01,1.000000000000e+01,3.302753574630e+00
1.880000000000e+01,1.020000000000e+01,3.251915376154e+00
1.880000000000e+01,1.040000000000e+01,3.204620261606e+00
1.880000000000e+01,1.060000000000e+01,3.160482829350e+00
1.880000000000e+01,1.080000000000e+01,3.119169542964e+00
1.880000000000e+01,1.100000000000e+01,3.080390519199e+00
1.880000000000e+01,1.120000000000e+01,3.043892799609e+00
1.880000000000e+01,1.140000000000e+01,3.009454807091e+00
1.880000000000e+01,1.160000000000e+01,2.976881754439e+00
1.880000000000e+01,1.180000000000e+01,2.946001822209e+00
1.880000000000e+01,1.200000000000e+01,2.916662961677e+00
1.880000000000e+01,1.220000000000e+01,2.888730208378e+00
1.880000000000e+01,1.240000000000e+01,2.862083414794e+00
1.880000000000e+01,1.260000000000e+01,2.836615328781e+00
1.880000000000e+01,1.280000000000e+01,2.812229958520e+00
1.880000000000e+01,1.300000000000e+01,2.788841175930e+00
1.880000000000e+01,1.320000000000e+01,2.766301043119e+00
1.880000000000e+01,1.340000000000e+01,2.744611016478e+00
1.880000000000e+01,1.360000000000e+01,2.723709776360e+00
1.880000000000e+01,1.380000000000e+01,2.703540069865e+00
1.880000000000e+01,1.400000000000e+01,2.684049966464e+00
1.880000000000e+01,1.420000000000e+01,2.665192274056e+00
1.880000000000e+01,1.440000000000e+01,2.646924028840e+00
1.880000000000e+01,1.460000000000e+01,2.629206048429e+00
1.880000000000e+01,1.480000000000e+01,2.612002539370e+00
1.880000000000e+01,1.500000000000e+01,2.595280751565e+00
1.880000000000e+01,1.520000000000e+01,2.579010673256e+00
1.880000000000e+01,1.540000000000e+01,2.563164761192e+00
1.880000000000e+01,1.560000000000e+01,2.547717701385e+00
1.880000000000e+01,1.580000000000e+01,2.532646196522e+00
1.880000000000e+01,1.600000000000e+01,2.517928776692e+00
1.900000000000e+01,3.000000000000e+00,inf
1.900000000000e+01,3.200000000000e+00,inf
1.900000000000e+01,3.400000000000e+00,inf
1.900000000000e+01,3.600000000000e+00,inf
1.900000000000e+01,3.800000000000e+00,inf
1.900000000000e+01,4.000000000000e+00,inf
1.900000000000e+01,4.200000000000e+00,inf
1.900000000000e+01,4.400000000000e+00,inf
1.900000000000e+01,4.600000000000e+00,inf
1.900000000000e+01,4.800000000000e+00,inf
1.900000000000e+01,5.000000000000e+00,inf
1.900000000000e+01,5.200000000000e+00,1.301485390515e+01
1.900000000000e+01,5.400000000000e+00,1.106957259046e+01
1.900000000000e+01,5.600000000000e+00,9.613470157920e+00
1.900000000000e+01,5.800000000000e+00,8.499193934797e+00
1.900000000000e+01,6.000000000000e+00,7.629551231682e+00
1.900000000000e+01,6.200000000000e+00,6.938392580930e+00
1.900000000000e+01,6.400000000000e+00,6.380950080283e+00
1.900000000000e+01,6.600000000000e+00,5.924951940495e+00
1.900000000000e+01,6.800000000000e+00,5.547121378419e+00
1.900000000000e+01,7.000000000000e+00,5.230381942206e+00
1.900000000000e+01,7.200000000000e+00,4.962010914074e+00
1.900000000000e+01,7.400000000000e+00,4.732153209720e+00
1.900000000000e+01,7.600000000000e+00,4.533611454608e+00
1.900000000000e+01,7.800000000000e+00,4.360797665343e+00
1.900000000000e+01,8.000000000000e+00,4.209235054441e+00
1.900000000000e+01,8.200000000000e+00,4.075378533076e+00
1.900000000000e+01,8.400000000000e+00,3.956393240462e+00
1.900000000000e+01,8.600000000000e+00,3.849991466136e+00
1.900000000000e+01,8.800000000000e+00,3.754311218990e+00
1.900000000000e+01,9.000000000000e+00,3.667824851124e+00
1.900000000000e+01,9.200000000000e+00,3.589269612140e+00
1.900000000000e+01,9.400000000000e+00,3.517519583973e+00
1.900000000000e+01,9.600000000000e+00,3.451684212124e+00
1.900000000000e+01,9.800000000000e+00,3.391116342523e+00
1.900000000000e+01,1.000000000000e+01,3.335185091048e+00
1.900000000000e+01,1.020000000000e+01,3.283352562646e+00
1.900000000000e+01,1.040000000000e+01,3.235157790210e+00
1.900000000000e+01,1.060000000000e+01,3.190203823241e+00
1.900000000000e+01,1.080000000000e+01,3.148147281146e+00
1.900000000000e+01,1.100000000000e+01,3.108689848489e+00
1.900000000000e+01,1.120000000000e+01,3.071571310556e+00
1.900000000000e+01,1.140000000000e+01,3.036563818377e+00
1.900000000000e+01,1.160000000000e+01,3.003467141039e+00
1.900000000000e+01,1.180000000000e+01,2.972104715406e+00
1.900000000000e+01,1.200000000000e+01,2.942320343428e+00
1.900000000000e+01,1.220000000000e+01,2.913975418157e+00
1.900000000000e+01,1.240000000000e+01,2.886946583574e+00
1.900000000000e+01,1.260000000000e+01,2.861123752107e+00
1.900000000000e+01,1.280000000000e+01,2.836408418422e+00
1.900000000000e+01,1.300000000000e+01,2.812712219705e+00
1.900000000000e+01,1.320000000000e+01,2.789884749622e+00
1.900000000000e+01,1.340000000000e+01,2.767926179738e+00
1.900000000000e+01,1.360000000000e+01,2.746773597082e+00
1.900000000000e+01,1.380000000000e+01,2.726368312169e+00
1.900000000000e+01,1.400000000000e+01,2.706657100745e+00
1.900000000000e+01,1.420000000000e+01,2.687591603047e+00
1.900000000000e+01,1.440000000000e+01,2.669127799146e+00
1.900000000000e+01,1.460000000000e+01,2.651225549471e+00
1.900000000000e+01,1.480000000000e+01,2.633848191379e+00
1.900000000000e+01,1.500000000000e+01,2.616962184019e+00
1.900000000000e+01,1.520000000000e+01,2.600536794974e+00
1.900000000000e+01,1.540000000000e+01,2.584543823101e+00
1.900000000000e+01,1.560000000000e+01,2.568957352851e+00
1.900000000000e+01,1.580000000000e+01,2.553753536012e+00
1.900000000000e+01,1.600000000000e+01,2.538910397422e+00
1.920000000000e+01,3.000000000000e+00,inf
1.920000000000e+01,3.200000000000e+00,inf
1.920000000000e+01,3.400000000000e+00,inf
1.920000000000e+01,3.600000000000e+00,inf
1.920000000000e+01,3.800000000000e+00,inf
1.920000000000e+01,4.000000000000e+00,inf
1.920000000000e+01,4.200000000000e+00,inf
1.920000000000e+01,4.400000000000e+00,inf
1.920000000000e+01,4.600000000000e+00,inf
1.920000000000e+01,4.800000000000e+00,inf
1.920000000000e+01,5.000000000000e+00,inf
1.920000000000e+01,5.200000000000e+00,1.339964595046e+01
1.920000000000e+01,5.400000000000e+00,1.137077432236e+01
1.920000000000e+01,5.600000000000e+00,9.854862868448e+00
1.920000000000e+01,5.800000000000e+00,8.696723228359e+00
1.920000000000e+01,6.000000000000e+00,7.794207176288e+00
1.920000000000e+01,6.200000000000e+00,7.077928394875e+00
1.920000000000e+01,6.400000000000e+00,6.500973413340e+00
1.920000000000e+01,6.600000000000e+00,6.029585869847e+00
1.920000000000e+01,6.800000000000e+00,5.639449093518e+00
1.920000000000e+01,7.000000000000e+00,5.312744463098e+00
1.920000000000e+01,7.200000000000e+00,5.036210625321e+00
1.920000000000e+01,7.400000000000e+00,4.799592399029e+00
1.920000000000e+01,7.600000000000e+00,4.595398412660e+00
1.920000000000e+01,7.800000000000e+00,4.417817906775e+00
1.920000000000e+01,8.000000000000e+00,4.262202154817e+00
1.920000000000e+01,8.200000000000e+00,4.124872994532e+00
1.920000000000e+01,8.400000000000e+00,4.002891509418e+00
1.920000000000e+01,8.600000000000e+00,3.893887835699e+00
1.920000000000e+01,8.800000000000e+00,3.795934530596e+00
1.920000000000e+01,9.000000000000e+00,3.707451353509e+00
1.920000000000e+01,9.200000000000e+00,3.627132952156e+00
1.920000000000e+01,9.400000000000e+00,3.553817967586e+00
1.920000000000e+01,9.600000000000e+00,3.486587199013e+00
1.920000000000e+01,9.800000000000e+00,3.424770724007e+00
1.920000000000e+01,1.000000000000e+01,3.367717921702e+00
1.920000000000e+01,1.020000000000e+01,3.314874355757e+00
1.920000000000e+01,1.040000000000e+01,3.265765115823e+00
1.920000000000e+01,1.060000000000e+01,3.219981433855e+00
1.920000000000e+01,1.080000000000e+01,3.177169861409e+00
1.920000000000e+01,1.100000000000e+01,3.137023463677e+00
1.920000000000e+01,1.120000000000e+01,3.099274612239e+00
1.920000000000e+01,1.140000000000e+01,3.063689053201e+00
1.920000000000e+01,1.160000000000e+01,3.030060998981e+00
1.920000000000e+01,1.180000000000e+01,2.998209046418e+00
1.920000000000e+01,1.200000000000e+01,2.967972765638e+00
1.920000000000e+01,1.220000000000e+01,2.939209836267e+00
1.920000000000e+01,1.240000000000e+01,2.911793632550e+00
1.920000000000e+01,1.260000000000e+01,2.885611178421e+00
1.920000000000e+01,1.280000000000e+01,2.860561408885e+00
1.920000000000e+01,1.300000000000e+01,2.836553686114e+00
1.920000000000e+01,1.320000000000e+01,2.813435100949e+00
1.920000000000e+01,1.340000000000e+01,2.791204508058e+00
1.920000000000e+01,1.360000000000e+01,2.769797374208e+00
1.920000000000e+01,1.380000000000e+01,2.749153549155e+00
1.920000000000e+01,1.400000000000e+01,2.729218493488e+00
1.920000000000e+01,1.420000000000e+01,2.709942660720e+00
1.920000000000e+01,1.440000000000e+01,2.691280957792e+00
1.920000000000e+01,1.460000000000e+01,2.673192272745e+00
1.920000000000e+01,1.480000000000e+01,2.655639060106e+00
1.920000000000e+01,1.500000000000e+01,2.638586976015e+00
1.920000000000e+01,1.520000000000e+01,2.622004556341e+00
1.920000000000e+01,1.540000000000e+01,2.605862932063e+00
1.920000000000e+01,1.560000000000e+01,2.590135577022e+00
1.920000000000e+01,1.580000000000e+01,2.574798083891e+00
1.920000000000e+01,1.600000000000e+01,2.559827964782e+00
1.940000000000e+01,3.000000000000e+00,inf
1.940000000000e+01,3.200000000000e+00,inf
1.940000000000e+01,3.400000000000e+00,inf
1.940000000000e+01,3.600000000000e+00,inf
1.940000000000e+01,3.800000000000e+00,inf
1.940000000000e+01,4.000000000000e+00,inf
1.940000000000e+01,4.200000000000e+00,inf
1.940000000000e+01,4.400000000000e+00,inf
1.940000000000e+01,4.600000000000e+00,inf
1.940000000000e+01,4.800000000000e+00,inf
1.940000000000e+01,5.000000000000e+00,inf
1.940000000000e+01,5.200000000000e+00,1.379614303339e+01
1.940000000000e+01,5.400000000000e+00,1.168045417107e+01
1.940000000000e+01,5.600000000000e+00,1.010254799537e+01
1.940000000000e+01,5.800000000000e+00,8.899021340775e+00
1.940000000000e+01,6.000000000000e+00,7.962542918257e+00
1.940000000000e+01,6.200000000000e+00,7.220348241473e+00
1.940000000000e+01,6.400000000000e+00,6.623288324089e+00
1.940000000000e+01,6.600000000000e+00,6.136062766162e+00
1.940000000000e+01,6.800000000000e+00,5.733274915696e+00
1.940000000000e+01,7.000000000000e+00,5.396336348346e+00
1.940000000000e+01,7.200000000000e+00,5.111427655025e+00
1.940000000000e+01,7.400000000000e+00,4.867879629350e+00
1.940000000000e+01,7.600000000000e+00,4.657896862984e+00
1.940000000000e+01,7.800000000000e+00,4.475438419006e+00
1.940000000000e+01,8.000000000000e+00,4.315678096657e+00
1.940000000000e+01,8.200000000000e+00,4.174800487985e+00
1.940000000000e+01,8.400000000000e+00,4.049759442451e+00
1.940000000000e+01,8.600000000000e+00,3.938100497910e+00
1.940000000000e+01,8.800000000000e+00,3.837828861542e+00
1.940000000000e+01,9.000000000000e+00,3.747310213299e+00
1.940000000000e+01,9.200000000000e+00,3.665195425070e+00
1.940000000000e+01,9.400000000000e+00,3.590286759226e+00
1.940000000000e+01,9.600000000000e+00,3.521635620003e+00
1.940000000000e+01,9.800000000000e+00,3.458548717621e+00
1.940000000000e+01,1.000000000000e+01,3.400355202726e+00
1.940000000000e+01,1.020000000000e+01,3.346483695554e+00
1.940000000000e+01,1.040000000000e+01,3.296445011655e+00
1.940000000000e+01,1.060000000000e+01,3.249818291647e+00
1.940000000000e+01,1.080000000000e+01,3.206239791430e+00
1.940000000000e+01,1.100000000000e+01,3.165393766275e+00
1.940000000000e+01,1.120000000000e+01,3.127005013865e+00
1.940000000000e+01,1.140000000000e+01,3.090832740071e+00
1.940000000000e+01,1.160000000000e+01,3.056665485812e+00
1.940000000000e+01,1.180000000000e+01,3.024316910023e+00
1.940000000000e+01,1.200000000000e+01,2.993622267222e+00
1.940000000000e+01,1.220000000000e+01,2.964435451603e+00
1.940000000000e+01,1.240000000000e+01,2.936626505536e+00
1.940000000000e+01,1.260000000000e+01,2.910079510645e+00
1.940000000000e+01,1.280000000000e+01,2.884690795488e+00
1.940000000000e+01,1.300000000000e+01,2.860367406415e+00
1.940000000000e+01,1.320000000000e+01,2.836953896535e+00
1.940000000000e+01,1.340000000000e+01,2.814447771249e+00
1.940000000000e+01,1.360000000000e+01,2.792782849776e+00
1.940000000000e+01,1.380000000000e+01,2.771897496672e+00
1.940000000000e+01,1.400000000000e+01,2.751735835696e+00
1.940000000000e+01,1.420000000000e+01,2.732247114374e+00
1.940000000000e+01,1.440000000000e+01,2.713385149343e+00
1.940000000000e+01,1.460000000000e+01,2.695107840905e+00
1.940000000000e+01,1.480000000000e+01,2.677376746997e+00
1.940000000000e+01,1.500000000000e+01,2.660156708381e+00
1.940000000000e+01,1.520000000000e+01,2.643415518072e+00
1.940000000000e+01,1.540000000000e+01,2.627123629103e+00
1.940000000000e+01,1.560000000000e+01,2.611253895595e+00
1.940000000000e+01,1.580000000000e+01,2.595781342834e+00
1.940000000000e+01,1.600000000000e+01,2.580682962681e+00
1.960000000000e+01,3.000000000000e+00,inf
1.960000000000e+01,3.200000000000e+00,inf
1.960000000000e+01,3.400000000000e+00,inf
1.960000000000e+01,3.600000000000e+00,inf
1.960000000000e+01,3.800000000000e+00,inf
1.960000000000e+01,4.000000000000e+00,inf
1.960000000000e+01,4.200000000000e+00,inf
1.960000000000e+01,4.400000000000e+00,inf
1.960000000000e+01,4.600000000000e+00,inf
1.960000000000e+01,4.800000000000e+00,inf
1.960000000000e+01,5.000000000000e+00,inf
1.960000000000e+01,5.200000000000e+00,1.420470154468e+01
1.960000000000e+01,5.400000000000e+00,1.199885312752e+01
1.960000000000e+01,5.600000000000e+00,1.035669354258e+01
1.960000000000e+01,5.800000000000e+00,9.106208577397e+00
1.960000000000e+01,6.000000000000e+00,8.134646657453e+00
1.960000000000e+01,6.200000000000e+00,7.365718129713e+00
1.960000000000e+01,6.400000000000e+00,6.747945127762e+00
1.960000000000e+01,6.600000000000e+00,6.244421617004e+00
1.960000000000e+01,6.800000000000e+00,5.828629509561e+00
1.960000000000e+01,7.000000000000e+00,5.481182051719e+00
1.960000000000e+01,7.200000000000e+00,5.187681758756e+00
1.960000000000e+01,7.400000000000e+00,4.937031058425e+00
1.960000000000e+01,7.600000000000e+00,4.721120178684e+00
1.960000000000e+01,7.800000000000e+00,4.533670398975e+00
1.960000000000e+01,8.000000000000e+00,4.369672360931e+00
1.960000000000e+01,8.200000000000e+00,4.225169130047e+00
1.960000000000e+01,8.400000000000e+00,4.097004062971e+00
1.960000000000e+01,8.600000000000e+00,3.982635593871e+00
1.960000000000e+01,8.800000000000e+00,3.879999635951e+00
1.960000000000e+01,9.000000000000e+00,3.787406268212e+00
1.960000000000e+01,9.200000000000e+00,3.703461386015e+00
1.960000000000e+01,9.400000000000e+00,3.626929914445e+00
1.960000000000e+01,9.600000000000e+00,3.556833097920e+00
1.960000000000e+01,9.800000000000e+00,3.492453667659e+00
1.960000000000e+01,1.000000000000e+01,3.433100044003e+00
1.960000000000e+01,1.020000000000e+01,3.378183493590e+00
1.960000000000e+01,1.040000000000e+01,3.327200220580e+00
1.960000000000e+01,1.060000000000e+01,3.279716995291e+00
1.960000000000e+01,1.080000000000e+01,3.235359545963e+00
1.960000000000e+01,1.100000000000e+01,3.193803123981e+00
1.960000000000e+01,1.120000000000e+01,3.154764790151e+00
1.960000000000e+01,1.140000000000e+01,3.117997072504e+00
1.960000000000e+01,1.160000000000e+01,3.083282723736e+00
1.960000000000e+01,1.180000000000e+01,3.050430365435e+00
1.960000000000e+01,1.200000000000e+01,3.019270851428e+00
1.960000000000e+01,1.220000000000e+01,2.989654217375e+00
1.960000000000e+01,1.240000000000e+01,2.961447110727e+00
1.960000000000e+01,1.260000000000e+01,2.934530616218e+00
1.960000000000e+01,1.280000000000e+01,2.908798408530e+00
1.960000000000e+01,1.300000000000e+01,2.884155176838e+00
1.960000000000e+01,1.320000000000e+01,2.860442901095e+00
1.960000000000e+01,1.340000000000e+01,2.837657704743e+00
1.960000000000e+01,1.360000000000e+01,2.815731731833e+00
1.960000000000e+01,1.380000000000e+01,2.794601836988e+00
1.960000000000e+01,1.400000000000e+01,2.774210785233e+00
1.960000000000e+01,1.420000000000e+01,2.754506598633e+00
1.960000000000e+01,1.440000000000e+01,2.735441986180e+00
1.960000000000e+01,1.460000000000e+01,2.716973844930e+00
1.960000000000e+01,1.480000000000e+01,2.699062822344e+00
1.960000000000e+01,1.500000000000e+01,2.681672931332e+00
1.960000000000e+01,1.520000000000e+01,2.664771210818e+00
1.960000000000e+01,1.540000000000e+01,2.648327425747e+00
1.960000000000e+01,1.560000000000e+01,2.632313801339e+00
1.960000000000e+01,1.580000000000e+01,2.616704787164e+00
1.960000000000e+01,1.600000000000e+01,2.601476847262e+00
1.980000000000e+01,3.000000000000e+00,inf
1.980000000000e+01,3.200000000000e+00,inf
1.980000000000e+01,3.400000000000e+00,inf
1.980000000000e+01,3.600000000000e+00,inf
1.980000000000e+01,3.800000000000e+00,inf
1.980000000000e+01,4.000000000000e+00,inf
1.980000000000e+01,4.200000000000e+00,inf
1.980000000000e+01,4.400000000000e+00,inf
1.980000000000e+01,4.600000000000e+00,inf
1.980000000000e+01,4.800000000000e+00,inf
1.980000000000e+01,5.000000000000e+00,inf
1.980000000000e+01,5.200000000000e+00,1.462568842305e+01
1.980000000000e+01,5.400000000000e+00,1.232621871237e+01
1.980000000000e+01,5.600000000000e+00,1.061747168553e+01
1.980000000000e+01,5.800000000000e+00,9.318407986355e+00
1.980000000000e+01,6.000000000000e+00,8.310608445047e+00
1.980000000000e+01,6.200000000000e+00,7.514105347773e+00
1.980000000000e+01,6.400000000000e+00,6.874995041625e+00
1.980000000000e+01,6.600000000000e+00,6.354702056782e+00
1.980000000000e+01,6.800000000000e+00,5.925544009641e+00
1.980000000000e+01,7.000000000000e+00,5.567306371484e+00
1.980000000000e+01,7.200000000000e+00,5.264992945895e+00
1.980000000000e+01,7.400000000000e+00,5.007063031091e+00
1.980000000000e+01,7.600000000000e+00,4.785081870148e+00
1.980000000000e+01,7.800000000000e+00,4.592525143235e+00
1.980000000000e+01,8.000000000000e+00,4.424194499415e+00
1.980000000000e+01,8.200000000000e+00,4.275987085894e+00
1.980000000000e+01,8.400000000000e+00,4.144632425626e+00
1.980000000000e+01,8.600000000000e+00,4.027499282328e+00
1.980000000000e+01,8.800000000000e+00,3.922452284857e+00
1.980000000000e+01,9.000000000000e+00,3.827744354340e+00
1.980000000000e+01,9.200000000000e+00,3.741935181686e+00
1.980000000000e+01,9.400000000000e+00,3.663751374899e+00
1.980000000000e+01,9.600000000000e+00,3.592183237296e+00
1.980000000000e+01,9.800000000000e+00,3.526488896584e+00
1.980000000000e+01,1.000000000000e+01,3.465955530720e+00
1.980000000000e+01,1.020000000000e+01,3.409976634419e+00
1.980000000000e+01,1.040000000000e+01,3.358033456628e+00
1.980000000000e+01,1.060000000000e+01,3.309680113134e+00
1.980000000000e+01,1.080000000000e+01,3.264531568256e+00
1.980000000000e+01,1.100000000000e+01,3.222253872064e+00
1.980000000000e+01,1.120000000000e+01,3.182556182676e+00
1.980000000000e+01,1.140000000000e+01,3.145184210347e+00
1.980000000000e+01,1.160000000000e+01,3.109914800909e+00
1.980000000000e+01,1.180000000000e+01,3.076551437571e+00
1.980000000000e+01,1.200000000000e+01,3.044920487060e+00
1.980000000000e+01,1.220000000000e+01,3.014868052302e+00
1.980000000000e+01,1.240000000000e+01,2.986257321865e+00
1.980000000000e+01,1.260000000000e+01,2.958966328230e+00
1.980000000000e+01,1.280000000000e+01,2.932886044131e+00
1.980000000000e+01,1.300000000000e+01,2.907918759659e+00
1.980000000000e+01,1.320000000000e+01,2.883903845658e+00
1.980000000000e+01,1.340000000000e+01,2.860836010602e+00
1.980000000000e+01,1.360000000000e+01,2.838645695403e+00
1.980000000000e+01,1.380000000000e+01,2.817268219736e+00
1.980000000000e+01,1.400000000000e+01,2.796644967735e+00
1.980000000000e+01,1.420000000000e+01,2.776722716335e+00
1.980000000000e+01,1.440000000000e+01,2.757453049350e+00
1.980000000000e+01,1.460000000000e+01,2.738791844944e+00
1.980000000000e+01,1.480000000000e+01,2.720698826083e+00
1.980000000000e+01,1.500000000000e+01,2.703137165236e+00
1.980000000000e+01,1.520000000000e+01,2.686073135907e+00
1.980000000000e+01,1.540000000000e+01,2.669475804729e+00
1.980000000000e+01,1.560000000000e+01,2.653316758771e+00
1.980000000000e+01,1.580000000000e+01,2.637569863505e+00
1.980000000000e+01,1.600000000000e+01,2.622211047521e+00
2.000000000000e+01,3.000000000000e+00,inf
2.000000000000e+01,3.200000000000e+00,inf
2.000000000000e+01,3.400000000000e+00,inf
2.000000000000e+01,3.600000000000e+00,inf
2.000000000000e+01,3.800000000000e+00,inf
2.000000000000e+01,4.000000000000e+00,inf
2.000000000000e+01,4.200000000000e+00,inf
2.000000000000e+01,4.400000000000e+00,inf
2.000000000000e+01,4.600000000000e+00,inf
2.000000000000e+01,4.800000000000e+00,inf
2.000000000000e+01,5.000000000000e+00,inf
2.000000000000e+01,5.200000000000e+00,1.505948148238e+01
2.000000000000e+01,5.400000000000e+00,1.266280516486e+01
2.000000000000e+01,5.600000000000e+00,1.088505888349e+01
2.000000000000e+01,5.800000000000e+00,9.535745427137e+00
2.000000000000e+01,6.000000000000e+00,8.490520226476e+00
2.000000000000e+01,6.200000000000e+00,7.665578490667e+00
2.000000000000e+01,6.400000000000e+00,7.004490203337e+00
2.000000000000e+01,6.600000000000e+00,6.466944379389e+00
2.000000000000e+01,6.800000000000e+00,6.024050029426e+00
2.000000000000e+01,7.000000000000e+00,5.654734457143e+00
2.000000000000e+01,7.200000000000e+00,5.343381484862e+00
2.000000000000e+01,7.400000000000e+00,5.077992083490e+00
2.000000000000e+01,7.600000000000e+00,4.849795588548e+00
2.000000000000e+01,7.800000000000e+00,4.652014050956e+00
2.000000000000e+01,8.000000000000e+00,4.479254137336e+00
2.000000000000e+01,8.200000000000e+00,4.327262571641e+00
2.000000000000e+01,8.400000000000e+00,4.192651618480e+00
2.000000000000e+01,8.600000000000e+00,4.072697741696e+00
2.000000000000e+01,8.800000000000e+00,3.965192248100e+00
2.000000000000e+01,9.000000000000e+00,3.868329307952e+00
2.000000000000e+01,9.200000000000e+00,3.780621152063e+00
2.000000000000e+01,9.400000000000e+00,3.700755069995e+00
2.000000000000e+01,9.600000000000e+00,3.627689625970e+00
2.000000000000e+01,9.800000000000e+00,3.560657706572e+00
2.000000000000e+01,1.000000000000e+01,3.498924724881e+00
2.000000000000e+01,1.020000000000e+01,3.441865977071e+00
2.000000000000e+01,1.040000000000e+01,3.388947406411e+00
2.000000000000e+01,1.060000000000e+01,3.339710184590e+00
2.000000000000e+01,1.080000000000e+01,3.293758271418e+00
2.000000000000e+01,1.100000000000e+01,3.250748314703e+00
2.000000000000e+01,1.120000000000e+01,3.210381401186e+00
2.000000000000e+01,1.140000000000e+01,3.172396281050e+00
2.000000000000e+01,1.160000000000e+01,3.136563772681e+00
2.000000000000e+01,1.180000000000e+01,3.102682118258e+00
2.000000000000e+01,1.200000000000e+01,3.070573109663e+00
2.000000000000e+01,1.220000000000e+01,3.040078841772e+00
2.000000000000e+01,1.240000000000e+01,3.011058979362e+00
2.000000000000e+01,1.260000000000e+01,2.983388446525e+00
2.000000000000e+01,1.280000000000e+01,2.956955465300e+00
2.000000000000e+01,1.300000000000e+01,2.931659884233e+00
2.000000000000e+01,1.320000000000e+01,2.907338428579e+00
2.000000000000e+01,1.340000000000e+01,2.883984358498e+00
2.000000000000e+01,1.360000000000e+01,2.861526383441e+00
2.000000000000e+01,1.380000000000e+01,2.839898262829e+00
2.000000000000e+01,1.400000000000e+01,2.819039977507e+00
2.000000000000e+01,1.420000000000e+01,2.798897039388e+00
2.000000000000e+01,1.440000000000e+01,2.779419889407e+00
2.000000000000e+01,1.460000000000e+01,2.760563371025e+00
2.000000000000e+01,1.480000000000e+01,2.742286268564e+00
2.000000000000e+01,1.500000000000e+01,2.724550901355e+00
2.000000000000e+01,1.520000000000e+01,2.707322766055e+00
2.000000000000e+01,1.540000000000e+01,2.690570220677e+00
2.000000000000e+01,1.560000000000e+01,2.674264204821e+00
2.000000000000e+01,1.580000000000e+01,2.658377991411e+00
2.000000000000e+01,1.600000000000e+01,2.642886965918e+00
