depth_m,T_s,Hc_m
2.000000000000e+00,3.000000000000e+00,inf
2.000000000000e+00,3.200000000000e+00,inf
2.000000000000e+00,3.400000000000e+00,1.536718325940e+00
2.000000000000e+00,3.600000000000e+00,1.467412320946e+00
2.000000000000e+00,3.800000000000e+00,1.407053227277e+00
2.000000000000e+00,4.000000000000e+00,1.353556020580e+00
2.000000000000e+00,4.200000000000e+00,1.305605731131e+00
2.000000000000e+00,4.400000000000e+00,1.262148118953e+00
2.000000000000e+00,4.600000000000e+00,1.222422111707e+00
2.000000000000e+00,4.800000000000e+00,1.185693629530e+00
2.000000000000e+00,5.000000000000e+00,1.151635835079e+00
2.000000000000e+00,5.200000000000e+00,1.119965101585e+00
2.000000000000e+00,5.400000000000e+00,1.090204523616e+00
2.000000000000e+00,5.600000000000e+00,1.062260687432e+00
2.000000000000e+00,5.800000000000e+00,1.035899286185e+00
2.000000000000e+00,6.000000000000e+00,1.010956708213e+00
2.000000000000e+00,6.200000000000e+00,9.872833289756e-01
2.000000000000e+00,6.400000000000e+00,9.648616106196e-01
2.000000000000e+00,6.600000000000e+00,9.433813280214e-01
2.000000000000e+00,6.800000000000e+00,9.229974616485e-01
2.000000000000e+00,7.000000000000e+00,9.034988614190e-01
2.000000000000e+00,7.200000000000e+00,8.847870174670e-01
2.000000000000e+00,7.400000000000e+00,8.669339510587e-01
2.000000000000e+00,7.600000000000e+00,8.498447248806e-01
2.000000000000e+00,7.800000000000e+00,8.333185752749e-01
2.000000000000e+00,8.000000000000e+00,8.174868203966e-01
2.000000000000e+00,8.200000000000e+00,8.023010829169e-01
2.000000000000e+00,8.400000000000e+00,7.877085693790e-01
2.000000000000e+00,8.600000000000e+00,7.735351528661e-01
2.000000000000e+00,8.800000000000e+00,7.599001761646e-01
2.000000000000e+00,9.000000000000e+00,7.467705535189e-01
2.000000000000e+00,9.200000000000e+00,7.341161242581e-01
2.000000000000e+00,9.400000000000e+00,7.219093108755e-01
2.000000000000e+00,9.600000000000e+00,7.100217474300e-01
2.000000000000e+00,9.800000000000e+00,6.985286942127e-01
2.000000000000e+00,1.000000000000e+01,6.874201441383e-01
2.000000000000e+00,1.020000000000e+01,6.766758209782e-01
2.000000000000e+00,1.040000000000e+01,6.662769575754e-01
2.000000000000e+00,1.060000000000e+01,6.562061481291e-01
2.000000000000e+00,1.080000000000e+01,6.464348913686e-01
2.000000000000e+00,1.100000000000e+01,6.368933103141e-01
2.000000000000e+00,1.120000000000e+01,6.276391438867e-01
2.000000000000e+00,1.140000000000e+01,6.186589773283e-01
2.000000000000e+00,1.160000000000e+01,6.099402652087e-01
2.000000000000e+00,1.180000000000e+01,6.014712580577e-01
2.000000000000e+00,1.200000000000e+01,5.932409366832e-01
2.000000000000e+00,1.220000000000e+01,5.852389532153e-01
2.000000000000e+00,1.240000000000e+01,5.774555780546e-01
2.000000000000e+00,1.260000000000e+01,5.698816520179e-01
2.000000000000e+00,1.280000000000e+01,5.624597583487e-01
2.000000000000e+00,1.300000000000e+01,5.552294987785e-01
2.000000000000e+00,1.320000000000e+01,5.481867887275e-01
2.000000000000e+00,1.340000000000e+01,5.413242098502e-01
2.000000000000e+00,1.360000000000e+01,5.346347440741e-01
2.000000000000e+00,1.380000000000e+01,5.281117458797e-01
2.000000000000e+00,1.400000000000e+01,5.217489169449e-01
2.000000000000e+00,1.420000000000e+01,5.155402829132e-01
2.000000000000e+00,1.440000000000e+01,5.094801720742e-01
2.000000000000e+00,1.460000000000e+01,5.035631957682e-01
2.000000000000e+00,1.480000000000e+01,4.977842303492e-01
2.000000000000e+00,1.500000000000e+01,4.921384005575e-01
2.000000000000e+00,1.520000000000e+01,4.866210641734e-01
2.000000000000e+00,1.540000000000e+01,4.812099228888e-01
2.000000000000e+00,1.560000000000e+01,4.759064374955e-01
2.000000000000e+00,1.580000000000e+01,4.707201136969e-01
2.000000000000e+00,1.600000000000e+01,4.656470440369e-01
2.200000000000e+00,3.000000000000e+00,inf
2.200000000000e+00,3.200000000000e+00,inf
2.200000000000e+00,3.400000000000e+00,inf
2.200000000000e+00,3.600000000000e+00,1.639089462632e+00
2.200000000000e+00,3.800000000000e+00,1.568338069604e+00
2.200000000000e+00,4.000000000000e+00,1.506311948595e+00
2.200000000000e+00,4.200000000000e+00,1.451174363541e+00
2.200000000000e+00,4.400000000000e+00,1.401552596564e+00
2.200000000000e+00,4.600000000000e+00,1.356461926459e+00
2.200000000000e+00,4.800000000000e+00,1.315079571351e+00
2.200000000000e+00,5.000000000000e+00,1.276784750165e+00
2.200000000000e+00,5.200000000000e+00,1.241304628153e+00
2.200000000000e+00,5.400000000000e+00,1.208143101692e+00
2.200000000000e+00,5.600000000000e+00,1.177018313533e+00
2.200000000000e+00,5.800000000000e+00,1.147783299307e+00
2.200000000000e+00,6.000000000000e+00,1.120116350041e+00
2.200000000000e+00,6.200000000000e+00,1.093950555821e+00
2.200000000000e+00,6.400000000000e+00,1.069153355895e+00
2.200000000000e+00,6.600000000000e+00,1.045467355229e+00
2.200000000000e+00,6.800000000000e+00,1.023007993563e+00
2.200000000000e+00,7.000000000000e+00,1.001505290197e+00
2.200000000000e+00,7.200000000000e+00,9.809156241640e-01
2.200000000000e+00,7.400000000000e+00,9.612789220019e-01
2.200000000000e+00,7.600000000000e+00,9.424637335195e-01
2.200000000000e+00,7.800000000000e+00,9.242988681086e-01
2.200000000000e+00,8.000000000000e+00,9.069001802232e-01
2.200000000000e+00,8.200000000000e+00,8.902133566777e-01
2.200000000000e+00,8.400000000000e+00,8.741623916321e-01
2.200000000000e+00,8.600000000000e+00,8.585905380308e-01
2.200000000000e+00,8.800000000000e+00,8.436099902049e-01
2.200000000000e+00,9.000000000000e+00,8.291840008657e-01
2.200000000000e+00,9.200000000000e+00,8.152791364082e-01
2.200000000000e+00,9.400000000000e+00,8.018648809074e-01
2.200000000000e+00,9.600000000000e+00,7.887894940930e-01
2.200000000000e+00,9.800000000000e+00,7.761570089378e-01
2.200000000000e+00,1.000000000000e+01,7.639453669252e-01
2.200000000000e+00,1.020000000000e+01,7.521322713367e-01
2.200000000000e+00,1.040000000000e+01,7.406971068930e-01
2.200000000000e+00,1.060000000000e+01,7.296207721404e-01
2.200000000000e+00,1.080000000000e+01,7.188656138949e-01
2.200000000000e+00,1.100000000000e+01,7.083676714763e-01
2.200000000000e+00,1.120000000000e+01,6.981839907276e-01
2.200000000000e+00,1.140000000000e+01,6.882998990932e-01
2.200000000000e+00,1.160000000000e+01,6.787016820864e-01
2.200000000000e+00,1.180000000000e+01,6.693765013375e-01
2.200000000000e+00,1.200000000000e+01,6.603123213719e-01
2.200000000000e+00,1.220000000000e+01,6.514978440056e-01
2.200000000000e+00,1.240000000000e+01,6.429224494144e-01
2.200000000000e+00,1.260000000000e+01,6.345761430637e-01
2.200000000000e+00,1.280000000000e+01,6.263924429157e-01
2.200000000000e+00,1.300000000000e+01,6.184216459877e-01
2.200000000000e+00,1.320000000000e+01,6.106560542114e-01
2.200000000000e+00,1.340000000000e+01,6.030875795836e-01
2.200000000000e+00,1.360000000000e+01,5.957085711581e-01
2.200000000000e+00,1.380000000000e+01,5.885117845761e-01
2.200000000000e+00,1.400000000000e+01,5.814903542238e-01
2.200000000000e+00,1.420000000000e+01,5.746377677468e-01
2.200000000000e+00,1.440000000000e+01,5.679478426830e-01
2.200000000000e+00,1.460000000000e+01,5.614147050025e-01
2.200000000000e+00,1.480000000000e+01,5.550327693702e-01
2.200000000000e+00,1.500000000000e+01,5.487967209633e-01
2.200000000000e+00,1.520000000000e+01,5.427014987008e-01
2.200000000000e+00,1.540000000000e+01,5.367210738171e-01
2.200000000000e+00,1.560000000000e+01,5.308599763944e-01
2.200000000000e+00,1.580000000000e+01,5.251273586483e-01
2.200000000000e+00,1.600000000000e+01,5.195189591816e-01
2.400000000000e+00,3.000000000000e+00,inf
2.400000000000e+00,3.200000000000e+00,inf
2.400000000000e+00,3.400000000000e+00,inf
2.400000000000e+00,3.600000000000e+00,1.814895796265e+00
2.400000000000e+00,3.800000000000e+00,1.732591524912e+00
2.400000000000e+00,4.000000000000e+00,1.661196327213e+00
2.400000000000e+00,4.200000000000e+00,1.598261022567e+00
2.400000000000e+00,4.400000000000e+00,1.542026042530e+00
2.400000000000e+00,4.600000000000e+00,1.491237371039e+00
2.400000000000e+00,4.800000000000e+00,1.444951905492e+00
2.400000000000e+00,5.000000000000e+00,1.402235166707e+00
2.400000000000e+00,5.200000000000e+00,1.362807547460e+00
2.400000000000e+00,5.400000000000e+00,1.326144116915e+00
2.400000000000e+00,5.600000000000e+00,1.291763897494e+00
2.400000000000e+00,5.800000000000e+00,1.259603647939e+00
2.400000000000e+00,6.000000000000e+00,1.229175543409e+00
2.400000000000e+00,6.200000000000e+00,1.200495338703e+00
2.400000000000e+00,6.400000000000e+00,1.173308560441e+00
2.400000000000e+00,6.600000000000e+00,1.147412860287e+00
2.400000000000e+00,6.800000000000e+00,1.122879859890e+00
2.400000000000e+00,7.000000000000e+00,1.099377713289e+00
2.400000000000e+00,7.200000000000e+00,1.076920578198e+00
2.400000000000e+00,7.400000000000e+00,1.055513161167e+00
2.400000000000e+00,7.600000000000e+00,1.034985166014e+00
2.400000000000e+00,7.800000000000e+00,1.015198252706e+00
2.400000000000e+00,8.000000000000e+00,9.962502252755e-01
2.400000000000e+00,8.200000000000e+00,9.780805060701e-01
2.400000000000e+00,8.400000000000e+00,9.605882213011e-01
2.400000000000e+00,8.600000000000e+00,9.436369231533e-01
2.400000000000e+00,8.800000000000e+00,9.273297265938e-01
2.400000000000e+00,9.000000000000e+00,9.116260967313e-01
2.400000000000e+00,9.200000000000e+00,8.964892289758e-01
2.400000000000e+00,9.400000000000e+00,8.818767971071e-01
2.400000000000e+00,9.600000000000e+00,8.676391767166e-01
2.400000000000e+00,9.800000000000e+00,8.538846319185e-01
2.400000000000e+00,1.000000000000e+01,8.405867479776e-01
2.400000000000e+00,1.020000000000e+01,8.277211888441e-01
2.400000000000e+00,1.040000000000e+01,8.152654799334e-01
2.400000000000e+00,1.060000000000e+01,8.031988191022e-01
2.400000000000e+00,1.080000000000e+01,7.914737253464e-01
2.400000000000e+00,1.100000000000e+01,7.800336413095e-01
2.400000000000e+00,1.120000000000e+01,7.689341046220e-01
2.400000000000e+00,1.140000000000e+01,7.581591954278e-01
2.400000000000e+00,1.160000000000e+01,7.476940424392e-01
2.400000000000e+00,1.180000000000e+01,7.375247319593e-01
2.400000000000e+00,1.200000000000e+01,7.276382267559e-01
2.400000000000e+00,1.220000000000e+01,7.180222935152e-01
2.400000000000e+00,1.240000000000e+01,7.086654377918e-01
2.400000000000e+00,1.260000000000e+01,6.995543925056e-01
2.400000000000e+00,1.280000000000e+01,6.906206403316e-01
2.400000000000e+00,1.300000000000e+01,6.819185772980e-01
2.400000000000e+00,1.320000000000e+01,6.734389517440e-01
2.400000000000e+00,1.340000000000e+01,6.651730220187e-01
2.400000000000e+00,1.360000000000e+01,6.571125199688e-01
2.400000000000e+00,1.380000000000e+01,6.492496176764e-01
2.400000000000e+00,1.400000000000e+01,6.415768970977e-01
2.400000000000e+00,1.420000000000e+01,6.340873223006e-01
2.400000000000e+00,1.440000000000e+01,6.267742140347e-01
2.400000000000e+00,1.460000000000e+01,6.196312263983e-01
2.400000000000e+00,1.480000000000e+01,6.126523253959e-01
2.400000000000e+00,1.500000000000e+01,6.058317692023e-01
2.400000000000e+00,1.520000000000e+01,5.991640899706e-01
2.400000000000e+00,1.540000000000e+01,5.926193560514e-01
2.400000000000e+00,1.560000000000e+01,5.862055647284e-01
2.400000000000e+00,1.580000000000e+01,5.799313200859e-01
2.400000000000e+00,1.600000000000e+01,5.737920173184e-01
2.600000000000e+00,3.000000000000e+00,inf
2.600000000000e+00,3.200000000000e+00,inf
2.600000000000e+00,3.400000000000e+00,inf
2.600000000000e+00,3.600000000000e+00,1.995329363578e+00
2.600000000000e+00,3.800000000000e+00,1.900159859644e+00
2.600000000000e+00,4.000000000000e+00,1.818450855011e+00
2.600000000000e+00,4.200000000000e+00,1.747033238274e+00
2.600000000000e+00,4.400000000000e+00,1.683681969701e+00
2.600000000000e+00,4.600000000000e+00,1.626821677324e+00
2.600000000000e+00,4.800000000000e+00,1.575311767363e+00
2.600000000000e+00,5.000000000000e+00,1.528004554830e+00
2.600000000000e+00,5.200000000000e+00,1.484472552221e+00
2.600000000000e+00,5.400000000000e+00,1.444190116740e+00
2.600000000000e+00,5.600000000000e+00,1.406467836529e+00
2.600000000000e+00,5.800000000000e+00,1.371319811032e+00
2.600000000000e+00,6.000000000000e+00,1.338085569709e+00
2.600000000000e+00,6.200000000000e+00,1.306861311108e+00
2.600000000000e+00,6.400000000000e+00,1.277265157554e+00
2.600000000000e+00,6.600000000000e+00,1.249150291994e+00
2.600000000000e+00,6.800000000000e+00,1.222540865991e+00
2.600000000000e+00,7.000000000000e+00,1.197040548268e+00
2.600000000000e+00,7.200000000000e+00,1.172722913350e+00
2.600000000000e+00,7.400000000000e+00,1.149554830915e+00
2.600000000000e+00,7.600000000000e+00,1.127325160293e+00
2.600000000000e+00,7.800000000000e+00,1.105930784087e+00
2.600000000000e+00,8.000000000000e+00,1.085449258217e+00
2.600000000000e+00,8.200000000000e+00,1.065813368182e+00
2.600000000000e+00,8.400000000000e+00,1.046895954946e+00
2.600000000000e+00,8.600000000000e+00,1.028583193217e+00
2.600000000000e+00,8.800000000000e+00,1.010967452886e+00
2.600000000000e+00,9.000000000000e+00,9.940042616884e-01
2.600000000000e+00,9.200000000000e+00,9.776533255076e-01
2.600000000000e+00,9.400000000000e+00,9.618573988531e-01
2.600000000000e+00,9.600000000000e+00,9.464772700364e-01
2.600000000000e+00,9.800000000000e+00,9.316178897550e-01
2.600000000000e+00,1.000000000000e+01,9.172505582954e-01
2.600000000000e+00,1.020000000000e+01,9.033488707665e-01
2.600000000000e+00,1.040000000000e+01,8.898884726854e-01
2.600000000000e+00,1.060000000000e+01,8.768468478642e-01
2.600000000000e+00,1.080000000000e+01,8.641660954396e-01
2.600000000000e+00,1.100000000000e+01,8.517983608041e-01
2.600000000000e+00,1.120000000000e+01,8.397969428137e-01
2.600000000000e+00,1.140000000000e+01,8.281446795283e-01
2.600000000000e+00,1.160000000000e+01,8.168255504066e-01
2.600000000000e+00,1.180000000000e+01,8.058245757902e-01
2.600000000000e+00,1.200000000000e+01,7.951277274540e-01
2.600000000000e+00,1.220000000000e+01,7.847218487716e-01
2.600000000000e+00,1.240000000000e+01,7.745945832623e-01
2.600000000000e+00,1.260000000000e+01,7.647281765027e-01
2.600000000000e+00,1.280000000000e+01,7.550554736736e-01
2.600000000000e+00,1.300000000000e+01,7.456319593342e-01
2.600000000000e+00,1.320000000000e+01,7.364477029315e-01
2.600000000000e+00,1.340000000000e+01,7.274933233849e-01
2.600000000000e+00,1.360000000000e+01,7.187599493907e-01
2.600000000000e+00,1.380000000000e+01,7.102391833038e-01
2.600000000000e+00,1.400000000000e+01,7.019230682087e-01
2.600000000000e+00,1.420000000000e+01,6.938040578433e-01
2.600000000000e+00,1.440000000000e+01,6.858749890778e-01
2.600000000000e+00,1.460000000000e+01,6.781290566879e-01
2.600000000000e+00,1.480000000000e+01,6.705597901940e-01
2.600000000000e+00,1.500000000000e+01,6.631610325619e-01
2.600000000000e+00,1.520000000000e+01,6.559269205853e-01
2.600000000000e+00,1.540000000000e+01,6.488234644320e-01
2.600000000000e+00,1.560000000000e+01,6.418624940035e-01
2.600000000000e+00,1.580000000000e+01,6.350518842450e-01
2.600000000000e+00,1.600000000000e+01,6.283866970273e-01
2.800000000000e+00,3.000000000000e+00,inf
2.800000000000e+00,3.200000000000e+00,inf
2.800000000000e+00,3.400000000000e+00,inf
2.800000000000e+00,3.600000000000e+00,2.180952017550e+00
2.800000000000e+00,3.800000000000e+00,2.071440289631e+00
2.800000000000e+00,4.000000000000e+00,1.978360459323e+00
2.800000000000e+00,4.200000000000e+00,1.897696688739e+00
2.800000000000e+00,4.400000000000e+00,1.826668544954e+00
2.800000000000e+00,4.600000000000e+00,1.763320228365e+00
2.800000000000e+00,4.800000000000e+00,1.706243738059e+00
2.800000000000e+00,5.000000000000e+00,1.654139592720e+00
2.800000000000e+00,5.200000000000e+00,1.606326360538e+00
2.800000000000e+00,5.400000000000e+00,1.562290983532e+00
2.800000000000e+00,5.600000000000e+00,1.521127011313e+00
2.800000000000e+00,5.800000000000e+00,1.482917237260e+00
2.800000000000e+00,6.000000000000e+00,1.446823012977e+00
2.800000000000e+00,6.200000000000e+00,1.413016981531e+00
2.800000000000e+00,6.400000000000e+00,1.380985403351e+00
2.800000000000e+00,6.600000000000e+00,1.350636039966e+00
2.800000000000e+00,6.800000000000e+00,1.321942388424e+00
2.800000000000e+00,7.000000000000e+00,1.294441324517e+00
2.800000000000e+00,7.200000000000e+00,1.268266427929e+00
2.800000000000e+00,7.400000000000e+00,1.243344518138e+00
2.800000000000e+00,7.600000000000e+00,1.219421880843e+00
2.800000000000e+00,7.800000000000e+00,1.196432218309e+00
2.800000000000e+00,8.000000000000e+00,1.174430963213e+00
2.800000000000e+00,8.200000000000e+00,1.153343848020e+00
2.800000000000e+00,8.400000000000e+00,1.133016211332e+00
2.800000000000e+00,8.600000000000e+00,1.113358653268e+00
2.800000000000e+00,8.800000000000e+00,1.094451360340e+00
2.800000000000e+00,9.000000000000e+00,1.076245749472e+00
2.800000000000e+00,9.200000000000e+00,1.058697897992e+00
2.800000000000e+00,9.400000000000e+00,1.041734775089e+00
2.800000000000e+00,9.600000000000e+00,1.025229224082e+00
2.800000000000e+00,9.800000000000e+00,1.009281815677e+00
2.800000000000e+00,1.000000000000e+01,9.938615125239e-01
2.800000000000e+00,1.020000000000e+01,9.789398006530e-01
2.800000000000e+00,1.040000000000e+01,9.644904156113e-01
2.800000000000e+00,1.060000000000e+01,9.504891054121e-01
2.800000000000e+00,1.080000000000e+01,9.368670317534e-01
2.800000000000e+00,1.100000000000e+01,9.235861717193e-01
2.800000000000e+00,1.120000000000e+01,9.106969314509e-01
2.800000000000e+00,1.140000000000e+01,8.981809067579e-01
2.800000000000e+00,1.160000000000e+01,8.860209305765e-01
2.800000000000e+00,1.180000000000e+01,8.742009623376e-01
2.800000000000e+00,1.200000000000e+01,8.627059897151e-01
2.800000000000e+00,1.220000000000e+01,8.515219411076e-01
2.800000000000e+00,1.240000000000e+01,8.406356074551e-01
2.800000000000e+00,1.260000000000e+01,8.300244283365e-01
2.800000000000e+00,1.280000000000e+01,8.196233508003e-01
2.800000000000e+00,1.300000000000e+01,8.094885526422e-01
2.800000000000e+00,1.320000000000e+01,7.996094366156e-01
2.800000000000e+00,1.340000000000e+01,7.899759945287e-01
2.800000000000e+00,1.360000000000e+01,7.805787642658e-01
2.800000000000e+00,1.380000000000e+01,7.714087907321e-01
2.800000000000e+00,1.400000000000e+01,7.624575902928e-01
2.800000000000e+00,1.420000000000e+01,7.537171183301e-01
2.800000000000e+00,1.440000000000e+01,7.451797395899e-01
2.800000000000e+00,1.460000000000e+01,7.368382010299e-01
2.800000000000e+00,1.480000000000e+01,7.286856069154e-01
2.800000000000e+00,1.500000000000e+01,7.207153959382e-01
2.800000000000e+00,1.520000000000e+01,7.129213201617e-01
2.800000000000e+00,1.540000000000e+01,7.052651918780e-01
2.800000000000e+00,1.560000000000e+01,6.977630085273e-01
2.800000000000e+00,1.580000000000e+01,6.904217478455e-01
2.800000000000e+00,1.600000000000e+01,6.832361479349e-01
3.000000000000e+00,3.000000000000e+00,inf
3.000000000000e+00,3.200000000000e+00,inf
3.000000000000e+00,3.400000000000e+00,inf
3.000000000000e+00,3.600000000000e+00,inf
3.000000000000e+00,3.800000000000e+00,2.246872878670e+00
3.000000000000e+00,4.000000000000e+00,2.141245213990e+00
3.000000000000e+00,4.200000000000e+00,2.050487307677e+00
3.000000000000e+00,4.400000000000e+00,1.971160958164e+00
3.000000000000e+00,4.600000000000e+00,1.900863209218e+00
3.000000000000e+00,4.800000000000e+00,1.837873905114e+00
3.000000000000e+00,5.000000000000e+00,1.780709277318e+00
3.000000000000e+00,5.200000000000e+00,1.728417081741e+00
3.000000000000e+00,5.400000000000e+00,1.680470042413e+00
3.000000000000e+00,5.600000000000e+00,1.635758546936e+00
3.000000000000e+00,5.800000000000e+00,1.594383897019e+00
3.000000000000e+00,6.000000000000e+00,1.555383866718e+00
3.000000000000e+00,6.200000000000e+00,1.518949981816e+00
3.000000000000e+00,6.400000000000e+00,1.484450285480e+00
3.000000000000e+00,6.600000000000e+00,1.451844970782e+00
3.000000000000e+00,6.800000000000e+00,1.421054032614e+00
3.000000000000e+00,7.000000000000e+00,1.391545472943e+00
3.000000000000e+00,7.200000000000e+00,1.363512585132e+00
3.000000000000e+00,7.400000000000e+00,1.336840240518e+00
3.000000000000e+00,7.600000000000e+00,1.311230635756e+00
3.000000000000e+00,7.800000000000e+00,1.286655227044e+00
3.000000000000e+00,8.000000000000e+00,1.263145714167e+00
3.000000000000e+00,8.200000000000e+00,1.240620316779e+00
3.000000000000e+00,8.400000000000e+00,1.218895821173e+00
3.000000000000e+00,8.600000000000e+00,1.197908602007e+00
3.000000000000e+00,8.800000000000e+00,1.177725418337e+00
3.000000000000e+00,9.000000000000e+00,1.158293379351e+00
3.000000000000e+00,9.200000000000e+00,1.139564774475e+00
3.000000000000e+00,9.400000000000e+00,1.121450035145e+00
3.000000000000e+00,9.600000000000e+00,1.103835417337e+00
3.000000000000e+00,9.800000000000e+00,1.086816171102e+00
3.000000000000e+00,1.000000000000e+01,1.070358856695e+00
3.000000000000e+00,1.020000000000e+01,1.054432800150e+00
3.000000000000e+00,1.040000000000e+01,1.039009787526e+00
3.000000000000e+00,1.060000000000e+01,1.024063800897e+00
3.000000000000e+00,1.080000000000e+01,1.009514612966e+00
3.000000000000e+00,1.100000000000e+01,9.953350068034e-01
3.000000000000e+00,1.120000000000e+01,9.815719111017e-01
3.000000000000e+00,1.140000000000e+01,9.682056738412e-01
3.000000000000e+00,1.160000000000e+01,9.552179793130e-01
3.000000000000e+00,1.180000000000e+01,9.425917267279e-01
3.000000000000e+00,1.200000000000e+01,9.303109226288e-01
3.000000000000e+00,1.220000000000e+01,9.183605852430e-01
3.000000000000e+00,1.240000000000e+01,9.067266591983e-01
3.000000000000e+00,1.260000000000e+01,8.953814919807e-01
3.000000000000e+00,1.280000000000e+01,8.842627999118e-01
3.000000000000e+00,1.300000000000e+01,8.734270904734e-01
3.000000000000e+00,1.320000000000e+01,8.628631097546e-01
3.000000000000e+00,1.340000000000e+01,8.525602328042e-01
3.000000000000e+00,1.360000000000e+01,8.425084172480e-01
3.000000000000e+00,1.380000000000e+01,8.326981611988e-01
3.000000000000e+00,1.400000000000e+01,8.231204649814e-01
3.000000000000e+00,1.420000000000e+01,8.137667962571e-01
3.000000000000e+00,1.440000000000e+01,8.046290581843e-01
3.000000000000e+00,1.460000000000e+01,7.956995602976e-01
3.000000000000e+00,1.480000000000e+01,7.869709918254e-01
3.000000000000e+00,1.500000000000e+01,7.784363972002e-01
3.000000000000e+00,1.520000000000e+01,7.700891535449e-01
3.000000000000e+00,1.540000000000e+01,7.618867498328e-01
3.000000000000e+00,1.560000000000e+01,7.538496573920e-01
3.000000000000e+00,1.580000000000e+01,7.459838008976e-01
3.000000000000e+00,1.600000000000e+01,7.382836036527e-01
3.200000000000e+00,3.000000000000e+00,inf
3.200000000000e+00,3.200000000000e+00,inf
3.200000000000e+00,3.400000000000e+00,inf
3.200000000000e+00,3.600000000000e+00,inf
3.200000000000e+00,3.800000000000e+00,2.426935106129e+00
3.200000000000e+00,4.000000000000e+00,2.307454708621e+00
3.200000000000e+00,4.200000000000e+00,2.205665665577e+00
3.200000000000e+00,4.400000000000e+00,2.117355917576e+00
3.200000000000e+00,4.600000000000e+00,2.039600261582e+00
3.200000000000e+00,4.800000000000e+00,1.970316376327e+00
3.200000000000e+00,5.000000000000e+00,1.907799864751e+00
3.200000000000e+00,5.200000000000e+00,1.850809333351e+00
3.200000000000e+00,5.400000000000e+00,1.798741844751e+00
3.200000000000e+00,5.600000000000e+00,1.750395206367e+00
3.200000000000e+00,5.800000000000e+00,1.705732416688e+00
3.200000000000e+00,6.000000000000e+00,1.663779176103e+00
3.200000000000e+00,6.200000000000e+00,1.624662810799e+00
3.200000000000e+00,6.400000000000e+00,1.587655385256e+00
3.200000000000e+00,6.600000000000e+00,1.552766382397e+00
3.200000000000e+00,6.800000000000e+00,1.519854729307e+00
3.200000000000e+00,7.000000000000e+00,1.488332466831e+00
3.200000000000e+00,7.200000000000e+00,1.458436734658e+00
3.200000000000e+00,7.400000000000e+00,1.430013745573e+00
3.200000000000e+00,7.600000000000e+00,1.402720258072e+00
3.200000000000e+00,7.800000000000e+00,1.376565850339e+00
3.200000000000e+00,8.000000000000e+00,1.351557096151e+00
3.200000000000e+00,8.200000000000e+00,1.327604199327e+00
3.200000000000e+00,8.400000000000e+00,1.304494482481e+00
3.200000000000e+00,8.600000000000e+00,1.282191048694e+00
3.200000000000e+00,8.800000000000e+00,1.260746150638e+00
3.200000000000e+00,9.000000000000e+00,1.240102369674e+00
3.200000000000e+00,9.200000000000e+00,1.220208027928e+00
3.200000000000e+00,9.400000000000e+00,1.200956364724e+00
3.200000000000e+00,9.600000000000e+00,1.182248153014e+00
3.200000000000e+00,9.800000000000e+00,1.164172492229e+00
3.200000000000e+00,1.000000000000e+01,1.146693463520e+00
3.200000000000e+00,1.020000000000e+01,1.129778171465e+00
3.200000000000e+00,1.040000000000e+01,1.113396403762e+00
3.200000000000e+00,1.060000000000e+01,1.097520338107e+00
3.200000000000e+00,1.080000000000e+01,1.082057965112e+00
3.200000000000e+00,1.100000000000e+01,1.066993708040e+00
3.200000000000e+00,1.120000000000e+01,1.052370495754e+00
3.200000000000e+00,1.140000000000e+01,1.038167417439e+00
3.200000000000e+00,1.160000000000e+01,1.024365001774e+00
3.200000000000e+00,1.180000000000e+01,1.010945084086e+00
3.200000000000e+00,1.200000000000e+01,9.978906888276e-01
3.200000000000e+00,1.220000000000e+01,9.851859253124e-01
3.200000000000e+00,1.240000000000e+01,9.728158949175e-01
3.200000000000e+00,1.260000000000e+01,9.607475965643e-01
3.200000000000e+00,1.280000000000e+01,9.489221163987e-01
3.200000000000e+00,1.300000000000e+01,9.373959575574e-01
3.200000000000e+00,1.320000000000e+01,9.261572172926e-01
3.200000000000e+00,1.340000000000e+01,9.151946622433e-01
3.200000000000e+00,1.360000000000e+01,9.044976785086e-01
3.200000000000e+00,1.380000000000e+01,8.940562264064e-01
3.200000000000e+00,1.400000000000e+01,8.838607993877e-01
3.200000000000e+00,1.420000000000e+01,8.739023866476e-01
3.200000000000e+00,1.440000000000e+01,8.641724390339e-01
3.200000000000e+00,1.460000000000e+01,8.546628379021e-01
3.200000000000e+00,1.480000000000e+01,8.453658666102e-01
3.200000000000e+00,1.500000000000e+01,8.362741843843e-01
3.200000000000e+00,1.520000000000e+01,8.273808023159e-01
3.200000000000e+00,1.540000000000e+01,8.186387736470e-01
3.200000000000e+00,1.560000000000e+01,8.100733232064e-01
3.200000000000e+00,1.580000000000e+01,8.016891782575e-01
3.200000000000e+00,1.600000000000e+01,7.934804556470e-01
3.400000000000e+00,3.000000000000e+00,inf
3.400000000000e+00,3.200000000000e+00,inf
3.400000000000e+00,3.400000000000e+00,inf
3.400000000000e+00,3.600000000000e+00,inf
3.400000000000e+00,3.800000000000e+00,2.612138358045e+00
3.400000000000e+00,4.000000000000e+00,2.477364177477e+00
3.400000000000e+00,4.200000000000e+00,2.363512976256e+00
3.400000000000e+00,4.400000000000e+00,2.265467659542e+00
3.400000000000e+00,4.600000000000e+00,2.179696560261e+00
3.400000000000e+00,4.800000000000e+00,2.103699479616e+00
3.400000000000e+00,5.000000000000e+00,2.035511102220e+00
3.400000000000e+00,5.200000000000e+00,1.973580590539e+00
3.400000000000e+00,5.400000000000e+00,1.917207117745e+00
3.400000000000e+00,5.600000000000e+00,1.865081928768e+00
3.400000000000e+00,5.800000000000e+00,1.817021835637e+00
3.400000000000e+00,6.000000000000e+00,1.772031753965e+00
3.400000000000e+00,6.200000000000e+00,1.730169622957e+00
3.400000000000e+00,6.400000000000e+00,1.690607754357e+00
3.400000000000e+00,6.600000000000e+00,1.653400948097e+00
3.400000000000e+00,6.800000000000e+00,1.618321386704e+00
3.400000000000e+00,7.000000000000e+00,1.584792904341e+00
3.400000000000e+00,7.200000000000e+00,1.553025254908e+00
3.400000000000e+00,7.400000000000e+00,1.522847710302e+00
3.400000000000e+00,7.600000000000e+00,1.493870367535e+00
3.400000000000e+00,7.800000000000e+00,1.466140811550e+00
3.400000000000e+00,8.000000000000e+00,1.439639271540e+00
3.400000000000e+00,8.200000000000e+00,1.414267389696e+00
3.400000000000e+00,8.400000000000e+00,1.389782227322e+00
3.400000000000e+00,8.600000000000e+00,1.366174225954e+00
3.400000000000e+00,8.800000000000e+00,1.343480192649e+00
3.400000000000e+00,9.000000000000e+00,1.321637938065e+00
3.400000000000e+00,9.200000000000e+00,1.300591617931e+00
3.400000000000e+00,9.400000000000e+00,1.280216709442e+00
3.400000000000e+00,9.600000000000e+00,1.260429381628e+00
3.400000000000e+00,9.800000000000e+00,1.241311850389e+00
3.400000000000e+00,1.000000000000e+01,1.222825629335e+00
3.400000000000e+00,1.020000000000e+01,1.204935529755e+00
3.400000000000e+00,1.040000000000e+01,1.187609282928e+00
3.400000000000e+00,1.060000000000e+01,1.170817215553e+00
3.400000000000e+00,1.080000000000e+01,1.154455194747e+00
3.400000000000e+00,1.100000000000e+01,1.138519991403e+00
3.400000000000e+00,1.120000000000e+01,1.123050068249e+00
3.400000000000e+00,1.140000000000e+01,1.108023239375e+00
3.400000000000e+00,1.160000000000e+01,1.093418866097e+00
3.400000000000e+00,1.180000000000e+01,1.079217711868e+00
3.400000000000e+00,1.200000000000e+01,1.065401814193e+00
3.400000000000e+00,1.220000000000e+01,1.051954371202e+00
3.400000000000e+00,1.240000000000e+01,1.038859640886e+00
3.400000000000e+00,1.260000000000e+01,1.026079044064e+00
3.400000000000e+00,1.280000000000e+01,1.013557575262e+00
3.400000000000e+00,1.300000000000e+01,1.001351426607e+00
3.400000000000e+00,1.320000000000e+01,9.894480521307e-01
3.400000000000e+00,1.340000000000e+01,9.778356163977e-01
3.400000000000e+00,1.360000000000e+01,9.665029408750e-01
3.400000000000e+00,1.380000000000e+01,9.554394554060e-01
3.400000000000e+00,1.400000000000e+01,9.446351542015e-01
3.400000000000e+00,1.420000000000e+01,9.340805558440e-01
3.400000000000e+00,1.440000000000e+01,9.237666668646e-01
3.400000000000e+00,1.460000000000e+01,9.136849485089e-01
3.400000000000e+00,1.480000000000e+01,9.038272863545e-01
3.400000000000e+00,1.500000000000e+01,8.941859624857e-01
3.400000000000e+00,1.520000000000e+01,8.847536299660e-01
3.400000000000e+00,1.540000000000e+01,8.754788058228e-01
3.400000000000e+00,1.560000000000e+01,8.663917229988e-01
3.400000000000e+00,1.580000000000e+01,8.574957777939e-01
3.400000000000e+00,1.600000000000e+01,8.487847882881e-01
3.600000000000e+00,3.000000000000e+00,inf
3.600000000000e+00,3.200000000000e+00,inf
3.600000000000e+00,3.400000000000e+00,inf
3.600000000000e+00,3.600000000000e+00,inf
3.600000000000e+00,3.800000000000e+00,2.803025830340e+00
3.600000000000e+00,4.000000000000e+00,2.651371917232e+00
3.600000000000e+00,4.200000000000e+00,2.524328291188e+00
3.600000000000e+00,4.400000000000e+00,2.415725062087e+00
3.600000000000e+00,4.600000000000e+00,2.321329923276e+00
3.600000000000e+00,4.800000000000e+00,2.238162910430e+00
3.600000000000e+00,5.000000000000e+00,2.163953394871e+00
3.600000000000e+00,5.200000000000e+00,2.096818425795e+00
3.600000000000e+00,5.400000000000e+00,2.035935287723e+00
3.600000000000e+00,5.600000000000e+00,1.979873191963e+00
3.600000000000e+00,5.800000000000e+00,1.928294548816e+00
3.600000000000e+00,6.000000000000e+00,1.880173667827e+00
3.600000000000e+00,6.200000000000e+00,1.835493766844e+00
3.600000000000e+00,6.400000000000e+00,1.793323518590e+00
3.600000000000e+00,6.600000000000e+00,1.753758369210e+00
3.600000000000e+00,6.800000000000e+00,1.716481366276e+00
3.600000000000e+00,7.000000000000e+00,1.680926264671e+00
3.600000000000e+00,7.200000000000e+00,1.647273353593e+00
3.600000000000e+00,7.400000000000e+00,1.615333584784e+00
3.600000000000e+00,7.600000000000e+00,1.584669261589e+00
3.600000000000e+00,7.800000000000e+00,1.555365448366e+00
3.600000000000e+00,8.000000000000e+00,1.527374949728e+00
3.600000000000e+00,8.200000000000e+00,1.500590258148e+00
3.600000000000e+00,8.400000000000e+00,1.474737468226e+00
3.600000000000e+00,8.600000000000e+00,1.449834671138e+00
3.600000000000e+00,8.800000000000e+00,1.425902406570e+00
3.600000000000e+00,9.000000000000e+00,1.402873449263e+00
3.600000000000e+00,9.200000000000e+00,1.380687570134e+00
3.600000000000e+00,9.400000000000e+00,1.359201986452e+00
3.600000000000e+00,9.600000000000e+00,1.338348942402e+00
3.600000000000e+00,9.800000000000e+00,1.318203122308e+00
3.600000000000e+00,1.000000000000e+01,1.298723372325e+00
3.600000000000e+00,1.020000000000e+01,1.279872128469e+00
3.600000000000e+00,1.040000000000e+01,1.261614998541e+00
3.600000000000e+00,1.060000000000e+01,1.243920403614e+00
3.600000000000e+00,1.080000000000e+01,1.226671791522e+00
3.600000000000e+00,1.100000000000e+01,1.209878873636e+00
3.600000000000e+00,1.120000000000e+01,1.193575230566e+00
3.600000000000e+00,1.140000000000e+01,1.177737379774e+00
3.600000000000e+00,1.160000000000e+01,1.162343498739e+00
3.600000000000e+00,1.180000000000e+01,1.147373266796e+00
3.600000000000e+00,1.200000000000e+01,1.132807725797e+00
3.600000000000e+00,1.220000000000e+01,1.118629156931e+00
3.600000000000e+00,1.240000000000e+01,1.104820971510e+00
3.600000000000e+00,1.260000000000e+01,1.091338807166e+00
3.600000000000e+00,1.280000000000e+01,1.078132047970e+00
3.600000000000e+00,1.300000000000e+01,1.065256293681e+00
3.600000000000e+00,1.320000000000e+01,1.052698358526e+00
3.600000000000e+00,1.340000000000e+01,1.040445809320e+00
3.600000000000e+00,1.360000000000e+01,1.028486907956e+00
3.600000000000e+00,1.380000000000e+01,1.016810559446e+00
3.600000000000e+00,1.400000000000e+01,1.005406264855e+00
3.600000000000e+00,1.420000000000e+01,9.942640785978e-01
3.600000000000e+00,1.440000000000e+01,9.833745695915e-01
3.600000000000e+00,1.460000000000e+01,9.727287858547e-01
3.600000000000e+00,1.480000000000e+01,9.623182221847e-01
3.600000000000e+00,1.500000000000e+01,9.521347905882e-01
3.600000000000e+00,1.520000000000e+01,9.421707931823e-01
3.600000000000e+00,1.540000000000e+01,9.323701212295e-01
3.600000000000e+00,1.560000000000e+01,9.227682470357e-01
3.600000000000e+00,1.580000000000e+01,9.133671125079e-01
3.600000000000e+00,1.600000000000e+01,9.041602439789e-01
3.800000000000e+00,3.000000000000e+00,inf
3.800000000000e+00,3.200000000000e+00,inf
3.800000000000e+00,3.400000000000e+00,inf
3.800000000000e+00,3.600000000000e+00,inf
3.800000000000e+00,3.800000000000e+00,inf
3.800000000000e+00,4.000000000000e+00,2.829897663500e+00
3.800000000000e+00,4.200000000000e+00,2.688426576697e+00
3.800000000000e+00,4.400000000000e+00,2.568369578018e+00
3.800000000000e+00,4.600000000000e+00,2.464688688307e+00
3.800000000000e+00,4.800000000000e+00,2.373855600555e+00
3.800000000000e+00,5.000000000000e+00,2.293245664037e+00
3.800000000000e+00,5.200000000000e+00,2.220618405634e+00
3.800000000000e+00,5.400000000000e+00,2.155003435831e+00
3.800000000000e+00,5.600000000000e+00,2.094830981606e+00
3.800000000000e+00,5.800000000000e+00,2.039600303459e+00
3.800000000000e+00,6.000000000000e+00,1.988244293193e+00
3.800000000000e+00,6.200000000000e+00,1.940665873805e+00
3.800000000000e+00,6.400000000000e+00,1.895826014660e+00
3.800000000000e+00,6.600000000000e+00,1.853855547121e+00
3.800000000000e+00,6.800000000000e+00,1.814346168534e+00
3.800000000000e+00,7.000000000000e+00,1.776739157180e+00
3.800000000000e+00,7.200000000000e+00,1.741183349993e+00
3.800000000000e+00,7.400000000000e+00,1.707469906719e+00
3.800000000000e+00,7.600000000000e+00,1.675112266337e+00
3.800000000000e+00,7.800000000000e+00,1.644232094143e+00
3.800000000000e+00,8.000000000000e+00,1.614753797909e+00
3.800000000000e+00,8.200000000000e+00,1.586560090516e+00
3.800000000000e+00,8.400000000000e+00,1.559345468007e+00
3.800000000000e+00,8.600000000000e+00,1.533155722985e+00
3.800000000000e+00,8.800000000000e+00,1.507994404072e+00
3.800000000000e+00,9.000000000000e+00,1.483788962987e+00
3.800000000000e+00,9.200000000000e+00,1.460474548542e+00
3.800000000000e+00,9.400000000000e+00,1.437889681773e+00
3.800000000000e+00,9.600000000000e+00,1.415983183640e+00
3.800000000000e+00,9.800000000000e+00,1.394821632829e+00
3.800000000000e+00,1.000000000000e+01,1.374361096922e+00
3.800000000000e+00,1.020000000000e+01,1.354561544779e+00
3.800000000000e+00,1.040000000000e+01,1.335386384874e+00
3.800000000000e+00,1.060000000000e+01,1.316802070207e+00
3.800000000000e+00,1.080000000000e+01,1.298679373725e+00
3.800000000000e+00,1.100000000000e+01,1.281041436616e+00
3.800000000000e+00,1.120000000000e+01,1.263916586478e+00
3.800000000000e+00,1.140000000000e+01,1.247280017493e+00
3.800000000000e+00,1.160000000000e+01,1.231108702204e+00
3.800000000000e+00,1.180000000000e+01,1.215381219413e+00
3.800000000000e+00,1.200000000000e+01,1.200077602829e+00
3.800000000000e+00,1.220000000000e+01,1.185179207520e+00
3.800000000000e+00,1.240000000000e+01,1.170668591711e+00
3.800000000000e+00,1.260000000000e+01,1.156495426969e+00
3.800000000000e+00,1.280000000000e+01,1.142613914982e+00
3.800000000000e+00,1.300000000000e+01,1.129078805153e+00
3.800000000000e+00,1.320000000000e+01,1.115876273140e+00
3.800000000000e+00,1.340000000000e+01,1.102993290342e+00
3.800000000000e+00,1.360000000000e+01,1.090417562316e+00
3.800000000000e+00,1.380000000000e+01,1.078137473209e+00
3.800000000000e+00,1.400000000000e+01,1.066142035512e+00
3.800000000000e+00,1.420000000000e+01,1.054420844509e+00
3.800000000000e+00,1.440000000000e+01,1.042964036914e+00
3.800000000000e+00,1.460000000000e+01,1.031762253214e+00
3.800000000000e+00,1.480000000000e+01,1.020806603335e+00
3.800000000000e+00,1.500000000000e+01,1.010088635263e+00
3.800000000000e+00,1.520000000000e+01,9.996003063246e-01
3.800000000000e+00,1.540000000000e+01,9.892808024908e-01
3.800000000000e+00,1.560000000000e+01,9.791710448564e-01
3.800000000000e+00,1.580000000000e+01,9.692714069811e-01
3.800000000000e+00,1.600000000000e+01,9.595751297893e-01
4.000000000000e+00,3.000000000000e+00,inf
4.000000000000e+00,3.200000000000e+00,inf
4.000000000000e+00,3.400000000000e+00,inf
4.000000000000e+00,3.600000000000e+00,inf
4.000000000000e+00,3.800000000000e+00,inf
4.000000000000e+00,4.000000000000e+00,3.013381689023e+00
4.000000000000e+00,4.200000000000e+00,2.856137455986e+00
4.000000000000e+00,4.400000000000e+00,2.723653785340e+00
4.000000000000e+00,4.600000000000e+00,2.609970166210e+00
4.000000000000e+00,4.800000000000e+00,2.510934129805e+00
4.000000000000e+00,5.000000000000e+00,2.423513725622e+00
4.000000000000e+00,5.200000000000e+00,2.345082481095e+00
4.000000000000e+00,5.400000000000e+00,2.274494710594e+00
4.000000000000e+00,5.600000000000e+00,2.210023215470e+00
4.000000000000e+00,5.800000000000e+00,2.150994655576e+00
4.000000000000e+00,6.000000000000e+00,2.096288790871e+00
4.000000000000e+00,6.200000000000e+00,2.045722358507e+00
4.000000000000e+00,6.400000000000e+00,1.998144325409e+00
4.000000000000e+00,6.600000000000e+00,1.953715143343e+00
4.000000000000e+00,6.800000000000e+00,1.911933030002e+00
4.000000000000e+00,7.000000000000e+00,1.872243938449e+00
4.000000000000e+00,7.200000000000e+00,1.834763316586e+00
4.000000000000e+00,7.400000000000e+00,1.799260967259e+00
4.000000000000e+00,7.600000000000e+00,1.765200430426e+00
4.000000000000e+00,7.800000000000e+00,1.732738794876e+00
4.000000000000e+00,8.000000000000e+00,1.701771180586e+00
4.000000000000e+00,8.200000000000e+00,1.672169849660e+00
4.000000000000e+00,8.400000000000e+00,1.643597125041e+00
4.000000000000e+00,8.600000000000e+00,1.616126327669e+00
4.000000000000e+00,8.800000000000e+00,1.589743372516e+00
4.000000000000e+00,9.000000000000e+00,1.564370079769e+00
4.000000000000e+00,9.200000000000e+00,1.539936720385e+00
4.000000000000e+00,9.400000000000e+00,1.516262734884e+00
4.000000000000e+00,9.600000000000e+00,1.493313865349e+00
4.000000000000e+00,9.800000000000e+00,1.471148075037e+00
4.000000000000e+00,1.000000000000e+01,1.449718530932e+00
4.000000000000e+00,1.020000000000e+01,1.428982633220e+00
4.000000000000e+00,1.040000000000e+01,1.408901506650e+00
4.000000000000e+00,1.060000000000e+01,1.389439566083e+00
4.000000000000e+00,1.080000000000e+01,1.370454689272e+00
4.000000000000e+00,1.100000000000e+01,1.351983843166e+00
4.000000000000e+00,1.120000000000e+01,1.334049771790e+00
4.000000000000e+00,1.140000000000e+01,1.316626314387e+00
4.000000000000e+00,1.160000000000e+01,1.299689212960e+00
4.000000000000e+00,1.180000000000e+01,1.283215925279e+00
4.000000000000e+00,1.200000000000e+01,1.267185460731e+00
4.000000000000e+00,1.220000000000e+01,1.251578235724e+00
4.000000000000e+00,1.240000000000e+01,1.236375945935e+00
4.000000000000e+00,1.260000000000e+01,1.221522134118e+00
4.000000000000e+00,1.280000000000e+01,1.206976198614e+00
4.000000000000e+00,1.300000000000e+01,1.192791802010e+00
4.000000000000e+00,1.320000000000e+01,1.178954480485e+00
4.000000000000e+00,1.340000000000e+01,1.165450610396e+00
4.000000000000e+00,1.360000000000e+01,1.152267342398e+00
4.000000000000e+00,1.380000000000e+01,1.139392542100e+00
4.000000000000e+00,1.400000000000e+01,1.126814736462e+00
4.000000000000e+00,1.420000000000e+01,1.114523065286e+00
4.000000000000e+00,1.440000000000e+01,1.102507237210e+00
4.000000000000e+00,1.460000000000e+01,1.090757489709e+00
4.000000000000e+00,1.480000000000e+01,1.079264552655e+00
4.000000000000e+00,1.500000000000e+01,1.068019615069e+00
4.000000000000e+00,1.520000000000e+01,1.057014294715e+00
4.000000000000e+00,1.540000000000e+01,1.046183001944e+00
4.000000000000e+00,1.560000000000e+01,1.035572295684e+00
4.000000000000e+00,1.580000000000e+01,1.025180876054e+00
4.000000000000e+00,1.600000000000e+01,1.015001704222e+00
4.200000000000e+00,3.000000000000e+00,inf
4.200000000000e+00,3.200000000000e+00,inf
4.200000000000e+00,3.400000000000e+00,inf
4.200000000000e+00,3.600000000000e+00,inf
4.200000000000e+00,3.800000000000e+00,inf
4.200000000000e+00,4.000000000000e+00,3.202284450088e+00
4.200000000000e+00,4.200000000000e+00,3.027804456874e+00
4.200000000000e+00,4.400000000000e+00,2.881840407881e+00
4.200000000000e+00,4.600000000000e+00,2.757379534527e+00
4.200000000000e+00,4.800000000000e+00,2.649561551809e+00
4.200000000000e+00,5.000000000000e+00,2.554889065449e+00
4.200000000000e+00,5.200000000000e+00,2.470317754935e+00
4.200000000000e+00,5.400000000000e+00,2.394497099700e+00
4.200000000000e+00,5.600000000000e+00,2.325522514677e+00
4.200000000000e+00,5.800000000000e+00,2.262537759486e+00
4.200000000000e+00,6.000000000000e+00,2.204356907142e+00
4.200000000000e+00,6.200000000000e+00,2.150680345844e+00
4.200000000000e+00,6.400000000000e+00,2.100312118088e+00
4.200000000000e+00,6.600000000000e+00,2.053364434578e+00
4.200000000000e+00,6.800000000000e+00,2.009263801906e+00
4.200000000000e+00,7.000000000000e+00,1.967457608753e+00
4.200000000000e+00,7.200000000000e+00,1.928025993508e+00
4.200000000000e+00,7.400000000000e+00,1.890715743462e+00
4.200000000000e+00,7.600000000000e+00,1.854939479070e+00
4.200000000000e+00,7.800000000000e+00,1.820888280745e+00
4.200000000000e+00,8.000000000000e+00,1.788427148359e+00
4.200000000000e+00,8.200000000000e+00,1.757417181158e+00
4.200000000000e+00,8.400000000000e+00,1.727487997647e+00
4.200000000000e+00,8.600000000000e+00,1.698740079322e+00
4.200000000000e+00,8.800000000000e+00,1.671141131236e+00
4.200000000000e+00,9.000000000000e+00,1.644607012591e+00
4.200000000000e+00,9.200000000000e+00,1.619062842709e+00
4.200000000000e+00,9.400000000000e+00,1.594308640973e+00
4.200000000000e+00,9.600000000000e+00,1.570327275706e+00
4.200000000000e+00,9.800000000000e+00,1.547167640559e+00
4.200000000000e+00,1.000000000000e+01,1.524779869303e+00
4.200000000000e+00,1.020000000000e+01,1.503118682563e+00
4.200000000000e+00,1.040000000000e+01,1.482142828651e+00
4.200000000000e+00,1.060000000000e+01,1.461814606830e+00
4.200000000000e+00,1.080000000000e+01,1.441978810278e+00
4.200000000000e+00,1.100000000000e+01,1.422686543436e+00
4.200000000000e+00,1.120000000000e+01,1.403954672203e+00
4.200000000000e+00,1.140000000000e+01,1.385755644365e+00
4.200000000000e+00,1.160000000000e+01,1.368063941387e+00
4.200000000000e+00,1.180000000000e+01,1.350855875539e+00
4.200000000000e+00,1.200000000000e+01,1.334109412096e+00
4.200000000000e+00,1.220000000000e+01,1.317804012999e+00
4.200000000000e+00,1.240000000000e+01,1.301920498937e+00
4.200000000000e+00,1.260000000000e+01,1.286396139333e+00
4.200000000000e+00,1.280000000000e+01,1.271195862951e+00
4.200000000000e+00,1.300000000000e+01,1.256372028918e+00
4.200000000000e+00,1.320000000000e+01,1.241909530925e+00
4.200000000000e+00,1.340000000000e+01,1.227794148728e+00
4.200000000000e+00,1.360000000000e+01,1.214012477752e+00
4.200000000000e+00,1.380000000000e+01,1.200551865760e+00
4.200000000000e+00,1.400000000000e+01,1.187400355741e+00
4.200000000000e+00,1.420000000000e+01,1.174546634285e+00
4.200000000000e+00,1.440000000000e+01,1.161979984819e+00
4.200000000000e+00,1.460000000000e+01,1.149690245150e+00
4.200000000000e+00,1.480000000000e+01,1.137667768840e+00
4.200000000000e+00,1.500000000000e+01,1.125903390004e+00
4.200000000000e+00,1.520000000000e+01,1.114388391152e+00
4.200000000000e+00,1.540000000000e+01,1.103052345124e+00
4.200000000000e+00,1.560000000000e+01,1.091947618703e+00
4.200000000000e+00,1.580000000000e+01,1.081071141745e+00
4.200000000000e+00,1.600000000000e+01,1.070415600635e+00
4.400000000000e+00,3.000000000000e+00,inf
4.400000000000e+00,3.200000000000e+00,inf
4.400000000000e+00,3.400000000000e+00,inf
4.400000000000e+00,3.600000000000e+00,inf
4.400000000000e+00,3.800000000000e+00,inf
4.400000000000e+00,4.000000000000e+00,3.397086652597e+00
4.400000000000e+00,4.200000000000e+00,3.203784647172e+00
4.400000000000e+00,4.400000000000e+00,3.043201697166e+00
4.400000000000e+00,4.600000000000e+00,2.907129069717e+00
4.400000000000e+00,4.800000000000e+00,2.789906539057e+00
4.400000000000e+00,5.000000000000e+00,2.687507921034e+00
4.400000000000e+00,5.200000000000e+00,2.596435539769e+00
4.400000000000e+00,5.400000000000e+00,2.515102479260e+00
4.400000000000e+00,5.600000000000e+00,2.441405243008e+00
4.400000000000e+00,5.800000000000e+00,2.374293414610e+00
4.400000000000e+00,6.000000000000e+00,2.312502023324e+00
4.400000000000e+00,6.200000000000e+00,2.255607447741e+00
4.400000000000e+00,6.400000000000e+00,2.202366716521e+00
4.400000000000e+00,6.600000000000e+00,2.152834395427e+00
4.400000000000e+00,6.800000000000e+00,2.106364049739e+00
4.400000000000e+00,7.000000000000e+00,2.062400923964e+00
4.400000000000e+00,7.200000000000e+00,2.020987913324e+00
4.400000000000e+00,7.400000000000e+00,1.981847036222e+00
4.400000000000e+00,7.600000000000e+00,1.944338968471e+00
4.400000000000e+00,7.800000000000e+00,1.908687133734e+00
4.400000000000e+00,8.000000000000e+00,1.874725618665e+00
4.400000000000e+00,8.200000000000e+00,1.842303607044e+00
4.400000000000e+00,8.400000000000e+00,1.811017512519e+00
4.400000000000e+00,8.600000000000e+00,1.780994441033e+00
4.400000000000e+00,8.800000000000e+00,1.752183364872e+00
4.400000000000e+00,9.000000000000e+00,1.724493832287e+00
4.400000000000e+00,9.200000000000e+00,1.697845519591e+00
4.400000000000e+00,9.400000000000e+00,1.672018720662e+00
4.400000000000e+00,9.600000000000e+00,1.647013512064e+00
4.400000000000e+00,9.800000000000e+00,1.622869311589e+00
4.400000000000e+00,1.000000000000e+01,1.599533076883e+00
4.400000000000e+00,1.020000000000e+01,1.576956729031e+00
4.400000000000e+00,1.040000000000e+01,1.555096539143e+00
4.400000000000e+00,1.060000000000e+01,1.533912606244e+00
4.400000000000e+00,1.080000000000e+01,1.513236476550e+00
4.400000000000e+00,1.100000000000e+01,1.493133627881e+00
4.400000000000e+00,1.120000000000e+01,1.473614785543e+00
4.400000000000e+00,1.140000000000e+01,1.454650964624e+00
4.400000000000e+00,1.160000000000e+01,1.436215351794e+00
4.400000000000e+00,1.180000000000e+01,1.418283085488e+00
4.400000000000e+00,1.200000000000e+01,1.400831063584e+00
4.400000000000e+00,1.220000000000e+01,1.383837774555e+00
4.400000000000e+00,1.240000000000e+01,1.367283148767e+00
4.400000000000e+00,1.260000000000e+01,1.351098054291e+00
4.400000000000e+00,1.280000000000e+01,1.335253242320e+00
4.400000000000e+00,1.300000000000e+01,1.319799570108e+00
4.400000000000e+00,1.320000000000e+01,1.304721283788e+00
4.400000000000e+00,1.340000000000e+01,1.290003563073e+00
4.400000000000e+00,1.360000000000e+01,1.275632446092e+00
4.400000000000e+00,1.380000000000e+01,1.261594761869e+00
4.400000000000e+00,1.400000000000e+01,1.247878069510e+00
4.400000000000e+00,1.420000000000e+01,1.234470603314e+00
4.400000000000e+00,1.440000000000e+01,1.221361223111e+00
4.400000000000e+00,1.460000000000e+01,1.208539369238e+00
4.400000000000e+00,1.480000000000e+01,1.195995021630e+00
4.400000000000e+00,1.500000000000e+01,1.183718662567e+00
4.400000000000e+00,1.520000000000e+01,1.171701242705e+00
4.400000000000e+00,1.540000000000e+01,1.159867443231e+00
4.400000000000e+00,1.560000000000e+01,1.148275591042e+00
4.400000000000e+00,1.580000000000e+01,1.136920756640e+00
4.400000000000e+00,1.600000000000e+01,1.125795355918e+00
4.600000000000e+00,3.000000000000e+00,inf
4.600000000000e+00,3.200000000000e+00,inf
4.600000000000e+00,3.400000000000e+00,inf
4.600000000000e+00,3.600000000000e+00,inf
4.600000000000e+00,3.800000000000e+00,inf
4.600000000000e+00,4.000000000000e+00,inf
4.600000000000e+00,4.200000000000e+00,3.384448569007e+00
4.600000000000e+00,4.400000000000e+00,3.208019093684e+00
4.600000000000e+00,4.600000000000e+00,3.059437642121e+00
4.600000000000e+00,4.800000000000e+00,2.932142776172e+00
4.600000000000e+00,5.000000000000e+00,2.821510602121e+00
4.600000000000e+00,5.200000000000e+00,2.723550643218e+00
4.600000000000e+00,5.400000000000e+00,2.636405879753e+00
4.600000000000e+00,5.600000000000e+00,2.557750755727e+00
4.600000000000e+00,5.800000000000e+00,2.486328313340e+00
4.600000000000e+00,6.000000000000e+00,2.420780400326e+00
4.600000000000e+00,6.200000000000e+00,2.360553089575e+00
4.600000000000e+00,6.400000000000e+00,2.304348356140e+00
4.600000000000e+00,6.600000000000e+00,2.252158959077e+00
4.600000000000e+00,6.800000000000e+00,2.203262325445e+00
4.600000000000e+00,7.000000000000e+00,2.157097675810e+00
4.600000000000e+00,7.200000000000e+00,2.113668690122e+00
4.600000000000e+00,7.400000000000e+00,2.072662879331e+00
4.600000000000e+00,7.600000000000e+00,2.033411596730e+00
4.600000000000e+00,7.800000000000e+00,1.996145108340e+00
4.600000000000e+00,8.000000000000e+00,1.960673706400e+00
4.600000000000e+00,8.200000000000e+00,1.926833866342e+00
4.600000000000e+00,8.400000000000e+00,1.894188316784e+00
4.600000000000e+00,8.600000000000e+00,1.862890106677e+00
4.600000000000e+00,8.800000000000e+00,1.832868994836e+00
4.600000000000e+00,9.000000000000e+00,1.804027848517e+00
4.600000000000e+00,9.200000000000e+00,1.776280592450e+00
4.600000000000e+00,9.400000000000e+00,1.749387520354e+00
4.600000000000e+00,9.600000000000e+00,1.723365890300e+00
4.600000000000e+00,9.800000000000e+00,1.698245279032e+00
4.600000000000e+00,1.000000000000e+01,1.673969315173e+00
4.600000000000e+00,1.020000000000e+01,1.650486991479e+00
4.600000000000e+00,1.040000000000e+01,1.627751993270e+00
4.600000000000e+00,1.060000000000e+01,1.605722127741e+00
4.600000000000e+00,1.080000000000e+01,1.584215555237e+00
4.600000000000e+00,1.100000000000e+01,1.563312294592e+00
4.600000000000e+00,1.120000000000e+01,1.543016696581e+00
4.600000000000e+00,1.140000000000e+01,1.523298297786e+00
4.600000000000e+00,1.160000000000e+01,1.504128951686e+00
4.600000000000e+00,1.180000000000e+01,1.485482590809e+00
4.600000000000e+00,1.200000000000e+01,1.467335018943e+00
4.600000000000e+00,1.220000000000e+01,1.449663729010e+00
4.600000000000e+00,1.240000000000e+01,1.432447742892e+00
4.600000000000e+00,1.260000000000e+01,1.415611414196e+00
4.600000000000e+00,1.280000000000e+01,1.399131570069e+00
4.600000000000e+00,1.300000000000e+01,1.383057384202e+00
4.600000000000e+00,1.320000000000e+01,1.367372448103e+00
4.600000000000e+00,1.340000000000e+01,1.352061336157e+00
4.600000000000e+00,1.360000000000e+01,1.337109525444e+00
4.600000000000e+00,1.380000000000e+01,1.322503323792e+00
4.600000000000e+00,1.400000000000e+01,1.308229805080e+00
4.600000000000e+00,1.420000000000e+01,1.294276750911e+00
4.600000000000e+00,1.440000000000e+01,1.280632597915e+00
4.600000000000e+00,1.460000000000e+01,1.267286390027e+00
4.600000000000e+00,1.480000000000e+01,1.254227735183e+00
4.600000000000e+00,1.500000000000e+01,1.241446765942e+00
4.600000000000e+00,1.520000000000e+01,1.228934103606e+00
4.600000000000e+00,1.540000000000e+01,1.216609490673e+00
4.600000000000e+00,1.560000000000e+01,1.204537349850e+00
4.600000000000e+00,1.580000000000e+01,1.192710810395e+00
4.600000000000e+00,1.600000000000e+01,1.181122021325e+00
4.800000000000e+00,3.000000000000e+00,inf
4.800000000000e+00,3.200000000000e+00,inf
4.800000000000e+00,3.400000000000e+00,inf
4.800000000000e+00,3.600000000000e+00,inf
4.800000000000e+00,3.800000000000e+00,inf
4.800000000000e+00,4.000000000000e+00,inf
4.800000000000e+00,4.200000000000e+00,3.570180404911e+00
4.800000000000e+00,4.400000000000e+00,3.376583105297e+00
4.800000000000e+00,4.600000000000e+00,3.214530415857e+00
4.800000000000e+00,4.800000000000e+00,3.076448547455e+00
4.800000000000e+00,5.000000000000e+00,2.957030333331e+00
4.800000000000e+00,5.200000000000e+00,2.851780831599e+00
4.800000000000e+00,5.400000000000e+00,2.758504922658e+00
4.800000000000e+00,5.600000000000e+00,2.674640813706e+00
4.800000000000e+00,5.800000000000e+00,2.598711447671e+00
4.800000000000e+00,6.000000000000e+00,2.529250577293e+00
4.800000000000e+00,6.200000000000e+00,2.465567154296e+00
4.800000000000e+00,6.400000000000e+00,2.406299583602e+00
4.800000000000e+00,6.600000000000e+00,2.351374418747e+00
4.800000000000e+00,6.800000000000e+00,2.299989576103e+00
4.800000000000e+00,7.000000000000e+00,2.251574105243e+00
4.800000000000e+00,7.200000000000e+00,2.206090438547e+00
4.800000000000e+00,7.400000000000e+00,2.163181260421e+00
4.800000000000e+00,7.600000000000e+00,2.122172638451e+00
4.800000000000e+00,7.800000000000e+00,2.083274573285e+00
4.800000000000e+00,8.000000000000e+00,2.046281172961e+00
4.800000000000e+00,8.200000000000e+00,2.011015371599e+00
4.800000000000e+00,8.400000000000e+00,1.977005743539e+00
4.800000000000e+00,8.600000000000e+00,1.944430473986e+00
4.800000000000e+00,8.800000000000e+00,1.913199659911e+00
4.800000000000e+00,9.000000000000e+00,1.883209097836e+00
4.800000000000e+00,9.200000000000e+00,1.854366635498e+00
4.800000000000e+00,9.400000000000e+00,1.826412315740e+00
4.800000000000e+00,9.600000000000e+00,1.799380455498e+00
4.800000000000e+00,9.800000000000e+00,1.773290460256e+00
4.800000000000e+00,1.000000000000e+01,1.748082467013e+00
4.800000000000e+00,1.020000000000e+01,1.723702402860e+00
4.800000000000e+00,1.040000000000e+01,1.700101251175e+00
4.800000000000e+00,1.060000000000e+01,1.677234428994e+00
4.800000000000e+00,1.080000000000e+01,1.654906592193e+00
4.800000000000e+00,1.100000000000e+01,1.633212406914e+00
4.800000000000e+00,1.120000000000e+01,1.612149640766e+00
4.800000000000e+00,1.140000000000e+01,1.591686301597e+00
4.800000000000e+00,1.160000000000e+01,1.571792867304e+00
4.800000000000e+00,1.180000000000e+01,1.552442028806e+00
4.800000000000e+00,1.200000000000e+01,1.533608465825e+00
4.800000000000e+00,1.220000000000e+01,1.515268650639e+00
4.800000000000e+00,1.240000000000e+01,1.497400675756e+00
4.800000000000e+00,1.260000000000e+01,1.479922280672e+00
4.800000000000e+00,1.280000000000e+01,1.462816586546e+00
4.800000000000e+00,1.300000000000e+01,1.446130917183e+00
4.800000000000e+00,1.320000000000e+01,1.429848200437e+00
4.800000000000e+00,1.340000000000e+01,1.413952398296e+00
4.800000000000e+00,1.360000000000e+01,1.398428421385e+00
4.800000000000e+00,1.380000000000e+01,1.383262052365e+00
4.800000000000e+00,1.400000000000e+01,1.368439877141e+00
4.800000000000e+00,1.420000000000e+01,1.353949222925e+00
4.800000000000e+00,1.440000000000e+01,1.339778102342e+00
4.800000000000e+00,1.460000000000e+01,1.325915162888e+00
4.800000000000e+00,1.480000000000e+01,1.312349641111e+00
4.800000000000e+00,1.500000000000e+01,1.299071321008e+00
4.800000000000e+00,1.520000000000e+01,1.286070119387e+00
4.800000000000e+00,1.540000000000e+01,1.273261929826e+00
4.800000000000e+00,1.560000000000e+01,1.260716260796e+00
4.800000000000e+00,1.580000000000e+01,1.248424601907e+00
4.800000000000e+00,1.600000000000e+01,1.236378838251e+00
5.000000000000e+00,3.000000000000e+00,inf
5.000000000000e+00,3.200000000000e+00,inf
5.000000000000e+00,3.400000000000e+00,inf
5.000000000000e+00,3.600000000000e+00,inf
5.000000000000e+00,3.800000000000e+00,inf
5.000000000000e+00,4.000000000000e+00,inf
5.000000000000e+00,4.200000000000e+00,3.761378324458e+00
5.000000000000e+00,4.400000000000e+00,3.549193355112e+00
5.000000000000e+00,4.600000000000e+00,3.372638709263e+00
5.000000000000e+00,4.800000000000e+00,3.223006477227e+00
5.000000000000e+00,5.000000000000e+00,3.094221526245e+00
5.000000000000e+00,5.200000000000e+00,2.981246434980e+00
5.000000000000e+00,5.400000000000e+00,2.881499392557e+00
5.000000000000e+00,5.600000000000e+00,2.792159128995e+00
5.000000000000e+00,5.800000000000e+00,2.711513642251e+00
5.000000000000e+00,6.000000000000e+00,2.637972893109e+00
5.000000000000e+00,6.200000000000e+00,2.570701316627e+00
5.000000000000e+00,6.400000000000e+00,2.508264771832e+00
5.000000000000e+00,6.600000000000e+00,2.450518941563e+00
5.000000000000e+00,6.800000000000e+00,2.396578661623e+00
5.000000000000e+00,7.000000000000e+00,2.345858422182e+00
5.000000000000e+00,7.200000000000e+00,2.298277296675e+00
5.000000000000e+00,7.400000000000e+00,2.253431400840e+00
5.000000000000e+00,7.600000000000e+00,2.210639478188e+00
5.000000000000e+00,7.800000000000e+00,2.170090049916e+00
5.000000000000e+00,8.000000000000e+00,2.131559969946e+00
5.000000000000e+00,8.200000000000e+00,2.094857758111e+00
5.000000000000e+00,8.400000000000e+00,2.059477368021e+00
5.000000000000e+00,8.600000000000e+00,2.025621206486e+00
5.000000000000e+00,8.800000000000e+00,1.993179284007e+00
5.000000000000e+00,9.000000000000e+00,1.962039917276e+00
5.000000000000e+00,9.200000000000e+00,1.932104535148e+00
5.000000000000e+00,9.400000000000e+00,1.903092697686e+00
5.000000000000e+00,9.600000000000e+00,1.875055573577e+00
5.000000000000e+00,9.800000000000e+00,1.848002096372e+00
5.000000000000e+00,1.000000000000e+01,1.821868739442e+00
5.000000000000e+00,1.020000000000e+01,1.796598218588e+00
5.000000000000e+00,1.040000000000e+01,1.772138691759e+00
5.000000000000e+00,1.060000000000e+01,1.748443080994e+00
5.000000000000e+00,1.080000000000e+01,1.725302436566e+00
5.000000000000e+00,1.100000000000e+01,1.702826123144e+00
5.000000000000e+00,1.120000000000e+01,1.681005138939e+00
5.000000000000e+00,1.140000000000e+01,1.659805908553e+00
5.000000000000e+00,1.160000000000e+01,1.639197488049e+00
5.000000000000e+00,1.180000000000e+01,1.619151287532e+00
5.000000000000e+00,1.200000000000e+01,1.599640829491e+00
5.000000000000e+00,1.220000000000e+01,1.580641537578e+00
5.000000000000e+00,1.240000000000e+01,1.562130551388e+00
5.000000000000e+00,1.260000000000e+01,1.544018908775e+00
5.000000000000e+00,1.280000000000e+01,1.526296210350e+00
5.000000000000e+00,1.300000000000e+01,1.509007777760e+00
5.000000000000e+00,1.320000000000e+01,1.492135864302e+00
5.000000000000e+00,1.340000000000e+01,1.475663810748e+00
5.000000000000e+00,1.360000000000e+01,1.459575954263e+00
5.000000000000e+00,1.380000000000e+01,1.443857546891e+00
5.000000000000e+00,1.400000000000e+01,1.428494682454e+00
5.000000000000e+00,1.420000000000e+01,1.413474230812e+00
5.000000000000e+00,1.440000000000e+01,1.398783778620e+00
5.000000000000e+00,1.460000000000e+01,1.384411575814e+00
5.000000000000e+00,1.480000000000e+01,1.370346487166e+00
5.000000000000e+00,1.500000000000e+01,1.356577948335e+00
5.000000000000e+00,1.520000000000e+01,1.343093740654e+00
5.000000000000e+00,1.540000000000e+01,1.329810169491e+00
5.000000000000e+00,1.560000000000e+01,1.316797639660e+00
5.000000000000e+00,1.580000000000e+01,1.304047363963e+00
5.000000000000e+00,1.600000000000e+01,1.291550965867e+00
5.200000000000e+00,3.000000000000e+00,inf
5.200000000000e+00,3.200000000000e+00,inf
5.200000000000e+00,3.400000000000e+00,inf
5.200000000000e+00,3.600000000000e+00,inf
5.200000000000e+00,3.800000000000e+00,inf
5.200000000000e+00,4.000000000000e+00,inf
5.200000000000e+00,4.200000000000e+00,3.958454972342e+00
5.200000000000e+00,4.400000000000e+00,3.726158762010e+00
5.200000000000e+00,4.600000000000e+00,3.533999981472e+00
5.200000000000e+00,4.800000000000e+00,3.372003390774e+00
5.200000000000e+00,5.000000000000e+00,3.233239752725e+00
5.200000000000e+00,5.200000000000e+00,3.112070064705e+00
5.200000000000e+00,5.400000000000e+00,3.005490917347e+00
5.200000000000e+00,5.600000000000e+00,2.910391015584e+00
5.200000000000e+00,5.800000000000e+00,2.824807188794e+00
5.200000000000e+00,6.000000000000e+00,2.747009106553e+00
5.200000000000e+00,6.200000000000e+00,2.676008657203e+00
5.200000000000e+00,6.400000000000e+00,2.610289727988e+00
5.200000000000e+00,6.600000000000e+00,2.549632173007e+00
5.200000000000e+00,6.800000000000e+00,2.493063960324e+00
5.200000000000e+00,7.000000000000e+00,2.439980411007e+00
5.200000000000e+00,7.200000000000e+00,2.390255032634e+00
5.200000000000e+00,7.400000000000e+00,2.343435563960e+00
5.200000000000e+00,7.600000000000e+00,2.298831223633e+00
5.200000000000e+00,7.800000000000e+00,2.256607828615e+00
5.200000000000e+00,8.000000000000e+00,2.216523859204e+00
5.200000000000e+00,8.200000000000e+00,2.178372507933e+00
5.200000000000e+00,8.400000000000e+00,2.141612636926e+00
5.200000000000e+00,8.600000000000e+00,2.106469867139e+00
5.200000000000e+00,8.800000000000e+00,2.072813714242e+00
5.200000000000e+00,9.000000000000e+00,2.040524586948e+00
5.200000000000e+00,9.200000000000e+00,2.009497137173e+00
5.200000000000e+00,9.400000000000e+00,1.979430224575e+00
5.200000000000e+00,9.600000000000e+00,1.950391588182e+00
5.200000000000e+00,9.800000000000e+00,1.922379413672e+00
5.200000000000e+00,1.000000000000e+01,1.895326329635e+00
5.200000000000e+00,1.020000000000e+01,1.869171686918e+00
5.200000000000e+00,1.040000000000e+01,1.843860687459e+00
5.200000000000e+00,1.060000000000e+01,1.819343647148e+00
5.200000000000e+00,1.080000000000e+01,1.795397924442e+00
5.200000000000e+00,1.100000000000e+01,1.772147584386e+00
5.200000000000e+00,1.120000000000e+01,1.749576689300e+00
5.200000000000e+00,1.140000000000e+01,1.727650021910e+00
5.200000000000e+00,1.160000000000e+01,1.706335166457e+00
5.200000000000e+00,1.180000000000e+01,1.685602209646e+00
5.200000000000e+00,1.200000000000e+01,1.665423480493e+00
5.200000000000e+00,1.220000000000e+01,1.645773323234e+00
5.200000000000e+00,1.240000000000e+01,1.626627898452e+00
5.200000000000e+00,1.260000000000e+01,1.607891465746e+00
5.200000000000e+00,1.280000000000e+01,1.589560260587e+00
5.200000000000e+00,1.300000000000e+01,1.571677463086e+00
5.200000000000e+00,1.320000000000e+01,1.554224639235e+00
5.200000000000e+00,1.340000000000e+01,1.537184498093e+00
5.200000000000e+00,1.360000000000e+01,1.520540794802e+00
5.200000000000e+00,1.380000000000e+01,1.504278243904e+00
5.200000000000e+00,1.400000000000e+01,1.488382441701e+00
5.200000000000e+00,1.420000000000e+01,1.472839796518e+00
5.200000000000e+00,1.440000000000e+01,1.457637465936e+00
5.200000000000e+00,1.460000000000e+01,1.442763300159e+00
5.200000000000e+00,1.480000000000e+01,1.428205790814e+00
5.200000000000e+00,1.500000000000e+01,1.413954024549e+00
5.200000000000e+00,1.520000000000e+01,1.399993582701e+00
5.200000000000e+00,1.540000000000e+01,1.386241346687e+00
5.200000000000e+00,1.560000000000e+01,1.372768516749e+00
5.200000000000e+00,1.580000000000e+01,1.359566030231e+00
5.200000000000e+00,1.600000000000e+01,1.346625250640e+00
5.400000000000e+00,3.000000000000e+00,inf
5.400000000000e+00,3.200000000000e+00,inf
5.400000000000e+00,3.400000000000e+00,inf
5.400000000000e+00,3.600000000000e+00,inf
5.400000000000e+00,3.800000000000e+00,inf
5.400000000000e+00,4.000000000000e+00,inf
5.400000000000e+00,4.200000000000e+00,4.161838068067e+00
5.400000000000e+00,4.400000000000e+00,3.907797825381e+00
5.400000000000e+00,4.600000000000e+00,3.698857918360e+00
5.400000000000e+00,4.800000000000e+00,3.523630270743e+00
5.400000000000e+00,5.000000000000e+00,3.374237888138e+00
5.400000000000e+00,5.200000000000e+00,3.244376420759e+00
5.400000000000e+00,5.400000000000e+00,3.130582735136e+00
5.400000000000e+00,5.600000000000e+00,3.029423124771e+00
5.400000000000e+00,5.800000000000e+00,2.938665562229e+00
5.400000000000e+00,6.000000000000e+00,2.856422096230e+00
5.400000000000e+00,6.200000000000e+00,2.781543353894e+00
5.400000000000e+00,6.400000000000e+00,2.712421376752e+00
5.400000000000e+00,6.600000000000e+00,2.648754914897e+00
5.400000000000e+00,6.800000000000e+00,2.589481045872e+00
5.400000000000e+00,7.000000000000e+00,2.533971105774e+00
5.400000000000e+00,7.200000000000e+00,2.482050719354e+00
5.400000000000e+00,7.400000000000e+00,2.433217362819e+00
5.400000000000e+00,7.600000000000e+00,2.386768383688e+00
5.400000000000e+00,7.800000000000e+00,2.342845648711e+00
5.400000000000e+00,8.000000000000e+00,2.301188095065e+00
5.400000000000e+00,8.200000000000e+00,2.261567508929e+00
5.400000000000e+00,8.400000000000e+00,2.223422557260e+00
5.400000000000e+00,8.600000000000e+00,2.186985610351e+00
5.400000000000e+00,8.800000000000e+00,2.152110416275e+00
5.400000000000e+00,9.000000000000e+00,2.118669028825e+00
5.400000000000e+00,9.200000000000e+00,2.086548949009e+00
5.400000000000e+00,9.400000000000e+00,2.055428128741e+00
5.400000000000e+00,9.600000000000e+00,2.025390530735e+00
5.400000000000e+00,9.800000000000e+00,1.996423337292e+00
5.400000000000e+00,1.000000000000e+01,1.968455142178e+00
5.400000000000e+00,1.020000000000e+01,1.941421769824e+00
5.400000000000e+00,1.040000000000e+01,1.915265328684e+00
5.400000000000e+00,1.060000000000e+01,1.889933411248e+00
5.400000000000e+00,1.080000000000e+01,1.865189610574e+00
5.400000000000e+00,1.100000000000e+01,1.841172649716e+00
5.400000000000e+00,1.120000000000e+01,1.817859505981e+00
5.400000000000e+00,1.140000000000e+01,1.795213257604e+00
5.400000000000e+00,1.160000000000e+01,1.773199963412e+00
5.400000000000e+00,1.180000000000e+01,1.751788340861e+00
5.400000000000e+00,1.200000000000e+01,1.730949486281e+00
5.400000000000e+00,1.220000000000e+01,1.710656630999e+00
5.400000000000e+00,1.240000000000e+01,1.690884928019e+00
5.400000000000e+00,1.260000000000e+01,1.671531791866e+00
5.400000000000e+00,1.280000000000e+01,1.652600220678e+00
5.400000000000e+00,1.300000000000e+01,1.634131125438e+00
5.400000000000e+00,1.320000000000e+01,1.616105370314e+00
5.400000000000e+00,1.340000000000e+01,1.598505020517e+00
5.400000000000e+00,1.360000000000e+01,1.581313239098e+00
5.400000000000e+00,1.380000000000e+01,1.564514194823e+00
5.400000000000e+00,1.400000000000e+01,1.548092979748e+00
5.400000000000e+00,1.420000000000e+01,1.532035535288e+00
5.400000000000e+00,1.440000000000e+01,1.516328585741e+00
5.400000000000e+00,1.460000000000e+01,1.500959578387e+00
5.400000000000e+00,1.480000000000e+01,1.485916629388e+00
5.400000000000e+00,1.500000000000e+01,1.471188474821e+00
5.400000000000e+00,1.520000000000e+01,1.456758436785e+00
5.400000000000e+00,1.540000000000e+01,1.442544123736e+00
5.400000000000e+00,1.560000000000e+01,1.428617436195e+00
5.400000000000e+00,1.580000000000e+01,1.414969036735e+00
5.400000000000e+00,1.600000000000e+01,1.401590029931e+00
5.600000000000e+00,3.000000000000e+00,inf
5.600000000000e+00,3.200000000000e+00,inf
5.600000000000e+00,3.400000000000e+00,inf
5.600000000000e+00,3.600000000000e+00,inf
5.600000000000e+00,3.800000000000e+00,inf
5.600000000000e+00,4.000000000000e+00,inf
5.600000000000e+00,4.200000000000e+00,inf
5.600000000000e+00,4.400000000000e+00,4.094438992010e+00
5.600000000000e+00,4.600000000000e+00,3.867462596859e+00
5.600000000000e+00,4.800000000000e+00,3.678082289180e+00
5.600000000000e+00,5.000000000000e+00,3.517371625992e+00
5.600000000000e+00,5.200000000000e+00,3.378292171070e+00
5.600000000000e+00,5.400000000000e+00,3.256879530868e+00
5.600000000000e+00,5.600000000000e+00,3.149343248871e+00
5.600000000000e+00,5.800000000000e+00,3.053163203082e+00
5.600000000000e+00,6.000000000000e+00,2.966275625281e+00
5.600000000000e+00,6.200000000000e+00,2.887360435988e+00
5.600000000000e+00,6.400000000000e+00,2.814707505069e+00
5.600000000000e+00,6.600000000000e+00,2.747928863420e+00
5.600000000000e+00,6.800000000000e+00,2.685866422598e+00
5.600000000000e+00,7.000000000000e+00,2.627862522495e+00
5.600000000000e+00,7.200000000000e+00,2.573692465119e+00
5.600000000000e+00,7.400000000000e+00,2.522801491349e+00
5.600000000000e+00,7.600000000000e+00,2.474472599743e+00
5.600000000000e+00,7.800000000000e+00,2.428822430474e+00
5.600000000000e+00,8.000000000000e+00,2.385569157569e+00
5.600000000000e+00,8.200000000000e+00,2.344456372518e+00
5.600000000000e+00,8.400000000000e+00,2.304919434054e+00
5.600000000000e+00,8.600000000000e+00,2.267178921901e+00
5.600000000000e+00,8.800000000000e+00,2.231078216650e+00
5.600000000000e+00,9.000000000000e+00,2.196480551644e+00
5.600000000000e+00,9.200000000000e+00,2.163265887353e+00
5.600000000000e+00,9.400000000000e+00,2.131091067326e+00
5.600000000000e+00,9.600000000000e+00,2.100055874111e+00
5.600000000000e+00,9.800000000000e+00,2.070136247754e+00
5.600000000000e+00,1.000000000000e+01,2.041256548499e+00
5.600000000000e+00,1.020000000000e+01,2.013348905317e+00
5.600000000000e+00,1.040000000000e+01,1.986352189030e+00
5.600000000000e+00,1.060000000000e+01,1.960211145566e+00
5.600000000000e+00,1.080000000000e+01,1.934675539570e+00
5.600000000000e+00,1.100000000000e+01,1.909898670219e+00
5.600000000000e+00,1.120000000000e+01,1.885850295885e+00
5.600000000000e+00,1.140000000000e+01,1.862491723854e+00
5.600000000000e+00,1.160000000000e+01,1.839787430477e+00
5.600000000000e+00,1.180000000000e+01,1.817704714956e+00
5.600000000000e+00,1.200000000000e+01,1.796213398866e+00
5.600000000000e+00,1.220000000000e+01,1.775285564522e+00
5.600000000000e+00,1.240000000000e+01,1.754895326394e+00
5.600000000000e+00,1.260000000000e+01,1.734933195884e+00
5.600000000000e+00,1.280000000000e+01,1.715409036264e+00
5.600000000000e+00,1.300000000000e+01,1.696361372556e+00
5.600000000000e+00,1.320000000000e+01,1.677770350873e+00
5.600000000000e+00,1.340000000000e+01,1.659617378865e+00
5.600000000000e+00,1.360000000000e+01,1.641885015966e+00
5.600000000000e+00,1.380000000000e+01,1.624556875539e+00
5.600000000000e+00,1.400000000000e+01,1.607617537429e+00
5.600000000000e+00,1.420000000000e+01,1.591052469609e+00
5.600000000000e+00,1.440000000000e+01,1.574847957814e+00
5.600000000000e+00,1.460000000000e+01,1.558991042211e+00
5.600000000000e+00,1.480000000000e+01,1.543469460254e+00
5.600000000000e+00,1.500000000000e+01,1.528271595028e+00
5.600000000000e+00,1.520000000000e+01,1.513378455059e+00
5.600000000000e+00,1.540000000000e+01,1.498708514321e+00
5.600000000000e+00,1.560000000000e+01,1.484334283911e+00
5.600000000000e+00,1.580000000000e+01,1.470246151653e+00
5.600000000000e+00,1.600000000000e+01,1.456434963614e+00
5.800000000000e+00,3.000000000000e+00,inf
5.800000000000e+00,3.200000000000e+00,inf
5.800000000000e+00,3.400000000000e+00,inf
5.800000000000e+00,3.600000000000e+00,inf
5.800000000000e+00,3.800000000000e+00,inf
5.800000000000e+00,4.000000000000e+00,inf
5.800000000000e+00,4.200000000000e+00,inf
5.800000000000e+00,4.400000000000e+00,4.286421088053e+00
5.800000000000e+00,4.600000000000e+00,4.040070711244e+00
5.800000000000e+00,4.800000000000e+00,3.835558899596e+00
5.800000000000e+00,5.000000000000e+00,3.662799479599e+00
5.800000000000e+00,5.200000000000e+00,3.513945888531e+00
5.800000000000e+00,5.400000000000e+00,3.384487329179e+00
5.800000000000e+00,5.600000000000e+00,3.270240180273e+00
5.800000000000e+00,5.800000000000e+00,3.168375353698e+00
5.800000000000e+00,6.000000000000e+00,3.076634158957e+00
5.800000000000e+00,6.200000000000e+00,2.993515589776e+00
5.800000000000e+00,6.400000000000e+00,2.917196557257e+00
5.800000000000e+00,6.600000000000e+00,2.847196396510e+00
5.800000000000e+00,6.800000000000e+00,2.782257308803e+00
5.800000000000e+00,7.000000000000e+00,2.721687438408e+00
5.800000000000e+00,7.200000000000e+00,2.665209190130e+00
5.800000000000e+00,7.400000000000e+00,2.612213500451e+00
5.800000000000e+00,7.600000000000e+00,2.561966420890e+00
5.800000000000e+00,7.800000000000e+00,2.514558050141e+00
5.800000000000e+00,8.000000000000e+00,2.469684527865e+00
5.800000000000e+00,8.200000000000e+00,2.427060401776e+00
5.800000000000e+00,8.400000000000e+00,2.386116648489e+00
5.800000000000e+00,8.600000000000e+00,2.347061398493e+00
5.800000000000e+00,8.800000000000e+00,2.309727084010e+00
5.800000000000e+00,9.000000000000e+00,2.273967633975e+00
5.800000000000e+00,9.200000000000e+00,2.239655063212e+00
5.800000000000e+00,9.400000000000e+00,2.206424909869e+00
5.800000000000e+00,9.600000000000e+00,2.174392322409e+00
5.800000000000e+00,9.800000000000e+00,2.143521772983e+00
5.800000000000e+00,1.000000000000e+01,2.113733181172e+00
5.800000000000e+00,1.020000000000e+01,2.084954804069e+00
5.800000000000e+00,1.040000000000e+01,2.057122124239e+00
5.800000000000e+00,1.060000000000e+01,2.030176912148e+00
5.800000000000e+00,1.080000000000e+01,2.003855049738e+00
5.800000000000e+00,1.100000000000e+01,1.978324295161e+00
5.800000000000e+00,1.120000000000e+01,1.953547067177e+00
5.800000000000e+00,1.140000000000e+01,1.929482831952e+00
5.800000000000e+00,1.160000000000e+01,1.906094422952e+00
5.800000000000e+00,1.180000000000e+01,1.883347669086e+00
5.800000000000e+00,1.200000000000e+01,1.861211072341e+00
5.800000000000e+00,1.220000000000e+01,1.839655527398e+00
5.800000000000e+00,1.240000000000e+01,1.818654076948e+00
5.800000000000e+00,1.260000000000e+01,1.798090279058e+00
5.800000000000e+00,1.280000000000e+01,1.777980941330e+00
5.800000000000e+00,1.300000000000e+01,1.758362095817e+00
5.800000000000e+00,1.320000000000e+01,1.739213152693e+00
5.800000000000e+00,1.340000000000e+01,1.720514846808e+00
5.800000000000e+00,1.360000000000e+01,1.702249121045e+00
5.800000000000e+00,1.380000000000e+01,1.684399022437e+00
5.800000000000e+00,1.400000000000e+01,1.666948609441e+00
5.800000000000e+00,1.420000000000e+01,1.649882868937e+00
5.800000000000e+00,1.440000000000e+01,1.633187641786e+00
5.800000000000e+00,1.460000000000e+01,1.616849555881e+00
5.800000000000e+00,1.480000000000e+01,1.600855965832e+00
5.800000000000e+00,1.500000000000e+01,1.585194898477e+00
5.800000000000e+00,1.520000000000e+01,1.569844998984e+00
5.800000000000e+00,1.540000000000e+01,1.554725733544e+00
5.800000000000e+00,1.560000000000e+01,1.539910139249e+00
5.800000000000e+00,1.580000000000e+01,1.525388328564e+00
5.800000000000e+00,1.600000000000e+01,1.511150888871e+00
6.000000000000e+00,3.000000000000e+00,inf
6.000000000000e+00,3.200000000000e+00,inf
6.000000000000e+00,3.400000000000e+00,inf
6.000000000000e+00,3.600000000000e+00,inf
6.000000000000e+00,3.800000000000e+00,inf
6.000000000000e+00,4.000000000000e+00,inf
6.000000000000e+00,4.200000000000e+00,inf
6.000000000000e+00,4.400000000000e+00,4.484093802979e+00
6.000000000000e+00,4.600000000000e+00,4.216945848468e+00
6.000000000000e+00,4.800000000000e+00,3.996263976658e+00
6.000000000000e+00,5.000000000000e+00,3.810682830407e+00
6.000000000000e+00,5.200000000000e+00,3.651468034345e+00
6.000000000000e+00,5.400000000000e+00,3.513513432664e+00
6.000000000000e+00,5.600000000000e+00,3.392203615424e+00
6.000000000000e+00,5.800000000000e+00,3.284377938380e+00
6.000000000000e+00,6.000000000000e+00,3.187562725460e+00
6.000000000000e+00,6.200000000000e+00,3.100065006337e+00
6.000000000000e+00,6.400000000000e+00,3.019937471600e+00
6.000000000000e+00,6.600000000000e+00,2.946600401928e+00
6.000000000000e+00,6.800000000000e+00,2.878691459765e+00
6.000000000000e+00,7.000000000000e+00,2.815479210173e+00
6.000000000000e+00,7.200000000000e+00,2.756630441209e+00
6.000000000000e+00,7.400000000000e+00,2.701479611297e+00
6.000000000000e+00,7.600000000000e+00,2.649273115605e+00
6.000000000000e+00,7.800000000000e+00,2.600073150698e+00
6.000000000000e+00,8.000000000000e+00,2.553552498654e+00
6.000000000000e+00,8.200000000000e+00,2.509395789862e+00
6.000000000000e+00,8.400000000000e+00,2.467028469638e+00
6.000000000000e+00,8.600000000000e+00,2.426645560295e+00
6.000000000000e+00,8.800000000000e+00,2.388067942684e+00
6.000000000000e+00,9.000000000000e+00,2.351139739059e+00
6.000000000000e+00,9.200000000000e+00,2.315724598164e+00
6.000000000000e+00,9.400000000000e+00,2.281436556510e+00
6.000000000000e+00,9.600000000000e+00,2.248405630799e+00
6.000000000000e+00,9.800000000000e+00,2.216584609879e+00
6.000000000000e+00,1.000000000000e+01,2.185888757279e+00
6.000000000000e+00,1.020000000000e+01,2.156242274615e+00
6.000000000000e+00,1.040000000000e+01,2.127577099258e+00
6.000000000000e+00,1.060000000000e+01,2.099831891764e+00
6.000000000000e+00,1.080000000000e+01,2.072728604144e+00
6.000000000000e+00,1.100000000000e+01,2.046449304956e+00
6.000000000000e+00,1.120000000000e+01,2.020948964151e+00
6.000000000000e+00,1.140000000000e+01,1.996185133030e+00
6.000000000000e+00,1.160000000000e+01,1.972118938530e+00
6.000000000000e+00,1.180000000000e+01,1.948714684301e+00
6.000000000000e+00,1.200000000000e+01,1.925939505248e+00
6.000000000000e+00,1.220000000000e+01,1.903763067379e+00
6.000000000000e+00,1.240000000000e+01,1.882157306138e+00
6.000000000000e+00,1.260000000000e+01,1.860998783030e+00
6.000000000000e+00,1.280000000000e+01,1.840311307842e+00
6.000000000000e+00,1.300000000000e+01,1.820128321609e+00
6.000000000000e+00,1.320000000000e+01,1.800428479084e+00
6.000000000000e+00,1.340000000000e+01,1.781191825608e+00
6.000000000000e+00,1.360000000000e+01,1.762399673216e+00
6.000000000000e+00,1.380000000000e+01,1.744034490428e+00
6.000000000000e+00,1.400000000000e+01,1.726079803968e+00
6.000000000000e+00,1.420000000000e+01,1.708520110896e+00
6.000000000000e+00,1.440000000000e+01,1.691340799870e+00
6.000000000000e+00,1.460000000000e+01,1.674528080430e+00
6.000000000000e+00,1.480000000000e+01,1.658068919325e+00
6.000000000000e+00,1.500000000000e+01,1.641950983088e+00
6.000000000000e+00,1.520000000000e+01,1.626150507961e+00
6.000000000000e+00,1.540000000000e+01,1.610588067965e+00
6.000000000000e+00,1.560000000000e+01,1.595337146432e+00
6.000000000000e+00,1.580000000000e+01,1.580387579229e+00
6.000000000000e+00,1.600000000000e+01,1.565729694302e+00
6.200000000000e+00,3.000000000000e+00,inf
6.200000000000e+00,3.200000000000e+00,inf
6.200000000000e+00,3.400000000000e+00,inf
6.200000000000e+00,3.600000000000e+00,inf
6.200000000000e+00,3.800000000000e+00,inf
6.200000000000e+00,4.000000000000e+00,inf
6.200000000000e+00,4.200000000000e+00,inf
6.200000000000e+00,4.400000000000e+00,4.687818215459e+00
6.200000000000e+00,4.600000000000e+00,4.398358802472e+00
6.200000000000e+00,4.800000000000e+00,4.160405993714e+00
6.200000000000e+00,5.000000000000e+00,3.961186013551e+00
6.200000000000e+00,5.200000000000e+00,3.790990978581e+00
6.200000000000e+00,5.400000000000e+00,3.644066396832e+00
6.200000000000e+00,5.600000000000e+00,3.515324095330e+00
6.200000000000e+00,5.800000000000e+00,3.401247479377e+00
6.200000000000e+00,6.000000000000e+00,3.299126812273e+00
6.200000000000e+00,6.200000000000e+00,3.207065264089e+00
6.200000000000e+00,6.400000000000e+00,3.122979551186e+00
6.200000000000e+00,6.600000000000e+00,3.046184139075e+00
6.200000000000e+00,6.800000000000e+00,2.975207023680e+00
6.200000000000e+00,7.000000000000e+00,2.909271624420e+00
6.200000000000e+00,7.200000000000e+00,2.847986238284e+00
6.200000000000e+00,7.400000000000e+00,2.790626559673e+00
6.200000000000e+00,7.600000000000e+00,2.736416513905e+00
6.200000000000e+00,7.800000000000e+00,2.685388982549e+00
6.200000000000e+00,8.000000000000e+00,2.637192013967e+00
6.200000000000e+00,8.200000000000e+00,2.591479418812e+00
6.200000000000e+00,8.400000000000e+00,2.547669894365e+00
6.200000000000e+00,8.600000000000e+00,2.505944691109e+00
6.200000000000e+00,8.800000000000e+00,2.466112513400e+00
6.200000000000e+00,9.000000000000e+00,2.428007156283e+00
6.200000000000e+00,9.200000000000e+00,2.391483466780e+00
6.200000000000e+00,9.400000000000e+00,2.356133781840e+00
6.200000000000e+00,9.600000000000e+00,2.322102450580e+00
6.200000000000e+00,9.800000000000e+00,2.289330370673e+00
6.200000000000e+00,1.000000000000e+01,2.257727926145e+00
6.200000000000e+00,1.020000000000e+01,2.227215072516e+00
6.200000000000e+00,1.040000000000e+01,2.197720038899e+00
6.200000000000e+00,1.060000000000e+01,2.169174388922e+00
6.200000000000e+00,1.080000000000e+01,2.141297644489e+00
6.200000000000e+00,1.100000000000e+01,2.114274466600e+00
6.200000000000e+00,1.120000000000e+01,2.088056124235e+00
6.200000000000e+00,1.140000000000e+01,2.062598176629e+00
6.200000000000e+00,1.160000000000e+01,2.037859977429e+00
6.200000000000e+00,1.180000000000e+01,2.013804247239e+00
6.200000000000e+00,1.200000000000e+01,1.990396703829e+00
6.200000000000e+00,1.220000000000e+01,1.967605741149e+00
6.200000000000e+00,1.240000000000e+01,1.945402149800e+00
6.200000000000e+00,1.260000000000e+01,1.923655457699e+00
6.200000000000e+00,1.280000000000e+01,1.902396515116e+00
6.200000000000e+00,1.300000000000e+01,1.881656082172e+00
6.200000000000e+00,1.320000000000e+01,1.861412037180e+00
6.200000000000e+00,1.340000000000e+01,1.841643717840e+00
6.200000000000e+00,1.360000000000e+01,1.822331789735e+00
6.200000000000e+00,1.380000000000e+01,1.803458129472e+00
6.200000000000e+00,1.400000000000e+01,1.785005720572e+00
6.200000000000e+00,1.420000000000e+01,1.766958560497e+00
6.200000000000e+00,1.440000000000e+01,1.749301577415e+00
6.200000000000e+00,1.460000000000e+01,1.732020555512e+00
6.200000000000e+00,1.480000000000e+01,1.715102067834e+00
6.200000000000e+00,1.500000000000e+01,1.698533415753e+00
6.200000000000e+00,1.520000000000e+01,1.682288384950e+00
6.200000000000e+00,1.540000000000e+01,1.666288762434e+00
6.200000000000e+00,1.560000000000e+01,1.650608402566e+00
6.200000000000e+00,1.580000000000e+01,1.635236862784e+00
6.200000000000e+00,1.600000000000e+01,1.620164210269e+00
6.400000000000e+00,3.000000000000e+00,inf
6.400000000000e+00,3.200000000000e+00,inf
6.400000000000e+00,3.400000000000e+00,inf
6.400000000000e+00,3.600000000000e+00,inf
6.400000000000e+00,3.800000000000e+00,inf
6.400000000000e+00,4.000000000000e+00,inf
6.400000000000e+00,4.200000000000e+00,inf
6.400000000000e+00,4.400000000000e+00,4.897967353653e+00
6.400000000000e+00,4.600000000000e+00,4.584587919594e+00
6.400000000000e+00,4.800000000000e+00,4.328198230345e+00
6.400000000000e+00,5.000000000000e+00,4.114476433097e+00
6.400000000000e+00,5.200000000000e+00,3.932649050572e+00
6.400000000000e+00,5.400000000000e+00,3.776256034708e+00
6.400000000000e+00,5.600000000000e+00,3.639692975744e+00
6.400000000000e+00,5.800000000000e+00,3.519061042208e+00
6.400000000000e+00,6.000000000000e+00,3.411392291665e+00
6.400000000000e+00,6.200000000000e+00,3.314573240013e+00
6.400000000000e+00,6.400000000000e+00,3.226372363144e+00
6.400000000000e+00,6.600000000000e+00,3.145991128821e+00
6.400000000000e+00,6.800000000000e+00,3.071842425044e+00
6.400000000000e+00,7.000000000000e+00,3.003098775334e+00
6.400000000000e+00,7.200000000000e+00,2.939306947458e+00
6.400000000000e+00,7.400000000000e+00,2.879681466330e+00
6.400000000000e+00,7.600000000000e+00,2.823420875053e+00
6.400000000000e+00,7.800000000000e+00,2.770527269292e+00
6.400000000000e+00,8.000000000000e+00,2.720622533580e+00
6.400000000000e+00,8.200000000000e+00,2.673328723626e+00
6.400000000000e+00,8.400000000000e+00,2.628056510910e+00
6.400000000000e+00,8.600000000000e+00,2.584972701806e+00
6.400000000000e+00,8.800000000000e+00,2.543873176851e+00
6.400000000000e+00,9.000000000000e+00,2.504580865105e+00
6.400000000000e+00,9.200000000000e+00,2.466941361091e+00
6.400000000000e+00,9.400000000000e+00,2.430525100402e+00
6.400000000000e+00,9.600000000000e+00,2.395490195505e+00
6.400000000000e+00,9.800000000000e+00,2.361765450197e+00
6.400000000000e+00,1.000000000000e+01,2.329256137629e+00
6.400000000000e+00,1.020000000000e+01,2.297877769752e+00
6.400000000000e+00,1.040000000000e+01,2.267554698372e+00
6.400000000000e+00,1.060000000000e+01,2.238209790731e+00
6.400000000000e+00,1.080000000000e+01,2.209564464252e+00
6.400000000000e+00,1.100000000000e+01,2.181801408069e+00
6.400000000000e+00,1.120000000000e+01,2.154869553661e+00
6.400000000000e+00,1.140000000000e+01,2.128722387660e+00
6.400000000000e+00,1.160000000000e+01,2.103317420652e+00
6.400000000000e+00,1.180000000000e+01,2.078615729684e+00
6.400000000000e+00,1.200000000000e+01,2.054581562863e+00
6.400000000000e+00,1.220000000000e+01,2.031181996458e+00
6.400000000000e+00,1.240000000000e+01,2.008386636569e+00
6.400000000000e+00,1.260000000000e+01,1.986057945980e+00
6.400000000000e+00,1.280000000000e+01,1.964233835841e+00
6.400000000000e+00,1.300000000000e+01,1.942942302870e+00
6.400000000000e+00,1.320000000000e+01,1.922160426442e+00
6.400000000000e+00,1.340000000000e+01,1.901866817121e+00
6.400000000000e+00,1.360000000000e+01,1.882041477165e+00
6.400000000000e+00,1.380000000000e+01,1.862665676693e+00
6.400000000000e+00,1.400000000000e+01,1.843721843474e+00
6.400000000000e+00,1.420000000000e+01,1.825193464585e+00
6.400000000000e+00,1.440000000000e+01,1.807064998467e+00
6.400000000000e+00,1.460000000000e+01,1.789321796093e+00
6.400000000000e+00,1.480000000000e+01,1.771950030139e+00
6.400000000000e+00,1.500000000000e+01,1.754936631206e+00
6.400000000000e+00,1.520000000000e+01,1.738252896407e+00
6.400000000000e+00,1.540000000000e+01,1.721821921073e+00
6.400000000000e+00,1.560000000000e+01,1.705717859666e+00
6.400000000000e+00,1.580000000000e+01,1.689929988764e+00
6.400000000000e+00,1.600000000000e+01,1.674448112917e+00
6.600000000000e+00,3.000000000000e+00,inf
6.600000000000e+00,3.200000000000e+00,inf
6.600000000000e+00,3.400000000000e+00,inf
6.600000000000e+00,3.600000000000e+00,inf
6.600000000000e+00,3.800000000000e+00,inf
6.600000000000e+00,4.000000000000e+00,inf
6.600000000000e+00,4.200000000000e+00,inf
6.600000000000e+00,4.400000000000e+00,5.114926784369e+00
6.600000000000e+00,4.600000000000e+00,4.775919469002e+00
6.600000000000e+00,4.800000000000e+00,4.499859003798e+00
6.600000000000e+00,5.000000000000e+00,4.270724700917e+00
6.600000000000e+00,5.200000000000e+00,4.076578613222e+00
6.600000000000e+00,5.400000000000e+00,3.910193445366e+00
6.600000000000e+00,5.600000000000e+00,3.765402421488e+00
6.600000000000e+00,5.800000000000e+00,3.637896204979e+00
6.600000000000e+00,6.000000000000e+00,3.524425370193e+00
6.600000000000e+00,6.200000000000e+00,3.422646044594e+00
6.600000000000e+00,6.400000000000e+00,3.330165661430e+00
6.600000000000e+00,6.600000000000e+00,3.246065066684e+00
6.600000000000e+00,6.800000000000e+00,3.168636270977e+00
6.600000000000e+00,7.000000000000e+00,3.096994964861e+00
6.600000000000e+00,7.200000000000e+00,3.030623176389e+00
6.600000000000e+00,7.400000000000e+00,2.968671729212e+00
6.600000000000e+00,7.600000000000e+00,2.910310776791e+00
6.600000000000e+00,7.800000000000e+00,2.855510094658e+00
6.600000000000e+00,8.000000000000e+00,2.803863918258e+00
6.600000000000e+00,8.200000000000e+00,2.754961576738e+00
6.600000000000e+00,8.400000000000e+00,2.708204382527e+00
6.600000000000e+00,8.600000000000e+00,2.663744013462e+00
6.600000000000e+00,8.800000000000e+00,2.621362856609e+00
6.600000000000e+00,9.000000000000e+00,2.580872417997e+00
6.600000000000e+00,9.200000000000e+00,2.542108573762e+00
6.600000000000e+00,9.400000000000e+00,2.504619650523e+00
6.600000000000e+00,9.600000000000e+00,2.468576926139e+00
6.600000000000e+00,9.800000000000e+00,2.433896910876e+00
6.600000000000e+00,1.000000000000e+01,2.400479527860e+00
6.600000000000e+00,1.020000000000e+01,2.368235641277e+00
6.600000000000e+00,1.040000000000e+01,2.337085550731e+00
6.600000000000e+00,1.060000000000e+01,2.306943289799e+00
6.600000000000e+00,1.080000000000e+01,2.277532098173e+00
6.600000000000e+00,1.100000000000e+01,2.249032508815e+00
6.600000000000e+00,1.120000000000e+01,2.221391019001e+00
6.600000000000e+00,1.140000000000e+01,2.194558958989e+00
6.600000000000e+00,1.160000000000e+01,2.168491923630e+00
6.600000000000e+00,1.180000000000e+01,2.143149283281e+00
6.600000000000e+00,1.200000000000e+01,2.118493761476e+00
6.600000000000e+00,1.220000000000e+01,2.094491069004e+00
6.600000000000e+00,1.240000000000e+01,2.071109585834e+00
6.600000000000e+00,1.260000000000e+01,2.048204682895e+00
6.600000000000e+00,1.280000000000e+01,2.025821336237e+00
6.600000000000e+00,1.300000000000e+01,2.003984703413e+00
6.600000000000e+00,1.320000000000e+01,1.982671040940e+00
6.600000000000e+00,1.340000000000e+01,1.961858211426e+00
6.600000000000e+00,1.360000000000e+01,1.941525535718e+00
6.600000000000e+00,1.380000000000e+01,1.921653661749e+00
6.600000000000e+00,1.400000000000e+01,1.902224447928e+00
6.600000000000e+00,1.420000000000e+01,1.883220859188e+00
6.600000000000e+00,1.440000000000e+01,1.864626874112e+00
6.600000000000e+00,1.460000000000e+01,1.846427401746e+00
6.600000000000e+00,1.480000000000e+01,1.828608206943e+00
6.600000000000e+00,1.500000000000e+01,1.811155843195e+00
6.600000000000e+00,1.520000000000e+01,1.794039084400e+00
6.600000000000e+00,1.540000000000e+01,1.777182420309e+00
6.600000000000e+00,1.560000000000e+01,1.760660238568e+00
6.600000000000e+00,1.580000000000e+01,1.744461531905e+00
6.600000000000e+00,1.600000000000e+01,1.728575839835e+00
6.800000000000e+00,3.000000000000e+00,inf
6.800000000000e+00,3.200000000000e+00,inf
6.800000000000e+00,3.400000000000e+00,inf
6.800000000000e+00,3.600000000000e+00,inf
6.800000000000e+00,3.800000000000e+00,inf
6.800000000000e+00,4.000000000000e+00,inf
6.800000000000e+00,4.200000000000e+00,inf
6.800000000000e+00,4.400000000000e+00,inf
6.800000000000e+00,4.600000000000e+00,4.972648033485e+00
6.800000000000e+00,4.800000000000e+00,4.675611919436e+00
6.800000000000e+00,5.000000000000e+00,4.430104794361e+00
6.800000000000e+00,5.200000000000e+00,4.222918156433e+00
6.800000000000e+00,5.400000000000e+00,4.045991061743e+00
6.800000000000e+00,5.600000000000e+00,3.892545420375e+00
6.800000000000e+00,5.800000000000e+00,3.757831047322e+00
6.800000000000e+00,6.000000000000e+00,3.638292557960e+00
6.800000000000e+00,6.200000000000e+00,3.531340976385e+00
6.800000000000e+00,6.400000000000e+00,3.434409329199e+00
6.800000000000e+00,6.600000000000e+00,3.346449755494e+00
6.800000000000e+00,6.800000000000e+00,3.265627276733e+00
6.800000000000e+00,7.000000000000e+00,3.190994621948e+00
6.800000000000e+00,7.200000000000e+00,3.121965688474e+00
6.800000000000e+00,7.400000000000e+00,3.057624934133e+00
6.800000000000e+00,7.600000000000e+00,2.997111022766e+00
6.800000000000e+00,7.800000000000e+00,2.940359807383e+00
6.800000000000e+00,8.000000000000e+00,2.886936332629e+00
6.800000000000e+00,8.200000000000e+00,2.836396189800e+00
6.800000000000e+00,8.400000000000e+00,2.788129948136e+00
6.800000000000e+00,8.600000000000e+00,2.742273457230e+00
6.800000000000e+00,8.800000000000e+00,2.698594918510e+00
6.800000000000e+00,9.000000000000e+00,2.656893839575e+00
6.800000000000e+00,9.200000000000e+00,2.616995897176e+00
6.800000000000e+00,9.400000000000e+00,2.578427093774e+00
6.800000000000e+00,9.600000000000e+00,2.541371249591e+00
6.800000000000e+00,9.800000000000e+00,2.505732382851e+00
6.800000000000e+00,1.000000000000e+01,2.471404819843e+00
6.800000000000e+00,1.020000000000e+01,2.438294566200e+00
6.800000000000e+00,1.040000000000e+01,2.406317688696e+00
6.800000000000e+00,1.060000000000e+01,2.375379254419e+00
6.800000000000e+00,1.080000000000e+01,2.345204225686e+00
6.800000000000e+00,1.100000000000e+01,2.315970803993e+00
6.800000000000e+00,1.120000000000e+01,2.287622952213e+00
6.800000000000e+00,1.140000000000e+01,2.260109757338e+00
6.800000000000e+00,1.160000000000e+01,2.233384823002e+00
6.800000000000e+00,1.180000000000e+01,2.207405747201e+00
6.800000000000e+00,1.200000000000e+01,2.182133671689e+00
6.800000000000e+00,1.220000000000e+01,2.157532891889e+00
6.800000000000e+00,1.240000000000e+01,2.133570518099e+00
6.800000000000e+00,1.260000000000e+01,2.110094806893e+00
6.800000000000e+00,1.280000000000e+01,2.087157788283e+00
6.800000000000e+00,1.300000000000e+01,2.064781710990e+00
6.800000000000e+00,1.320000000000e+01,2.042941983372e+00
6.800000000000e+00,1.340000000000e+01,2.021615698006e+00
6.800000000000e+00,1.360000000000e+01,2.000781475061e+00
6.800000000000e+00,1.380000000000e+01,1.980419323496e+00
6.800000000000e+00,1.400000000000e+01,1.960510517750e+00
6.800000000000e+00,1.420000000000e+01,1.941037487916e+00
6.800000000000e+00,1.440000000000e+01,1.921983721703e+00
6.800000000000e+00,1.460000000000e+01,1.903333676711e+00
6.800000000000e+00,1.480000000000e+01,1.885072701759e+00
6.800000000000e+00,1.500000000000e+01,1.867186966177e+00
6.800000000000e+00,1.520000000000e+01,1.849642689117e+00
6.800000000000e+00,1.540000000000e+01,1.832365832157e+00
6.800000000000e+00,1.560000000000e+01,1.815430952997e+00
6.800000000000e+00,1.580000000000e+01,1.798826756971e+00
6.800000000000e+00,1.600000000000e+01,1.782542515639e+00
7.000000000000e+00,3.000000000000e+00,inf
7.000000000000e+00,3.200000000000e+00,inf
7.000000000000e+00,3.400000000000e+00,inf
7.000000000000e+00,3.600000000000e+00,inf
7.000000000000e+00,3.800000000000e+00,inf
7.000000000000e+00,4.000000000000e+00,inf
7.000000000000e+00,4.200000000000e+00,inf
7.000000000000e+00,4.400000000000e+00,inf
7.000000000000e+00,4.600000000000e+00,5.175076917127e+00
7.000000000000e+00,4.800000000000e+00,4.855686136418e+00
7.000000000000e+00,5.000000000000e+00,4.592794228869e+00
7.000000000000e+00,5.200000000000e+00,4.371808405775e+00
7.000000000000e+00,5.400000000000e+00,4.183762713951e+00
7.000000000000e+00,5.600000000000e+00,4.021215813005e+00
7.000000000000e+00,5.800000000000e+00,3.878944155355e+00
7.000000000000e+00,6.000000000000e+00,3.753060654109e+00
7.000000000000e+00,6.200000000000e+00,3.640715492791e+00
7.000000000000e+00,6.400000000000e+00,3.539153337472e+00
7.000000000000e+00,6.600000000000e+00,3.447189054337e+00
7.000000000000e+00,6.800000000000e+00,3.362854207338e+00
7.000000000000e+00,7.000000000000e+00,3.285132237767e+00
7.000000000000e+00,7.200000000000e+00,3.213365332884e+00
7.000000000000e+00,7.400000000000e+00,3.146568781070e+00
7.000000000000e+00,7.600000000000e+00,3.083846565391e+00
7.000000000000e+00,7.800000000000e+00,3.025098941299e+00
7.000000000000e+00,8.000000000000e+00,2.969860163084e+00
7.000000000000e+00,8.200000000000e+00,2.917651030196e+00
7.000000000000e+00,8.400000000000e+00,2.867849937494e+00
7.000000000000e+00,8.600000000000e+00,2.820576188503e+00
7.000000000000e+00,8.800000000000e+00,2.775583084098e+00
7.000000000000e+00,9.000000000000e+00,2.732657539570e+00
7.000000000000e+00,9.200000000000e+00,2.691614536134e+00
7.000000000000e+00,9.400000000000e+00,2.651957527807e+00
7.000000000000e+00,9.600000000000e+00,2.613882232386e+00
7.000000000000e+00,9.800000000000e+00,2.577279977033e+00
7.000000000000e+00,1.000000000000e+01,2.542039236811e+00
7.000000000000e+00,1.020000000000e+01,2.508060941510e+00
7.000000000000e+00,1.040000000000e+01,2.475256738839e+00
7.000000000000e+00,1.060000000000e+01,2.443522599952e+00
7.000000000000e+00,1.080000000000e+01,2.412585086307e+00
7.000000000000e+00,1.100000000000e+01,2.382619900463e+00
7.000000000000e+00,1.120000000000e+01,2.353568367300e+00
7.000000000000e+00,1.140000000000e+01,2.325377240627e+00
7.000000000000e+00,1.160000000000e+01,2.297998054656e+00
7.000000000000e+00,1.180000000000e+01,2.271386566905e+00
7.000000000000e+00,1.200000000000e+01,2.245502277922e+00
7.000000000000e+00,1.220000000000e+01,2.220308015866e+00
7.000000000000e+00,1.240000000000e+01,2.195769575983e+00
7.000000000000e+00,1.260000000000e+01,2.171728081668e+00
7.000000000000e+00,1.280000000000e+01,2.148242592300e+00
7.000000000000e+00,1.300000000000e+01,2.125332383609e+00
7.000000000000e+00,1.320000000000e+01,2.102971989179e+00
7.000000000000e+00,1.340000000000e+01,2.081137708253e+00
7.000000000000e+00,1.360000000000e+01,2.059807439932e+00
7.000000000000e+00,1.380000000000e+01,2.038960536365e+00
7.000000000000e+00,1.400000000000e+01,2.018577672437e+00
7.000000000000e+00,1.420000000000e+01,1.998640729800e+00
7.000000000000e+00,1.440000000000e+01,1.979132693438e+00
7.000000000000e+00,1.460000000000e+01,1.960037559195e+00
7.000000000000e+00,1.480000000000e+01,1.941340250913e+00
7.000000000000e+00,1.500000000000e+01,1.923026546024e+00
7.000000000000e+00,1.520000000000e+01,1.905060080279e+00
7.000000000000e+00,1.540000000000e+01,1.887368356333e+00
7.000000000000e+00,1.560000000000e+01,1.870026042353e+00
7.000000000000e+00,1.580000000000e+01,1.853021552207e+00
7.000000000000e+00,1.600000000000e+01,1.836343886081e+00
7.200000000000e+00,3.000000000000e+00,inf
7.200000000000e+00,3.200000000000e+00,inf
7.200000000000e+00,3.400000000000e+00,inf
7.200000000000e+00,3.600000000000e+00,inf
7.200000000000e+00,3.800000000000e+00,inf
7.200000000000e+00,4.000000000000e+00,inf
7.200000000000e+00,4.200000000000e+00,inf
7.200000000000e+00,4.400000000000e+00,inf
7.200000000000e+00,4.600000000000e+00,5.383518567310e+00
7.200000000000e+00,4.800000000000e+00,5.040316645650e+00
7.200000000000e+00,5.000000000000e+00,4.758974242432e+00
7.200000000000e+00,5.200000000000e+00,4.523392443278e+00
7.200000000000e+00,5.400000000000e+00,4.323623705009e+00
7.200000000000e+00,5.600000000000e+00,4.151508335411e+00
7.200000000000e+00,5.800000000000e+00,4.001314639726e+00
7.200000000000e+00,6.000000000000e+00,3.868796745674e+00
7.200000000000e+00,6.200000000000e+00,3.750827194304e+00
7.200000000000e+00,6.400000000000e+00,3.644447717356e+00
7.200000000000e+00,6.600000000000e+00,3.548326841119e+00
7.200000000000e+00,6.800000000000e+00,3.460355832738e+00
7.200000000000e+00,7.000000000000e+00,3.379442314449e+00
7.200000000000e+00,7.200000000000e+00,3.304852988027e+00
7.200000000000e+00,7.400000000000e+00,3.235531023703e+00
7.200000000000e+00,7.600000000000e+00,3.170542441817e+00
7.200000000000e+00,7.800000000000e+00,3.109750148399e+00
7.200000000000e+00,8.000000000000e+00,3.052655948478e+00
7.200000000000e+00,8.200000000000e+00,2.998744750163e+00
7.200000000000e+00,8.400000000000e+00,2.947381298792e+00
7.200000000000e+00,8.600000000000e+00,2.898667613324e+00
7.200000000000e+00,8.800000000000e+00,2.852341356127e+00
7.200000000000e+00,9.000000000000e+00,2.808176237672e+00
7.200000000000e+00,9.200000000000e+00,2.765976032254e+00
7.200000000000e+00,9.400000000000e+00,2.725221410667e+00
7.200000000000e+00,9.600000000000e+00,2.686119324664e+00
7.200000000000e+00,9.800000000000e+00,2.648548209295e+00
7.200000000000e+00,1.000000000000e+01,2.612390426520e+00
7.200000000000e+00,1.020000000000e+01,2.577541606590e+00
7.200000000000e+00,1.040000000000e+01,2.543908786382e+00
7.200000000000e+00,1.060000000000e+01,2.511378714103e+00
7.200000000000e+00,1.080000000000e+01,2.479679405316e+00
7.200000000000e+00,1.100000000000e+01,2.448983902931e+00
7.200000000000e+00,1.120000000000e+01,2.419230786952e+00
7.200000000000e+00,1.140000000000e+01,2.390364385142e+00
7.200000000000e+00,1.160000000000e+01,2.362334081465e+00
7.200000000000e+00,1.180000000000e+01,2.335093722466e+00
7.200000000000e+00,1.200000000000e+01,2.308601105924e+00
7.200000000000e+00,1.220000000000e+01,2.282817538885e+00
7.200000000000e+00,1.240000000000e+01,2.257707454399e+00
7.200000000000e+00,1.260000000000e+01,2.233104827021e+00
7.200000000000e+00,1.280000000000e+01,2.209075708451e+00
7.200000000000e+00,1.300000000000e+01,2.185636342249e+00
7.200000000000e+00,1.320000000000e+01,2.162760359337e+00
7.200000000000e+00,1.340000000000e+01,2.140423241146e+00
7.200000000000e+00,1.360000000000e+01,2.118602144231e+00
7.200000000000e+00,1.380000000000e+01,2.097275745093e+00
7.200000000000e+00,1.400000000000e+01,2.076424102540e+00
7.200000000000e+00,1.420000000000e+01,2.056028535310e+00
7.200000000000e+00,1.440000000000e+01,2.036071513001e+00
7.200000000000e+00,1.460000000000e+01,2.016536558634e+00
7.200000000000e+00,1.480000000000e+01,1.997408161426e+00
7.200000000000e+00,1.500000000000e+01,1.978671698512e+00
7.200000000000e+00,1.520000000000e+01,1.960288196252e+00
7.200000000000e+00,1.540000000000e+01,1.942186759951e+00
7.200000000000e+00,1.560000000000e+01,1.924442112002e+00
7.200000000000e+00,1.580000000000e+01,1.907042370213e+00
7.200000000000e+00,1.600000000000e+01,1.889976259496e+00
7.400000000000e+00,3.000000000000e+00,inf
7.400000000000e+00,3.200000000000e+00,inf
7.400000000000e+00,3.400000000000e+00,inf
7.400000000000e+00,3.600000000000e+00,inf
7.400000000000e+00,3.800000000000e+00,inf
7.400000000000e+00,4.000000000000e+00,inf
7.400000000000e+00,4.200000000000e+00,inf
7.400000000000e+00,4.400000000000e+00,inf
7.400000000000e+00,4.600000000000e+00,5.598295009272e+00
7.400000000000e+00,4.800000000000e+00,5.229744557761e+00
7.400000000000e+00,5.000000000000e+00,4.928829989472e+00
7.400000000000e+00,5.200000000000e+00,4.677815837813e+00
7.400000000000e+00,5.400000000000e+00,4.465690896485e+00
7.400000000000e+00,5.600000000000e+00,4.283518672036e+00
7.400000000000e+00,5.800000000000e+00,4.125022164275e+00
7.400000000000e+00,6.000000000000e+00,3.985568217378e+00
7.400000000000e+00,6.200000000000e+00,3.861733819822e+00
7.400000000000e+00,6.400000000000e+00,3.750342543552e+00
7.400000000000e+00,6.600000000000e+00,3.649906986528e+00
7.400000000000e+00,6.800000000000e+00,3.558170894340e+00
7.400000000000e+00,7.000000000000e+00,3.473959325197e+00
7.400000000000e+00,7.200000000000e+00,3.396459516372e+00
7.400000000000e+00,7.400000000000e+00,3.324539420207e+00
7.400000000000e+00,7.600000000000e+00,3.257223721079e+00
7.400000000000e+00,7.800000000000e+00,3.194336142976e+00
7.400000000000e+00,8.000000000000e+00,3.135344321794e+00
7.400000000000e+00,8.200000000000e+00,3.079696126702e+00
7.400000000000e+00,8.400000000000e+00,3.026741136905e+00
7.400000000000e+00,8.600000000000e+00,2.976563325305e+00
7.400000000000e+00,8.800000000000e+00,2.928883954442e+00
7.400000000000e+00,9.000000000000e+00,2.883462898606e+00
7.400000000000e+00,9.200000000000e+00,2.840092198440e+00
7.400000000000e+00,9.400000000000e+00,2.798229495019e+00
7.400000000000e+00,9.600000000000e+00,2.758092294120e+00
7.400000000000e+00,9.800000000000e+00,2.719545934279e+00
7.400000000000e+00,1.000000000000e+01,2.682466395030e+00
7.400000000000e+00,1.020000000000e+01,2.646743777049e+00
7.400000000000e+00,1.040000000000e+01,2.612280309179e+00
7.400000000000e+00,1.060000000000e+01,2.578953391221e+00
7.400000000000e+00,1.080000000000e+01,2.546492328334e+00
7.400000000000e+00,1.100000000000e+01,2.515067348861e+00
7.400000000000e+00,1.120000000000e+01,2.484614177828e+00
7.400000000000e+00,1.140000000000e+01,2.455074621241e+00
7.400000000000e+00,1.160000000000e+01,2.426395829427e+00
7.400000000000e+00,1.180000000000e+01,2.398529665176e+00
7.400000000000e+00,1.200000000000e+01,2.371432159861e+00
7.400000000000e+00,1.220000000000e+01,2.345063043692e+00
7.400000000000e+00,1.240000000000e+01,2.319385338664e+00
7.400000000000e+00,1.260000000000e+01,2.294225857542e+00
7.400000000000e+00,1.280000000000e+01,2.269657595971e+00
7.400000000000e+00,1.300000000000e+01,2.245693710634e+00
7.400000000000e+00,1.320000000000e+01,2.222306900679e+00
7.400000000000e+00,1.340000000000e+01,2.199471804122e+00
7.400000000000e+00,1.360000000000e+01,2.177164812448e+00
7.400000000000e+00,1.380000000000e+01,2.155363906698e+00
7.400000000000e+00,1.400000000000e+01,2.134048512184e+00
7.400000000000e+00,1.420000000000e+01,2.113199369420e+00
7.400000000000e+00,1.440000000000e+01,2.092798419171e+00
7.400000000000e+00,1.460000000000e+01,2.072828699845e+00
7.400000000000e+00,1.480000000000e+01,2.053274255701e+00
7.400000000000e+00,1.500000000000e+01,2.034120054546e+00
7.400000000000e+00,1.520000000000e+01,2.015324489804e+00
7.400000000000e+00,1.540000000000e+01,1.996818323814e+00
7.400000000000e+00,1.560000000000e+01,1.978676280077e+00
7.400000000000e+00,1.580000000000e+01,1.960886175255e+00
7.400000000000e+00,1.600000000000e+01,1.943436454617e+00
7.600000000000e+00,3.000000000000e+00,inf
7.600000000000e+00,3.200000000000e+00,inf
7.600000000000e+00,3.400000000000e+00,inf
7.600000000000e+00,3.600000000000e+00,inf
7.600000000000e+00,3.800000000000e+00,inf
7.600000000000e+00,4.000000000000e+00,inf
7.600000000000e+00,4.200000000000e+00,inf
7.600000000000e+00,4.400000000000e+00,inf
7.600000000000e+00,4.600000000000e+00,5.819738292092e+00
7.600000000000e+00,4.800000000000e+00,5.424217399428e+00
7.600000000000e+00,5.000000000000e+00,5.102550742242e+00
7.600000000000e+00,5.200000000000e+00,4.835226783064e+00
7.600000000000e+00,5.400000000000e+00,4.610082802011e+00
7.600000000000e+00,5.600000000000e+00,4.417343517017e+00
7.600000000000e+00,5.800000000000e+00,4.250146983323e+00
7.600000000000e+00,6.000000000000e+00,4.103442770391e+00
7.600000000000e+00,6.200000000000e+00,3.973493251141e+00
7.600000000000e+00,6.400000000000e+00,3.856887927226e+00
7.600000000000e+00,6.600000000000e+00,3.751973337516e+00
7.600000000000e+00,6.800000000000e+00,3.656338081101e+00
7.600000000000e+00,7.000000000000e+00,3.568717684024e+00
7.600000000000e+00,7.200000000000e+00,3.488215728914e+00
7.600000000000e+00,7.400000000000e+00,3.413621693610e+00
7.600000000000e+00,7.600000000000e+00,3.343915460781e+00
7.600000000000e+00,7.800000000000e+00,3.278879655242e+00
7.600000000000e+00,8.000000000000e+00,3.217945961213e+00
7.600000000000e+00,8.200000000000e+00,3.160524010760e+00
7.600000000000e+00,8.400000000000e+00,3.105946660819e+00
7.600000000000e+00,8.600000000000e+00,3.054279051620e+00
7.600000000000e+00,8.800000000000e+00,3.005225260803e+00
7.600000000000e+00,9.000000000000e+00,2.958530676026e+00
7.600000000000e+00,9.200000000000e+00,2.913975062065e+00
7.600000000000e+00,9.400000000000e+00,2.870992770941e+00
7.600000000000e+00,9.600000000000e+00,2.829811168404e+00
7.600000000000e+00,9.800000000000e+00,2.790282287515e+00
7.600000000000e+00,1.000000000000e+01,2.752275448667e+00
7.600000000000e+00,1.020000000000e+01,2.715674986645e+00
7.600000000000e+00,1.040000000000e+01,2.680378119666e+00
7.600000000000e+00,1.060000000000e+01,2.646252774441e+00
7.600000000000e+00,1.080000000000e+01,2.613029363635e+00
7.600000000000e+00,1.100000000000e+01,2.580875150997e+00
7.600000000000e+00,1.120000000000e+01,2.549722893346e+00
7.600000000000e+00,1.140000000000e+01,2.519511776436e+00
7.600000000000e+00,1.160000000000e+01,2.490186631090e+00
7.600000000000e+00,1.180000000000e+01,2.461697261335e+00
7.600000000000e+00,1.200000000000e+01,2.433997866497e+00
7.600000000000e+00,1.220000000000e+01,2.407046542411e+00
7.600000000000e+00,1.240000000000e+01,2.380804849511e+00
7.600000000000e+00,1.260000000000e+01,2.355092428104e+00
7.600000000000e+00,1.280000000000e+01,2.329989159102e+00
7.600000000000e+00,1.300000000000e+01,2.305505061623e+00
7.600000000000e+00,1.320000000000e+01,2.281611872751e+00
7.600000000000e+00,1.340000000000e+01,2.258283360398e+00
7.600000000000e+00,1.360000000000e+01,2.235495127452e+00
7.600000000000e+00,1.380000000000e+01,2.213224438745e+00
7.600000000000e+00,1.400000000000e+01,2.191450067808e+00
7.600000000000e+00,1.420000000000e+01,2.170152160817e+00
7.600000000000e+00,1.440000000000e+01,2.149312115506e+00
7.600000000000e+00,1.460000000000e+01,2.128912473176e+00
7.600000000000e+00,1.480000000000e+01,2.108936822139e+00
7.600000000000e+00,1.500000000000e+01,2.089369711227e+00
7.600000000000e+00,1.520000000000e+01,2.070166879653e+00
7.600000000000e+00,1.540000000000e+01,2.051260794409e+00
7.600000000000e+00,1.560000000000e+01,2.032726129931e+00
7.600000000000e+00,1.580000000000e+01,2.014550396166e+00
7.600000000000e+00,1.600000000000e+01,1.996721753917e+00
7.800000000000e+00,3.000000000000e+00,inf
7.800000000000e+00,3.200000000000e+00,inf
7.800000000000e+00,3.400000000000e+00,inf
7.800000000000e+00,3.600000000000e+00,inf
7.800000000000e+00,3.800000000000e+00,inf
7.800000000000e+00,4.000000000000e+00,inf
7.800000000000e+00,4.200000000000e+00,inf
7.800000000000e+00,4.400000000000e+00,inf
7.800000000000e+00,4.600000000000e+00,6.048190945495e+00
7.800000000000e+00,4.800000000000e+00,5.623989416847e+00
7.800000000000e+00,5.000000000000e+00,5.280330098252e+00
7.800000000000e+00,5.200000000000e+00,4.995776241458e+00
7.800000000000e+00,5.400000000000e+00,4.756919686999e+00
7.800000000000e+00,5.600000000000e+00,4.553080642067e+00
7.800000000000e+00,5.800000000000e+00,4.376769985900e+00
7.800000000000e+00,6.000000000000e+00,4.222488448398e+00
7.800000000000e+00,6.200000000000e+00,4.086163524974e+00
7.800000000000e+00,6.400000000000e+00,3.964134016670e+00
7.800000000000e+00,6.600000000000e+00,3.854569708752e+00
7.800000000000e+00,6.800000000000e+00,3.754896013666e+00
7.800000000000e+00,7.000000000000e+00,3.663751723620e+00
7.800000000000e+00,7.200000000000e+00,3.580152357819e+00
7.800000000000e+00,7.400000000000e+00,3.502805500319e+00
7.800000000000e+00,7.600000000000e+00,3.430642671927e+00
7.800000000000e+00,7.800000000000e+00,3.363403393062e+00
7.800000000000e+00,8.000000000000e+00,3.300481549249e+00
7.800000000000e+00,8.200000000000e+00,3.241247284406e+00
7.800000000000e+00,8.400000000000e+00,3.185015138975e+00
7.800000000000e+00,8.600000000000e+00,3.131830606827e+00
7.800000000000e+00,8.800000000000e+00,3.081379771460e+00
7.800000000000e+00,9.000000000000e+00,3.033392864081e+00
7.800000000000e+00,9.200000000000e+00,2.987631638752e+00
7.800000000000e+00,9.400000000000e+00,2.943522416157e+00
7.800000000000e+00,9.600000000000e+00,2.901286184844e+00
7.800000000000e+00,9.800000000000e+00,2.860766634788e+00
7.800000000000e+00,1.000000000000e+01,2.821826143142e+00
7.800000000000e+00,1.020000000000e+01,2.784343036233e+00
7.800000000000e+00,1.040000000000e+01,2.748209313745e+00
7.800000000000e+00,1.060000000000e+01,2.713283304659e+00
7.800000000000e+00,1.080000000000e+01,2.679296331180e+00
7.800000000000e+00,1.100000000000e+01,2.646412546526e+00
7.800000000000e+00,1.120000000000e+01,2.614561623014e+00
7.800000000000e+00,1.140000000000e+01,2.583680024939e+00
7.800000000000e+00,1.160000000000e+01,2.553710175341e+00
7.800000000000e+00,1.180000000000e+01,2.524599742317e+00
7.800000000000e+00,1.200000000000e+01,2.496301025561e+00
7.800000000000e+00,1.220000000000e+01,2.468770427238e+00
7.800000000000e+00,1.240000000000e+01,2.441967994121e+00
7.800000000000e+00,1.260000000000e+01,2.415706185287e+00
7.800000000000e+00,1.280000000000e+01,2.390071698889e+00
7.800000000000e+00,1.300000000000e+01,2.365071369386e+00
7.800000000000e+00,1.320000000000e+01,2.340675940378e+00
7.800000000000e+00,1.340000000000e+01,2.316858281934e+00
7.800000000000e+00,1.360000000000e+01,2.293593183848e+00
7.800000000000e+00,1.380000000000e+01,2.270857173105e+00
7.800000000000e+00,1.400000000000e+01,2.248628352333e+00
7.800000000000e+00,1.420000000000e+01,2.226886256475e+00
7.800000000000e+00,1.440000000000e+01,2.205611725319e+00
7.800000000000e+00,1.460000000000e+01,2.184786789884e+00
7.800000000000e+00,1.480000000000e+01,2.164394570922e+00
7.800000000000e+00,1.500000000000e+01,2.144419188048e+00
7.800000000000e+00,1.520000000000e+01,2.124813707068e+00
7.800000000000e+00,1.540000000000e+01,2.105512340911e+00
7.800000000000e+00,1.560000000000e+01,2.086589667530e+00
7.800000000000e+00,1.580000000000e+01,2.068032884127e+00
7.800000000000e+00,1.600000000000e+01,2.049829861783e+00
8.000000000000e+00,3.000000000000e+00,inf
8.000000000000e+00,3.200000000000e+00,inf
8.000000000000e+00,3.400000000000e+00,inf
8.000000000000e+00,3.600000000000e+00,inf
8.000000000000e+00,3.800000000000e+00,inf
8.000000000000e+00,4.000000000000e+00,inf
8.000000000000e+00,4.200000000000e+00,inf
8.000000000000e+00,4.400000000000e+00,inf
8.000000000000e+00,4.600000000000e+00,inf
8.000000000000e+00,4.800000000000e+00,5.829321885510e+00
8.000000000000e+00,5.000000000000e+00,5.462366192599e+00
8.000000000000e+00,5.200000000000e+00,5.159618092776e+00
8.000000000000e+00,5.400000000000e+00,4.906323673247e+00
8.000000000000e+00,5.600000000000e+00,4.690828969613e+00
8.000000000000e+00,5.800000000000e+00,4.504972745552e+00
8.000000000000e+00,6.000000000000e+00,4.342773669588e+00
8.000000000000e+00,6.200000000000e+00,4.199802851163e+00
8.000000000000e+00,6.400000000000e+00,4.072131004389e+00
8.000000000000e+00,6.600000000000e+00,3.957739880710e+00
8.000000000000e+00,6.800000000000e+00,3.853883235249e+00
8.000000000000e+00,7.000000000000e+00,3.759095680083e+00
8.000000000000e+00,7.200000000000e+00,3.672300036016e+00
8.000000000000e+00,7.400000000000e+00,3.592118405590e+00
8.000000000000e+00,7.600000000000e+00,3.517430290733e+00
8.000000000000e+00,7.800000000000e+00,3.447930010667e+00
8.000000000000e+00,8.000000000000e+00,3.382971738839e+00
8.000000000000e+00,8.200000000000e+00,3.321884824882e+00
8.000000000000e+00,8.400000000000e+00,3.263963861440e+00
8.000000000000e+00,8.600000000000e+00,3.209233853468e+00
8.000000000000e+00,8.800000000000e+00,3.157362056438e+00
8.000000000000e+00,9.000000000000e+00,3.108062855601e+00
8.000000000000e+00,9.200000000000e+00,3.061079253775e+00
8.000000000000e+00,9.400000000000e+00,3.015829752735e+00
8.000000000000e+00,9.600000000000e+00,2.972527746576e+00
8.000000000000e+00,9.800000000000e+00,2.931008527810e+00
8.000000000000e+00,1.000000000000e+01,2.891127238875e+00
8.000000000000e+00,1.020000000000e+01,2.852755948862e+00
8.000000000000e+00,1.040000000000e+01,2.815781225718e+00
8.000000000000e+00,1.060000000000e+01,2.780051675462e+00
8.000000000000e+00,1.080000000000e+01,2.745299317532e+00
8.000000000000e+00,1.100000000000e+01,2.711685052032e+00
8.000000000000e+00,1.120000000000e+01,2.679135347472e+00
8.000000000000e+00,1.140000000000e+01,2.647583842836e+00
8.000000000000e+00,1.160000000000e+01,2.616970462751e+00
8.000000000000e+00,1.180000000000e+01,2.587240660116e+00
8.000000000000e+00,1.200000000000e+01,2.558344765519e+00
8.000000000000e+00,1.220000000000e+01,2.530237426464e+00
8.000000000000e+00,1.240000000000e+01,2.502877122416e+00
8.000000000000e+00,1.260000000000e+01,2.476069124000e+00
8.000000000000e+00,1.280000000000e+01,2.449906870106e+00
8.000000000000e+00,1.300000000000e+01,2.424393966645e+00
8.000000000000e+00,1.320000000000e+01,2.399500131222e+00
8.000000000000e+00,1.340000000000e+01,2.375197307322e+00
8.000000000000e+00,1.360000000000e+01,2.351459446213e+00
8.000000000000e+00,1.380000000000e+01,2.328262314529e+00
8.000000000000e+00,1.400000000000e+01,2.305583324074e+00
8.000000000000e+00,1.420000000000e+01,2.283401380919e+00
8.000000000000e+00,1.440000000000e+01,2.261696751290e+00
8.000000000000e+00,1.460000000000e+01,2.240450942105e+00
8.000000000000e+00,1.480000000000e+01,2.219646594328e+00
8.000000000000e+00,1.500000000000e+01,2.199267387550e+00
8.000000000000e+00,1.520000000000e+01,2.179263696889e+00
8.000000000000e+00,1.540000000000e+01,2.159571516551e+00
8.000000000000e+00,1.560000000000e+01,2.140265283175e+00
8.000000000000e+00,1.580000000000e+01,2.121331874736e+00
8.000000000000e+00,1.600000000000e+01,2.102758866916e+00
8.200000000000e+00,3.000000000000e+00,inf
8.200000000000e+00,3.200000000000e+00,inf
8.200000000000e+00,3.400000000000e+00,inf
8.200000000000e+00,3.600000000000e+00,inf
8.200000000000e+00,3.800000000000e+00,inf
8.200000000000e+00,4.000000000000e+00,inf
8.200000000000e+00,4.200000000000e+00,inf
8.200000000000e+00,4.400000000000e+00,inf
8.200000000000e+00,4.600000000000e+00,inf
8.200000000000e+00,4.800000000000e+00,6.040483425809e+00
8.200000000000e+00,5.000000000000e+00,5.648861914381e+00
8.200000000000e+00,5.200000000000e+00,5.326909286457e+00
8.200000000000e+00,5.400000000000e+00,5.058418847317e+00
8.200000000000e+00,5.600000000000e+00,4.830688650032e+00
8.200000000000e+00,5.800000000000e+00,4.634837574596e+00
8.200000000000e+00,6.000000000000e+00,4.464367263440e+00
8.200000000000e+00,6.200000000000e+00,4.314469635941e+00
8.200000000000e+00,6.400000000000e+00,4.180929139519e+00
8.200000000000e+00,6.600000000000e+00,4.061527603292e+00
8.200000000000e+00,6.800000000000e+00,3.953338208182e+00
8.200000000000e+00,7.000000000000e+00,3.854783683445e+00
8.200000000000e+00,7.200000000000e+00,3.764689282675e+00
8.200000000000e+00,7.400000000000e+00,3.681587864924e+00
8.200000000000e+00,7.600000000000e+00,3.604303156395e+00
8.200000000000e+00,7.800000000000e+00,3.532482083345e+00
8.200000000000e+00,8.000000000000e+00,3.465437125420e+00
8.200000000000e+00,8.200000000000e+00,3.402455474609e+00
8.200000000000e+00,8.400000000000e+00,3.342810108014e+00
8.200000000000e+00,8.600000000000e+00,3.286504668558e+00
8.200000000000e+00,8.800000000000e+00,3.233186724666e+00
8.200000000000e+00,9.000000000000e+00,3.182554106087e+00
8.200000000000e+00,9.200000000000e+00,3.134330597813e+00
8.200000000000e+00,9.400000000000e+00,3.087926209444e+00
8.200000000000e+00,9.600000000000e+00,3.043546384240e+00
8.200000000000e+00,9.800000000000e+00,3.001017665396e+00
8.200000000000e+00,1.000000000000e+01,2.960187661772e+00
8.200000000000e+00,1.020000000000e+01,2.920921930233e+00
8.200000000000e+00,1.040000000000e+01,2.883101388531e+00
8.200000000000e+00,1.060000000000e+01,2.846564793291e+00
8.200000000000e+00,1.080000000000e+01,2.811044635937e+00
8.200000000000e+00,1.100000000000e+01,2.776698423538e+00
8.200000000000e+00,1.120000000000e+01,2.743449298559e+00
8.200000000000e+00,1.140000000000e+01,2.711227968222e+00
8.200000000000e+00,1.160000000000e+01,2.679971765810e+00
8.200000000000e+00,1.180000000000e+01,2.649623847712e+00
8.200000000000e+00,1.200000000000e+01,2.620132504109e+00
8.200000000000e+00,1.220000000000e+01,2.591450565194e+00
8.200000000000e+00,1.240000000000e+01,2.563534887993e+00
8.200000000000e+00,1.260000000000e+01,2.536183548668e+00
8.200000000000e+00,1.280000000000e+01,2.509496642681e+00
8.200000000000e+00,1.300000000000e+01,2.483474506356e+00
8.200000000000e+00,1.320000000000e+01,2.458085797739e+00
8.200000000000e+00,1.340000000000e+01,2.433301504013e+00
8.200000000000e+00,1.360000000000e+01,2.409094711599e+00
8.200000000000e+00,1.380000000000e+01,2.385440403446e+00
8.200000000000e+00,1.400000000000e+01,2.362315279837e+00
8.200000000000e+00,1.420000000000e+01,2.339697599615e+00
8.200000000000e+00,1.440000000000e+01,2.317567039159e+00
8.200000000000e+00,1.460000000000e+01,2.295904566842e+00
8.200000000000e+00,1.480000000000e+01,2.274692331028e+00
8.200000000000e+00,1.500000000000e+01,2.253913559930e+00
8.200000000000e+00,1.520000000000e+01,2.233515922450e+00
8.200000000000e+00,1.540000000000e+01,2.213437223842e+00
8.200000000000e+00,1.560000000000e+01,2.193751717020e+00
8.200000000000e+00,1.580000000000e+01,2.174445953826e+00
8.200000000000e+00,1.600000000000e+01,2.155507208459e+00
8.400000000000e+00,3.000000000000e+00,inf
8.400000000000e+00,3.200000000000e+00,inf
8.400000000000e+00,3.400000000000e+00,inf
8.400000000000e+00,3.600000000000e+00,inf
8.400000000000e+00,3.800000000000e+00,inf
8.400000000000e+00,4.000000000000e+00,inf
8.400000000000e+00,4.200000000000e+00,inf
8.400000000000e+00,4.400000000000e+00,inf
8.400000000000e+00,4.600000000000e+00,inf
8.400000000000e+00,4.800000000000e+00,6.257750324219e+00
8.400000000000e+00,5.000000000000e+00,5.840025126587e+00
8.400000000000e+00,5.200000000000e+00,5.497809996799e+00
8.400000000000e+00,5.400000000000e+00,5.213331371865e+00
8.400000000000e+00,5.600000000000e+00,4.972761142096e+00
8.400000000000e+00,5.800000000000e+00,4.766447581863e+00
8.400000000000e+00,6.000000000000e+00,4.587338511339e+00
8.400000000000e+00,6.200000000000e+00,4.430222509299e+00
8.400000000000e+00,6.400000000000e+00,4.290578744601e+00
8.400000000000e+00,6.600000000000e+00,4.165976604042e+00
8.400000000000e+00,6.800000000000e+00,4.053299315201e+00
8.400000000000e+00,7.000000000000e+00,3.950849753087e+00
8.400000000000e+00,7.200000000000e+00,3.857350493690e+00
8.400000000000e+00,7.400000000000e+00,3.771241210520e+00
8.400000000000e+00,7.600000000000e+00,3.691285993976e+00
8.400000000000e+00,7.800000000000e+00,3.617082087284e+00
8.400000000000e+00,8.000000000000e+00,3.547898224171e+00
8.400000000000e+00,8.200000000000e+00,3.482978016335e+00
8.400000000000e+00,8.400000000000e+00,3.421571121456e+00
8.400000000000e+00,8.600000000000e+00,3.363658915179e+00
8.400000000000e+00,8.800000000000e+00,3.308868394170e+00
8.400000000000e+00,9.000000000000e+00,3.256880102728e+00
8.400000000000e+00,9.200000000000e+00,3.207398125783e+00
8.400000000000e+00,9.400000000000e+00,3.159823289035e+00
8.400000000000e+00,9.600000000000e+00,3.114352722570e+00
8.400000000000e+00,9.800000000000e+00,3.070803859482e+00
8.400000000000e+00,1.000000000000e+01,3.029016468775e+00
8.400000000000e+00,1.020000000000e+01,2.988849333886e+00
8.400000000000e+00,1.040000000000e+01,2.950177498668e+00
8.400000000000e+00,1.060000000000e+01,2.912829742193e+00
8.400000000000e+00,1.080000000000e+01,2.876538790919e+00
8.400000000000e+00,1.100000000000e+01,2.841458621032e+00
8.400000000000e+00,1.120000000000e+01,2.807508923796e+00
8.400000000000e+00,1.140000000000e+01,2.774617365681e+00
8.400000000000e+00,1.160000000000e+01,2.742718593456e+00
8.400000000000e+00,1.180000000000e+01,2.711753383685e+00
8.400000000000e+00,1.200000000000e+01,2.681667913055e+00
8.400000000000e+00,1.220000000000e+01,2.652413130201e+00
8.400000000000e+00,1.240000000000e+01,2.623944213121e+00
8.400000000000e+00,1.260000000000e+01,2.596052038441e+00
8.400000000000e+00,1.280000000000e+01,2.568843267102e+00
8.400000000000e+00,1.300000000000e+01,2.542314927317e+00
8.400000000000e+00,1.320000000000e+01,2.516434582995e+00
8.400000000000e+00,1.340000000000e+01,2.491172234369e+00
8.400000000000e+00,1.360000000000e+01,2.466500075826e+00
8.400000000000e+00,1.380000000000e+01,2.442392282492e+00
8.400000000000e+00,1.400000000000e+01,2.418824821695e+00
8.400000000000e+00,1.420000000000e+01,2.395775286003e+00
8.400000000000e+00,1.440000000000e+01,2.373222745018e+00
8.400000000000e+00,1.460000000000e+01,2.351147613520e+00
8.400000000000e+00,1.480000000000e+01,2.329531533900e+00
8.400000000000e+00,1.500000000000e+01,2.308357271110e+00
8.400000000000e+00,1.520000000000e+01,2.287569773921e+00
8.400000000000e+00,1.540000000000e+01,2.267108683184e+00
8.400000000000e+00,1.560000000000e+01,2.247048027954e+00
8.400000000000e+00,1.580000000000e+01,2.227374026613e+00
8.400000000000e+00,1.600000000000e+01,2.208073645403e+00
8.600000000000e+00,3.000000000000e+00,inf
8.600000000000e+00,3.200000000000e+00,inf
8.600000000000e+00,3.400000000000e+00,inf
8.600000000000e+00,3.600000000000e+00,inf
8.600000000000e+00,3.800000000000e+00,inf
8.600000000000e+00,4.000000000000e+00,inf
8.600000000000e+00,4.200000000000e+00,inf
8.600000000000e+00,4.400000000000e+00,inf
8.600000000000e+00,4.600000000000e+00,inf
8.600000000000e+00,4.800000000000e+00,6.481406860063e+00
8.600000000000e+00,5.000000000000e+00,6.036068889090e+00
8.600000000000e+00,5.200000000000e+00,5.672483780484e+00
8.600000000000e+00,5.400000000000e+00,5.371189599199e+00
8.600000000000e+00,5.600000000000e+00,5.117149295863e+00
8.600000000000e+00,5.800000000000e+00,4.899886733190e+00
8.600000000000e+00,6.000000000000e+00,4.711757190243e+00
8.600000000000e+00,6.200000000000e+00,4.547120355671e+00
8.600000000000e+00,6.400000000000e+00,4.401130235945e+00
8.600000000000e+00,6.600000000000e+00,4.271130600162e+00
8.600000000000e+00,6.800000000000e+00,4.153804864696e+00
8.600000000000e+00,7.000000000000e+00,4.047327797268e+00
8.600000000000e+00,7.200000000000e+00,3.950313936395e+00
8.600000000000e+00,7.400000000000e+00,3.861105642027e+00
8.600000000000e+00,7.600000000000e+00,3.778403401665e+00
8.600000000000e+00,7.800000000000e+00,3.701752383841e+00
8.600000000000e+00,8.000000000000e+00,3.630375451701e+00
8.600000000000e+00,8.200000000000e+00,3.563471152737e+00
8.600000000000e+00,8.400000000000e+00,3.500264085175e+00
8.600000000000e+00,8.600000000000e+00,3.440712418522e+00
8.600000000000e+00,8.800000000000e+00,3.384421666717e+00
8.600000000000e+00,9.000000000000e+00,3.331054337823e+00
8.600000000000e+00,9.200000000000e+00,3.280294317948e+00
8.600000000000e+00,9.400000000000e+00,3.231532539855e+00
8.600000000000e+00,9.600000000000e+00,3.184957451265e+00
8.600000000000e+00,9.800000000000e+00,3.140377005378e+00
8.600000000000e+00,1.000000000000e+01,3.097622817603e+00
8.600000000000e+00,1.020000000000e+01,3.056546630525e+00
8.600000000000e+00,1.040000000000e+01,3.017017385150e+00
8.600000000000e+00,1.060000000000e+01,2.978853752613e+00
8.600000000000e+00,1.080000000000e+01,2.941788446891e+00
8.600000000000e+00,1.100000000000e+01,2.905971776916e+00
8.600000000000e+00,1.120000000000e+01,2.871319854752e+00
8.600000000000e+00,1.140000000000e+01,2.837757194620e+00
8.600000000000e+00,1.160000000000e+01,2.805215659397e+00
8.600000000000e+00,1.180000000000e+01,2.773633560562e+00
8.600000000000e+00,1.200000000000e+01,2.742954886481e+00
8.600000000000e+00,1.220000000000e+01,2.713128638419e+00
8.600000000000e+00,1.240000000000e+01,2.684108257358e+00
8.600000000000e+00,1.260000000000e+01,2.655677415961e+00
8.600000000000e+00,1.280000000000e+01,2.627949243325e+00
8.600000000000e+00,1.300000000000e+01,2.600917423241e+00
8.600000000000e+00,1.320000000000e+01,2.574548389919e+00
8.600000000000e+00,1.340000000000e+01,2.548811125096e+00
8.600000000000e+00,1.360000000000e+01,2.523676903103e+00
8.600000000000e+00,1.380000000000e+01,2.499119066340e+00
8.600000000000e+00,1.400000000000e+01,2.475112827030e+00
8.600000000000e+00,1.420000000000e+01,2.451635091750e+00
8.600000000000e+00,1.440000000000e+01,2.428664305778e+00
8.600000000000e+00,1.460000000000e+01,2.406180314674e+00
8.600000000000e+00,1.480000000000e+01,2.384164240943e+00
8.600000000000e+00,1.500000000000e+01,2.362598373884e+00
8.600000000000e+00,1.520000000000e+01,2.341424929697e+00
8.600000000000e+00,1.540000000000e+01,2.320585404490e+00
8.600000000000e+00,1.560000000000e+01,2.300153565449e+00
8.600000000000e+00,1.580000000000e+01,2.280115289774e+00
8.600000000000e+00,1.600000000000e+01,2.260457228896e+00
8.800000000000e+00,3.000000000000e+00,inf
8.800000000000e+00,3.200000000000e+00,inf
8.800000000000e+00,3.400000000000e+00,inf
8.800000000000e+00,3.600000000000e+00,inf
8.800000000000e+00,3.800000000000e+00,inf
8.800000000000e+00,4.000000000000e+00,inf
8.800000000000e+00,4.200000000000e+00,inf
8.800000000000e+00,4.400000000000e+00,inf
8.800000000000e+00,4.600000000000e+00,inf
8.800000000000e+00,4.800000000000e+00,6.711745638029e+00
8.800000000000e+00,5.000000000000e+00,6.237211684517e+00
8.800000000000e+00,5.200000000000e+00,5.851097736004e+00
8.800000000000e+00,5.400000000000e+00,5.532124186560e+00
8.800000000000e+00,5.600000000000e+00,5.263957437432e+00
8.800000000000e+00,5.800000000000e+00,5.035239914007e+00
8.800000000000e+00,6.000000000000e+00,4.837693618745e+00
8.800000000000e+00,6.200000000000e+00,4.665222347268e+00
8.800000000000e+00,6.400000000000e+00,4.512634146887e+00
8.800000000000e+00,6.600000000000e+00,4.377033313656e+00
8.800000000000e+00,6.800000000000e+00,4.254893099253e+00
8.800000000000e+00,7.000000000000e+00,4.144251616100e+00
8.800000000000e+00,7.200000000000e+00,4.043609747858e+00
8.800000000000e+00,7.400000000000e+00,3.951208220968e+00
8.800000000000e+00,7.600000000000e+00,3.865679841785e+00
8.800000000000e+00,7.800000000000e+00,3.786515207607e+00
8.800000000000e+00,8.000000000000e+00,3.712889111600e+00
8.800000000000e+00,8.200000000000e+00,3.643953489874e+00
8.800000000000e+00,8.400000000000e+00,3.578906104785e+00
8.800000000000e+00,8.600000000000e+00,3.517680945802e+00
8.800000000000e+00,8.800000000000e+00,3.459861106302e+00
8.800000000000e+00,9.000000000000e+00,3.405090286065e+00
8.800000000000e+00,9.200000000000e+00,3.353031656222e+00
8.800000000000e+00,9.400000000000e+00,3.303065531252e+00
8.800000000000e+00,9.600000000000e+00,3.255371299625e+00
8.800000000000e+00,9.800000000000e+00,3.209747055753e+00
8.800000000000e+00,1.000000000000e+01,3.166015940196e+00
8.800000000000e+00,1.020000000000e+01,3.124022381005e+00
8.800000000000e+00,1.040000000000e+01,3.083628982149e+00
8.800000000000e+00,1.060000000000e+01,3.044644173767e+00
8.800000000000e+00,1.080000000000e+01,3.006800400273e+00
8.800000000000e+00,1.100000000000e+01,2.970244167964e+00
8.800000000000e+00,1.120000000000e+01,2.934887878867e+00
8.800000000000e+00,1.140000000000e+01,2.900652780999e+00
8.800000000000e+00,1.160000000000e+01,2.867467853803e+00
8.800000000000e+00,1.180000000000e+01,2.835268856499e+00
8.800000000000e+00,1.200000000000e+01,2.803997512604e+00
8.800000000000e+00,1.220000000000e+01,2.773600808685e+00
8.800000000000e+00,1.240000000000e+01,2.744030389349e+00
8.800000000000e+00,1.260000000000e+01,2.715062719279e+00
8.800000000000e+00,1.280000000000e+01,2.686817292801e+00
8.800000000000e+00,1.300000000000e+01,2.659284414899e+00
8.800000000000e+00,1.320000000000e+01,2.632429353583e+00
8.800000000000e+00,1.340000000000e+01,2.606220039672e+00
8.800000000000e+00,1.360000000000e+01,2.580626798621e+00
8.800000000000e+00,1.380000000000e+01,2.555622114458e+00
8.800000000000e+00,1.400000000000e+01,2.531180421457e+00
8.800000000000e+00,1.420000000000e+01,2.507277919858e+00
8.800000000000e+00,1.440000000000e+01,2.483892412465e+00
8.800000000000e+00,1.460000000000e+01,2.461003159438e+00
8.800000000000e+00,1.480000000000e+01,2.438590748960e+00
8.800000000000e+00,1.500000000000e+01,2.416636981797e+00
8.800000000000e+00,1.520000000000e+01,2.395081330479e+00
8.800000000000e+00,1.540000000000e+01,2.373867161464e+00
8.800000000000e+00,1.560000000000e+01,2.353067944046e+00
8.800000000000e+00,1.580000000000e+01,2.332669206133e+00
8.800000000000e+00,1.600000000000e+01,2.312657277133e+00
9.000000000000e+00,3.000000000000e+00,inf
9.000000000000e+00,3.200000000000e+00,inf
9.000000000000e+00,3.400000000000e+00,inf
9.000000000000e+00,3.600000000000e+00,inf
9.000000000000e+00,3.800000000000e+00,inf
9.000000000000e+00,4.000000000000e+00,inf
9.000000000000e+00,4.200000000000e+00,inf
9.000000000000e+00,4.400000000000e+00,inf
9.000000000000e+00,4.600000000000e+00,inf
9.000000000000e+00,4.800000000000e+00,6.949067926788e+00
9.000000000000e+00,5.000000000000e+00,6.443677646917e+00
9.000000000000e+00,5.200000000000e+00,6.033822664679e+00
9.000000000000e+00,5.400000000000e+00,5.696268212700e+00
9.000000000000e+00,5.600000000000e+00,5.413291455071e+00
9.000000000000e+00,5.800000000000e+00,5.172592993517e+00
9.000000000000e+00,6.000000000000e+00,4.965218704988e+00
9.000000000000e+00,6.200000000000e+00,4.784587979511e+00
9.000000000000e+00,6.400000000000e+00,4.625141153399e+00
9.000000000000e+00,6.600000000000e+00,4.483728489031e+00
9.000000000000e+00,6.800000000000e+00,4.356602206923e+00
9.000000000000e+00,7.000000000000e+00,4.241654907423e+00
9.000000000000e+00,7.200000000000e+00,4.137267936208e+00
9.000000000000e+00,7.400000000000e+00,4.041575868268e+00
9.000000000000e+00,7.600000000000e+00,3.953139634990e+00
9.000000000000e+00,7.800000000000e+00,3.871392657750e+00
9.000000000000e+00,8.000000000000e+00,3.795459383288e+00
9.000000000000e+00,8.200000000000e+00,3.724443523989e+00
9.000000000000e+00,8.400000000000e+00,3.657514193025e+00
9.000000000000e+00,8.600000000000e+00,3.594580189552e+00
9.000000000000e+00,8.800000000000e+00,3.535201221032e+00
9.000000000000e+00,9.000000000000e+00,3.479001385185e+00
9.000000000000e+00,9.200000000000e+00,3.425622603837e+00
9.000000000000e+00,9.400000000000e+00,3.374433832317e+00
9.000000000000e+00,9.600000000000e+00,3.325605014505e+00
9.000000000000e+00,9.800000000000e+00,3.278923997909e+00
9.000000000000e+00,1.000000000000e+01,3.234205119410e+00
9.000000000000e+00,1.020000000000e+01,3.191285212549e+00
9.000000000000e+00,1.040000000000e+01,3.150020304799e+00
9.000000000000e+00,1.060000000000e+01,3.110208449162e+00
9.000000000000e+00,1.080000000000e+01,3.071581554756e+00
9.000000000000e+00,1.100000000000e+01,3.034282190356e+00
9.000000000000e+00,1.120000000000e+01,2.998218914323e+00
9.000000000000e+00,1.140000000000e+01,2.963309592079e+00
9.000000000000e+00,1.160000000000e+01,2.929480217963e+00
9.000000000000e+00,1.180000000000e+01,2.896663909890e+00
9.000000000000e+00,1.200000000000e+01,2.864800048332e+00
9.000000000000e+00,1.220000000000e+01,2.833833536344e+00
9.000000000000e+00,1.240000000000e+01,2.803714161468e+00
9.000000000000e+00,1.260000000000e+01,2.774211176575e+00
9.000000000000e+00,1.280000000000e+01,2.745450333266e+00
9.000000000000e+00,1.300000000000e+01,2.717418525006e+00
9.000000000000e+00,1.320000000000e+01,2.690079816185e+00
9.000000000000e+00,1.340000000000e+01,2.663401053446e+00
9.000000000000e+00,1.360000000000e+01,2.637351583774e+00
9.000000000000e+00,1.380000000000e+01,2.611903006459e+00
9.000000000000e+00,1.400000000000e+01,2.587028954329e+00
9.000000000000e+00,1.420000000000e+01,2.562704900314e+00
9.000000000000e+00,1.440000000000e+01,2.538907986028e+00
9.000000000000e+00,1.460000000000e+01,2.515616869512e+00
9.000000000000e+00,1.480000000000e+01,2.492811589686e+00
9.000000000000e+00,1.500000000000e+01,2.470473445440e+00
9.000000000000e+00,1.520000000000e+01,2.448539155757e+00
9.000000000000e+00,1.540000000000e+01,2.426953968254e+00
9.000000000000e+00,1.560000000000e+01,2.405791020181e+00
9.000000000000e+00,1.580000000000e+01,2.385035481670e+00
9.000000000000e+00,1.600000000000e+01,2.364673352543e+00
9.200000000000e+00,3.000000000000e+00,inf
9.200000000000e+00,3.200000000000e+00,inf
9.200000000000e+00,3.400000000000e+00,inf
9.200000000000e+00,3.600000000000e+00,inf
9.200000000000e+00,3.800000000000e+00,inf
9.200000000000e+00,4.000000000000e+00,inf
9.200000000000e+00,4.200000000000e+00,inf
9.200000000000e+00,4.400000000000e+00,inf
9.200000000000e+00,4.600000000000e+00,inf
9.200000000000e+00,4.800000000000e+00,inf
9.200000000000e+00,5.000000000000e+00,6.655696793284e+00
9.200000000000e+00,5.200000000000e+00,6.220833233087e+00
9.200000000000e+00,5.400000000000e+00,5.863757295451e+00
9.200000000000e+00,5.600000000000e+00,5.565258886345e+00
9.200000000000e+00,5.800000000000e+00,5.312032890044e+00
9.200000000000e+00,6.000000000000e+00,5.094403995984e+00
9.200000000000e+00,6.200000000000e+00,4.905277108109e+00
9.200000000000e+00,6.400000000000e+00,4.738702101572e+00
9.200000000000e+00,6.600000000000e+00,4.591259913092e+00
9.200000000000e+00,6.800000000000e+00,4.458970334752e+00
9.200000000000e+00,7.000000000000e+00,4.339571275087e+00
9.200000000000e+00,7.200000000000e+00,4.231318384500e+00
9.200000000000e+00,7.400000000000e+00,4.132235364435e+00
9.200000000000e+00,7.600000000000e+00,4.040806957214e+00
9.200000000000e+00,7.800000000000e+00,3.956406692159e+00
9.200000000000e+00,8.000000000000e+00,3.878106313745e+00
9.200000000000e+00,8.200000000000e+00,3.804959631198e+00
9.200000000000e+00,8.400000000000e+00,3.736105257608e+00
9.200000000000e+00,8.600000000000e+00,3.671425753857e+00
9.200000000000e+00,8.800000000000e+00,3.610456447955e+00
9.200000000000e+00,9.000000000000e+00,3.552801019567e+00
9.200000000000e+00,9.200000000000e+00,3.498079587950e+00
9.200000000000e+00,9.400000000000e+00,3.445648993563e+00
9.200000000000e+00,9.600000000000e+00,3.395669341181e+00
9.200000000000e+00,9.800000000000e+00,3.347917833964e+00
9.200000000000e+00,1.000000000000e+01,3.302199668605e+00
9.200000000000e+00,1.020000000000e+01,3.258343797820e+00
9.200000000000e+00,1.040000000000e+01,3.216199427841e+00
9.200000000000e+00,1.060000000000e+01,3.175554094930e+00
9.200000000000e+00,1.080000000000e+01,3.136138899322e+00
9.200000000000e+00,1.100000000000e+01,3.098092337458e+00
9.200000000000e+00,1.120000000000e+01,3.061318987624e+00
9.200000000000e+00,1.140000000000e+01,3.025733213853e+00
9.200000000000e+00,1.160000000000e+01,2.991257921611e+00
9.200000000000e+00,1.180000000000e+01,2.957823496607e+00
9.200000000000e+00,1.200000000000e+01,2.925366896451e+00
9.200000000000e+00,1.220000000000e+01,2.893830870416e+00
9.200000000000e+00,1.240000000000e+01,2.863163286988e+00
9.200000000000e+00,1.260000000000e+01,2.833126183371e+00
9.200000000000e+00,1.280000000000e+01,2.803851455997e+00
9.200000000000e+00,1.300000000000e+01,2.775322555529e+00
9.200000000000e+00,1.320000000000e+01,2.747502304436e+00
9.200000000000e+00,1.340000000000e+01,2.720356431111e+00
9.200000000000e+00,1.360000000000e+01,2.693853273728e+00
9.200000000000e+00,1.380000000000e+01,2.667963519789e+00
9.200000000000e+00,1.400000000000e+01,2.642659976531e+00
9.200000000000e+00,1.420000000000e+01,2.617917368012e+00
9.200000000000e+00,1.440000000000e+01,2.593712155387e+00
9.200000000000e+00,1.460000000000e+01,2.570022377340e+00
9.200000000000e+00,1.480000000000e+01,2.546827508113e+00
9.200000000000e+00,1.500000000000e+01,2.524108330917e+00
9.200000000000e+00,1.520000000000e+01,2.501798802429e+00
9.200000000000e+00,1.540000000000e+01,2.479846058230e+00
9.200000000000e+00,1.560000000000e+01,2.458322871113e+00
9.200000000000e+00,1.580000000000e+01,2.437214044600e+00
9.200000000000e+00,1.600000000000e+01,2.416505241023e+00
9.400000000000e+00,3.000000000000e+00,inf
9.400000000000e+00,3.200000000000e+00,inf
9.400000000000e+00,3.400000000000e+00,inf
9.400000000000e+00,3.600000000000e+00,inf
9.400000000000e+00,3.800000000000e+00,inf
9.400000000000e+00,4.000000000000e+00,inf
9.400000000000e+00,4.200000000000e+00,inf
9.400000000000e+00,4.400000000000e+00,inf
9.400000000000e+00,4.600000000000e+00,inf
9.400000000000e+00,4.800000000000e+00,inf
9.400000000000e+00,5.000000000000e+00,6.873505258049e+00
9.400000000000e+00,5.200000000000e+00,6.412308136816e+00
9.400000000000e+00,5.400000000000e+00,6.034729710073e+00
9.400000000000e+00,5.600000000000e+00,5.719969005948e+00
9.400000000000e+00,5.800000000000e+00,5.453647637216e+00
9.400000000000e+00,6.000000000000e+00,5.225321727977e+00
9.400000000000e+00,6.200000000000e+00,5.027349987392e+00
9.400000000000e+00,6.400000000000e+00,4.853368036571e+00
9.400000000000e+00,6.600000000000e+00,4.699671436402e+00
9.400000000000e+00,6.800000000000e+00,4.562035604150e+00
9.400000000000e+00,7.000000000000e+00,4.438034239235e+00
9.400000000000e+00,7.200000000000e+00,4.325790856718e+00
9.400000000000e+00,7.400000000000e+00,4.223213351973e+00
9.400000000000e+00,7.600000000000e+00,4.128705838940e+00
9.400000000000e+00,7.800000000000e+00,4.041579124000e+00
9.400000000000e+00,8.000000000000e+00,3.960849811706e+00
9.400000000000e+00,8.200000000000e+00,3.885520059688e+00
9.400000000000e+00,8.400000000000e+00,3.814696091606e+00
9.400000000000e+00,8.600000000000e+00,3.748233143158e+00
9.400000000000e+00,8.800000000000e+00,3.685641140478e+00
9.400000000000e+00,9.000000000000e+00,3.626502506441e+00
9.400000000000e+00,9.200000000000e+00,3.570414984841e+00
9.400000000000e+00,9.400000000000e+00,3.516722531190e+00
9.400000000000e+00,9.600000000000e+00,3.465575006811e+00
9.400000000000e+00,9.800000000000e+00,3.416738563590e+00
9.400000000000e+00,1.000000000000e+01,3.370008913777e+00
9.400000000000e+00,1.020000000000e+01,3.325206836536e+00
9.400000000000e+00,1.040000000000e+01,3.282174466785e+00
9.400000000000e+00,1.060000000000e+01,3.240688680638e+00
9.400000000000e+00,1.080000000000e+01,3.200479488734e+00
9.400000000000e+00,1.100000000000e+01,3.161681180040e+00
9.400000000000e+00,1.120000000000e+01,3.124194213599e+00
9.400000000000e+00,1.140000000000e+01,3.087929330867e+00
9.400000000000e+00,1.160000000000e+01,3.052806242596e+00
9.400000000000e+00,1.180000000000e+01,3.018752509576e+00
9.400000000000e+00,1.200000000000e+01,2.985702585125e+00
9.400000000000e+00,1.220000000000e+01,2.953596993045e+00
9.400000000000e+00,1.240000000000e+01,2.922381619506e+00
9.400000000000e+00,1.260000000000e+01,2.891811281974e+00
9.400000000000e+00,1.280000000000e+01,2.862023905271e+00
9.400000000000e+00,1.300000000000e+01,2.832999467186e+00
9.400000000000e+00,1.320000000000e+01,2.804699509100e+00
9.400000000000e+00,1.340000000000e+01,2.777088606307e+00
9.400000000000e+00,1.360000000000e+01,2.750134057100e+00
9.400000000000e+00,1.380000000000e+01,2.723805609476e+00
9.400000000000e+00,1.400000000000e+01,2.698075220323e+00
9.400000000000e+00,1.420000000000e+01,2.672916842696e+00
9.400000000000e+00,1.440000000000e+01,2.648306237484e+00
9.400000000000e+00,1.460000000000e+01,2.624220806283e+00
9.400000000000e+00,1.480000000000e+01,2.600639442773e+00
9.400000000000e+00,1.500000000000e+01,2.577542400253e+00
9.400000000000e+00,1.520000000000e+01,2.554860865337e+00
9.400000000000e+00,1.540000000000e+01,2.532543864643e+00
9.400000000000e+00,1.560000000000e+01,2.510663775722e+00
9.400000000000e+00,1.580000000000e+01,2.489205026302e+00
9.400000000000e+00,1.600000000000e+01,2.468152933002e+00
9.600000000000e+00,3.000000000000e+00,inf
9.600000000000e+00,3.200000000000e+00,inf
9.600000000000e+00,3.400000000000e+00,inf
9.600000000000e+00,3.600000000000e+00,inf
9.600000000000e+00,3.800000000000e+00,inf
9.600000000000e+00,4.000000000000e+00,inf
9.600000000000e+00,4.200000000000e+00,inf
9.600000000000e+00,4.400000000000e+00,inf
9.600000000000e+00,4.600000000000e+00,inf
9.600000000000e+00,4.800000000000e+00,inf
9.600000000000e+00,5.000000000000e+00,7.097341316220e+00
9.600000000000e+00,5.200000000000e+00,6.608430265519e+00
9.600000000000e+00,5.400000000000e+00,6.209326508218e+00
9.600000000000e+00,5.600000000000e+00,5.877532914019e+00
9.600000000000e+00,5.800000000000e+00,5.597526450712e+00
9.600000000000e+00,6.000000000000e+00,5.358044877550e+00
9.600000000000e+00,6.200000000000e+00,5.150867309578e+00
9.600000000000e+00,6.400000000000e+00,4.969190232735e+00
9.600000000000e+00,6.600000000000e+00,4.809006996087e+00
9.600000000000e+00,6.800000000000e+00,4.665836127755e+00
9.600000000000e+00,7.000000000000e+00,4.537077248240e+00
9.600000000000e+00,7.200000000000e+00,4.420715005568e+00
9.600000000000e+00,7.400000000000e+00,4.314536339675e+00
9.600000000000e+00,7.600000000000e+00,4.216860166449e+00
9.600000000000e+00,7.800000000000e+00,4.126931620335e+00
9.600000000000e+00,8.000000000000e+00,4.043709643977e+00
9.600000000000e+00,8.200000000000e+00,3.966142924088e+00
9.600000000000e+00,8.400000000000e+00,3.893303366052e+00
9.600000000000e+00,8.600000000000e+00,3.825017753300e+00
9.600000000000e+00,8.800000000000e+00,3.760769558048e+00
9.600000000000e+00,9.000000000000e+00,3.700119084374e+00
9.600000000000e+00,9.200000000000e+00,3.642641107390e+00
9.600000000000e+00,9.400000000000e+00,3.587665913626e+00
9.600000000000e+00,9.600000000000e+00,3.535332706154e+00
9.600000000000e+00,9.800000000000e+00,3.485396169039e+00
9.600000000000e+00,1.000000000000e+01,3.437642177955e+00
9.600000000000e+00,1.020000000000e+01,3.391883039323e+00
9.600000000000e+00,1.040000000000e+01,3.347953561298e+00
9.600000000000e+00,1.060000000000e+01,3.305619812320e+00
9.600000000000e+00,1.080000000000e+01,3.264610426227e+00
9.600000000000e+00,1.100000000000e+01,3.225055348678e+00
9.600000000000e+00,1.120000000000e+01,3.186850777549e+00
9.600000000000e+00,1.140000000000e+01,3.149903708172e+00
9.600000000000e+00,1.160000000000e+01,3.114130548678e+00
9.600000000000e+00,1.180000000000e+01,3.079455940433e+00
9.600000000000e+00,1.200000000000e+01,3.045811749455e+00
9.600000000000e+00,1.220000000000e+01,3.013136200989e+00
9.600000000000e+00,1.240000000000e+01,2.981373134381e+00
9.600000000000e+00,1.260000000000e+01,2.950270142913e+00
9.600000000000e+00,1.280000000000e+01,2.919971059793e+00
9.600000000000e+00,1.300000000000e+01,2.890452360874e+00
9.600000000000e+00,1.320000000000e+01,2.861674266458e+00
9.600000000000e+00,1.340000000000e+01,2.833600163118e+00
9.600000000000e+00,1.360000000000e+01,2.806196277504e+00
9.600000000000e+00,1.380000000000e+01,2.779431389747e+00
9.600000000000e+00,1.400000000000e+01,2.753276581033e+00
9.600000000000e+00,1.420000000000e+01,2.727705010727e+00
9.600000000000e+00,1.440000000000e+01,2.702691719133e+00
9.600000000000e+00,1.460000000000e+01,2.678213452555e+00
9.600000000000e+00,1.480000000000e+01,2.654248507777e+00
9.600000000000e+00,1.500000000000e+01,2.630776593532e+00
9.600000000000e+00,1.520000000000e+01,2.607726119527e+00
9.600000000000e+00,1.540000000000e+01,2.585048002996e+00
9.600000000000e+00,1.560000000000e+01,2.562814196983e+00
9.600000000000e+00,1.580000000000e+01,2.541008743912e+00
9.600000000000e+00,1.600000000000e+01,2.519616606153e+00
9.800000000000e+00,3.000000000000e+00,inf
9.800000000000e+00,3.200000000000e+00,inf
9.800000000000e+00,3.400000000000e+00,inf
9.800000000000e+00,3.600000000000e+00,inf
9.800000000000e+00,3.800000000000e+00,inf
9.800000000000e+00,4.000000000000e+00,inf
9.800000000000e+00,4.200000000000e+00,inf
9.800000000000e+00,4.400000000000e+00,inf
9.800000000000e+00,4.600000000000e+00,inf
9.800000000000e+00,4.800000000000e+00,inf
9.800000000000e+00,5.000000000000e+00,7.327453170316e+00
9.800000000000e+00,5.200000000000e+00,6.809386869315e+00
9.800000000000e+00,5.400000000000e+00,6.387691637441e+00
9.800000000000e+00,5.600000000000e+00,6.038063624764e+00
9.800000000000e+00,5.800000000000e+00,5.743759795363e+00
9.800000000000e+00,6.000000000000e+00,5.492647213227e+00
9.800000000000e+00,6.200000000000e+00,5.275890244722e+00
9.800000000000e+00,6.400000000000e+00,5.086220224550e+00
9.800000000000e+00,6.600000000000e+00,4.919310639687e+00
9.800000000000e+00,6.800000000000e+00,4.770410027508e+00
9.800000000000e+00,7.000000000000e+00,4.636733691989e+00
9.800000000000e+00,7.200000000000e+00,4.516120381742e+00
9.800000000000e+00,7.400000000000e+00,4.406230708518e+00
9.800000000000e+00,7.600000000000e+00,4.305293684763e+00
9.800000000000e+00,7.800000000000e+00,4.212485702498e+00
9.800000000000e+00,8.000000000000e+00,4.126705433594e+00
9.800000000000e+00,8.200000000000e+00,4.046846201712e+00
9.800000000000e+00,8.400000000000e+00,3.971943624465e+00
9.800000000000e+00,8.600000000000e+00,3.901794864535e+00
9.800000000000e+00,8.800000000000e+00,3.835855857814e+00
9.800000000000e+00,9.000000000000e+00,3.773663903743e+00
9.800000000000e+00,9.200000000000e+00,3.714770194561e+00
9.800000000000e+00,9.400000000000e+00,3.658490550092e+00
9.800000000000e+00,9.600000000000e+00,3.604953089325e+00
9.800000000000e+00,9.800000000000e+00,3.553900602165e+00
9.800000000000e+00,1.000000000000e+01,3.505108767605e+00
9.800000000000e+00,1.020000000000e+01,3.458381113570e+00
9.800000000000e+00,1.040000000000e+01,3.413544860585e+00
9.800000000000e+00,1.060000000000e+01,3.370355117476e+00
9.800000000000e+00,1.080000000000e+01,3.328538848146e+00
9.800000000000e+00,1.100000000000e+01,3.288221518083e+00
9.800000000000e+00,1.120000000000e+01,3.249294919329e+00
9.800000000000e+00,1.140000000000e+01,3.211662175178e+00
9.800000000000e+00,1.160000000000e+01,3.175236281202e+00
9.800000000000e+00,1.180000000000e+01,3.139938863055e+00
9.800000000000e+00,1.200000000000e+01,3.105699114893e+00
9.800000000000e+00,1.220000000000e+01,3.072452888939e+00
9.800000000000e+00,1.240000000000e+01,3.040141911994e+00
9.800000000000e+00,1.260000000000e+01,3.008506548159e+00
9.800000000000e+00,1.280000000000e+01,2.977696415893e+00
9.800000000000e+00,1.300000000000e+01,2.947684460868e+00
9.800000000000e+00,1.320000000000e+01,2.918429541501e+00
9.800000000000e+00,1.340000000000e+01,2.889893819289e+00
9.800000000000e+00,1.360000000000e+01,2.862042416799e+00
9.800000000000e+00,1.380000000000e+01,2.834843117313e+00
9.800000000000e+00,1.400000000000e+01,2.808266100386e+00
9.800000000000e+00,1.420000000000e+01,2.782283708473e+00
9.800000000000e+00,1.440000000000e+01,2.756870240486e+00
9.800000000000e+00,1.460000000000e+01,2.732001768761e+00
9.800000000000e+00,1.480000000000e+01,2.707655976428e+00
9.800000000000e+00,1.500000000000e+01,2.683812012598e+00
9.800000000000e+00,1.520000000000e+01,2.660395504042e+00
9.800000000000e+00,1.540000000000e+01,2.637359254930e+00
9.800000000000e+00,1.560000000000e+01,2.614774765957e+00
9.800000000000e+00,1.580000000000e+01,2.592625684415e+00
9.800000000000e+00,1.600000000000e+01,2.570896609585e+00
1.000000000000e+01,3.000000000000e+00,inf
1.000000000000e+01,3.200000000000e+00,inf
1.000000000000e+01,3.400000000000e+00,inf
1.000000000000e+01,3.600000000000e+00,inf
1.000000000000e+01,3.800000000000e+00,inf
1.000000000000e+01,4.000000000000e+00,inf
1.000000000000e+01,4.200000000000e+00,inf
1.000000000000e+01,4.400000000000e+00,inf
1.000000000000e+01,4.600000000000e+00,inf
1.000000000000e+01,4.800000000000e+00,inf
1.000000000000e+01,5.000000000000e+00,7.564101503656e+00
1.000000000000e+01,5.200000000000e+00,7.015369726661e+00
1.000000000000e+01,5.400000000000e+00,6.569972061212e+00
1.000000000000e+01,5.600000000000e+00,6.201676155293e+00
1.000000000000e+01,5.800000000000e+00,5.892439452443e+00
1.000000000000e+01,6.000000000000e+00,5.629203347382e+00
1.000000000000e+01,6.200000000000e+00,5.402480481129e+00
1.000000000000e+01,6.400000000000e+00,5.204509838247e+00
1.000000000000e+01,6.600000000000e+00,5.030626549805e+00
1.000000000000e+01,6.800000000000e+00,4.875795453682e+00
1.000000000000e+01,7.000000000000e+00,4.737036916278e+00
1.000000000000e+01,7.200000000000e+00,4.612036444421e+00
1.000000000000e+01,7.400000000000e+00,4.498322718866e+00
1.000000000000e+01,7.600000000000e+00,4.394030002003e+00
1.000000000000e+01,7.800000000000e+00,4.298262747988e+00
1.000000000000e+01,8.000000000000e+00,4.209856659542e+00
1.000000000000e+01,8.200000000000e+00,4.127647730433e+00
1.000000000000e+01,8.400000000000e+00,4.050633279034e+00
1.000000000000e+01,8.600000000000e+00,3.978579636230e+00
1.000000000000e+01,8.800000000000e+00,3.910914088029e+00
1.000000000000e+01,9.000000000000e+00,3.847150018975e+00
1.000000000000e+01,9.200000000000e+00,3.786814402649e+00
1.000000000000e+01,9.400000000000e+00,3.729207780935e+00
1.000000000000e+01,9.600000000000e+00,3.674446751318e+00
1.000000000000e+01,9.800000000000e+00,3.622261773244e+00
1.000000000000e+01,1.000000000000e+01,3.572417960818e+00
1.000000000000e+01,1.020000000000e+01,3.524709751072e+00
1.000000000000e+01,1.040000000000e+01,3.478956510546e+00
1.000000000000e+01,1.060000000000e+01,3.434902231831e+00
1.000000000000e+01,1.080000000000e+01,3.392271910336e+00
1.000000000000e+01,1.100000000000e+01,3.351186393175e+00
1.000000000000e+01,1.120000000000e+01,3.311532919140e+00
1.000000000000e+01,1.140000000000e+01,3.273210611221e+00
1.000000000000e+01,1.160000000000e+01,3.236128940464e+00
1.000000000000e+01,1.180000000000e+01,3.200206418761e+00
1.000000000000e+01,1.200000000000e+01,3.165369482306e+00
1.000000000000e+01,1.220000000000e+01,3.131551534482e+00
1.000000000000e+01,1.240000000000e+01,3.098692122616e+00
1.000000000000e+01,1.260000000000e+01,3.066524375959e+00
1.000000000000e+01,1.280000000000e+01,3.035203572309e+00
1.000000000000e+01,1.300000000000e+01,3.004699099566e+00
1.000000000000e+01,1.320000000000e+01,2.974968412671e+00
1.000000000000e+01,1.340000000000e+01,2.945972410969e+00
1.000000000000e+01,1.360000000000e+01,2.917675079850e+00
1.000000000000e+01,1.380000000000e+01,2.890043176155e+00
1.000000000000e+01,1.400000000000e+01,2.863045951329e+00
1.000000000000e+01,1.420000000000e+01,2.836654907183e+00
1.000000000000e+01,1.440000000000e+01,2.810843579945e+00
1.000000000000e+01,1.460000000000e+01,2.785587348874e+00
1.000000000000e+01,1.480000000000e+01,2.760863266266e+00
1.000000000000e+01,1.500000000000e+01,2.736649906165e+00
1.000000000000e+01,1.520000000000e+01,2.712870107113e+00
1.000000000000e+01,1.540000000000e+01,2.689478553496e+00
1.000000000000e+01,1.560000000000e+01,2.666546267142e+00
1.000000000000e+01,1.580000000000e+01,2.644056490073e+00
1.000000000000e+01,1.600000000000e+01,2.621993449357e+00
1.020000000000e+01,3.000000000000e+00,inf
1.020000000000e+01,3.200000000000e+00,inf
1.020000000000e+01,3.400000000000e+00,inf
1.020000000000e+01,3.600000000000e+00,inf
1.020000000000e+01,3.800000000000e+00,inf
1.020000000000e+01,4.000000000000e+00,inf
1.020000000000e+01,4.200000000000e+00,inf
1.020000000000e+01,4.400000000000e+00,inf
1.020000000000e+01,4.600000000000e+00,inf
1.020000000000e+01,4.800000000000e+00,inf
1.020000000000e+01,5.000000000000e+00,7.807549350499e+00
1.020000000000e+01,5.200000000000e+00,7.226575313822e+00
1.020000000000e+01,5.400000000000e+00,6.756317879435e+00
1.020000000000e+01,5.600000000000e+00,6.368487614562e+00
1.020000000000e+01,5.800000000000e+00,6.043658587030e+00
1.020000000000e+01,6.000000000000e+00,5.767788788296e+00
1.020000000000e+01,6.200000000000e+00,5.530700266052e+00
1.020000000000e+01,6.400000000000e+00,5.324111223855e+00
1.020000000000e+01,6.600000000000e+00,5.142999069370e+00
1.020000000000e+01,6.800000000000e+00,4.982030604652e+00
1.020000000000e+01,7.000000000000e+00,4.838020238069e+00
1.020000000000e+01,7.200000000000e+00,4.708492572767e+00
1.020000000000e+01,7.400000000000e+00,4.590838518791e+00
1.020000000000e+01,7.600000000000e+00,4.483092594940e+00
1.020000000000e+01,7.800000000000e+00,4.384283993623e+00
1.020000000000e+01,8.000000000000e+00,4.293182657829e+00
1.020000000000e+01,8.200000000000e+00,4.208565207941e+00
1.020000000000e+01,8.400000000000e+00,4.129388608257e+00
1.020000000000e+01,8.600000000000e+00,4.055387103062e+00
1.020000000000e+01,8.800000000000e+00,3.985958182960e+00
1.020000000000e+01,9.000000000000e+00,3.920590382331e+00
1.020000000000e+01,9.200000000000e+00,3.858785798095e+00
1.020000000000e+01,9.400000000000e+00,3.799828869535e+00
1.020000000000e+01,9.600000000000e+00,3.743824223114e+00
1.020000000000e+01,9.800000000000e+00,3.690489541375e+00
1.020000000000e+01,1.000000000000e+01,3.639578997081e+00
1.020000000000e+01,1.020000000000e+01,3.590877617240e+00
1.020000000000e+01,1.040000000000e+01,3.544196642499e+00
1.020000000000e+01,1.060000000000e+01,3.499268787664e+00
1.020000000000e+01,1.080000000000e+01,3.455816776094e+00
1.020000000000e+01,1.100000000000e+01,3.413956696708e+00
1.020000000000e+01,1.120000000000e+01,3.373571084870e+00
1.020000000000e+01,1.140000000000e+01,3.334554932658e+00
1.020000000000e+01,1.160000000000e+01,3.296814072598e+00
1.020000000000e+01,1.180000000000e+01,3.260263803024e+00
1.020000000000e+01,1.200000000000e+01,3.224827714539e+00
1.020000000000e+01,1.220000000000e+01,3.190436684533e+00
1.020000000000e+01,1.240000000000e+01,3.157028012752e+00
1.020000000000e+01,1.260000000000e+01,3.124327587107e+00
1.020000000000e+01,1.280000000000e+01,3.092496216406e+00
1.020000000000e+01,1.300000000000e+01,3.061499703674e+00
1.020000000000e+01,1.320000000000e+01,3.031294058013e+00
1.020000000000e+01,1.340000000000e+01,3.001838878848e+00
1.020000000000e+01,1.360000000000e+01,2.973096980656e+00
1.020000000000e+01,1.380000000000e+01,2.945034063668e+00
1.020000000000e+01,1.400000000000e+01,2.917618424192e+00
1.020000000000e+01,1.420000000000e+01,2.890820699171e+00
1.020000000000e+01,1.440000000000e+01,2.864613640398e+00
1.020000000000e+01,1.460000000000e+01,2.838971914506e+00
1.020000000000e+01,1.480000000000e+01,2.813871925386e+00
1.020000000000e+01,1.500000000000e+01,2.789291656197e+00
1.020000000000e+01,1.520000000000e+01,2.765151152603e+00
1.020000000000e+01,1.540000000000e+01,2.741406969660e+00
1.020000000000e+01,1.560000000000e+01,2.718129625044e+00
1.020000000000e+01,1.580000000000e+01,2.695301945078e+00
1.020000000000e+01,1.600000000000e+01,2.672907775212e+00
1.040000000000e+01,3.000000000000e+00,inf
1.040000000000e+01,3.200000000000e+00,inf
1.040000000000e+01,3.400000000000e+00,inf
1.040000000000e+01,3.600000000000e+00,inf
1.040000000000e+01,3.800000000000e+00,inf
1.040000000000e+01,4.000000000000e+00,inf
1.040000000000e+01,4.200000000000e+00,inf
1.040000000000e+01,4.400000000000e+00,inf
1.040000000000e+01,4.600000000000e+00,inf
1.040000000000e+01,4.800000000000e+00,inf
1.040000000000e+01,5.000000000000e+00,8.058067087725e+00
1.040000000000e+01,5.200000000000e+00,7.443204976153e+00
1.040000000000e+01,5.400000000000e+00,6.946882449533e+00
1.040000000000e+01,5.600000000000e+00,6.538617292420e+00
1.040000000000e+01,5.800000000000e+00,6.197511815340e+00
1.040000000000e+01,6.000000000000e+00,5.908479992244e+00
1.040000000000e+01,6.200000000000e+00,5.660612446528e+00
1.040000000000e+01,6.400000000000e+00,5.445076887536e+00
1.040000000000e+01,6.600000000000e+00,5.256472727322e+00
1.040000000000e+01,6.800000000000e+00,5.089153747235e+00
1.040000000000e+01,7.000000000000e+00,4.939716961461e+00
1.040000000000e+01,7.200000000000e+00,4.805518078236e+00
1.040000000000e+01,7.400000000000e+00,4.683804153296e+00
1.040000000000e+01,7.600000000000e+00,4.572504815557e+00
1.040000000000e+01,7.800000000000e+00,4.470570539790e+00
1.040000000000e+01,8.000000000000e+00,4.376702623707e+00
1.040000000000e+01,8.200000000000e+00,4.289616192221e+00
1.040000000000e+01,8.400000000000e+00,4.208225755837e+00
1.040000000000e+01,8.600000000000e+00,4.132232172506e+00
1.040000000000e+01,8.800000000000e+00,4.061001959137e+00
1.040000000000e+01,9.000000000000e+00,3.993997839037e+00
1.040000000000e+01,9.200000000000e+00,3.930696351658e+00
1.040000000000e+01,9.400000000000e+00,3.870364995603e+00
1.040000000000e+01,9.600000000000e+00,3.813095964191e+00
1.040000000000e+01,9.800000000000e+00,3.758593706283e+00
1.040000000000e+01,1.000000000000e+01,3.706601068464e+00
1.040000000000e+01,1.020000000000e+01,3.656893341737e+00
1.040000000000e+01,1.040000000000e+01,3.609273363329e+00
1.040000000000e+01,1.060000000000e+01,3.563462403540e+00
1.040000000000e+01,1.080000000000e+01,3.519180605524e+00
1.040000000000e+01,1.100000000000e+01,3.476539158280e+00
1.040000000000e+01,1.120000000000e+01,3.435415740819e+00
1.040000000000e+01,1.140000000000e+01,3.395701081333e+00
1.040000000000e+01,1.160000000000e+01,3.357297257821e+00
1.040000000000e+01,1.180000000000e+01,3.320116253526e+00
1.040000000000e+01,1.200000000000e+01,3.284078724315e+00
1.040000000000e+01,1.220000000000e+01,3.249112943106e+00
1.040000000000e+01,1.240000000000e+01,3.215153892790e+00
1.040000000000e+01,1.260000000000e+01,3.181920212520e+00
1.040000000000e+01,1.280000000000e+01,3.149578111678e+00
1.040000000000e+01,1.300000000000e+01,3.118089781647e+00
1.040000000000e+01,1.320000000000e+01,3.087409742583e+00
1.040000000000e+01,1.340000000000e+01,3.057496255539e+00
1.040000000000e+01,1.360000000000e+01,3.028310929725e+00
1.040000000000e+01,1.380000000000e+01,2.999818378024e+00
1.040000000000e+01,1.400000000000e+01,2.971985914067e+00
1.040000000000e+01,1.420000000000e+01,2.944783285212e+00
1.040000000000e+01,1.440000000000e+01,2.918182436623e+00
1.040000000000e+01,1.460000000000e+01,2.892157302352e+00
1.040000000000e+01,1.480000000000e+01,2.866683619921e+00
1.040000000000e+01,1.500000000000e+01,2.841738765426e+00
1.040000000000e+01,1.520000000000e+01,2.817239987586e+00
1.040000000000e+01,1.540000000000e+01,2.793145699937e+00
1.040000000000e+01,1.560000000000e+01,2.769525891871e+00
1.040000000000e+01,1.580000000000e+01,2.746362963299e+00
1.040000000000e+01,1.600000000000e+01,2.723640368380e+00
1.060000000000e+01,3.000000000000e+00,inf
1.060000000000e+01,3.200000000000e+00,inf
1.060000000000e+01,3.400000000000e+00,inf
1.060000000000e+01,3.600000000000e+00,inf
1.060000000000e+01,3.800000000000e+00,inf
1.060000000000e+01,4.000000000000e+00,inf
1.060000000000e+01,4.200000000000e+00,inf
1.060000000000e+01,4.400000000000e+00,inf
1.060000000000e+01,4.600000000000e+00,inf
1.060000000000e+01,4.800000000000e+00,inf
1.060000000000e+01,5.000000000000e+00,inf
1.060000000000e+01,5.200000000000e+00,7.665465101407e+00
1.060000000000e+01,5.400000000000e+00,7.141822508164e+00
1.060000000000e+01,5.600000000000e+00,6.712186748725e+00
1.060000000000e+01,5.800000000000e+00,6.354095271985e+00
1.060000000000e+01,6.000000000000e+00,6.051354415516e+00
1.060000000000e+01,6.200000000000e+00,5.792280510254e+00
1.060000000000e+01,6.400000000000e+00,5.567459724074e+00
1.060000000000e+01,6.600000000000e+00,5.371092264587e+00
1.060000000000e+01,6.800000000000e+00,5.197203237445e+00
1.060000000000e+01,7.000000000000e+00,5.042160394184e+00
1.060000000000e+01,7.200000000000e+00,4.903142217538e+00
1.060000000000e+01,7.400000000000e+00,4.777245574284e+00
1.060000000000e+01,7.600000000000e+00,4.662289898442e+00
1.060000000000e+01,7.800000000000e+00,4.557143355601e+00
1.060000000000e+01,8.000000000000e+00,4.460435614878e+00
1.060000000000e+01,8.200000000000e+00,4.370818103053e+00
1.060000000000e+01,8.400000000000e+00,4.287160730649e+00
1.060000000000e+01,8.600000000000e+00,4.209129623457e+00
1.060000000000e+01,8.800000000000e+00,4.136059112758e+00
1.060000000000e+01,9.000000000000e+00,4.067385123611e+00
1.060000000000e+01,9.200000000000e+00,4.002557933807e+00
1.060000000000e+01,9.400000000000e+00,3.940827249698e+00
1.060000000000e+01,9.600000000000e+00,3.882272356268e+00
1.060000000000e+01,9.800000000000e+00,3.826584001374e+00
1.060000000000e+01,1.000000000000e+01,3.773493312053e+00
1.060000000000e+01,1.020000000000e+01,3.722765510370e+00
1.060000000000e+01,1.040000000000e+01,3.674194746884e+00
1.060000000000e+01,1.060000000000e+01,3.627490675304e+00
1.060000000000e+01,1.080000000000e+01,3.582370546136e+00
1.060000000000e+01,1.100000000000e+01,3.538940504608e+00
1.060000000000e+01,1.120000000000e+01,3.497073217661e+00
1.060000000000e+01,1.140000000000e+01,3.456655014281e+00
1.060000000000e+01,1.160000000000e+01,3.417584099916e+00
1.060000000000e+01,1.180000000000e+01,3.379769039440e+00
1.060000000000e+01,1.200000000000e+01,3.343127463341e+00
1.060000000000e+01,1.220000000000e+01,3.307584960273e+00
1.060000000000e+01,1.240000000000e+01,3.273074125847e+00
1.060000000000e+01,1.260000000000e+01,3.239306341999e+00
1.060000000000e+01,1.280000000000e+01,3.206453086415e+00
1.060000000000e+01,1.300000000000e+01,3.174472912293e+00
1.060000000000e+01,1.320000000000e+01,3.143318806996e+00
1.060000000000e+01,1.340000000000e+01,3.112947654088e+00
1.060000000000e+01,1.360000000000e+01,3.083319822558e+00
1.060000000000e+01,1.380000000000e+01,3.054398806650e+00
1.060000000000e+01,1.400000000000e+01,3.026150909267e+00
1.060000000000e+01,1.420000000000e+01,2.998544963009e+00
1.060000000000e+01,1.440000000000e+01,2.971552083783e+00
1.060000000000e+01,1.460000000000e+01,2.945145452699e+00
1.060000000000e+01,1.480000000000e+01,2.919300122577e+00
1.060000000000e+01,1.500000000000e+01,2.893992845924e+00
1.060000000000e+01,1.520000000000e+01,2.869138070955e+00
1.060000000000e+01,1.540000000000e+01,2.844696055040e+00
1.060000000000e+01,1.560000000000e+01,2.820736236228e+00
1.060000000000e+01,1.580000000000e+01,2.797240577028e+00
1.060000000000e+01,1.600000000000e+01,2.774192130381e+00
1.080000000000e+01,3.000000000000e+00,inf
1.080000000000e+01,3.200000000000e+00,inf
1.080000000000e+01,3.400000000000e+00,inf
1.080000000000e+01,3.600000000000e+00,inf
1.080000000000e+01,3.800000000000e+00,inf
1.080000000000e+01,4.000000000000e+00,inf
1.080000000000e+01,4.200000000000e+00,inf
1.080000000000e+01,4.400000000000e+00,inf
1.080000000000e+01,4.600000000000e+00,inf
1.080000000000e+01,4.800000000000e+00,inf
1.080000000000e+01,5.000000000000e+00,inf
1.080000000000e+01,5.200000000000e+00,7.893567295330e+00
1.080000000000e+01,5.400000000000e+00,7.341298293674e+00
1.080000000000e+01,5.600000000000e+00,6.889319902553e+00
1.080000000000e+01,5.800000000000e+00,6.513506677113e+00
1.080000000000e+01,6.000000000000e+00,6.196490566308e+00
1.080000000000e+01,6.200000000000e+00,5.925768626400e+00
1.080000000000e+01,6.400000000000e+00,5.691313049415e+00
1.080000000000e+01,6.600000000000e+00,5.486902660228e+00
1.080000000000e+01,6.800000000000e+00,5.306217541536e+00
1.080000000000e+01,7.000000000000e+00,5.145383864510e+00
1.080000000000e+01,7.200000000000e+00,5.001394206105e+00
1.080000000000e+01,7.400000000000e+00,4.871188651135e+00
1.080000000000e+01,7.600000000000e+00,4.752470968866e+00
1.080000000000e+01,7.800000000000e+00,4.644023284814e+00
1.080000000000e+01,8.000000000000e+00,4.544400555521e+00
1.080000000000e+01,8.200000000000e+00,4.452188224402e+00
1.080000000000e+01,8.400000000000e+00,4.366209407653e+00
1.080000000000e+01,8.600000000000e+00,4.286094105813e+00
1.080000000000e+01,8.800000000000e+00,4.211143218104e+00
1.080000000000e+01,9.000000000000e+00,4.140764857232e+00
1.080000000000e+01,9.200000000000e+00,4.074382311169e+00
1.080000000000e+01,9.400000000000e+00,4.011226628831e+00
1.080000000000e+01,9.600000000000e+00,3.951363698154e+00
1.080000000000e+01,9.800000000000e+00,3.894470087905e+00
1.080000000000e+01,1.000000000000e+01,3.840264803515e+00
1.080000000000e+01,1.020000000000e+01,3.788502658096e+00
1.080000000000e+01,1.040000000000e+01,3.738968826507e+00
1.080000000000e+01,1.060000000000e+01,3.691361168195e+00
1.080000000000e+01,1.080000000000e+01,3.645393724579e+00
1.080000000000e+01,1.100000000000e+01,3.601167450902e+00
1.080000000000e+01,1.120000000000e+01,3.558549843532e+00
1.080000000000e+01,1.140000000000e+01,3.517422694547e+00
1.080000000000e+01,1.160000000000e+01,3.477680216806e+00
1.080000000000e+01,1.180000000000e+01,3.439227451806e+00
1.080000000000e+01,1.200000000000e+01,3.401978912510e+00
1.080000000000e+01,1.220000000000e+01,3.365857422216e+00
1.080000000000e+01,1.240000000000e+01,3.330793117683e+00
1.080000000000e+01,1.260000000000e+01,3.296490114033e+00
1.080000000000e+01,1.280000000000e+01,3.263125023434e+00
1.080000000000e+01,1.300000000000e+01,3.230652734424e+00
1.080000000000e+01,1.320000000000e+01,3.199024657014e+00
1.080000000000e+01,1.340000000000e+01,3.168196257516e+00
1.080000000000e+01,1.360000000000e+01,3.138126629153e+00
1.080000000000e+01,1.380000000000e+01,3.108778115702e+00
1.080000000000e+01,1.400000000000e+01,3.080115980800e+00
1.080000000000e+01,1.420000000000e+01,3.052108116657e+00
1.080000000000e+01,1.440000000000e+01,3.024724786878e+00
1.080000000000e+01,1.460000000000e+01,2.997938398889e+00
1.080000000000e+01,1.480000000000e+01,2.971723302115e+00
1.080000000000e+01,1.500000000000e+01,2.946055608606e+00
1.080000000000e+01,1.520000000000e+01,2.920846962959e+00
1.080000000000e+01,1.540000000000e+01,2.896059449453e+00
1.080000000000e+01,1.560000000000e+01,2.871761932723e+00
1.080000000000e+01,1.580000000000e+01,2.847935926630e+00
1.080000000000e+01,1.600000000000e+01,2.824564072717e+00
1.100000000000e+01,3.000000000000e+00,inf
1.100000000000e+01,3.200000000000e+00,inf
1.100000000000e+01,3.400000000000e+00,inf
1.100000000000e+01,3.600000000000e+00,inf
1.100000000000e+01,3.800000000000e+00,inf
1.100000000000e+01,4.000000000000e+00,inf
1.100000000000e+01,4.200000000000e+00,inf
1.100000000000e+01,4.400000000000e+00,inf
1.100000000000e+01,4.600000000000e+00,inf
1.100000000000e+01,4.800000000000e+00,inf
1.100000000000e+01,5.000000000000e+00,inf
1.100000000000e+01,5.200000000000e+00,8.127728559825e+00
1.100000000000e+01,5.400000000000e+00,7.545473669419e+00
1.100000000000e+01,5.600000000000e+00,7.070143121542e+00
1.100000000000e+01,5.800000000000e+00,6.675845403419e+00
1.100000000000e+01,6.000000000000e+00,6.343968056431e+00
1.100000000000e+01,6.200000000000e+00,6.061141686291e+00
1.100000000000e+01,6.400000000000e+00,5.816690633178e+00
1.100000000000e+01,6.600000000000e+00,5.603949157668e+00
1.100000000000e+01,6.800000000000e+00,5.416235257232e+00
1.100000000000e+01,7.000000000000e+00,5.249420738444e+00
1.100000000000e+01,7.200000000000e+00,5.100303231955e+00
1.100000000000e+01,7.400000000000e+00,4.965659181754e+00
1.100000000000e+01,7.600000000000e+00,4.843071051430e+00
1.100000000000e+01,7.800000000000e+00,4.731231052394e+00
1.100000000000e+01,8.000000000000e+00,4.628616241036e+00
1.100000000000e+01,8.200000000000e+00,4.533743707563e+00
1.100000000000e+01,8.400000000000e+00,4.445387529608e+00
1.100000000000e+01,8.600000000000e+00,4.363140140925e+00
1.100000000000e+01,8.800000000000e+00,4.286267726846e+00
1.100000000000e+01,9.000000000000e+00,4.214149546020e+00
1.100000000000e+01,9.200000000000e+00,4.146181143921e+00
1.100000000000e+01,9.400000000000e+00,4.081574033033e+00
1.100000000000e+01,9.600000000000e+00,4.020380201562e+00
1.100000000000e+01,9.800000000000e+00,3.962261550135e+00
1.100000000000e+01,1.000000000000e+01,3.906924551646e+00
1.100000000000e+01,1.020000000000e+01,3.854113263049e+00
1.100000000000e+01,1.040000000000e+01,3.803603588572e+00
1.100000000000e+01,1.060000000000e+01,3.755081409969e+00
1.100000000000e+01,1.080000000000e+01,3.708257239377e+00
1.100000000000e+01,1.100000000000e+01,3.663226693270e+00
1.100000000000e+01,1.120000000000e+01,3.619851936111e+00
1.100000000000e+01,1.140000000000e+01,3.578010083002e+00
1.100000000000e+01,1.160000000000e+01,3.537591232138e+00
1.100000000000e+01,1.180000000000e+01,3.498496794900e+00
1.100000000000e+01,1.200000000000e+01,3.460638073087e+00
1.100000000000e+01,1.220000000000e+01,3.423935042246e+00
1.100000000000e+01,1.240000000000e+01,3.388315307587e+00
1.100000000000e+01,1.260000000000e+01,3.353475706591e+00
1.100000000000e+01,1.280000000000e+01,3.319597850749e+00
1.100000000000e+01,1.300000000000e+01,3.286632937444e+00
1.100000000000e+01,1.320000000000e+01,3.254530754068e+00
1.100000000000e+01,1.340000000000e+01,3.223245309284e+00
1.100000000000e+01,1.360000000000e+01,3.192734384425e+00
1.100000000000e+01,1.380000000000e+01,3.162959140455e+00
1.100000000000e+01,1.400000000000e+01,3.133883772725e+00
1.100000000000e+01,1.420000000000e+01,3.105475206987e+00
1.100000000000e+01,1.440000000000e+01,3.077702831095e+00
1.100000000000e+01,1.460000000000e+01,3.050538257673e+00
1.100000000000e+01,1.480000000000e+01,3.023955113703e+00
1.100000000000e+01,1.500000000000e+01,2.997928853599e+00
1.100000000000e+01,1.520000000000e+01,2.972368315598e+00
1.100000000000e+01,1.540000000000e+01,2.947237391842e+00
1.100000000000e+01,1.560000000000e+01,2.922604352412e+00
1.100000000000e+01,1.580000000000e+01,2.898450251014e+00
1.100000000000e+01,1.600000000000e+01,2.874757307382e+00
1.120000000000e+01,3.000000000000e+00,inf
1.120000000000e+01,3.200000000000e+00,inf
1.120000000000e+01,3.400000000000e+00,inf
1.120000000000e+01,3.600000000000e+00,inf
1.120000000000e+01,3.800000000000e+00,inf
1.120000000000e+01,4.000000000000e+00,inf
1.120000000000e+01,4.200000000000e+00,inf
1.120000000000e+01,4.400000000000e+00,inf
1.120000000000e+01,4.600000000000e+00,inf
1.120000000000e+01,4.800000000000e+00,inf
1.120000000000e+01,5.000000000000e+00,inf
1.120000000000e+01,5.200000000000e+00,8.368171473972e+00
1.120000000000e+01,5.400000000000e+00,7.754516248096e+00
1.120000000000e+01,5.600000000000e+00,7.254785311427e+00
1.120000000000e+01,5.800000000000e+00,6.841212543025e+00
1.120000000000e+01,6.000000000000e+00,6.493867652812e+00
1.120000000000e+01,6.200000000000e+00,6.198465343914e+00
1.120000000000e+01,6.400000000000e+00,5.943646731055e+00
1.120000000000e+01,6.600000000000e+00,5.722277290906e+00
1.120000000000e+01,6.800000000000e+00,5.527295135054e+00
1.120000000000e+01,7.000000000000e+00,5.354304437122e+00
1.120000000000e+01,7.200000000000e+00,5.199898469843e+00
1.120000000000e+01,7.400000000000e+00,5.060682904003e+00
1.120000000000e+01,7.600000000000e+00,4.934113079160e+00
1.120000000000e+01,7.800000000000e+00,4.818787271595e+00
1.120000000000e+01,8.000000000000e+00,4.713101343360e+00
1.120000000000e+01,8.200000000000e+00,4.615501574946e+00
1.120000000000e+01,8.400000000000e+00,4.524710709475e+00
1.120000000000e+01,8.600000000000e+00,4.440282122760e+00
1.120000000000e+01,8.800000000000e+00,4.361445968106e+00
1.120000000000e+01,9.000000000000e+00,4.287551580114e+00
1.120000000000e+01,9.200000000000e+00,4.217965983995e+00
1.120000000000e+01,9.400000000000e+00,4.151880262752e+00
1.120000000000e+01,9.600000000000e+00,4.089331987797e+00
1.120000000000e+01,9.800000000000e+00,4.029967891351e+00
1.120000000000e+01,1.000000000000e+01,3.973481493819e+00
1.120000000000e+01,1.020000000000e+01,3.919605741448e+00
1.120000000000e+01,1.040000000000e+01,3.868106966921e+00
1.120000000000e+01,1.060000000000e+01,3.818658884928e+00
1.120000000000e+01,1.080000000000e+01,3.770968154577e+00
1.120000000000e+01,1.100000000000e+01,3.725124902011e+00
1.120000000000e+01,1.120000000000e+01,3.680985795624e+00
1.120000000000e+01,1.140000000000e+01,3.638423131065e+00
1.120000000000e+01,1.160000000000e+01,3.597322767762e+00
1.120000000000e+01,1.180000000000e+01,3.557582378500e+00
1.120000000000e+01,1.200000000000e+01,3.519109958783e+00
1.120000000000e+01,1.220000000000e+01,3.481822552721e+00
1.120000000000e+01,1.240000000000e+01,3.445645160146e+00
1.120000000000e+01,1.260000000000e+01,3.410267328765e+00
1.120000000000e+01,1.280000000000e+01,3.375875533120e+00
1.120000000000e+01,1.300000000000e+01,3.342417252805e+00
1.120000000000e+01,1.320000000000e+01,3.309840606634e+00
1.120000000000e+01,1.340000000000e+01,3.278098104599e+00
1.120000000000e+01,1.360000000000e+01,3.247146179464e+00
1.120000000000e+01,1.380000000000e+01,3.216944776517e+00
1.120000000000e+01,1.400000000000e+01,3.187456993340e+00
1.120000000000e+01,1.420000000000e+01,3.158648762732e+00
1.120000000000e+01,1.440000000000e+01,3.130488572954e+00
1.120000000000e+01,1.460000000000e+01,3.102947220342e+00
1.120000000000e+01,1.480000000000e+01,3.075997590061e+00
1.120000000000e+01,1.500000000000e+01,3.049614461385e+00
1.120000000000e+01,1.520000000000e+01,3.023703863782e+00
1.120000000000e+01,1.540000000000e+01,2.998231476238e+00
1.120000000000e+01,1.560000000000e+01,2.973264953995e+00
1.120000000000e+01,1.580000000000e+01,2.948784878862e+00
1.120000000000e+01,1.600000000000e+01,2.924773038111e+00
1.140000000000e+01,3.000000000000e+00,inf
1.140000000000e+01,3.200000000000e+00,inf
1.140000000000e+01,3.400000000000e+00,inf
1.140000000000e+01,3.600000000000e+00,inf
1.140000000000e+01,3.800000000000e+00,inf
1.140000000000e+01,4.000000000000e+00,inf
1.140000000000e+01,4.200000000000e+00,inf
1.140000000000e+01,4.400000000000e+00,inf
1.140000000000e+01,4.600000000000e+00,inf
1.140000000000e+01,4.800000000000e+00,inf
1.140000000000e+01,5.000000000000e+00,inf
1.140000000000e+01,5.200000000000e+00,8.615124378238e+00
1.140000000000e+01,5.400000000000e+00,7.968597517252e+00
1.140000000000e+01,5.600000000000e+00,7.443378005827e+00
1.140000000000e+01,5.800000000000e+00,7.009710974248e+00
1.140000000000e+01,6.000000000000e+00,6.646271328767e+00
1.140000000000e+01,6.200000000000e+00,6.337806056199e+00
1.140000000000e+01,6.400000000000e+00,6.072236117065e+00
1.140000000000e+01,6.600000000000e+00,5.841932910668e+00
1.140000000000e+01,6.800000000000e+00,5.639436099660e+00
1.140000000000e+01,7.000000000000e+00,5.460068454317e+00
1.140000000000e+01,7.200000000000e+00,5.300209095619e+00
1.140000000000e+01,7.400000000000e+00,5.156285507410e+00
1.140000000000e+01,7.600000000000e+00,5.025619902967e+00
1.140000000000e+01,7.800000000000e+00,4.906712451472e+00
1.140000000000e+01,8.000000000000e+00,4.797874416787e+00
1.140000000000e+01,8.200000000000e+00,4.697478724401e+00
1.140000000000e+01,8.400000000000e+00,4.604194433410e+00
1.140000000000e+01,8.600000000000e+00,4.517534319712e+00
1.140000000000e+01,8.800000000000e+00,4.436691149203e+00
1.140000000000e+01,9.000000000000e+00,4.360983233456e+00
1.140000000000e+01,9.200000000000e+00,4.289748274012e+00
1.140000000000e+01,9.400000000000e+00,4.222156017008e+00
1.140000000000e+01,9.600000000000e+00,4.158229085193e+00
1.140000000000e+01,9.800000000000e+00,4.097598530681e+00
1.140000000000e+01,1.000000000000e+01,4.039944492209e+00
1.140000000000e+01,1.020000000000e+01,3.984988443309e+00
1.140000000000e+01,1.040000000000e+01,3.932486838113e+00
1.140000000000e+01,1.060000000000e+01,3.882101028760e+00
1.140000000000e+01,1.080000000000e+01,3.833533494200e+00
1.140000000000e+01,1.100000000000e+01,3.786868715736e+00
1.140000000000e+01,1.120000000000e+01,3.741957698646e+00
1.140000000000e+01,1.140000000000e+01,3.698667774237e+00
1.140000000000e+01,1.160000000000e+01,3.656880437022e+00
1.140000000000e+01,1.180000000000e+01,3.616489510964e+00
1.140000000000e+01,1.200000000000e+01,3.577399588642e+00
1.140000000000e+01,1.220000000000e+01,3.539524697753e+00
1.140000000000e+01,1.240000000000e+01,3.502787157807e+00
1.140000000000e+01,1.260000000000e+01,3.466869213216e+00
1.140000000000e+01,1.280000000000e+01,3.431962064378e+00
1.140000000000e+01,1.300000000000e+01,3.398009446235e+00
1.140000000000e+01,1.320000000000e+01,3.364957762379e+00
1.140000000000e+01,1.340000000000e+01,3.332757982497e+00
1.140000000000e+01,1.360000000000e+01,3.301365153554e+00
1.140000000000e+01,1.380000000000e+01,3.270737971802e+00
1.140000000000e+01,1.400000000000e+01,3.240838407116e+00
1.140000000000e+01,1.420000000000e+01,3.211631372430e+00
1.140000000000e+01,1.440000000000e+01,3.183084432188e+00
1.140000000000e+01,1.460000000000e+01,3.155167544603e+00
1.140000000000e+01,1.480000000000e+01,3.127852833318e+00
1.140000000000e+01,1.500000000000e+01,3.101114384664e+00
1.140000000000e+01,1.520000000000e+01,3.074855417199e+00
1.140000000000e+01,1.540000000000e+01,3.049043373908e+00
1.140000000000e+01,1.560000000000e+01,3.023745275709e+00
1.140000000000e+01,1.580000000000e+01,2.998941220527e+00
1.140000000000e+01,1.600000000000e+01,2.974612552308e+00
1.160000000000e+01,3.000000000000e+00,inf
1.160000000000e+01,3.200000000000e+00,inf
1.160000000000e+01,3.400000000000e+00,inf
1.160000000000e+01,3.600000000000e+00,inf
1.160000000000e+01,3.800000000000e+00,inf
1.160000000000e+01,4.000000000000e+00,inf
1.160000000000e+01,4.200000000000e+00,inf
1.160000000000e+01,4.400000000000e+00,inf
1.160000000000e+01,4.600000000000e+00,inf
1.160000000000e+01,4.800000000000e+00,inf
1.160000000000e+01,5.000000000000e+00,inf
1.160000000000e+01,5.200000000000e+00,8.868821562193e+00
1.160000000000e+01,5.400000000000e+00,8.187892966141e+00
1.160000000000e+01,5.600000000000e+00,7.636055456383e+00
1.160000000000e+01,5.800000000000e+00,7.181445428294e+00
1.160000000000e+01,6.000000000000e+00,6.801262315046e+00
1.160000000000e+01,6.200000000000e+00,6.479231123068e+00
1.160000000000e+01,6.400000000000e+00,6.202514115601e+00
1.160000000000e+01,6.600000000000e+00,5.962962210431e+00
1.160000000000e+01,6.800000000000e+00,5.752697271166e+00
1.160000000000e+01,7.000000000000e+00,5.566746373998e+00
1.160000000000e+01,7.200000000000e+00,5.401264300716e+00
1.160000000000e+01,7.400000000000e+00,5.252492645092e+00
1.160000000000e+01,7.600000000000e+00,5.117614301383e+00
1.160000000000e+01,7.800000000000e+00,4.995027004740e+00
1.160000000000e+01,8.000000000000e+00,4.882953904181e+00
1.160000000000e+01,8.200000000000e+00,4.779691933999e+00
1.160000000000e+01,8.400000000000e+00,4.683854064257e+00
1.160000000000e+01,8.600000000000e+00,4.594910876941e+00
1.160000000000e+01,8.800000000000e+00,4.512016356964e+00
1.160000000000e+01,9.000000000000e+00,4.434456664176e+00
1.160000000000e+01,9.200000000000e+00,4.361539346848e+00
1.160000000000e+01,9.400000000000e+00,4.292411892199e+00
1.160000000000e+01,9.600000000000e+00,4.227081427240e+00
1.160000000000e+01,9.800000000000e+00,4.165162800588e+00
1.160000000000e+01,1.000000000000e+01,4.106322330738e+00
1.160000000000e+01,1.020000000000e+01,4.050269648879e+00
1.160000000000e+01,1.040000000000e+01,3.996751017389e+00
1.160000000000e+01,1.060000000000e+01,3.945415224105e+00
1.160000000000e+01,1.080000000000e+01,3.895960237441e+00
1.160000000000e+01,1.100000000000e+01,3.848464736218e+00
1.160000000000e+01,1.120000000000e+01,3.802773892654e+00
1.160000000000e+01,1.140000000000e+01,3.758749926382e+00
1.160000000000e+01,1.160000000000e+01,3.716269838786e+00
1.160000000000e+01,1.180000000000e+01,3.675223493034e+00
1.160000000000e+01,1.200000000000e+01,3.635511980651e+00
1.160000000000e+01,1.220000000000e+01,3.597046226658e+00
1.160000000000e+01,1.240000000000e+01,3.559745794170e+00
1.160000000000e+01,1.260000000000e+01,3.523285609338e+00
1.160000000000e+01,1.280000000000e+01,3.487861460475e+00
1.160000000000e+01,1.300000000000e+01,3.453413310681e+00
1.160000000000e+01,1.320000000000e+01,3.419885801012e+00
1.160000000000e+01,1.340000000000e+01,3.387228318618e+00
1.160000000000e+01,1.360000000000e+01,3.355394486886e+00
1.160000000000e+01,1.380000000000e+01,3.324341719188e+00
1.160000000000e+01,1.400000000000e+01,3.294030827307e+00
1.160000000000e+01,1.420000000000e+01,3.264425676999e+00
1.160000000000e+01,1.440000000000e+01,3.235492884292e+00
1.160000000000e+01,1.460000000000e+01,3.207201547103e+00
1.160000000000e+01,1.480000000000e+01,3.179523007528e+00
1.160000000000e+01,1.500000000000e+01,3.152430640859e+00
1.160000000000e+01,1.520000000000e+01,3.125824852822e+00
1.160000000000e+01,1.540000000000e+01,3.099674825872e+00
1.160000000000e+01,1.560000000000e+01,3.074046927845e+00
1.160000000000e+01,1.580000000000e+01,3.048920760575e+00
1.160000000000e+01,1.600000000000e+01,3.024277213599e+00
1.180000000000e+01,3.000000000000e+00,inf
1.180000000000e+01,3.200000000000e+00,inf
1.180000000000e+01,3.400000000000e+00,inf
1.180000000000e+01,3.600000000000e+00,inf
1.180000000000e+01,3.800000000000e+00,inf
1.180000000000e+01,4.000000000000e+00,inf
1.180000000000e+01,4.200000000000e+00,inf
1.180000000000e+01,4.400000000000e+00,inf
1.180000000000e+01,4.600000000000e+00,inf
1.180000000000e+01,4.800000000000e+00,inf
1.180000000000e+01,5.000000000000e+00,inf
1.180000000000e+01,5.200000000000e+00,9.129503456086e+00
1.180000000000e+01,5.400000000000e+00,8.412582214119e+00
1.180000000000e+01,5.600000000000e+00,7.832954723336e+00
1.180000000000e+01,5.800000000000e+00,7.356522555909e+00
1.180000000000e+01,6.000000000000e+00,6.958925150653e+00
1.180000000000e+01,6.200000000000e+00,6.622808727219e+00
1.180000000000e+01,6.400000000000e+00,6.334536633265e+00
1.180000000000e+01,6.600000000000e+00,6.085411752290e+00
1.180000000000e+01,6.800000000000e+00,5.867117986362e+00
1.180000000000e+01,7.000000000000e+00,5.674371887879e+00
1.180000000000e+01,7.200000000000e+00,5.503093306709e+00
1.180000000000e+01,7.400000000000e+00,5.349329945814e+00
1.180000000000e+01,7.600000000000e+00,5.210118990515e+00
1.180000000000e+01,7.800000000000e+00,5.083751255904e+00
1.180000000000e+01,8.000000000000e+00,4.968358143526e+00
1.180000000000e+01,8.200000000000e+00,4.862157867193e+00
1.180000000000e+01,8.400000000000e+00,4.763704845466e+00
1.180000000000e+01,8.600000000000e+00,4.672425819185e+00
1.180000000000e+01,8.800000000000e+00,4.587434559537e+00
1.180000000000e+01,9.000000000000e+00,4.507983915510e+00
1.180000000000e+01,9.200000000000e+00,4.433350425755e+00
1.180000000000e+01,9.400000000000e+00,4.362658381484e+00
1.180000000000e+01,9.600000000000e+00,4.295898851296e+00
1.180000000000e+01,9.800000000000e+00,4.232669944986e+00
1.180000000000e+01,1.000000000000e+01,4.172623712632e+00
1.180000000000e+01,1.020000000000e+01,4.115457565701e+00
1.180000000000e+01,1.040000000000e+01,4.060907255291e+00
1.180000000000e+01,1.060000000000e+01,4.008608796774e+00
1.180000000000e+01,1.080000000000e+01,3.958255314510e+00
1.180000000000e+01,1.100000000000e+01,3.909919523908e+00
1.180000000000e+01,1.120000000000e+01,3.863440591236e+00
1.180000000000e+01,1.140000000000e+01,3.818675474657e+00
1.180000000000e+01,1.160000000000e+01,3.775496552141e+00
1.180000000000e+01,1.180000000000e+01,3.733789612318e+00
1.180000000000e+01,1.200000000000e+01,3.693452146027e+00
1.180000000000e+01,1.220000000000e+01,3.654391888051e+00
1.180000000000e+01,1.240000000000e+01,3.616524441441e+00
1.180000000000e+01,1.260000000000e+01,3.579520777075e+00
1.180000000000e+01,1.280000000000e+01,3.543577753174e+00
1.180000000000e+01,1.300000000000e+01,3.508632659898e+00
1.180000000000e+01,1.320000000000e+01,3.474628327782e+00
1.180000000000e+01,1.340000000000e+01,3.441512518613e+00
1.180000000000e+01,1.360000000000e+01,3.409237393896e+00
1.180000000000e+01,1.380000000000e+01,3.377759049796e+00
1.180000000000e+01,1.400000000000e+01,3.347037109186e+00
1.180000000000e+01,1.420000000000e+01,3.317034362932e+00
1.180000000000e+01,1.440000000000e+01,3.287716453691e+00
1.180000000000e+01,1.460000000000e+01,3.259051596570e+00
1.180000000000e+01,1.480000000000e+01,3.231010331789e+00
1.180000000000e+01,1.500000000000e+01,3.203565305219e+00
1.180000000000e+01,1.520000000000e+01,3.176614108016e+00
1.180000000000e+01,1.540000000000e+01,3.150127635998e+00
1.180000000000e+01,1.560000000000e+01,3.124171585849e+00
1.180000000000e+01,1.580000000000e+01,3.098725050882e+00
1.180000000000e+01,1.600000000000e+01,3.073768454939e+00
1.200000000000e+01,3.000000000000e+00,inf
1.200000000000e+01,3.200000000000e+00,inf
1.200000000000e+01,3.400000000000e+00,inf
1.200000000000e+01,3.600000000000e+00,inf
1.200000000000e+01,3.800000000000e+00,inf
1.200000000000e+01,4.000000000000e+00,inf
1.200000000000e+01,4.200000000000e+00,inf
1.200000000000e+01,4.400000000000e+00,inf
1.200000000000e+01,4.600000000000e+00,inf
1.200000000000e+01,4.800000000000e+00,inf
1.200000000000e+01,5.000000000000e+00,inf
1.200000000000e+01,5.200000000000e+00,inf
1.200000000000e+01,5.400000000000e+00,8.642849140781e+00
1.200000000000e+01,5.600000000000e+00,8.034215766656e+00
1.200000000000e+01,5.800000000000e+00,7.535050994038e+00
1.200000000000e+01,6.000000000000e+00,7.119345733467e+00
1.200000000000e+01,6.200000000000e+00,6.768607973648e+00
1.200000000000e+01,6.400000000000e+00,6.468360190449e+00
1.200000000000e+01,6.600000000000e+00,6.209328492634e+00
1.200000000000e+01,6.800000000000e+00,5.982737819814e+00
1.200000000000e+01,7.000000000000e+00,5.782978812921e+00
1.200000000000e+01,7.200000000000e+00,5.605725379896e+00
1.200000000000e+01,7.400000000000e+00,5.446823026141e+00
1.200000000000e+01,7.600000000000e+00,5.303156634134e+00
1.200000000000e+01,7.800000000000e+00,5.172905449599e+00
1.200000000000e+01,8.000000000000e+00,5.054105374734e+00
1.200000000000e+01,8.200000000000e+00,4.944893078282e+00
1.200000000000e+01,8.400000000000e+00,4.843761905367e+00
1.200000000000e+01,8.600000000000e+00,4.750093053962e+00
1.200000000000e+01,8.800000000000e+00,4.662958608635e+00
1.200000000000e+01,9.000000000000e+00,4.581576917177e+00
1.200000000000e+01,9.200000000000e+00,4.505192624964e+00
1.200000000000e+01,9.400000000000e+00,4.432905874676e+00
1.200000000000e+01,9.600000000000e+00,4.364691097837e+00
1.200000000000e+01,9.800000000000e+00,4.300129117895e+00
1.200000000000e+01,1.000000000000e+01,4.238857258551e+00
1.200000000000e+01,1.020000000000e+01,4.180560326249e+00
1.200000000000e+01,1.040000000000e+01,4.124963234857e+00
1.200000000000e+01,1.060000000000e+01,4.071689012560e+00
1.200000000000e+01,1.080000000000e+01,4.020425603078e+00
1.200000000000e+01,1.100000000000e+01,3.971239594043e+00
1.200000000000e+01,1.120000000000e+01,3.923963969902e+00
1.200000000000e+01,1.140000000000e+01,3.878450275063e+00
1.200000000000e+01,1.160000000000e+01,3.834566131690e+00
1.200000000000e+01,1.180000000000e+01,3.792193138363e+00
1.200000000000e+01,1.200000000000e+01,3.751225084089e+00
1.200000000000e+01,1.220000000000e+01,3.711566424556e+00
1.200000000000e+01,1.240000000000e+01,3.673128098771e+00
1.200000000000e+01,1.260000000000e+01,3.635578981331e+00
1.200000000000e+01,1.280000000000e+01,3.599114984339e+00
1.200000000000e+01,1.300000000000e+01,3.563671322622e+00
1.200000000000e+01,1.320000000000e+01,3.529188967554e+00
1.200000000000e+01,1.340000000000e+01,3.495614012146e+00
1.200000000000e+01,1.360000000000e+01,3.462897117194e+00
1.200000000000e+01,1.380000000000e+01,3.430993026853e+00
1.200000000000e+01,1.400000000000e+01,3.399860143849e+00
1.200000000000e+01,1.420000000000e+01,3.369460156057e+00
1.200000000000e+01,1.440000000000e+01,3.339757707450e+00
1.200000000000e+01,1.460000000000e+01,3.310720107494e+00
1.200000000000e+01,1.480000000000e+01,3.282317073905e+00
1.200000000000e+01,1.500000000000e+01,3.254520504472e+00
1.200000000000e+01,1.520000000000e+01,3.227225174170e+00
1.200000000000e+01,1.540000000000e+01,3.200403664634e+00
1.200000000000e+01,1.560000000000e+01,3.174120983948e+00
1.200000000000e+01,1.580000000000e+01,3.148355704268e+00
1.200000000000e+01,1.600000000000e+01,3.123087772248e+00
1.220000000000e+01,3.000000000000e+00,inf
1.220000000000e+01,3.200000000000e+00,inf
1.220000000000e+01,3.400000000000e+00,inf
1.220000000000e+01,3.600000000000e+00,inf
1.220000000000e+01,3.800000000000e+00,inf
1.220000000000e+01,4.000000000000e+00,inf
1.220000000000e+01,4.200000000000e+00,inf
1.220000000000e+01,4.400000000000e+00,inf
1.220000000000e+01,4.600000000000e+00,inf
1.220000000000e+01,4.800000000000e+00,inf
1.220000000000e+01,5.000000000000e+00,inf
1.220000000000e+01,5.200000000000e+00,inf
1.220000000000e+01,5.400000000000e+00,8.878882018044e+00
1.220000000000e+01,5.600000000000e+00,8.239981537819e+00
1.220000000000e+01,5.800000000000e+00,7.717141432563e+00
1.220000000000e+01,6.000000000000e+00,7.282611370673e+00
1.220000000000e+01,6.200000000000e+00,6.916698928913e+00
1.220000000000e+01,6.400000000000e+00,6.604041952658e+00
1.220000000000e+01,6.600000000000e+00,6.334759807598e+00
1.220000000000e+01,6.800000000000e+00,6.099596604810e+00
1.220000000000e+01,7.000000000000e+00,5.892601108734e+00
1.220000000000e+01,7.200000000000e+00,5.709189845845e+00
1.220000000000e+01,7.400000000000e+00,5.544997502622e+00
1.220000000000e+01,7.600000000000e+00,5.396749853884e+00
1.220000000000e+01,7.800000000000e+00,5.262509759084e+00
1.220000000000e+01,8.000000000000e+00,5.140213746668e+00
1.220000000000e+01,8.200000000000e+00,5.027914018141e+00
1.220000000000e+01,8.400000000000e+00,4.924040261733e+00
1.220000000000e+01,8.600000000000e+00,4.827926375110e+00
1.220000000000e+01,8.800000000000e+00,4.738601242148e+00
1.220000000000e+01,9.000000000000e+00,4.655247487154e+00
1.220000000000e+01,9.200000000000e+00,4.577076950710e+00
1.220000000000e+01,9.400000000000e+00,4.503164658577e+00
1.220000000000e+01,9.600000000000e+00,4.433467810159e+00
1.220000000000e+01,9.800000000000e+00,4.367549382580e+00
1.220000000000e+01,1.000000000000e+01,4.305031505200e+00
1.220000000000e+01,1.020000000000e+01,4.245585986074e+00
1.220000000000e+01,1.040000000000e+01,4.188926569339e+00
1.220000000000e+01,1.060000000000e+01,4.134663074563e+00
1.220000000000e+01,1.080000000000e+01,4.082477925252e+00
1.220000000000e+01,1.100000000000e+01,4.032431413296e+00
1.220000000000e+01,1.120000000000e+01,3.984350162439e+00
1.220000000000e+01,1.140000000000e+01,3.938080148522e+00
1.220000000000e+01,1.160000000000e+01,3.893484103395e+00
1.220000000000e+01,1.180000000000e+01,3.850439318283e+00
1.220000000000e+01,1.200000000000e+01,3.808835777690e+00
1.220000000000e+01,1.220000000000e+01,3.768574568057e+00
1.220000000000e+01,1.240000000000e+01,3.729561911656e+00
1.220000000000e+01,1.260000000000e+01,3.691464486932e+00
1.220000000000e+01,1.280000000000e+01,3.654477200764e+00
1.220000000000e+01,1.300000000000e+01,3.618533137288e+00
1.220000000000e+01,1.320000000000e+01,3.583571359425e+00
1.220000000000e+01,1.340000000000e+01,3.549536247417e+00
1.220000000000e+01,1.360000000000e+01,3.516376922003e+00
1.220000000000e+01,1.380000000000e+01,3.484046740070e+00
1.220000000000e+01,1.400000000000e+01,3.452502852536e+00
1.220000000000e+01,1.420000000000e+01,3.421705815805e+00
1.220000000000e+01,1.440000000000e+01,3.391619249514e+00
1.220000000000e+01,1.460000000000e+01,3.362209534332e+00
1.220000000000e+01,1.480000000000e+01,3.333445544556e+00
1.220000000000e+01,1.500000000000e+01,3.305298410964e+00
1.220000000000e+01,1.520000000000e+01,3.277660090832e+00
1.220000000000e+01,1.540000000000e+01,3.250504822727e+00
1.220000000000e+01,1.560000000000e+01,3.223896909267e+00
1.220000000000e+01,1.580000000000e+01,3.197814388602e+00
1.220000000000e+01,1.600000000000e+01,3.172236718524e+00
1.240000000000e+01,3.000000000000e+00,inf
1.240000000000e+01,3.200000000000e+00,inf
1.240000000000e+01,3.400000000000e+00,inf
1.240000000000e+01,3.600000000000e+00,inf
1.240000000000e+01,3.800000000000e+00,inf
1.240000000000e+01,4.000000000000e+00,inf
1.240000000000e+01,4.200000000000e+00,inf
1.240000000000e+01,4.400000000000e+00,inf
1.240000000000e+01,4.600000000000e+00,inf
1.240000000000e+01,4.800000000000e+00,inf
1.240000000000e+01,5.000000000000e+00,inf
1.240000000000e+01,5.200000000000e+00,inf
1.240000000000e+01,5.400000000000e+00,9.120873644378e+00
1.240000000000e+01,5.600000000000e+00,8.450398072391e+00
1.240000000000e+01,5.800000000000e+00,7.902906681161e+00
1.240000000000e+01,6.000000000000e+00,7.448810829046e+00
1.240000000000e+01,6.200000000000e+00,7.067152660146e+00
1.240000000000e+01,6.400000000000e+00,6.741639761579e+00
1.240000000000e+01,6.600000000000e+00,6.461753518288e+00
1.240000000000e+01,6.800000000000e+00,6.217734454119e+00
1.240000000000e+01,7.000000000000e+00,6.003272894867e+00
1.240000000000e+01,7.200000000000e+00,5.813516103894e+00
1.240000000000e+01,7.400000000000e+00,5.643879003980e+00
1.240000000000e+01,7.600000000000e+00,5.490921239528e+00
1.240000000000e+01,7.800000000000e+00,5.352584294854e+00
1.240000000000e+01,8.000000000000e+00,5.226701324314e+00
1.240000000000e+01,8.200000000000e+00,5.111237040142e+00
1.240000000000e+01,8.400000000000e+00,5.004554826600e+00
1.240000000000e+01,8.600000000000e+00,4.905939466598e+00
1.240000000000e+01,8.800000000000e+00,4.814375087064e+00
1.240000000000e+01,9.000000000000e+00,4.729007333791e+00
1.240000000000e+01,9.200000000000e+00,4.649014302629e+00
1.240000000000e+01,9.400000000000e+00,4.573444917705e+00
1.240000000000e+01,9.600000000000e+00,4.502238534503e+00
1.240000000000e+01,9.800000000000e+00,4.434939711117e+00
1.240000000000e+01,1.000000000000e+01,4.371154904396e+00
1.240000000000e+01,1.020000000000e+01,4.310542522408e+00
1.240000000000e+01,1.040000000000e+01,4.252804800374e+00
1.240000000000e+01,1.060000000000e+01,4.197538121002e+00
1.240000000000e+01,1.080000000000e+01,4.144419045021e+00
1.240000000000e+01,1.100000000000e+01,4.093501396910e+00
1.240000000000e+01,1.120000000000e+01,4.044605257752e+00
1.240000000000e+01,1.140000000000e+01,3.997570877459e+00
1.240000000000e+01,1.160000000000e+01,3.952255960917e+00
1.240000000000e+01,1.180000000000e+01,3.908533372876e+00
1.240000000000e+01,1.200000000000e+01,3.866289189142e+00
1.240000000000e+01,1.220000000000e+01,3.825421035437e+00
1.240000000000e+01,1.240000000000e+01,3.785830363621e+00
1.240000000000e+01,1.260000000000e+01,3.747181554066e+00
1.240000000000e+01,1.280000000000e+01,3.709668449489e+00
1.240000000000e+01,1.300000000000e+01,3.673221947234e+00
1.240000000000e+01,1.320000000000e+01,3.637779151826e+00
1.240000000000e+01,1.340000000000e+01,3.603282686172e+00
1.240000000000e+01,1.360000000000e+01,3.569680091097e+00
1.240000000000e+01,1.380000000000e+01,3.536923300506e+00
1.240000000000e+01,1.400000000000e+01,3.504968181432e+00
1.240000000000e+01,1.420000000000e+01,3.473774129964e+00
1.240000000000e+01,1.440000000000e+01,3.443303715404e+00
1.240000000000e+01,1.460000000000e+01,3.413522366169e+00
1.240000000000e+01,1.480000000000e+01,3.384398091929e+00
1.240000000000e+01,1.500000000000e+01,3.355901237268e+00
1.240000000000e+01,1.520000000000e+01,3.327920940295e+00
1.240000000000e+01,1.540000000000e+01,3.300433066397e+00
1.240000000000e+01,1.560000000000e+01,3.273501196384e+00
1.240000000000e+01,1.580000000000e+01,3.247102821360e+00
1.240000000000e+01,1.600000000000e+01,3.221216898388e+00
1.260000000000e+01,3.000000000000e+00,inf
1.260000000000e+01,3.200000000000e+00,inf
1.260000000000e+01,3.400000000000e+00,inf
1.260000000000e+01,3.600000000000e+00,inf
1.260000000000e+01,3.800000000000e+00,inf
1.260000000000e+01,4.000000000000e+00,inf
1.260000000000e+01,4.200000000000e+00,inf
1.260000000000e+01,4.400000000000e+00,inf
1.260000000000e+01,4.600000000000e+00,inf
1.260000000000e+01,4.800000000000e+00,inf
1.260000000000e+01,5.000000000000e+00,inf
1.260000000000e+01,5.200000000000e+00,inf
1.260000000000e+01,5.400000000000e+00,9.369021481430e+00
1.260000000000e+01,5.600000000000e+00,8.665614583496e+00
1.260000000000e+01,5.800000000000e+00,8.092461736382e+00
1.260000000000e+01,6.000000000000e+00,7.618034385123e+00
1.260000000000e+01,6.200000000000e+00,7.220041273828e+00
1.260000000000e+01,6.400000000000e+00,6.881212165872e+00
1.260000000000e+01,6.600000000000e+00,6.590357915767e+00
1.260000000000e+01,6.800000000000e+00,6.337191780553e+00
1.260000000000e+01,7.000000000000e+00,6.115028467946e+00
1.260000000000e+01,7.200000000000e+00,5.918733641549e+00
1.260000000000e+01,7.400000000000e+00,5.743493183260e+00
1.260000000000e+01,7.600000000000e+00,5.585693359231e+00
1.260000000000e+01,7.800000000000e+00,5.443149113309e+00
1.260000000000e+01,8.000000000000e+00,5.313586096081e+00
1.260000000000e+01,8.200000000000e+00,5.194878406237e+00
1.260000000000e+01,8.400000000000e+00,5.085320411268e+00
1.260000000000e+01,8.600000000000e+00,4.984145906581e+00
1.260000000000e+01,8.800000000000e+00,4.890292662661e+00
1.260000000000e+01,9.000000000000e+00,4.802868058225e+00
1.260000000000e+01,9.200000000000e+00,4.721015475468e+00
1.260000000000e+01,9.400000000000e+00,4.643756735360e+00
1.260000000000e+01,9.600000000000e+00,4.571012720530e+00
1.260000000000e+01,9.800000000000e+00,4.502308984331e+00
1.260000000000e+01,1.000000000000e+01,4.437235822513e+00
1.260000000000e+01,1.020000000000e+01,4.375437833161e+00
1.260000000000e+01,1.040000000000e+01,4.316605396589e+00
1.260000000000e+01,1.060000000000e+01,4.260321223434e+00
1.260000000000e+01,1.080000000000e+01,4.206255666147e+00
1.260000000000e+01,1.100000000000e+01,4.154455906265e+00
1.260000000000e+01,1.120000000000e+01,4.104735297151e+00
1.260000000000e+01,1.140000000000e+01,4.056928202828e+00
1.260000000000e+01,1.160000000000e+01,4.010887162398e+00
1.260000000000e+01,1.180000000000e+01,3.966480493202e+00
1.260000000000e+01,1.200000000000e+01,3.923590256590e+00
1.260000000000e+01,1.220000000000e+01,3.882110524789e+00
1.260000000000e+01,1.240000000000e+01,3.841937924488e+00
1.260000000000e+01,1.260000000000e+01,3.802734434192e+00
1.260000000000e+01,1.280000000000e+01,3.764692773576e+00
1.260000000000e+01,1.300000000000e+01,3.727741596353e+00
1.260000000000e+01,1.320000000000e+01,3.691815998070e+00
1.260000000000e+01,1.340000000000e+01,3.656856799160e+00
1.260000000000e+01,1.360000000000e+01,3.622809920175e+00
1.260000000000e+01,1.380000000000e+01,3.589625835864e+00
1.260000000000e+01,1.400000000000e+01,3.557259096903e+00
1.260000000000e+01,1.420000000000e+01,3.525667909852e+00
1.260000000000e+01,1.440000000000e+01,3.494813767351e+00
1.260000000000e+01,1.460000000000e+01,3.464661121802e+00
1.260000000000e+01,1.480000000000e+01,3.435177096774e+00
1.260000000000e+01,1.500000000000e+01,3.406331231206e+00
1.260000000000e+01,1.520000000000e+01,3.378009842603e+00
1.260000000000e+01,1.540000000000e+01,3.350190391916e+00
1.260000000000e+01,1.560000000000e+01,3.322935722300e+00
1.260000000000e+01,1.580000000000e+01,3.296222764578e+00
1.260000000000e+01,1.600000000000e+01,3.270029963037e+00
1.280000000000e+01,3.000000000000e+00,inf
1.280000000000e+01,3.200000000000e+00,inf
1.280000000000e+01,3.400000000000e+00,inf
1.280000000000e+01,3.600000000000e+00,inf
1.280000000000e+01,3.800000000000e+00,inf
1.280000000000e+01,4.000000000000e+00,inf
1.280000000000e+01,4.200000000000e+00,inf
1.280000000000e+01,4.400000000000e+00,inf
1.280000000000e+01,4.600000000000e+00,inf
1.280000000000e+01,4.800000000000e+00,inf
1.280000000000e+01,5.000000000000e+00,inf
1.280000000000e+01,5.200000000000e+00,inf
1.280000000000e+01,5.400000000000e+00,9.623527793237e+00
1.280000000000e+01,5.600000000000e+00,8.885783556352e+00
1.280000000000e+01,5.800000000000e+00,8.285923848997e+00
1.280000000000e+01,6.000000000000e+00,7.790373875288e+00
1.280000000000e+01,6.200000000000e+00,7.375437954340e+00
1.280000000000e+01,6.400000000000e+00,7.022818451711e+00
1.280000000000e+01,6.600000000000e+00,6.720621785782e+00
1.280000000000e+01,6.800000000000e+00,6.458009317322e+00
1.280000000000e+01,7.000000000000e+00,6.227902318650e+00
1.280000000000e+01,7.200000000000e+00,6.024872048780e+00
1.280000000000e+01,7.400000000000e+00,5.843865729923e+00
1.280000000000e+01,7.600000000000e+00,5.681088769813e+00
1.280000000000e+01,7.800000000000e+00,5.534224225470e+00
1.280000000000e+01,8.000000000000e+00,5.400885981171e+00
1.280000000000e+01,8.200000000000e+00,5.278854293166e+00
1.280000000000e+01,8.400000000000e+00,5.166351731473e+00
1.280000000000e+01,8.600000000000e+00,5.062559171643e+00
1.280000000000e+01,8.800000000000e+00,4.966366383913e+00
1.280000000000e+01,9.000000000000e+00,4.876841157037e+00
1.280000000000e+01,9.200000000000e+00,4.793091161065e+00
1.280000000000e+01,9.400000000000e+00,4.714110094983e+00
1.280000000000e+01,9.600000000000e+00,4.639799722115e+00
1.280000000000e+01,9.800000000000e+00,4.569665992075e+00
1.280000000000e+01,1.000000000000e+01,4.503282540288e+00
1.280000000000e+01,1.020000000000e+01,4.440279736288e+00
1.280000000000e+01,1.040000000000e+01,4.380335752555e+00
1.280000000000e+01,1.060000000000e+01,4.323019385367e+00
1.280000000000e+01,1.080000000000e+01,4.267994430435e+00
1.280000000000e+01,1.100000000000e+01,4.215301246847e+00
1.280000000000e+01,1.120000000000e+01,4.164746272029e+00
1.280000000000e+01,1.140000000000e+01,4.116157821534e+00
1.280000000000e+01,1.160000000000e+01,4.069383127664e+00
1.280000000000e+01,1.180000000000e+01,4.024285837557e+00
1.280000000000e+01,1.200000000000e+01,3.980743890803e+00
1.280000000000e+01,1.220000000000e+01,3.938647712018e+00
1.280000000000e+01,1.240000000000e+01,3.897889046842e+00
1.280000000000e+01,1.260000000000e+01,3.858127366349e+00
1.280000000000e+01,1.280000000000e+01,3.819554208284e+00
1.280000000000e+01,1.300000000000e+01,3.782095925162e+00
1.280000000000e+01,1.320000000000e+01,3.745685552312e+00
1.280000000000e+01,1.340000000000e+01,3.710262061996e+00
1.280000000000e+01,1.360000000000e+01,3.675769713631e+00
1.280000000000e+01,1.380000000000e+01,3.642157486196e+00
1.280000000000e+01,1.400000000000e+01,3.609378581134e+00
1.280000000000e+01,1.420000000000e+01,3.577389985899e+00
1.280000000000e+01,1.440000000000e+01,3.546152089822e+00
1.280000000000e+01,1.460000000000e+01,3.515628345233e+00
1.280000000000e+01,1.480000000000e+01,3.485784967844e+00
1.280000000000e+01,1.500000000000e+01,3.456590671265e+00
1.280000000000e+01,1.520000000000e+01,3.427928950935e+00
1.280000000000e+01,1.540000000000e+01,3.399778831080e+00
1.280000000000e+01,1.560000000000e+01,3.372202401788e+00
1.280000000000e+01,1.580000000000e+01,3.345176020186e+00
1.280000000000e+01,1.600000000000e+01,3.318677605566e+00
1.300000000000e+01,3.000000000000e+00,inf
1.300000000000e+01,3.200000000000e+00,inf
1.300000000000e+01,3.400000000000e+00,inf
1.300000000000e+01,3.600000000000e+00,inf
1.300000000000e+01,3.800000000000e+00,inf
1.300000000000e+01,4.000000000000e+00,inf
1.300000000000e+01,4.200000000000e+00,inf
1.300000000000e+01,4.400000000000e+00,inf
1.300000000000e+01,4.600000000000e+00,inf
1.300000000000e+01,4.800000000000e+00,inf
1.300000000000e+01,5.000000000000e+00,inf
1.300000000000e+01,5.200000000000e+00,inf
1.300000000000e+01,5.400000000000e+00,9.884599788270e+00
1.300000000000e+01,5.600000000000e+00,9.111060843965e+00
1.300000000000e+01,5.800000000000e+00,8.483412591712e+00
1.300000000000e+01,6.000000000000e+00,7.965922745844e+00
1.300000000000e+01,6.200000000000e+00,7.533417002326e+00
1.300000000000e+01,6.400000000000e+00,7.166518673072e+00
1.300000000000e+01,6.600000000000e+00,6.852594433251e+00
1.300000000000e+01,6.800000000000e+00,6.580228138163e+00
1.300000000000e+01,7.000000000000e+00,6.341929148505e+00
1.300000000000e+01,7.200000000000e+00,6.131961032172e+00
1.300000000000e+01,7.400000000000e+00,5.945022381846e+00
1.300000000000e+01,7.600000000000e+00,5.777130026979e+00
1.300000000000e+01,7.800000000000e+00,5.625829605695e+00
1.300000000000e+01,8.000000000000e+00,5.488618837000e+00
1.300000000000e+01,8.200000000000e+00,5.363180798744e+00
1.300000000000e+01,8.400000000000e+00,5.247663412675e+00
1.300000000000e+01,8.600000000000e+00,5.141192641189e+00
1.300000000000e+01,8.800000000000e+00,5.042608565090e+00
1.300000000000e+01,9.000000000000e+00,4.950938025124e+00
1.300000000000e+01,9.200000000000e+00,4.865251950574e+00
1.300000000000e+01,9.400000000000e+00,4.784514881779e+00
1.300000000000e+01,9.600000000000e+00,4.708608798416e+00
1.300000000000e+01,9.800000000000e+00,4.637019433792e+00
1.300000000000e+01,1.000000000000e+01,4.569303252919e+00
1.300000000000e+01,1.020000000000e+01,4.505075969473e+00
1.300000000000e+01,1.040000000000e+01,4.444003188091e+00
1.300000000000e+01,1.060000000000e+01,4.385639541205e+00
1.300000000000e+01,1.080000000000e+01,4.329641916349e+00
1.300000000000e+01,1.100000000000e+01,4.276043666564e+00
1.300000000000e+01,1.120000000000e+01,4.224644121915e+00
1.300000000000e+01,1.140000000000e+01,4.175265384234e+00
1.300000000000e+01,1.160000000000e+01,4.127749235781e+00
1.300000000000e+01,1.180000000000e+01,4.081954528833e+00
1.300000000000e+01,1.200000000000e+01,4.037754972332e+00
1.300000000000e+01,1.220000000000e+01,3.995037247832e+00
1.300000000000e+01,1.240000000000e+01,3.953688162856e+00
1.300000000000e+01,1.260000000000e+01,3.913364573848e+00
1.300000000000e+01,1.280000000000e+01,3.874256777636e+00
1.300000000000e+01,1.300000000000e+01,3.836288767232e+00
1.300000000000e+01,1.320000000000e+01,3.799391465879e+00
1.300000000000e+01,1.340000000000e+01,3.763501951401e+00
1.300000000000e+01,1.360000000000e+01,3.728562780716e+00
1.300000000000e+01,1.380000000000e+01,3.694521399980e+00
1.300000000000e+01,1.400000000000e+01,3.661329628131e+00
1.300000000000e+01,1.420000000000e+01,3.628943203593e+00
1.300000000000e+01,1.440000000000e+01,3.597321385412e+00
1.300000000000e+01,1.460000000000e+01,3.566426601501e+00
1.300000000000e+01,1.480000000000e+01,3.536224137703e+00
1.300000000000e+01,1.500000000000e+01,3.506681862360e+00
1.300000000000e+01,1.520000000000e+01,3.477680447348e+00
1.300000000000e+01,1.540000000000e+01,3.449200446916e+00
1.300000000000e+01,1.560000000000e+01,3.421303183087e+00
1.300000000000e+01,1.580000000000e+01,3.393964425687e+00
1.300000000000e+01,1.600000000000e+01,3.367161556632e+00
1.320000000000e+01,3.000000000000e+00,inf
1.320000000000e+01,3.200000000000e+00,inf
1.320000000000e+01,3.400000000000e+00,inf
1.320000000000e+01,3.600000000000e+00,inf
1.320000000000e+01,3.800000000000e+00,inf
1.320000000000e+01,4.000000000000e+00,inf
1.320000000000e+01,4.200000000000e+00,inf
1.320000000000e+01,4.400000000000e+00,inf
1.320000000000e+01,4.600000000000e+00,inf
1.320000000000e+01,4.800000000000e+00,inf
1.320000000000e+01,5.000000000000e+00,inf
1.320000000000e+01,5.200000000000e+00,inf
1.320000000000e+01,5.400000000000e+00,1.015244976453e+01
1.320000000000e+01,5.600000000000e+00,9.341605764162e+00
1.320000000000e+01,5.800000000000e+00,8.685049927321e+00
1.320000000000e+01,6.000000000000e+00,8.144776103087e+00
1.320000000000e+01,6.200000000000e+00,7.694053872879e+00
1.320000000000e+01,6.400000000000e+00,7.312373681780e+00
1.320000000000e+01,6.600000000000e+00,6.986325706492e+00
1.320000000000e+01,6.800000000000e+00,6.703889677242e+00
1.320000000000e+01,7.000000000000e+00,6.457143886493e+00
1.320000000000e+01,7.200000000000e+00,6.240030428940e+00
1.320000000000e+01,7.400000000000e+00,6.046988937230e+00
1.320000000000e+01,7.600000000000e+00,5.873839695482e+00
1.320000000000e+01,7.800000000000e+00,5.717985200376e+00
1.320000000000e+01,8.000000000000e+00,5.576802466646e+00
1.320000000000e+01,8.200000000000e+00,5.447873948208e+00
1.320000000000e+01,8.400000000000e+00,5.329269995435e+00
1.320000000000e+01,8.600000000000e+00,5.220059601969e+00
1.320000000000e+01,8.800000000000e+00,5.119031423505e+00
1.320000000000e+01,9.000000000000e+00,5.025169958750e+00
1.320000000000e+01,9.200000000000e+00,4.937508336881e+00
1.320000000000e+01,9.400000000000e+00,4.854980884551e+00
1.320000000000e+01,9.600000000000e+00,4.777449115182e+00
1.320000000000e+01,9.800000000000e+00,4.704377919341e+00
1.320000000000e+01,1.000000000000e+01,4.635306070448e+00
1.320000000000e+01,1.020000000000e+01,4.569834190094e+00
1.320000000000e+01,1.040000000000e+01,4.507614947851e+00
1.320000000000e+01,1.060000000000e+01,4.448188555497e+00
1.320000000000e+01,1.080000000000e+01,4.391204637946e+00
1.320000000000e+01,1.100000000000e+01,4.336689354387e+00
1.320000000000e+01,1.120000000000e+01,4.284434732836e+00
1.320000000000e+01,1.140000000000e+01,4.234256493453e+00
1.320000000000e+01,1.160000000000e+01,4.185990822953e+00
1.320000000000e+01,1.180000000000e+01,4.139491652204e+00
1.320000000000e+01,1.200000000000e+01,4.094628349012e+00
1.320000000000e+01,1.220000000000e+01,4.051283755074e+00
1.320000000000e+01,1.240000000000e+01,4.009339681475e+00
1.320000000000e+01,1.260000000000e+01,3.968450261298e+00
1.320000000000e+01,1.280000000000e+01,3.928804491313e+00
1.320000000000e+01,1.300000000000e+01,3.890323945984e+00
1.320000000000e+01,1.320000000000e+01,3.852937383951e+00
1.320000000000e+01,1.340000000000e+01,3.816579941774e+00
1.320000000000e+01,1.360000000000e+01,3.781192432022e+00
1.320000000000e+01,1.380000000000e+01,3.746720730527e+00
1.320000000000e+01,1.400000000000e+01,3.713115240068e+00
1.320000000000e+01,1.420000000000e+01,3.680330419755e+00
1.320000000000e+01,1.440000000000e+01,3.648324371069e+00
1.320000000000e+01,1.460000000000e+01,3.617058472869e+00
1.320000000000e+01,1.480000000000e+01,3.586497058857e+00
1.320000000000e+01,1.500000000000e+01,3.556607131934e+00
1.320000000000e+01,1.520000000000e+01,3.527266538843e+00
1.320000000000e+01,1.540000000000e+01,3.498457329726e+00
1.320000000000e+01,1.560000000000e+01,3.470240043912e+00
1.320000000000e+01,1.580000000000e+01,3.442589850152e+00
1.320000000000e+01,1.600000000000e+01,3.415483580432e+00
1.340000000000e+01,3.000000000000e+00,inf
1.340000000000e+01,3.200000000000e+00,inf
1.340000000000e+01,3.400000000000e+00,inf
1.340000000000e+01,3.600000000000e+00,inf
1.340000000000e+01,3.800000000000e+00,inf
1.340000000000e+01,4.000000000000e+00,inf
1.340000000000e+01,4.200000000000e+00,inf
1.340000000000e+01,4.400000000000e+00,inf
1.340000000000e+01,4.600000000000e+00,inf
1.340000000000e+01,4.800000000000e+00,inf
1.340000000000e+01,5.000000000000e+00,inf
1.340000000000e+01,5.200000000000e+00,inf
1.340000000000e+01,5.400000000000e+00,1.042729525795e+01
1.340000000000e+01,5.600000000000e+00,9.577581198070e+00
1.340000000000e+01,5.800000000000e+00,8.890960277394e+00
1.340000000000e+01,6.000000000000e+00,8.327030763461e+00
1.340000000000e+01,6.200000000000e+00,7.857425213590e+00
1.340000000000e+01,6.400000000000e+00,7.460445157330e+00
1.340000000000e+01,6.600000000000e+00,7.121866021220e+00
1.340000000000e+01,6.800000000000e+00,6.829035748836e+00
1.340000000000e+01,7.000000000000e+00,6.573581705460e+00
1.340000000000e+01,7.200000000000e+00,6.349110220774e+00
1.340000000000e+01,7.400000000000e+00,6.149791266371e+00
1.340000000000e+01,7.600000000000e+00,5.971240359205e+00
1.340000000000e+01,7.800000000000e+00,5.810710936603e+00
1.340000000000e+01,8.000000000000e+00,5.665454626285e+00
1.340000000000e+01,8.200000000000e+00,5.532949700601e+00
1.340000000000e+01,8.400000000000e+00,5.411185940869e+00
1.340000000000e+01,8.600000000000e+00,5.299173252693e+00
1.340000000000e+01,8.800000000000e+00,5.195647083383e+00
1.340000000000e+01,9.000000000000e+00,5.099548158745e+00
1.340000000000e+01,9.200000000000e+00,5.009870717197e+00
1.340000000000e+01,9.400000000000e+00,4.925517797734e+00
1.340000000000e+01,9.600000000000e+00,4.846329746273e+00
1.340000000000e+01,9.800000000000e+00,4.771749970043e+00
1.340000000000e+01,1.000000000000e+01,4.701299018375e+00
1.340000000000e+01,1.020000000000e+01,4.634561975444e+00
1.340000000000e+01,1.040000000000e+01,4.571178201181e+00
1.340000000000e+01,1.060000000000e+01,4.510673222465e+00
1.340000000000e+01,1.080000000000e+01,4.452689044091e+00
1.340000000000e+01,1.100000000000e+01,4.397244439277e+00
1.340000000000e+01,1.120000000000e+01,4.344123935988e+00
1.340000000000e+01,1.140000000000e+01,4.293136702012e+00
1.340000000000e+01,1.160000000000e+01,4.244113180728e+00
1.340000000000e+01,1.180000000000e+01,4.196902253126e+00
1.340000000000e+01,1.200000000000e+01,4.151368833779e+00
1.340000000000e+01,1.220000000000e+01,4.107391826357e+00
1.340000000000e+01,1.240000000000e+01,4.064847985902e+00
1.340000000000e+01,1.260000000000e+01,4.023388611961e+00
1.340000000000e+01,1.280000000000e+01,3.983201341873e+00
1.340000000000e+01,1.300000000000e+01,3.944205271774e+00
1.340000000000e+01,1.320000000000e+01,3.906326942545e+00
1.340000000000e+01,1.340000000000e+01,3.869499502093e+00
1.340000000000e+01,1.360000000000e+01,3.833661976289e+00
1.340000000000e+01,1.380000000000e+01,3.798758632714e+00
1.340000000000e+01,1.400000000000e+01,3.764738423937e+00
1.340000000000e+01,1.420000000000e+01,3.731554499136e+00
1.340000000000e+01,1.440000000000e+01,3.699163774626e+00
1.340000000000e+01,1.460000000000e+01,3.667526555301e+00
1.340000000000e+01,1.480000000000e+01,3.636606200191e+00
1.340000000000e+01,1.500000000000e+01,3.606368826355e+00
1.340000000000e+01,1.520000000000e+01,3.576689453730e+00
1.340000000000e+01,1.540000000000e+01,3.547551593425e+00
1.340000000000e+01,1.560000000000e+01,3.519014987774e+00
1.340000000000e+01,1.580000000000e+01,3.491054190510e+00
1.340000000000e+01,1.600000000000e+01,3.463645470980e+00
1.360000000000e+01,3.000000000000e+00,inf
1.360000000000e+01,3.200000000000e+00,inf
1.360000000000e+01,3.400000000000e+00,inf
1.360000000000e+01,3.600000000000e+00,inf
1.360000000000e+01,3.800000000000e+00,inf
1.360000000000e+01,4.000000000000e+00,inf
1.360000000000e+01,4.200000000000e+00,inf
1.360000000000e+01,4.400000000000e+00,inf
1.360000000000e+01,4.600000000000e+00,inf
1.360000000000e+01,4.800000000000e+00,inf
1.360000000000e+01,5.000000000000e+00,inf
1.360000000000e+01,5.200000000000e+00,inf
1.360000000000e+01,5.400000000000e+00,inf
1.360000000000e+01,5.600000000000e+00,9.819153690214e+00
1.360000000000e+01,5.800000000000e+00,9.101270591584e+00
1.360000000000e+01,6.000000000000e+00,8.512785303830e+00
1.360000000000e+01,6.200000000000e+00,8.023608902487e+00
1.360000000000e+01,6.400000000000e+00,7.610795636506e+00
1.360000000000e+01,6.600000000000e+00,7.259266384300e+00
1.360000000000e+01,6.800000000000e+00,6.955708566779e+00
1.360000000000e+01,7.000000000000e+00,6.691278038322e+00
1.360000000000e+01,7.200000000000e+00,6.459230547528e+00
1.360000000000e+01,7.400000000000e+00,6.253455323320e+00
1.360000000000e+01,7.600000000000e+00,6.069354631152e+00
1.360000000000e+01,7.800000000000e+00,5.904026730763e+00
1.360000000000e+01,8.000000000000e+00,5.754593032617e+00
1.360000000000e+01,8.200000000000e+00,5.618423955157e+00
1.360000000000e+01,8.400000000000e+00,5.493425636128e+00
1.360000000000e+01,8.600000000000e+00,5.378546708716e+00
1.360000000000e+01,8.800000000000e+00,5.272467579832e+00
1.360000000000e+01,9.000000000000e+00,5.174083733820e+00
1.360000000000e+01,9.200000000000e+00,5.082349395785e+00
1.360000000000e+01,9.400000000000e+00,4.996135223583e+00
1.360000000000e+01,9.600000000000e+00,4.915259675352e+00
1.360000000000e+01,9.800000000000e+00,4.839144019924e+00
1.360000000000e+01,1.000000000000e+01,4.767290038484e+00
1.360000000000e+01,1.020000000000e+01,4.699266823177e+00
1.360000000000e+01,1.040000000000e+01,4.634700042207e+00
1.360000000000e+01,1.060000000000e+01,4.573100265765e+00
1.360000000000e+01,1.080000000000e+01,4.514101517919e+00
1.360000000000e+01,1.100000000000e+01,4.457714989369e+00
1.360000000000e+01,1.120000000000e+01,4.403717506663e+00
1.360000000000e+01,1.140000000000e+01,4.351911511720e+00
1.360000000000e+01,1.160000000000e+01,4.302121554471e+00
1.360000000000e+01,1.180000000000e+01,4.254191335614e+00
1.360000000000e+01,1.200000000000e+01,4.207981202758e+00
1.360000000000e+01,1.220000000000e+01,4.163366021996e+00
1.360000000000e+01,1.240000000000e+01,4.120217431373e+00
1.360000000000e+01,1.260000000000e+01,4.078183785381e+00
1.360000000000e+01,1.280000000000e+01,4.037451302259e+00
1.360000000000e+01,1.300000000000e+01,3.997936539290e+00
1.360000000000e+01,1.320000000000e+01,3.959563765798e+00
1.360000000000e+01,1.340000000000e+01,3.922264093091e+00
1.360000000000e+01,1.360000000000e+01,3.885974717500e+00
1.360000000000e+01,1.380000000000e+01,3.850638259992e+00
1.360000000000e+01,1.400000000000e+01,3.816202188495e+00
1.360000000000e+01,1.420000000000e+01,3.782618311289e+00
1.360000000000e+01,1.440000000000e+01,3.749842331620e+00
1.360000000000e+01,1.460000000000e+01,3.717833455228e+00
1.360000000000e+01,1.480000000000e+01,3.686554043692e+00
1.360000000000e+01,1.500000000000e+01,3.655969307594e+00
1.360000000000e+01,1.520000000000e+01,3.625951438275e+00
1.360000000000e+01,1.540000000000e+01,3.596485372149e+00
1.360000000000e+01,1.560000000000e+01,3.567630040558e+00
1.360000000000e+01,1.580000000000e+01,3.539359368107e+00
1.360000000000e+01,1.600000000000e+01,3.511649048644e+00
1.380000000000e+01,3.000000000000e+00,inf
1.380000000000e+01,3.200000000000e+00,inf
1.380000000000e+01,3.400000000000e+00,inf
1.380000000000e+01,3.600000000000e+00,inf
1.380000000000e+01,3.800000000000e+00,inf
1.380000000000e+01,4.000000000000e+00,inf
1.380000000000e+01,4.200000000000e+00,inf
1.380000000000e+01,4.400000000000e+00,inf
1.380000000000e+01,4.600000000000e+00,inf
1.380000000000e+01,4.800000000000e+00,inf
1.380000000000e+01,5.000000000000e+00,inf
1.380000000000e+01,5.200000000000e+00,inf
1.380000000000e+01,5.400000000000e+00,inf
1.380000000000e+01,5.600000000000e+00,1.006649355036e+01
1.380000000000e+01,5.800000000000e+00,9.316110417638e+00
1.380000000000e+01,6.000000000000e+00,8.702140111933e+00
1.380000000000e+01,6.200000000000e+00,8.192684085894e+00
1.380000000000e+01,6.400000000000e+00,7.763488542807e+00
1.380000000000e+01,6.600000000000e+00,7.398578417278e+00
1.380000000000e+01,6.800000000000e+00,7.083950763691e+00
1.380000000000e+01,7.000000000000e+00,6.810268594069e+00
1.380000000000e+01,7.200000000000e+00,6.570421720719e+00
1.380000000000e+01,7.400000000000e+00,6.358007157388e+00
1.380000000000e+01,7.600000000000e+00,6.168205163339e+00
1.380000000000e+01,7.800000000000e+00,5.997952497075e+00
1.380000000000e+01,8.000000000000e+00,5.844235370240e+00
1.380000000000e+01,8.200000000000e+00,5.704312557693e+00
1.380000000000e+01,8.400000000000e+00,5.576003399913e+00
1.380000000000e+01,8.600000000000e+00,5.458193006776e+00
1.380000000000e+01,8.800000000000e+00,5.349504862879e+00
1.380000000000e+01,9.000000000000e+00,5.248787703987e+00
1.380000000000e+01,9.200000000000e+00,5.154954586813e+00
1.380000000000e+01,9.400000000000e+00,5.066842674506e+00
1.380000000000e+01,9.600000000000e+00,4.984247797745e+00
1.380000000000e+01,9.800000000000e+00,4.906568417131e+00
1.380000000000e+01,1.000000000000e+01,4.833286989856e+00
1.380000000000e+01,1.020000000000e+01,4.763956151939e+00
1.380000000000e+01,1.040000000000e+01,4.698187490129e+00
1.380000000000e+01,1.060000000000e+01,4.635476338475e+00
1.380000000000e+01,1.080000000000e+01,4.575448376526e+00
1.380000000000e+01,1.100000000000e+01,4.518107011396e+00
1.380000000000e+01,1.120000000000e+01,4.463221163418e+00
1.380000000000e+01,1.140000000000e+01,4.410586372315e+00
1.380000000000e+01,1.160000000000e+01,4.360021142094e+00
1.380000000000e+01,1.180000000000e+01,4.311363860776e+00
1.380000000000e+01,1.200000000000e+01,4.264470193616e+00
1.380000000000e+01,1.220000000000e+01,4.219210868187e+00
1.380000000000e+01,1.240000000000e+01,4.175452343199e+00
1.380000000000e+01,1.260000000000e+01,4.132839915284e+00
1.380000000000e+01,1.280000000000e+01,4.091558323563e+00
1.380000000000e+01,1.300000000000e+01,4.051521525200e+00
1.380000000000e+01,1.320000000000e+01,4.012651463515e+00
1.380000000000e+01,1.340000000000e+01,3.974877164706e+00
1.380000000000e+01,1.360000000000e+01,3.938133952236e+00
1.380000000000e+01,1.380000000000e+01,3.902362761664e+00
1.380000000000e+01,1.400000000000e+01,3.867509541464e+00
1.380000000000e+01,1.420000000000e+01,3.833524727710e+00
1.380000000000e+01,1.440000000000e+01,3.800362782374e+00
1.380000000000e+01,1.460000000000e+01,3.767981786578e+00
1.380000000000e+01,1.480000000000e+01,3.736343081424e+00
1.380000000000e+01,1.500000000000e+01,3.705410950162e+00
1.380000000000e+01,1.520000000000e+01,3.675054753597e+00
1.380000000000e+01,1.540000000000e+01,3.645260817124e+00
1.380000000000e+01,1.560000000000e+01,3.616087247364e+00
1.380000000000e+01,1.580000000000e+01,3.587507325524e+00
1.380000000000e+01,1.600000000000e+01,3.559496156938e+00
1.400000000000e+01,3.000000000000e+00,inf
1.400000000000e+01,3.200000000000e+00,inf
1.400000000000e+01,3.400000000000e+00,inf
1.400000000000e+01,3.600000000000e+00,inf
1.400000000000e+01,3.800000000000e+00,inf
1.400000000000e+01,4.000000000000e+00,inf
1.400000000000e+01,4.200000000000e+00,inf
1.400000000000e+01,4.400000000000e+00,inf
1.400000000000e+01,4.600000000000e+00,inf
1.400000000000e+01,4.800000000000e+00,inf
1.400000000000e+01,5.000000000000e+00,inf
1.400000000000e+01,5.200000000000e+00,inf
1.400000000000e+01,5.400000000000e+00,inf
1.400000000000e+01,5.600000000000e+00,1.031977495728e+01
1.400000000000e+01,5.800000000000e+00,9.535611972220e+00
1.400000000000e+01,6.000000000000e+00,8.895197437069e+00
1.400000000000e+01,6.200000000000e+00,8.364731216260e+00
1.400000000000e+01,6.400000000000e+00,7.918588215706e+00
1.400000000000e+01,6.600000000000e+00,7.539854379698e+00
1.400000000000e+01,6.800000000000e+00,7.213805409983e+00
1.400000000000e+01,7.000000000000e+00,6.930589373570e+00
1.400000000000e+01,7.200000000000e+00,6.682714236864e+00
1.400000000000e+01,7.400000000000e+00,6.463472924507e+00
1.400000000000e+01,7.600000000000e+00,6.267814656556e+00
1.400000000000e+01,7.800000000000e+00,6.092508156034e+00
1.400000000000e+01,8.000000000000e+00,5.934399298984e+00
1.400000000000e+01,8.200000000000e+00,5.790631306960e+00
1.400000000000e+01,8.400000000000e+00,5.658933487990e+00
1.400000000000e+01,8.600000000000e+00,5.538125109757e+00
1.400000000000e+01,8.800000000000e+00,5.426770801574e+00
1.400000000000e+01,9.000000000000e+00,5.323671004048e+00
1.400000000000e+01,9.200000000000e+00,5.227696417300e+00
1.400000000000e+01,9.400000000000e+00,5.137649575506e+00
1.400000000000e+01,9.600000000000e+00,5.053302922419e+00
1.400000000000e+01,9.800000000000e+00,4.974031425496e+00
1.400000000000e+01,1.000000000000e+01,4.899297650039e+00
1.400000000000e+01,1.020000000000e+01,4.828637302189e+00
1.400000000000e+01,1.040000000000e+01,4.761647489705e+00
1.400000000000e+01,1.060000000000e+01,4.697808023271e+00
1.400000000000e+01,1.080000000000e+01,4.636735870861e+00
1.400000000000e+01,1.100000000000e+01,4.578426450312e+00
1.400000000000e+01,1.120000000000e+01,4.522640567463e+00
1.400000000000e+01,1.140000000000e+01,4.469166680623e+00
1.400000000000e+01,1.160000000000e+01,4.417817093005e+00
1.400000000000e+01,1.180000000000e+01,4.368424745568e+00
1.400000000000e+01,1.200000000000e+01,4.320840504148e+00
1.400000000000e+01,1.220000000000e+01,4.274930855436e+00
1.400000000000e+01,1.240000000000e+01,4.230557015033e+00
1.400000000000e+01,1.260000000000e+01,4.187361107712e+00
1.400000000000e+01,1.280000000000e+01,4.145526333041e+00
1.400000000000e+01,1.300000000000e+01,4.104963986045e+00
1.400000000000e+01,1.320000000000e+01,4.065593628949e+00
1.400000000000e+01,1.340000000000e+01,4.027342153771e+00
1.400000000000e+01,1.360000000000e+01,3.990142967284e+00
1.400000000000e+01,1.380000000000e+01,3.953935280412e+00
1.400000000000e+01,1.400000000000e+01,3.918663486981e+00
1.400000000000e+01,1.420000000000e+01,3.884276619218e+00
1.400000000000e+01,1.440000000000e+01,3.850727869314e+00
1.400000000000e+01,1.460000000000e+01,3.817974168039e+00
1.400000000000e+01,1.480000000000e+01,3.785975812749e+00
1.400000000000e+01,1.500000000000e+01,3.754696138284e+00
1.400000000000e+01,1.520000000000e+01,3.724001672811e+00
1.400000000000e+01,1.540000000000e+01,3.693880093771e+00
1.400000000000e+01,1.560000000000e+01,3.664388669580e+00
1.400000000000e+01,1.580000000000e+01,3.635500023618e+00
1.400000000000e+01,1.600000000000e+01,3.607188659547e+00
1.420000000000e+01,3.000000000000e+00,inf
1.420000000000e+01,3.200000000000e+00,inf
1.420000000000e+01,3.400000000000e+00,inf
1.420000000000e+01,3.600000000000e+00,inf
1.420000000000e+01,3.800000000000e+00,inf
1.420000000000e+01,4.000000000000e+00,inf
1.420000000000e+01,4.200000000000e+00,inf
1.420000000000e+01,4.400000000000e+00,inf
1.420000000000e+01,4.600000000000e+00,inf
1.420000000000e+01,4.800000000000e+00,inf
1.420000000000e+01,5.000000000000e+00,inf
1.420000000000e+01,5.200000000000e+00,inf
1.420000000000e+01,5.400000000000e+00,inf
1.420000000000e+01,5.600000000000e+00,1.057917606451e+01
1.420000000000e+01,5.800000000000e+00,9.759910212621e+00
1.420000000000e+01,6.000000000000e+00,9.092061441087e+00
1.420000000000e+01,6.200000000000e+00,8.539832089972e+00
1.420000000000e+01,6.400000000000e+00,8.076159939772e+00
1.420000000000e+01,6.600000000000e+00,7.683147192220e+00
1.420000000000e+01,6.800000000000e+00,7.345316032659e+00
1.420000000000e+01,7.000000000000e+00,7.052276685166e+00
1.420000000000e+01,7.200000000000e+00,6.796138790628e+00
1.420000000000e+01,7.400000000000e+00,6.569878898444e+00
1.420000000000e+01,7.600000000000e+00,6.368205870019e+00
1.420000000000e+01,7.800000000000e+00,6.187713642769e+00
1.420000000000e+01,8.000000000000e+00,6.025102461171e+00
1.420000000000e+01,8.200000000000e+00,5.877395960975e+00
1.420000000000e+01,8.400000000000e+00,5.742230098690e+00
1.420000000000e+01,8.600000000000e+00,5.618355911473e+00
1.420000000000e+01,8.800000000000e+00,5.504277188120e+00
1.420000000000e+01,9.000000000000e+00,5.398744487154e+00
1.420000000000e+01,9.200000000000e+00,5.300584930141e+00
1.420000000000e+01,9.400000000000e+00,5.208565266723e+00
1.420000000000e+01,9.600000000000e+00,5.122433774082e+00
1.420000000000e+01,9.800000000000e+00,5.041541226218e+00
1.420000000000e+01,1.000000000000e+01,4.965329716362e+00
1.420000000000e+01,1.020000000000e+01,4.893317537161e+00
1.420000000000e+01,1.040000000000e+01,4.825086911895e+00
1.420000000000e+01,1.060000000000e+01,4.760101832777e+00
1.420000000000e+01,1.080000000000e+01,4.697970185799e+00
1.420000000000e+01,1.100000000000e+01,4.638679189116e+00
1.420000000000e+01,1.120000000000e+01,4.581981322237e+00
1.420000000000e+01,1.140000000000e+01,4.527657779917e+00
1.420000000000e+01,1.160000000000e+01,4.475514507268e+00
1.420000000000e+01,1.180000000000e+01,4.425378861770e+00
1.420000000000e+01,1.200000000000e+01,4.377096791071e+00
1.420000000000e+01,1.220000000000e+01,4.330530437191e+00
1.420000000000e+01,1.240000000000e+01,4.285535707375e+00
1.420000000000e+01,1.260000000000e+01,4.241751439384e+00
1.420000000000e+01,1.280000000000e+01,4.199359232340e+00
1.420000000000e+01,1.300000000000e+01,4.158267656357e+00
1.420000000000e+01,1.320000000000e+01,4.118393836821e+00
1.420000000000e+01,1.340000000000e+01,4.079662481930e+00
1.420000000000e+01,1.360000000000e+01,4.042005037458e+00
1.420000000000e+01,1.380000000000e+01,4.005358950035e+00
1.420000000000e+01,1.400000000000e+01,3.969667023269e+00
1.420000000000e+01,1.420000000000e+01,3.934876853563e+00
1.420000000000e+01,1.440000000000e+01,3.900940334517e+00
1.420000000000e+01,1.460000000000e+01,3.867813220550e+00
1.420000000000e+01,1.480000000000e+01,3.835454741766e+00
1.420000000000e+01,1.500000000000e+01,3.803827263296e+00
1.420000000000e+01,1.520000000000e+01,3.772794478380e+00
1.420000000000e+01,1.540000000000e+01,3.742345379026e+00
1.420000000000e+01,1.560000000000e+01,3.712536382170e+00
1.420000000000e+01,1.580000000000e+01,3.683339438785e+00
1.420000000000e+01,1.600000000000e+01,3.654728437559e+00
1.440000000000e+01,3.000000000000e+00,inf
1.440000000000e+01,3.200000000000e+00,inf
1.440000000000e+01,3.400000000000e+00,inf
1.440000000000e+01,3.600000000000e+00,inf
1.440000000000e+01,3.800000000000e+00,inf
1.440000000000e+01,4.000000000000e+00,inf
1.440000000000e+01,4.200000000000e+00,inf
1.440000000000e+01,4.400000000000e+00,inf
1.440000000000e+01,4.600000000000e+00,inf
1.440000000000e+01,4.800000000000e+00,inf
1.440000000000e+01,5.000000000000e+00,inf
1.440000000000e+01,5.200000000000e+00,inf
1.440000000000e+01,5.400000000000e+00,inf
1.440000000000e+01,5.600000000000e+00,1.084487910838e+01
1.440000000000e+01,5.800000000000e+00,9.989142909474e+00
1.440000000000e+01,6.000000000000e+00,9.292838249729e+00
1.440000000000e+01,6.200000000000e+00,8.718069885209e+00
1.440000000000e+01,6.400000000000e+00,8.236269973660e+00
1.440000000000e+01,6.600000000000e+00,7.828510459548e+00
1.440000000000e+01,6.800000000000e+00,7.478526633900e+00
1.440000000000e+01,7.000000000000e+00,7.175367160073e+00
1.440000000000e+01,7.200000000000e+00,6.910726287794e+00
1.440000000000e+01,7.400000000000e+00,6.677251481853e+00
1.440000000000e+01,7.600000000000e+00,6.469401630889e+00
1.440000000000e+01,7.800000000000e+00,6.283588915294e+00
1.440000000000e+01,8.000000000000e+00,6.116362488810e+00
1.440000000000e+01,8.200000000000e+00,5.964622243291e+00
1.440000000000e+01,8.400000000000e+00,5.825907378395e+00
1.440000000000e+01,8.600000000000e+00,5.698898241447e+00
1.440000000000e+01,8.800000000000e+00,5.582035742032e+00
1.440000000000e+01,9.000000000000e+00,5.474018928393e+00
1.440000000000e+01,9.200000000000e+00,5.373630087192e+00
1.440000000000e+01,9.400000000000e+00,5.279599006049e+00
1.440000000000e+01,9.600000000000e+00,5.191648995373e+00
1.440000000000e+01,9.800000000000e+00,5.109105919664e+00
1.440000000000e+01,1.000000000000e+01,5.031390807367e+00
1.440000000000e+01,1.020000000000e+01,4.958004043959e+00
1.440000000000e+01,1.040000000000e+01,4.888512554644e+00
1.440000000000e+01,1.060000000000e+01,4.822364210062e+00
1.440000000000e+01,1.080000000000e+01,4.759157440376e+00
1.440000000000e+01,1.100000000000e+01,4.698871048829e+00
1.440000000000e+01,1.120000000000e+01,4.641248973168e+00
1.440000000000e+01,1.140000000000e+01,4.586064959462e+00
1.440000000000e+01,1.160000000000e+01,4.533118434946e+00
1.440000000000e+01,1.180000000000e+01,4.482231035144e+00
1.440000000000e+01,1.200000000000e+01,4.433243669020e+00
1.440000000000e+01,1.220000000000e+01,4.386014028680e+00
1.440000000000e+01,1.240000000000e+01,4.340392646256e+00
1.440000000000e+01,1.260000000000e+01,4.296014956254e+00
1.440000000000e+01,1.280000000000e+01,4.253060895942e+00
1.440000000000e+01,1.300000000000e+01,4.211436246985e+00
1.440000000000e+01,1.320000000000e+01,4.171055641531e+00
1.440000000000e+01,1.340000000000e+01,4.131841553759e+00
1.440000000000e+01,1.360000000000e+01,4.093723423635e+00
1.440000000000e+01,1.380000000000e+01,4.056636893410e+00
1.440000000000e+01,1.400000000000e+01,4.020523140521e+00
1.440000000000e+01,1.420000000000e+01,3.985328293235e+00
1.440000000000e+01,1.440000000000e+01,3.951002917460e+00
1.440000000000e+01,1.460000000000e+01,3.917501564999e+00
1.440000000000e+01,1.480000000000e+01,3.884782374954e+00
1.440000000000e+01,1.500000000000e+01,3.852806721243e+00
1.440000000000e+01,1.520000000000e+01,3.821435459679e+00
1.440000000000e+01,1.540000000000e+01,3.790658858864e+00
1.440000000000e+01,1.560000000000e+01,3.760532471167e+00
1.440000000000e+01,1.580000000000e+01,3.731027560422e+00
1.440000000000e+01,1.600000000000e+01,3.702117386905e+00
1.460000000000e+01,3.000000000000e+00,inf
1.460000000000e+01,3.200000000000e+00,inf
1.460000000000e+01,3.400000000000e+00,inf
1.460000000000e+01,3.600000000000e+00,inf
1.460000000000e+01,3.800000000000e+00,inf
1.460000000000e+01,4.000000000000e+00,inf
1.460000000000e+01,4.200000000000e+00,inf
1.460000000000e+01,4.400000000000e+00,inf
1.460000000000e+01,4.600000000000e+00,inf
1.460000000000e+01,4.800000000000e+00,inf
1.460000000000e+01,5.000000000000e+00,inf
1.460000000000e+01,5.200000000000e+00,inf
1.460000000000e+01,5.400000000000e+00,inf
1.460000000000e+01,5.600000000000e+00,1.111707051835e+01
1.460000000000e+01,5.800000000000e+00,1.022345072055e+01
1.460000000000e+01,6.000000000000e+00,9.497636004382e+00
1.460000000000e+01,6.200000000000e+00,8.899529199872e+00
1.460000000000e+01,6.400000000000e+00,8.398985579019e+00
1.460000000000e+01,6.600000000000e+00,7.975998493194e+00
1.460000000000e+01,6.800000000000e+00,7.613481709473e+00
1.460000000000e+01,7.000000000000e+00,7.299897767596e+00
1.460000000000e+01,7.200000000000e+00,7.026507858057e+00
1.460000000000e+01,7.400000000000e+00,6.785617217172e+00
1.460000000000e+01,7.600000000000e+00,6.571424843651e+00
1.460000000000e+01,7.800000000000e+00,6.380153962655e+00
1.460000000000e+01,8.000000000000e+00,6.208197010700e+00
1.460000000000e+01,8.200000000000e+00,6.052325849217e+00
1.460000000000e+01,8.400000000000e+00,5.909979426983e+00
1.460000000000e+01,8.600000000000e+00,5.779764869680e+00
1.460000000000e+01,8.800000000000e+00,5.660058114301e+00
1.460000000000e+01,9.000000000000e+00,5.549505028418e+00
1.460000000000e+01,9.200000000000e+00,5.446841772402e+00
1.460000000000e+01,9.400000000000e+00,5.350759971815e+00
1.460000000000e+01,9.600000000000e+00,5.260957149130e+00
1.460000000000e+01,9.800000000000e+00,5.176733527261e+00
1.460000000000e+01,1.000000000000e+01,5.097488464350e+00
1.460000000000e+01,1.020000000000e+01,5.022703934775e+00
1.460000000000e+01,1.040000000000e+01,4.951931143800e+00
1.460000000000e+01,1.060000000000e+01,4.884601529284e+00
1.460000000000e+01,1.080000000000e+01,4.820303688164e+00
1.460000000000e+01,1.100000000000e+01,4.759007788638e+00
1.460000000000e+01,1.120000000000e+01,4.700449007580e+00
1.460000000000e+01,1.140000000000e+01,4.644393454218e+00
1.460000000000e+01,1.160000000000e+01,4.590633875616e+00
1.460000000000e+01,1.180000000000e+01,4.538986044769e+00
1.460000000000e+01,1.200000000000e+01,4.489285709713e+00
1.460000000000e+01,1.220000000000e+01,4.441386005922e+00
1.460000000000e+01,1.240000000000e+01,4.395132022115e+00
1.460000000000e+01,1.260000000000e+01,4.350155672255e+00
1.460000000000e+01,1.280000000000e+01,4.306635169777e+00
1.460000000000e+01,1.300000000000e+01,4.264473443598e+00
1.460000000000e+01,1.320000000000e+01,4.223582575569e+00
1.460000000000e+01,1.340000000000e+01,4.183882755076e+00
1.460000000000e+01,1.360000000000e+01,4.145301370978e+00
1.460000000000e+01,1.380000000000e+01,4.107772220627e+00
1.460000000000e+01,1.400000000000e+01,4.071234818963e+00
1.460000000000e+01,1.420000000000e+01,4.035633793469e+00
1.460000000000e+01,1.440000000000e+01,4.000918352963e+00
1.460000000000e+01,1.460000000000e+01,3.967041820106e+00
1.460000000000e+01,1.480000000000e+01,3.933961219012e+00
1.460000000000e+01,1.500000000000e+01,3.901636910667e+00
1.460000000000e+01,1.520000000000e+01,3.869926910740e+00
1.460000000000e+01,1.540000000000e+01,3.838822726008e+00
1.460000000000e+01,1.560000000000e+01,3.808379031347e+00
1.460000000000e+01,1.580000000000e+01,3.778566388574e+00
1.460000000000e+01,1.600000000000e+01,3.749357415977e+00
1.480000000000e+01,3.000000000000e+00,inf
1.480000000000e+01,3.200000000000e+00,inf
1.480000000000e+01,3.400000000000e+00,inf
1.480000000000e+01,3.600000000000e+00,inf
1.480000000000e+01,3.800000000000e+00,inf
1.480000000000e+01,4.000000000000e+00,inf
1.480000000000e+01,4.200000000000e+00,inf
1.480000000000e+01,4.400000000000e+00,inf
1.480000000000e+01,4.600000000000e+00,inf
1.480000000000e+01,4.800000000000e+00,inf
1.480000000000e+01,5.000000000000e+00,inf
1.480000000000e+01,5.200000000000e+00,inf
1.480000000000e+01,5.400000000000e+00,inf
1.480000000000e+01,5.600000000000e+00,1.139594102982e+01
1.480000000000e+01,5.800000000000e+00,1.046297726572e+01
1.480000000000e+01,6.000000000000e+00,9.706564914331e+00
1.480000000000e+01,6.200000000000e+00,9.084296089622e+00
1.480000000000e+01,6.400000000000e+00,8.564375049319e+00
1.480000000000e+01,6.600000000000e+00,8.125666334081e+00
1.480000000000e+01,6.800000000000e+00,7.750226266934e+00
1.480000000000e+01,7.000000000000e+00,7.425905830140e+00
1.480000000000e+01,7.200000000000e+00,7.143514867637e+00
1.480000000000e+01,7.400000000000e+00,6.895002797363e+00
1.480000000000e+01,7.600000000000e+00,6.674298499372e+00
1.480000000000e+01,7.800000000000e+00,6.477428812963e+00
1.480000000000e+01,8.000000000000e+00,6.300623659452e+00
1.480000000000e+01,8.200000000000e+00,6.140522451970e+00
1.480000000000e+01,8.400000000000e+00,5.994460303232e+00
1.480000000000e+01,8.600000000000e+00,5.860968511402e+00
1.480000000000e+01,8.800000000000e+00,5.738355891558e+00
1.480000000000e+01,9.000000000000e+00,5.625213417081e+00
1.480000000000e+01,9.200000000000e+00,5.520229794978e+00
1.480000000000e+01,9.400000000000e+00,5.422057265519e+00
1.480000000000e+01,9.600000000000e+00,5.330366720724e+00
1.480000000000e+01,9.800000000000e+00,5.244431993455e+00
1.480000000000e+01,1.000000000000e+01,5.163630152985e+00
1.480000000000e+01,1.020000000000e+01,5.087424248202e+00
1.480000000000e+01,1.040000000000e+01,5.015349334132e+00
1.480000000000e+01,1.060000000000e+01,4.946820096441e+00
1.480000000000e+01,1.080000000000e+01,4.881414917775e+00
1.480000000000e+01,1.100000000000e+01,4.819095106159e+00
1.480000000000e+01,1.120000000000e+01,4.759586854750e+00
1.480000000000e+01,1.140000000000e+01,4.702648444690e+00
1.480000000000e+01,1.160000000000e+01,4.648065778027e+00
1.480000000000e+01,1.180000000000e+01,4.595648622528e+00
1.480000000000e+01,1.200000000000e+01,4.545227441276e+00
1.480000000000e+01,1.220000000000e+01,4.496650704911e+00
1.480000000000e+01,1.240000000000e+01,4.449757988845e+00
1.480000000000e+01,1.260000000000e+01,4.404177568208e+00
1.480000000000e+01,1.280000000000e+01,4.360085870020e+00
1.480000000000e+01,1.300000000000e+01,4.317382905371e+00
1.480000000000e+01,1.320000000000e+01,4.275978148092e+00
1.480000000000e+01,1.340000000000e+01,4.235789451428e+00
1.480000000000e+01,1.360000000000e+01,4.196742107336e+00
1.480000000000e+01,1.380000000000e+01,4.158768027317e+00
1.480000000000e+01,1.400000000000e+01,4.121805027106e+00
1.480000000000e+01,1.420000000000e+01,4.085796200423e+00
1.480000000000e+01,1.440000000000e+01,4.050689369306e+00
1.480000000000e+01,1.460000000000e+01,4.016436600483e+00
1.480000000000e+01,1.480000000000e+01,3.982993778866e+00
1.480000000000e+01,1.500000000000e+01,3.950320230576e+00
1.480000000000e+01,1.520000000000e+01,3.918271128182e+00
1.480000000000e+01,1.540000000000e+01,3.886839177818e+00
1.480000000000e+01,1.560000000000e+01,3.856078164081e+00
1.480000000000e+01,1.580000000000e+01,3.825957931751e+00
1.480000000000e+01,1.600000000000e+01,3.796450443420e+00
1.500000000000e+01,3.000000000000e+00,inf
1.500000000000e+01,3.200000000000e+00,inf
1.500000000000e+01,3.400000000000e+00,inf
1.500000000000e+01,3.600000000000e+00,inf
1.500000000000e+01,3.800000000000e+00,inf
1.500000000000e+01,4.000000000000e+00,inf
1.500000000000e+01,4.200000000000e+00,inf
1.500000000000e+01,4.400000000000e+00,inf
1.500000000000e+01,4.600000000000e+00,inf
1.500000000000e+01,4.800000000000e+00,inf
1.500000000000e+01,5.000000000000e+00,inf
1.500000000000e+01,5.200000000000e+00,inf
1.500000000000e+01,5.400000000000e+00,inf
1.500000000000e+01,5.600000000000e+00,1.168168579961e+01
1.500000000000e+01,5.800000000000e+00,1.070786920326e+01
1.500000000000e+01,6.000000000000e+00,9.919737309531e+00
1.500000000000e+01,6.200000000000e+00,9.272458106079e+00
1.500000000000e+01,6.400000000000e+00,8.732507738640e+00
1.500000000000e+01,6.600000000000e+00,8.277569775019e+00
1.500000000000e+01,6.800000000000e+00,7.888805843676e+00
1.500000000000e+01,7.000000000000e+00,7.553429038057e+00
1.500000000000e+01,7.200000000000e+00,7.261778931721e+00
1.500000000000e+01,7.400000000000e+00,7.005435076497e+00
1.500000000000e+01,7.600000000000e+00,6.778045684807e+00
1.500000000000e+01,7.800000000000e+00,6.575433541312e+00
1.500000000000e+01,8.000000000000e+00,6.393660078415e+00
1.500000000000e+01,8.200000000000e+00,6.229227708755e+00
1.500000000000e+01,8.400000000000e+00,6.079364030174e+00
1.500000000000e+01,8.600000000000e+00,5.942521831782e+00
1.500000000000e+01,8.800000000000e+00,5.816940600228e+00
1.500000000000e+01,9.000000000000e+00,5.701154657086e+00
1.500000000000e+01,9.200000000000e+00,5.593803892572e+00
1.500000000000e+01,9.400000000000e+00,5.493499914592e+00
1.500000000000e+01,9.600000000000e+00,5.399886120439e+00
1.500000000000e+01,9.800000000000e+00,5.312209187745e+00
1.500000000000e+01,1.000000000000e+01,5.229823265030e+00
1.500000000000e+01,1.020000000000e+01,5.152171950633e+00
1.500000000000e+01,1.040000000000e+01,5.078773710459e+00
1.500000000000e+01,1.060000000000e+01,5.009026150232e+00
1.500000000000e+01,1.080000000000e+01,4.942497053480e+00
1.500000000000e+01,1.100000000000e+01,4.879138637836e+00
1.500000000000e+01,1.120000000000e+01,4.818667886086e+00
1.500000000000e+01,1.140000000000e+01,4.760835056915e+00
1.500000000000e+01,1.160000000000e+01,4.705419039906e+00
1.500000000000e+01,1.180000000000e+01,4.652223452742e+00
1.500000000000e+01,1.200000000000e+01,4.601073347725e+00
1.500000000000e+01,1.220000000000e+01,4.551812420934e+00
1.500000000000e+01,1.240000000000e+01,4.504274662979e+00
1.500000000000e+01,1.260000000000e+01,4.458084590891e+00
1.500000000000e+01,1.280000000000e+01,4.413416782039e+00
1.500000000000e+01,1.300000000000e+01,4.370168263825e+00
1.500000000000e+01,1.320000000000e+01,4.328245843665e+00
1.500000000000e+01,1.340000000000e+01,4.287564986739e+00
1.500000000000e+01,1.360000000000e+01,4.248048841805e+00
1.500000000000e+01,1.380000000000e+01,4.209627393127e+00
1.500000000000e+01,1.400000000000e+01,4.172236720151e+00
1.500000000000e+01,1.420000000000e+01,4.135818349524e+00
1.500000000000e+01,1.440000000000e+01,4.100318686512e+00
1.500000000000e+01,1.460000000000e+01,4.065688514864e+00
1.500000000000e+01,1.480000000000e+01,4.031882555843e+00
1.500000000000e+01,1.500000000000e+01,3.998859078565e+00
1.500000000000e+01,1.520000000000e+01,3.966470409290e+00
1.500000000000e+01,1.540000000000e+01,3.934710414334e+00
1.500000000000e+01,1.560000000000e+01,3.903631975350e+00
1.500000000000e+01,1.580000000000e+01,3.873204204912e+00
1.500000000000e+01,1.600000000000e+01,3.843398396080e+00
1.520000000000e+01,3.000000000000e+00,inf
1.520000000000e+01,3.200000000000e+00,inf
1.520000000000e+01,3.400000000000e+00,inf
1.520000000000e+01,3.600000000000e+00,inf
1.520000000000e+01,3.800000000000e+00,inf
1.520000000000e+01,4.000000000000e+00,inf
1.520000000000e+01,4.200000000000e+00,inf
1.520000000000e+01,4.400000000000e+00,inf
1.520000000000e+01,4.600000000000e+00,inf
1.520000000000e+01,4.800000000000e+00,inf
1.520000000000e+01,5.000000000000e+00,inf
1.520000000000e+01,5.200000000000e+00,inf
1.520000000000e+01,5.400000000000e+00,inf
1.520000000000e+01,5.600000000000e+00,inf
1.520000000000e+01,5.800000000000e+00,1.095827630745e+01
1.520000000000e+01,6.000000000000e+00,1.013726769401e+01
1.520000000000e+01,6.200000000000e+00,9.464104335213e+00
1.520000000000e+01,6.400000000000e+00,8.903454090452e+00
1.520000000000e+01,6.600000000000e+00,8.431765383053e+00
1.520000000000e+01,6.800000000000e+00,8.029266524809e+00
1.520000000000e+01,7.000000000000e+00,7.682505464311e+00
1.520000000000e+01,7.200000000000e+00,7.381331926742e+00
1.520000000000e+01,7.400000000000e+00,7.116941080177e+00
1.520000000000e+01,7.600000000000e+00,6.882689591377e+00
1.520000000000e+01,7.800000000000e+00,6.674188277580e+00
1.520000000000e+01,8.000000000000e+00,6.487323928501e+00
1.520000000000e+01,8.200000000000e+00,6.318457266768e+00
1.520000000000e+01,8.400000000000e+00,6.164704600387e+00
1.520000000000e+01,8.600000000000e+00,6.024437450609e+00
1.520000000000e+01,8.800000000000e+00,5.895823710654e+00
1.520000000000e+01,9.000000000000e+00,5.777339247620e+00
1.520000000000e+01,9.200000000000e+00,5.667573734476e+00
1.520000000000e+01,9.400000000000e+00,5.565096875193e+00
1.520000000000e+01,9.600000000000e+00,5.469523685900e+00
1.520000000000e+01,9.800000000000e+00,5.380072906765e+00
1.520000000000e+01,1.000000000000e+01,5.296075120093e+00
1.520000000000e+01,1.020000000000e+01,5.216953937739e+00
1.520000000000e+01,1.040000000000e+01,5.142210788843e+00
1.520000000000e+01,1.060000000000e+01,5.071225863014e+00
1.520000000000e+01,1.080000000000e+01,5.003555955927e+00
1.520000000000e+01,1.100000000000e+01,4.939143959429e+00
1.520000000000e+01,1.120000000000e+01,4.877697415421e+00
1.520000000000e+01,1.140000000000e+01,4.818958362561e+00
1.520000000000e+01,1.160000000000e+01,4.762698507882e+00
1.520000000000e+01,1.180000000000e+01,4.708715171929e+00
1.520000000000e+01,1.200000000000e+01,4.656827868560e+00
1.520000000000e+01,1.220000000000e+01,4.606875408042e+00
1.520000000000e+01,1.240000000000e+01,4.558686123027e+00
1.520000000000e+01,1.260000000000e+01,4.511880652248e+00
1.520000000000e+01,1.280000000000e+01,4.466631659488e+00
1.520000000000e+01,1.300000000000e+01,4.422833121810e+00
1.520000000000e+01,1.320000000000e+01,4.380389121145e+00
1.520000000000e+01,1.340000000000e+01,4.339212682100e+00
1.520000000000e+01,1.360000000000e+01,4.299224763435e+00
1.520000000000e+01,1.380000000000e+01,4.260353380358e+00
1.520000000000e+01,1.400000000000e+01,4.222532838554e+00
1.520000000000e+01,1.420000000000e+01,4.185703063954e+00
1.520000000000e+01,1.440000000000e+01,4.149809014777e+00
1.520000000000e+01,1.460000000000e+01,4.114800164479e+00
1.520000000000e+01,1.480000000000e+01,4.080630045996e+00
1.520000000000e+01,1.500000000000e+01,4.047255849095e+00
1.520000000000e+01,1.520000000000e+01,4.014527050252e+00
1.520000000000e+01,1.540000000000e+01,3.982438636475e+00
1.520000000000e+01,1.560000000000e+01,3.951042573899e+00
1.520000000000e+01,1.580000000000e+01,3.920307227590e+00
1.520000000000e+01,1.600000000000e+01,3.890203207110e+00
1.540000000000e+01,3.000000000000e+00,inf
1.540000000000e+01,3.200000000000e+00,inf
1.540000000000e+01,3.400000000000e+00,inf
1.540000000000e+01,3.600000000000e+00,inf
1.540000000000e+01,3.800000000000e+00,inf
1.540000000000e+01,4.000000000000e+00,inf
1.540000000000e+01,4.200000000000e+00,inf
1.540000000000e+01,4.400000000000e+00,inf
1.540000000000e+01,4.600000000000e+00,inf
1.540000000000e+01,4.800000000000e+00,inf
1.540000000000e+01,5.000000000000e+00,inf
1.540000000000e+01,5.200000000000e+00,inf
1.540000000000e+01,5.400000000000e+00,inf
1.540000000000e+01,5.600000000000e+00,inf
1.540000000000e+01,5.800000000000e+00,1.121435154772e+01
1.540000000000e+01,6.000000000000e+00,1.035927279992e+01
1.540000000000e+01,6.200000000000e+00,9.659325435981e+00
1.540000000000e+01,6.400000000000e+00,9.077285666396e+00
1.540000000000e+01,6.600000000000e+00,8.588310521719e+00
1.540000000000e+01,6.800000000000e+00,8.171654960889e+00
1.540000000000e+01,7.000000000000e+00,7.813173578979e+00
1.540000000000e+01,7.200000000000e+00,7.502206002482e+00
1.540000000000e+01,7.400000000000e+00,7.229548015818e+00
1.540000000000e+01,7.600000000000e+00,6.988253524009e+00
1.540000000000e+01,7.800000000000e+00,6.773713214110e+00
1.540000000000e+01,8.000000000000e+00,6.581632894917e+00
1.540000000000e+01,8.200000000000e+00,6.408226769116e+00
1.540000000000e+01,8.400000000000e+00,6.250495981231e+00
1.540000000000e+01,8.600000000000e+00,6.106727946923e+00
1.540000000000e+01,8.800000000000e+00,5.975016641204e+00
1.540000000000e+01,9.000000000000e+00,5.853777627990e+00
1.540000000000e+01,9.200000000000e+00,5.741548924824e+00
1.540000000000e+01,9.400000000000e+00,5.636857035018e+00
1.540000000000e+01,9.600000000000e+00,5.539287684522e+00
1.540000000000e+01,9.800000000000e+00,5.448030876407e+00
1.540000000000e+01,1.000000000000e+01,5.362392967452e+00
1.540000000000e+01,1.020000000000e+01,5.281777036006e+00
1.540000000000e+01,1.040000000000e+01,5.205667017875e+00
1.540000000000e+01,1.060000000000e+01,5.133425341831e+00
1.540000000000e+01,1.080000000000e+01,5.064597422944e+00
1.540000000000e+01,1.100000000000e+01,4.999116586618e+00
1.540000000000e+01,1.120000000000e+01,4.936680699409e+00
1.540000000000e+01,1.140000000000e+01,4.877023379138e+00
1.540000000000e+01,1.160000000000e+01,4.819908977520e+00
1.540000000000e+01,1.180000000000e+01,4.765128368677e+00
1.540000000000e+01,1.200000000000e+01,4.712495398502e+00
1.540000000000e+01,1.220000000000e+01,4.661843878630e+00
1.540000000000e+01,1.240000000000e+01,4.612996408933e+00
1.540000000000e+01,1.260000000000e+01,4.565569628721e+00
1.540000000000e+01,1.280000000000e+01,4.519734223529e+00
1.540000000000e+01,1.300000000000e+01,4.475381052627e+00
1.540000000000e+01,1.320000000000e+01,4.432411412706e+00
1.540000000000e+01,1.340000000000e+01,4.390735834706e+00
1.540000000000e+01,1.360000000000e+01,4.350273040085e+00
1.540000000000e+01,1.380000000000e+01,4.310949032730e+00
1.540000000000e+01,1.400000000000e+01,4.272696306720e+00
1.540000000000e+01,1.420000000000e+01,4.235453153291e+00
1.540000000000e+01,1.440000000000e+01,4.199163053041e+00
1.540000000000e+01,1.460000000000e+01,4.163774141567e+00
1.540000000000e+01,1.480000000000e+01,4.129238738569e+00
1.540000000000e+01,1.500000000000e+01,4.095512931914e+00
1.540000000000e+01,1.520000000000e+01,4.062443344539e+00
1.540000000000e+01,1.540000000000e+01,4.030026044373e+00
1.540000000000e+01,1.560000000000e+01,3.998312069541e+00
1.540000000000e+01,1.580000000000e+01,3.967269022160e+00
1.540000000000e+01,1.600000000000e+01,3.936866814202e+00
1.560000000000e+01,3.000000000000e+00,inf
1.560000000000e+01,3.200000000000e+00,inf
1.560000000000e+01,3.400000000000e+00,inf
1.560000000000e+01,3.600000000000e+00,inf
1.560000000000e+01,3.800000000000e+00,inf
1.560000000000e+01,4.000000000000e+00,inf
1.560000000000e+01,4.200000000000e+00,inf
1.560000000000e+01,4.400000000000e+00,inf
1.560000000000e+01,4.600000000000e+00,inf
1.560000000000e+01,4.800000000000e+00,inf
1.560000000000e+01,5.000000000000e+00,inf
1.560000000000e+01,5.200000000000e+00,inf
1.560000000000e+01,5.400000000000e+00,inf
1.560000000000e+01,5.600000000000e+00,inf
1.560000000000e+01,5.800000000000e+00,1.147625116930e+01
1.560000000000e+01,6.000000000000e+00,1.058587164236e+01
1.560000000000e+01,6.200000000000e+00,9.858213679232e+00
1.560000000000e+01,6.400000000000e+00,9.254075175113e+00
1.560000000000e+01,6.600000000000e+00,8.747263373217e+00
1.560000000000e+01,6.800000000000e+00,8.316018385514e+00
1.560000000000e+01,7.000000000000e+00,7.945472263594e+00
1.560000000000e+01,7.200000000000e+00,7.624433594028e+00
1.560000000000e+01,7.400000000000e+00,7.343283282767e+00
1.560000000000e+01,7.600000000000e+00,7.094760909834e+00
1.560000000000e+01,7.800000000000e+00,6.874028613270e+00
1.560000000000e+01,8.000000000000e+00,6.676604693786e+00
1.560000000000e+01,8.200000000000e+00,6.498551860655e+00
1.560000000000e+01,8.400000000000e+00,6.336752120008e+00
1.560000000000e+01,8.600000000000e+00,6.189405863593e+00
1.560000000000e+01,8.800000000000e+00,6.054530762337e+00
1.560000000000e+01,9.000000000000e+00,5.930480181224e+00
1.560000000000e+01,9.200000000000e+00,5.815739005790e+00
1.560000000000e+01,9.400000000000e+00,5.708789216119e+00
1.560000000000e+01,9.600000000000e+00,5.609186315983e+00
1.560000000000e+01,9.800000000000e+00,5.516090753976e+00
1.560000000000e+01,1.000000000000e+01,5.428783987917e+00
1.560000000000e+01,1.020000000000e+01,5.346648004322e+00
1.560000000000e+01,1.040000000000e+01,5.269148780005e+00
1.560000000000e+01,1.060000000000e+01,5.195630629518e+00
1.560000000000e+01,1.080000000000e+01,5.125627190424e+00
1.560000000000e+01,1.100000000000e+01,5.059061975669e+00
1.560000000000e+01,1.120000000000e+01,4.995622938005e+00
1.560000000000e+01,1.140000000000e+01,4.935035070304e+00
1.560000000000e+01,1.160000000000e+01,4.877055193465e+00
1.560000000000e+01,1.180000000000e+01,4.821467583631e+00
1.560000000000e+01,1.200000000000e+01,4.768080287322e+00
1.560000000000e+01,1.220000000000e+01,4.716722003141e+00
1.560000000000e+01,1.240000000000e+01,4.667209521645e+00
1.560000000000e+01,1.260000000000e+01,4.619155360708e+00
1.560000000000e+01,1.280000000000e+01,4.572728162175e+00
1.560000000000e+01,1.300000000000e+01,4.527815599267e+00
1.560000000000e+01,1.320000000000e+01,4.484316122981e+00
1.560000000000e+01,1.340000000000e+01,4.442137716910e+00
1.560000000000e+01,1.360000000000e+01,4.401196817387e+00
1.560000000000e+01,1.380000000000e+01,4.361417374281e+00
1.560000000000e+01,1.400000000000e+01,4.322730031831e+00
1.560000000000e+01,1.420000000000e+01,4.285071412266e+00
1.560000000000e+01,1.440000000000e+01,4.248383487693e+00
1.560000000000e+01,1.460000000000e+01,4.212613028027e+00
1.560000000000e+01,1.480000000000e+01,4.177711114590e+00
1.560000000000e+01,1.500000000000e+01,4.143632710600e+00
1.560000000000e+01,1.520000000000e+01,4.110221581404e+00
1.560000000000e+01,1.540000000000e+01,4.077474835841e+00
1.560000000000e+01,1.560000000000e+01,4.045442571586e+00
1.560000000000e+01,1.580000000000e+01,4.014091612234e+00
1.560000000000e+01,1.600000000000e+01,3.983391157952e+00
1.580000000000e+01,3.000000000000e+00,inf
1.580000000000e+01,3.200000000000e+00,inf
1.580000000000e+01,3.400000000000e+00,inf
1.580000000000e+01,3.600000000000e+00,inf
1.580000000000e+01,3.800000000000e+00,inf
1.580000000000e+01,4.000000000000e+00,inf
1.580000000000e+01,4.200000000000e+00,inf
1.580000000000e+01,4.400000000000e+00,inf
1.580000000000e+01,4.600000000000e+00,inf
1.580000000000e+01,4.800000000000e+00,inf
1.580000000000e+01,5.000000000000e+00,inf
1.580000000000e+01,5.200000000000e+00,inf
1.580000000000e+01,5.400000000000e+00,inf
1.580000000000e+01,5.600000000000e+00,inf
1.580000000000e+01,5.800000000000e+00,1.174413477563e+01
1.580000000000e+01,6.000000000000e+00,1.081718557493e+01
1.580000000000e+01,6.200000000000e+00,1.006086298695e+01
1.580000000000e+01,6.400000000000e+00,9.433896501145e+00
1.580000000000e+01,6.600000000000e+00,8.908682960523e+00
1.580000000000e+01,6.800000000000e+00,8.462404632796e+00
1.580000000000e+01,7.000000000000e+00,8.079440825345e+00
1.580000000000e+01,7.200000000000e+00,7.748047433571e+00
1.580000000000e+01,7.400000000000e+00,7.458174482286e+00
1.580000000000e+01,7.600000000000e+00,7.202235306757e+00
1.580000000000e+01,7.800000000000e+00,6.975154814895e+00
1.580000000000e+01,8.000000000000e+00,6.772257078670e+00
1.580000000000e+01,8.200000000000e+00,6.589448193737e+00
1.580000000000e+01,8.400000000000e+00,6.423486949059e+00
1.580000000000e+01,8.600000000000e+00,6.272483711851e+00
1.580000000000e+01,8.800000000000e+00,6.134377400628e+00
1.580000000000e+01,9.000000000000e+00,6.007457237662e+00
1.580000000000e+01,9.200000000000e+00,5.890153460764e+00
1.580000000000e+01,9.400000000000e+00,5.780902177723e+00
1.580000000000e+01,9.600000000000e+00,5.679227714711e+00
1.580000000000e+01,9.800000000000e+00,5.584260130372e+00
1.580000000000e+01,1.000000000000e+01,5.495255295726e+00
1.580000000000e+01,1.020000000000e+01,5.411573535615e+00
1.580000000000e+01,1.040000000000e+01,5.332662392937e+00
1.580000000000e+01,1.060000000000e+01,5.257847705868e+00
1.580000000000e+01,1.080000000000e+01,5.186650933272e+00
1.580000000000e+01,1.100000000000e+01,5.118985524192e+00
1.580000000000e+01,1.120000000000e+01,5.054529275034e+00
1.580000000000e+01,1.140000000000e+01,4.992998346256e+00
1.580000000000e+01,1.160000000000e+01,4.934141849662e+00
1.580000000000e+01,1.180000000000e+01,4.877737309564e+00
1.580000000000e+01,1.200000000000e+01,4.823586839775e+00
1.580000000000e+01,1.220000000000e+01,4.771513909864e+00
1.580000000000e+01,1.240000000000e+01,4.721329422799e+00
1.580000000000e+01,1.260000000000e+01,4.672641652124e+00
1.580000000000e+01,1.280000000000e+01,4.625617129750e+00
1.580000000000e+01,1.300000000000e+01,4.580140273764e+00
1.580000000000e+01,1.320000000000e+01,4.536106628326e+00
1.580000000000e+01,1.340000000000e+01,4.493421575393e+00
1.580000000000e+01,1.360000000000e+01,4.451999217846e+00
1.580000000000e+01,1.380000000000e+01,4.411761408386e+00
1.580000000000e+01,1.400000000000e+01,4.372636902796e+00
1.580000000000e+01,1.420000000000e+01,4.334560619644e+00
1.580000000000e+01,1.440000000000e+01,4.297472991391e+00
1.580000000000e+01,1.460000000000e+01,4.261319394180e+00
1.580000000000e+01,1.480000000000e+01,4.226049645590e+00
1.580000000000e+01,1.500000000000e+01,4.191617561231e+00
1.580000000000e+01,1.520000000000e+01,4.157864044514e+00
1.580000000000e+01,1.540000000000e+01,4.124787204956e+00
1.580000000000e+01,1.560000000000e+01,4.092436187392e+00
1.580000000000e+01,1.580000000000e+01,4.060777021180e+00
1.580000000000e+01,1.600000000000e+01,4.029778180348e+00
1.600000000000e+01,3.000000000000e+00,inf
1.600000000000e+01,3.200000000000e+00,inf
1.600000000000e+01,3.400000000000e+00,inf
1.600000000000e+01,3.600000000000e+00,inf
1.600000000000e+01,3.800000000000e+00,inf
1.600000000000e+01,4.000000000000e+00,inf
1.600000000000e+01,4.200000000000e+00,inf
1.600000000000e+01,4.400000000000e+00,inf
1.600000000000e+01,4.600000000000e+00,inf
1.600000000000e+01,4.800000000000e+00,inf
1.600000000000e+01,5.000000000000e+00,inf
1.600000000000e+01,5.200000000000e+00,inf
1.600000000000e+01,5.400000000000e+00,inf
1.600000000000e+01,5.600000000000e+00,inf
1.600000000000e+01,5.800000000000e+00,1.201816541241e+01
1.600000000000e+01,6.000000000000e+00,1.105333834624e+01
1.600000000000e+01,6.200000000000e+00,1.026736897187e+01
1.600000000000e+01,6.400000000000e+00,9.616824733926e+00
1.600000000000e+01,6.600000000000e+00,9.072629169459e+00
1.600000000000e+01,6.800000000000e+00,8.610862154731e+00
1.600000000000e+01,7.000000000000e+00,8.215119011136e+00
1.600000000000e+01,7.200000000000e+00,7.873080562057e+00
1.600000000000e+01,7.400000000000e+00,7.574249427388e+00
1.600000000000e+01,7.600000000000e+00,7.310700411892e+00
1.600000000000e+01,7.800000000000e+00,7.077112243612e+00
1.600000000000e+01,8.000000000000e+00,6.868607846990e+00
1.600000000000e+01,8.200000000000e+00,6.680931433870e+00
1.600000000000e+01,8.400000000000e+00,6.510714390781e+00
1.600000000000e+01,8.600000000000e+00,6.355973975747e+00
1.600000000000e+01,8.800000000000e+00,6.214567842752e+00
1.600000000000e+01,9.000000000000e+00,6.084719078500e+00
1.600000000000e+01,9.200000000000e+00,5.964801717521e+00
1.600000000000e+01,9.400000000000e+00,5.853204619041e+00
1.600000000000e+01,9.600000000000e+00,5.749419952377e+00
1.600000000000e+01,9.800000000000e+00,5.652546532282e+00
1.600000000000e+01,1.000000000000e+01,5.561813940469e+00
1.600000000000e+01,1.020000000000e+01,5.476560258522e+00
1.600000000000e+01,1.040000000000e+01,5.396214111058e+00
1.600000000000e+01,1.060000000000e+01,5.320082488841e+00
1.600000000000e+01,1.080000000000e+01,5.247674266417e+00
1.600000000000e+01,1.100000000000e+01,5.178892571954e+00
1.600000000000e+01,1.120000000000e+01,5.113404798827e+00
1.600000000000e+01,1.140000000000e+01,5.050918064194e+00
1.600000000000e+01,1.160000000000e+01,4.991173589670e+00
1.600000000000e+01,1.180000000000e+01,4.933941991541e+00
1.600000000000e+01,1.200000000000e+01,4.879019315626e+00
1.600000000000e+01,1.220000000000e+01,4.826223684826e+00
1.600000000000e+01,1.240000000000e+01,4.775360034491e+00
1.600000000000e+01,1.260000000000e+01,4.726032270065e+00
1.600000000000e+01,1.280000000000e+01,4.678404746438e+00
1.600000000000e+01,1.300000000000e+01,4.632358556651e+00
1.600000000000e+01,1.320000000000e+01,4.587786276178e+00
1.600000000000e+01,1.340000000000e+01,4.544590630446e+00
1.600000000000e+01,1.360000000000e+01,4.502683340033e+00
1.600000000000e+01,1.380000000000e+01,4.461984116879e+00
1.600000000000e+01,1.400000000000e+01,4.422419789299e+00
1.600000000000e+01,1.420000000000e+01,4.383923537220e+00
1.600000000000e+01,1.440000000000e+01,4.346434221993e+00
1.600000000000e+01,1.460000000000e+01,4.309895797648e+00
1.600000000000e+01,1.480000000000e+01,4.274256792426e+00
1.600000000000e+01,1.500000000000e+01,4.239469851166e+00
1.600000000000e+01,1.520000000000e+01,4.205373010682e+00
1.600000000000e+01,1.540000000000e+01,4.171965340761e+00
1.600000000000e+01,1.560000000000e+01,4.139295021020e+00
1.600000000000e+01,1.580000000000e+01,4.107327270745e+00
1.600000000000e+01,1.600000000000e+01,4.076029823369e+00
1.620000000000e+01,3.000000000000e+00,inf
1.620000000000e+01,3.200000000000e+00,inf
1.620000000000e+01,3.400000000000e+00,inf
1.620000000000e+01,3.600000000000e+00,inf
1.620000000000e+01,3.800000000000e+00,inf
1.620000000000e+01,4.000000000000e+00,inf
1.620000000000e+01,4.200000000000e+00,inf
1.620000000000e+01,4.400000000000e+00,inf
1.620000000000e+01,4.600000000000e+00,inf
1.620000000000e+01,4.800000000000e+00,inf
1.620000000000e+01,5.000000000000e+00,inf
1.620000000000e+01,5.200000000000e+00,inf
1.620000000000e+01,5.400000000000e+00,inf
1.620000000000e+01,5.600000000000e+00,inf
1.620000000000e+01,5.800000000000e+00,1.229850965363e+01
1.620000000000e+01,6.000000000000e+00,1.129445615728e+01
1.620000000000e+01,6.200000000000e+00,1.047782897748e+01
1.620000000000e+01,6.400000000000e+00,9.802936196911e+00
1.620000000000e+01,6.600000000000e+00,9.239162770745e+00
1.620000000000e+01,6.800000000000e+00,8.761440038458e+00
1.620000000000e+01,7.000000000000e+00,8.352547021516e+00
1.620000000000e+01,7.200000000000e+00,7.999566340703e+00
1.620000000000e+01,7.400000000000e+00,7.691536152535e+00
1.620000000000e+01,7.600000000000e+00,7.420180069870e+00
1.620000000000e+01,7.800000000000e+00,7.179921416039e+00
1.620000000000e+01,8.000000000000e+00,6.965674846332e+00
1.620000000000e+01,8.200000000000e+00,6.773017265291e+00
1.620000000000e+01,8.400000000000e+00,6.598448362575e+00
1.620000000000e+01,8.600000000000e+00,6.439889116565e+00
1.620000000000e+01,8.800000000000e+00,6.295113339421e+00
1.620000000000e+01,9.000000000000e+00,6.162275939315e+00
1.620000000000e+01,9.200000000000e+00,6.039693151365e+00
1.620000000000e+01,9.400000000000e+00,5.925705182077e+00
1.620000000000e+01,9.600000000000e+00,5.819771040383e+00
1.620000000000e+01,9.800000000000e+00,5.720957424389e+00
1.620000000000e+01,1.000000000000e+01,5.628466909029e+00
1.620000000000e+01,1.020000000000e+01,5.541614739086e+00
1.620000000000e+01,1.040000000000e+01,5.459810126915e+00
1.620000000000e+01,1.060000000000e+01,5.382340835825e+00
1.620000000000e+01,1.080000000000e+01,5.308702745867e+00
1.620000000000e+01,1.100000000000e+01,5.238788401752e+00
1.620000000000e+01,1.120000000000e+01,5.172254542915e+00
1.620000000000e+01,1.140000000000e+01,5.108799028859e+00
1.620000000000e+01,1.160000000000e+01,5.048155007045e+00
1.620000000000e+01,1.180000000000e+01,4.990086027155e+00
1.620000000000e+01,1.200000000000e+01,4.934381929753e+00
1.620000000000e+01,1.220000000000e+01,4.880855371776e+00
1.620000000000e+01,1.240000000000e+01,4.829305239136e+00
1.620000000000e+01,1.260000000000e+01,4.779330944555e+00
1.620000000000e+01,1.280000000000e+01,4.731094597932e+00
1.620000000000e+01,1.300000000000e+01,4.684473896517e+00
1.620000000000e+01,1.320000000000e+01,4.639358384521e+00
1.620000000000e+01,1.340000000000e+01,4.595648075346e+00
1.620000000000e+01,1.360000000000e+01,4.553252257888e+00
1.620000000000e+01,1.380000000000e+01,4.512088459277e+00
1.620000000000e+01,1.400000000000e+01,4.472081540966e+00
1.620000000000e+01,1.420000000000e+01,4.433162908907e+00
1.620000000000e+01,1.440000000000e+01,4.395269821595e+00
1.620000000000e+01,1.460000000000e+01,4.358344782337e+00
1.620000000000e+01,1.480000000000e+01,4.322335004212e+00
1.620000000000e+01,1.500000000000e+01,4.287191937928e+00
1.620000000000e+01,1.520000000000e+01,4.252750748715e+00
1.620000000000e+01,1.540000000000e+01,4.219011426061e+00
1.620000000000e+01,1.560000000000e+01,4.186021172007e+00
1.620000000000e+01,1.580000000000e+01,4.153744379793e+00
1.620000000000e+01,1.600000000000e+01,4.122148027680e+00
1.640000000000e+01,3.000000000000e+00,inf
1.640000000000e+01,3.200000000000e+00,inf
1.640000000000e+01,3.400000000000e+00,inf
1.640000000000e+01,3.600000000000e+00,inf
1.640000000000e+01,3.800000000000e+00,inf
1.640000000000e+01,4.000000000000e+00,inf
1.640000000000e+01,4.200000000000e+00,inf
1.640000000000e+01,4.400000000000e+00,inf
1.640000000000e+01,4.600000000000e+00,inf
1.640000000000e+01,4.800000000000e+00,inf
1.640000000000e+01,5.000000000000e+00,inf
1.640000000000e+01,5.200000000000e+00,inf
1.640000000000e+01,5.400000000000e+00,inf
1.640000000000e+01,5.600000000000e+00,inf
1.640000000000e+01,5.800000000000e+00,1.258533768945e+01
1.640000000000e+01,6.000000000000e+00,1.154066771980e+01
1.640000000000e+01,6.200000000000e+00,1.069234211848e+01
1.640000000000e+01,6.400000000000e+00,9.992308476857e+00
1.640000000000e+01,6.600000000000e+00,9.408345442047e+00
1.640000000000e+01,6.800000000000e+00,8.914188023457e+00
1.640000000000e+01,7.000000000000e+00,8.491765524491e+00
1.640000000000e+01,7.200000000000e+00,8.127538462376e+00
1.640000000000e+01,7.400000000000e+00,7.810062923208e+00
1.640000000000e+01,7.600000000000e+00,7.530698281020e+00
1.640000000000e+01,7.800000000000e+00,7.283602947885e+00
1.640000000000e+01,8.000000000000e+00,7.063475980664e+00
1.640000000000e+01,8.200000000000e+00,6.865721396442e+00
1.640000000000e+01,8.400000000000e+00,6.686702781705e+00
1.640000000000e+01,8.600000000000e+00,6.524241577157e+00
1.640000000000e+01,8.800000000000e+00,6.376025109261e+00
1.640000000000e+01,9.000000000000e+00,6.240138013536e+00
1.640000000000e+01,9.200000000000e+00,6.114837088237e+00
1.640000000000e+01,9.400000000000e+00,5.998412454406e+00
1.640000000000e+01,9.600000000000e+00,5.890288932348e+00
1.640000000000e+01,9.800000000000e+00,5.789500211582e+00
1.640000000000e+01,1.000000000000e+01,5.695221127540e+00
1.640000000000e+01,1.020000000000e+01,5.606743482475e+00
1.640000000000e+01,1.040000000000e+01,5.523456572707e+00
1.640000000000e+01,1.060000000000e+01,5.444628544932e+00
1.640000000000e+01,1.080000000000e+01,5.369741869817e+00
1.640000000000e+01,1.100000000000e+01,5.298678240338e+00
1.640000000000e+01,1.120000000000e+01,5.231083486786e+00
1.640000000000e+01,1.140000000000e+01,5.166645993126e+00
1.640000000000e+01,1.160000000000e+01,5.105090645783e+00
1.640000000000e+01,1.180000000000e+01,5.046173766837e+00
1.640000000000e+01,1.200000000000e+01,4.989678852321e+00
1.640000000000e+01,1.220000000000e+01,4.935412972233e+00
1.640000000000e+01,1.240000000000e+01,4.883168879413e+00
1.640000000000e+01,1.260000000000e+01,4.832541368381e+00
1.640000000000e+01,1.280000000000e+01,4.783690235170e+00
1.640000000000e+01,1.300000000000e+01,4.736489709634e+00
1.640000000000e+01,1.320000000000e+01,4.690826241435e+00
1.640000000000e+01,1.340000000000e+01,4.646597075821e+00
1.640000000000e+01,1.360000000000e+01,4.603709020106e+00
1.640000000000e+01,1.380000000000e+01,4.562077372102e+00
1.640000000000e+01,1.400000000000e+01,4.521624986608e+00
1.640000000000e+01,1.420000000000e+01,4.482281459933e+00
1.640000000000e+01,1.440000000000e+01,4.443982415661e+00
1.640000000000e+01,1.460000000000e+01,4.406668877513e+00
1.640000000000e+01,1.480000000000e+01,4.370286717350e+00
1.640000000000e+01,1.500000000000e+01,4.334786168183e+00
1.640000000000e+01,1.520000000000e+01,4.299999518348e+00
1.640000000000e+01,1.540000000000e+01,4.265927636329e+00
1.640000000000e+01,1.560000000000e+01,4.232616734225e+00
1.640000000000e+01,1.580000000000e+01,4.200030363127e+00
1.640000000000e+01,1.600000000000e+01,4.168134731434e+00
1.660000000000e+01,3.000000000000e+00,inf
1.660000000000e+01,3.200000000000e+00,inf
1.660000000000e+01,3.400000000000e+00,inf
1.660000000000e+01,3.600000000000e+00,inf
1.660000000000e+01,3.800000000000e+00,inf
1.660000000000e+01,4.000000000000e+00,inf
1.660000000000e+01,4.200000000000e+00,inf
1.660000000000e+01,4.400000000000e+00,inf
1.660000000000e+01,4.600000000000e+00,inf
1.660000000000e+01,4.800000000000e+00,inf
1.660000000000e+01,5.000000000000e+00,inf
1.660000000000e+01,5.200000000000e+00,inf
1.660000000000e+01,5.400000000000e+00,inf
1.660000000000e+01,5.600000000000e+00,inf
1.660000000000e+01,5.800000000000e+00,1.287882341616e+01
1.660000000000e+01,6.000000000000e+00,1.179210431577e+01
1.660000000000e+01,6.200000000000e+00,1.091100932177e+01
1.660000000000e+01,6.400000000000e+00,1.018502045329e+01
1.660000000000e+01,6.600000000000e+00,9.580239790044e+00
1.660000000000e+01,6.800000000000e+00,9.069156518662e+00
1.660000000000e+01,7.000000000000e+00,8.632815669227e+00
1.660000000000e+01,7.200000000000e+00,8.257030962856e+00
1.660000000000e+01,7.400000000000e+00,7.929858245347e+00
1.660000000000e+01,7.600000000000e+00,7.642279209425e+00
1.660000000000e+01,7.800000000000e+00,7.388177560915e+00
1.660000000000e+01,8.000000000000e+00,7.162029216440e+00
1.660000000000e+01,8.200000000000e+00,6.959059565360e+00
1.660000000000e+01,8.400000000000e+00,6.775491570093e+00
1.660000000000e+01,8.600000000000e+00,6.609043786224e+00
1.660000000000e+01,8.800000000000e+00,6.457314342647e+00
1.660000000000e+01,9.000000000000e+00,6.318315455886e+00
1.660000000000e+01,9.200000000000e+00,6.190242807803e+00
1.660000000000e+01,9.400000000000e+00,6.071334971945e+00
1.660000000000e+01,9.600000000000e+00,5.960981526587e+00
1.660000000000e+01,9.800000000000e+00,5.858182241163e+00
1.660000000000e+01,1.000000000000e+01,5.762083463347e+00
1.660000000000e+01,1.020000000000e+01,5.671952934716e+00
1.660000000000e+01,1.040000000000e+01,5.587159521814e+00
1.660000000000e+01,1.060000000000e+01,5.506951356321e+00
1.660000000000e+01,1.080000000000e+01,5.430797079783e+00
1.660000000000e+01,1.100000000000e+01,5.358567259379e+00
1.660000000000e+01,1.120000000000e+01,5.289896556687e+00
1.660000000000e+01,1.140000000000e+01,5.224463658657e+00
1.660000000000e+01,1.160000000000e+01,5.161985000826e+00
1.660000000000e+01,1.180000000000e+01,5.102209514225e+00
1.660000000000e+01,1.200000000000e+01,5.044914209028e+00
1.660000000000e+01,1.220000000000e+01,4.989900445614e+00
1.660000000000e+01,1.240000000000e+01,4.936954758279e+00
1.660000000000e+01,1.260000000000e+01,4.885667197001e+00
1.660000000000e+01,1.280000000000e+01,4.836195174138e+00
1.660000000000e+01,1.300000000000e+01,4.788409379686e+00
1.660000000000e+01,1.320000000000e+01,4.742193104723e+00
1.660000000000e+01,1.340000000000e+01,4.697440769605e+00
1.660000000000e+01,1.360000000000e+01,4.654056649614e+00
1.660000000000e+01,1.380000000000e+01,4.611953768282e+00
1.660000000000e+01,1.400000000000e+01,4.571052933564e+00
1.660000000000e+01,1.420000000000e+01,4.531281896109e+00
1.660000000000e+01,1.440000000000e+01,4.492574612242e+00
1.660000000000e+01,1.460000000000e+01,4.454870596966e+00
1.660000000000e+01,1.480000000000e+01,4.418114354642e+00
1.660000000000e+01,1.500000000000e+01,4.382254876818e+00
1.660000000000e+01,1.520000000000e+01,4.347121569279e+00
1.660000000000e+01,1.540000000000e+01,4.312716138696e+00
1.660000000000e+01,1.560000000000e+01,4.279083794837e+00
1.660000000000e+01,1.580000000000e+01,4.246187230416e+00
1.660000000000e+01,1.600000000000e+01,4.213991869161e+00
1.680000000000e+01,3.000000000000e+00,inf
1.680000000000e+01,3.200000000000e+00,inf
1.680000000000e+01,3.400000000000e+00,inf
1.680000000000e+01,3.600000000000e+00,inf
1.680000000000e+01,3.800000000000e+00,inf
1.680000000000e+01,4.000000000000e+00,inf
1.680000000000e+01,4.200000000000e+00,inf
1.680000000000e+01,4.400000000000e+00,inf
1.680000000000e+01,4.600000000000e+00,inf
1.680000000000e+01,4.800000000000e+00,inf
1.680000000000e+01,5.000000000000e+00,inf
1.680000000000e+01,5.200000000000e+00,inf
1.680000000000e+01,5.400000000000e+00,inf
1.680000000000e+01,5.600000000000e+00,inf
1.680000000000e+01,5.800000000000e+00,inf
1.680000000000e+01,6.000000000000e+00,1.204889985789e+01
1.680000000000e+01,6.200000000000e+00,1.113393336798e+01
1.680000000000e+01,6.400000000000e+00,1.038115232819e+01
1.680000000000e+01,6.600000000000e+00,9.754909372540e+00
1.680000000000e+01,6.800000000000e+00,9.226396619537e+00
1.680000000000e+01,7.000000000000e+00,8.775739099663e+00
1.680000000000e+01,7.200000000000e+00,8.388078231971e+00
1.680000000000e+01,7.400000000000e+00,8.050950874666e+00
1.680000000000e+01,7.600000000000e+00,7.754947190862e+00
1.680000000000e+01,7.800000000000e+00,7.493666089822e+00
1.680000000000e+01,8.000000000000e+00,7.261352588604e+00
1.680000000000e+01,8.200000000000e+00,7.053047544976e+00
1.680000000000e+01,8.400000000000e+00,6.864828659029e+00
1.680000000000e+01,8.600000000000e+00,6.694308162517e+00
1.680000000000e+01,8.800000000000e+00,6.538992205472e+00
1.680000000000e+01,9.000000000000e+00,6.396818385768e+00
1.680000000000e+01,9.200000000000e+00,6.265919546501e+00
1.680000000000e+01,9.400000000000e+00,6.144481221687e+00
1.680000000000e+01,9.600000000000e+00,6.031856668565e+00
1.680000000000e+01,9.800000000000e+00,5.927010805051e+00
1.680000000000e+01,1.000000000000e+01,5.829060726974e+00
1.680000000000e+01,1.020000000000e+01,5.737249484447e+00
1.680000000000e+01,1.040000000000e+01,5.650924990333e+00
1.680000000000e+01,1.060000000000e+01,5.569314953552e+00
1.680000000000e+01,1.080000000000e+01,5.491873761775e+00
1.680000000000e+01,1.100000000000e+01,5.418460576463e+00
1.680000000000e+01,1.120000000000e+01,5.348698626467e+00
1.680000000000e+01,1.140000000000e+01,5.282256676588e+00
1.680000000000e+01,1.160000000000e+01,5.218842518620e+00
1.680000000000e+01,1.180000000000e+01,5.158197526587e+00
1.680000000000e+01,1.200000000000e+01,5.100092081407e+00
1.680000000000e+01,1.220000000000e+01,5.044321709420e+00
1.680000000000e+01,1.240000000000e+01,4.990666639042e+00
1.680000000000e+01,1.260000000000e+01,4.938712048521e+00
1.680000000000e+01,1.280000000000e+01,4.888612895757e+00
1.680000000000e+01,1.300000000000e+01,4.840236257547e+00
1.680000000000e+01,1.320000000000e+01,4.793462201621e+00
1.680000000000e+01,1.340000000000e+01,4.748182266056e+00
1.680000000000e+01,1.360000000000e+01,4.704298143121e+00
1.680000000000e+01,1.380000000000e+01,4.661720536636e+00
1.680000000000e+01,1.400000000000e+01,4.620368167117e+00
1.680000000000e+01,1.420000000000e+01,4.580166903195e+00
1.680000000000e+01,1.440000000000e+01,4.541049001279e+00
1.680000000000e+01,1.460000000000e+01,4.502952438265e+00
1.680000000000e+01,1.480000000000e+01,4.465820324498e+00
1.680000000000e+01,1.500000000000e+01,4.429600386090e+00
1.680000000000e+01,1.520000000000e+01,4.394119140276e+00
1.680000000000e+01,1.540000000000e+01,4.359379091018e+00
1.680000000000e+01,1.560000000000e+01,4.325424433331e+00
1.680000000000e+01,1.580000000000e+01,4.292216985193e+00
1.680000000000e+01,1.600000000000e+01,4.259721370741e+00
1.700000000000e+01,3.000000000000e+00,inf
1.700000000000e+01,3.200000000000e+00,inf
1.700000000000e+01,3.400000000000e+00,inf
1.700000000000e+01,3.600000000000e+00,inf
1.700000000000e+01,3.800000000000e+00,inf
1.700000000000e+01,4.000000000000e+00,inf
1.700000000000e+01,4.200000000000e+00,inf
1.700000000000e+01,4.400000000000e+00,inf
1.700000000000e+01,4.600000000000e+00,inf
1.700000000000e+01,4.800000000000e+00,inf
1.700000000000e+01,5.000000000000e+00,inf
1.700000000000e+01,5.200000000000e+00,inf
1.700000000000e+01,5.400000000000e+00,inf
1.700000000000e+01,5.600000000000e+00,inf
1.700000000000e+01,5.800000000000e+00,inf
1.700000000000e+01,6.000000000000e+00,1.231119095138e+01
1.700000000000e+01,6.200000000000e+00,1.136121893351e+01
1.700000000000e+01,6.400000000000e+00,1.058078565593e+01
1.700000000000e+01,6.600000000000e+00,9.932418720627e+00
1.700000000000e+01,6.800000000000e+00,9.385960125099e+00
1.700000000000e+01,7.000000000000e+00,8.920577968017e+00
1.700000000000e+01,7.200000000000e+00,8.520715024626e+00
1.700000000000e+01,7.400000000000e+00,8.173369825858e+00
1.700000000000e+01,7.600000000000e+00,7.868726740630e+00
1.700000000000e+01,7.800000000000e+00,7.600089488980e+00
1.700000000000e+01,8.000000000000e+00,7.361464206496e+00
1.700000000000e+01,8.200000000000e+00,7.147701148322e+00
1.700000000000e+01,8.400000000000e+00,6.954727993795e+00
1.700000000000e+01,8.600000000000e+00,6.780047118983e+00
1.700000000000e+01,8.800000000000e+00,6.621069842866e+00
1.700000000000e+01,9.000000000000e+00,6.475656890611e+00
1.700000000000e+01,9.200000000000e+00,6.341876500555e+00
1.700000000000e+01,9.400000000000e+00,6.217859644422e+00
1.700000000000e+01,9.600000000000e+00,6.102922153343e+00
1.700000000000e+01,9.800000000000e+00,5.995993141974e+00
1.700000000000e+01,1.000000000000e+01,5.896159674085e+00
1.700000000000e+01,1.020000000000e+01,5.802639464658e+00
1.700000000000e+01,1.040000000000e+01,5.714758938637e+00
1.700000000000e+01,1.060000000000e+01,5.631724964949e+00
1.700000000000e+01,1.080000000000e+01,5.552977247494e+00
1.700000000000e+01,1.100000000000e+01,5.478363256132e+00
1.700000000000e+01,1.120000000000e+01,5.407494518455e+00
1.700000000000e+01,1.140000000000e+01,5.340029648276e+00
1.700000000000e+01,1.160000000000e+01,5.275667597714e+00
1.700000000000e+01,1.180000000000e+01,5.214142015298e+00
1.700000000000e+01,1.200000000000e+01,5.155216507179e+00
1.700000000000e+01,1.220000000000e+01,5.098680639475e+00
1.700000000000e+01,1.240000000000e+01,5.044308245503e+00
1.700000000000e+01,1.260000000000e+01,4.991679503731e+00
1.700000000000e+01,1.280000000000e+01,4.940946845822e+00
1.700000000000e+01,1.300000000000e+01,4.891973661149e+00
1.700000000000e+01,1.320000000000e+01,4.844636728568e+00
1.700000000000e+01,1.340000000000e+01,4.798824645860e+00
1.700000000000e+01,1.360000000000e+01,4.754436470744e+00
1.700000000000e+01,1.380000000000e+01,4.711380541427e+00
1.700000000000e+01,1.400000000000e+01,4.669573449988e+00
1.700000000000e+01,1.420000000000e+01,4.628939146328e+00
1.700000000000e+01,1.440000000000e+01,4.589408153980e+00
1.700000000000e+01,1.460000000000e+01,4.550916882079e+00
1.700000000000e+01,1.480000000000e+01,4.513407020204e+00
1.700000000000e+01,1.500000000000e+01,4.476825004860e+00
1.700000000000e+01,1.520000000000e+01,4.440994458377e+00
1.700000000000e+01,1.540000000000e+01,4.405918641037e+00
1.700000000000e+01,1.560000000000e+01,4.371640720641e+00
1.700000000000e+01,1.580000000000e+01,4.338121623944e+00
1.700000000000e+01,1.600000000000e+01,4.305325160452e+00
1.720000000000e+01,3.000000000000e+00,inf
1.720000000000e+01,3.200000000000e+00,inf
1.720000000000e+01,3.400000000000e+00,inf
1.720000000000e+01,3.600000000000e+00,inf
1.720000000000e+01,3.800000000000e+00,inf
1.720000000000e+01,4.000000000000e+00,inf
1.720000000000e+01,4.200000000000e+00,inf
1.720000000000e+01,4.400000000000e+00,inf
1.720000000000e+01,4.600000000000e+00,inf
1.720000000000e+01,4.800000000000e+00,inf
1.720000000000e+01,5.000000000000e+00,inf
1.720000000000e+01,5.200000000000e+00,inf
1.720000000000e+01,5.400000000000e+00,inf
1.720000000000e+01,5.600000000000e+00,inf
1.720000000000e+01,5.800000000000e+00,inf
1.720000000000e+01,6.000000000000e+00,1.257911695694e+01
1.720000000000e+01,6.200000000000e+00,1.159297263328e+01
1.720000000000e+01,6.400000000000e+00,1.078400337347e+01
1.720000000000e+01,6.600000000000e+00,1.011283336094e+01
1.720000000000e+01,6.800000000000e+00,9.547899554935e+00
1.720000000000e+01,7.000000000000e+00,9.067374948241e+00
1.720000000000e+01,7.200000000000e+00,8.654976471737e+00
1.720000000000e+01,7.400000000000e+00,8.297144381687e+00
1.720000000000e+01,7.600000000000e+00,7.983642561261e+00
1.720000000000e+01,7.800000000000e+00,7.707468839097e+00
1.720000000000e+01,8.000000000000e+00,7.462382259664e+00
1.720000000000e+01,8.200000000000e+00,7.243036233654e+00
1.720000000000e+01,8.400000000000e+00,7.045203538223e+00
1.720000000000e+01,8.600000000000e+00,6.866273066834e+00
1.720000000000e+01,8.800000000000e+00,6.703558382851e+00
1.720000000000e+01,9.000000000000e+00,6.554841029168e+00
1.720000000000e+01,9.200000000000e+00,6.418122828942e+00
1.720000000000e+01,9.400000000000e+00,6.291478637410e+00
1.720000000000e+01,9.600000000000e+00,6.174185727995e+00
1.720000000000e+01,9.800000000000e+00,6.065136439651e+00
1.720000000000e+01,1.000000000000e+01,5.963387007448e+00
1.720000000000e+01,1.020000000000e+01,5.868129154456e+00
1.720000000000e+01,1.040000000000e+01,5.778667272935e+00
1.720000000000e+01,1.060000000000e+01,5.694186964990e+00
1.720000000000e+01,1.080000000000e+01,5.614112815545e+00
1.720000000000e+01,1.100000000000e+01,5.538280310937e+00
1.720000000000e+01,1.120000000000e+01,5.466289004376e+00
1.720000000000e+01,1.140000000000e+01,5.397787126063e+00
1.720000000000e+01,1.160000000000e+01,5.332464589402e+00
1.720000000000e+01,1.180000000000e+01,5.270047146359e+00
1.720000000000e+01,1.200000000000e+01,5.210291480655e+00
1.720000000000e+01,1.220000000000e+01,5.152981070223e+00
1.720000000000e+01,1.240000000000e+01,5.097883262147e+00
1.720000000000e+01,1.260000000000e+01,5.044573106201e+00
1.720000000000e+01,1.280000000000e+01,4.993200435006e+00
1.720000000000e+01,1.300000000000e+01,4.943624875389e+00
1.720000000000e+01,1.320000000000e+01,4.895719851048e+00
1.720000000000e+01,1.340000000000e+01,4.849370960790e+00
1.720000000000e+01,1.360000000000e+01,4.804474575699e+00
1.720000000000e+01,1.380000000000e+01,4.760936621990e+00
1.720000000000e+01,1.400000000000e+01,4.718671521899e+00
1.720000000000e+01,1.420000000000e+01,4.677601269527e+00
1.720000000000e+01,1.440000000000e+01,4.637654622271e+00
1.720000000000e+01,1.460000000000e+01,4.598766391578e+00
1.720000000000e+01,1.480000000000e+01,4.560876819282e+00
1.720000000000e+01,1.500000000000e+01,4.523931027900e+00
1.720000000000e+01,1.520000000000e+01,4.487749738148e+00
1.720000000000e+01,1.540000000000e+01,4.452336925605e+00
1.720000000000e+01,1.560000000000e+01,4.417734718334e+00
1.720000000000e+01,1.580000000000e+01,4.383903135259e+00
1.720000000000e+01,1.600000000000e+01,4.350805156103e+00
1.740000000000e+01,3.000000000000e+00,inf
1.740000000000e+01,3.200000000000e+00,inf
1.740000000000e+01,3.400000000000e+00,inf
1.740000000000e+01,3.600000000000e+00,inf
1.740000000000e+01,3.800000000000e+00,inf
1.740000000000e+01,4.000000000000e+00,inf
1.740000000000e+01,4.200000000000e+00,inf
1.740000000000e+01,4.400000000000e+00,inf
1.740000000000e+01,4.600000000000e+00,inf
1.740000000000e+01,4.800000000000e+00,inf
1.740000000000e+01,5.000000000000e+00,inf
1.740000000000e+01,5.200000000000e+00,inf
1.740000000000e+01,5.400000000000e+00,inf
1.740000000000e+01,5.600000000000e+00,inf
1.740000000000e+01,5.800000000000e+00,inf
1.740000000000e+01,6.000000000000e+00,1.285282005504e+01
1.740000000000e+01,6.200000000000e+00,1.182930306412e+01
1.740000000000e+01,6.400000000000e+00,1.099088983089e+01
1.740000000000e+01,6.600000000000e+00,1.029621983802e+01
1.740000000000e+01,6.800000000000e+00,9.712268166191e+00
1.740000000000e+01,7.000000000000e+00,9.216173249385e+00
1.740000000000e+01,7.200000000000e+00,8.790898091058e+00
1.740000000000e+01,7.400000000000e+00,8.422304101970e+00
1.740000000000e+01,7.600000000000e+00,8.099719550129e+00
1.740000000000e+01,7.800000000000e+00,7.815825353761e+00
1.740000000000e+01,8.000000000000e+00,7.564125023572e+00
1.740000000000e+01,8.200000000000e+00,7.339068709487e+00
1.740000000000e+01,8.400000000000e+00,7.136269279170e+00
1.740000000000e+01,8.600000000000e+00,6.952998419547e+00
1.740000000000e+01,8.800000000000e+00,6.786468939941e+00
1.740000000000e+01,9.000000000000e+00,6.634380834753e+00
1.740000000000e+01,9.200000000000e+00,6.494667656330e+00
1.740000000000e+01,9.400000000000e+00,6.365346557043e+00
1.740000000000e+01,9.600000000000e+00,6.245655094008e+00
1.740000000000e+01,9.800000000000e+00,6.134447836953e+00
1.740000000000e+01,1.000000000000e+01,6.030749378877e+00
1.740000000000e+01,1.020000000000e+01,5.933724780805e+00
1.740000000000e+01,1.040000000000e+01,5.842655846837e+00
1.740000000000e+01,1.060000000000e+01,5.756706475697e+00
1.740000000000e+01,1.080000000000e+01,5.675285692672e+00
1.740000000000e+01,1.100000000000e+01,5.598216702526e+00
1.740000000000e+01,1.120000000000e+01,5.525086806285e+00
1.740000000000e+01,1.140000000000e+01,5.455533614083e+00
1.740000000000e+01,1.160000000000e+01,5.389237798400e+00
1.740000000000e+01,1.180000000000e+01,5.325917040948e+00
1.740000000000e+01,1.200000000000e+01,5.265320953184e+00
1.740000000000e+01,1.220000000000e+01,5.207226795064e+00
1.740000000000e+01,1.240000000000e+01,5.151395334381e+00
1.740000000000e+01,1.260000000000e+01,5.097396362424e+00
1.740000000000e+01,1.280000000000e+01,5.045377038920e+00
1.740000000000e+01,1.300000000000e+01,4.995193152110e+00
1.740000000000e+01,1.320000000000e+01,4.946714703475e+00
1.740000000000e+01,1.340000000000e+01,4.899824233523e+00
1.740000000000e+01,1.360000000000e+01,4.854415374049e+00
1.740000000000e+01,1.380000000000e+01,4.810391592414e+00
1.740000000000e+01,1.400000000000e+01,4.767665099192e+00
1.740000000000e+01,1.420000000000e+01,4.726155895260e+00
1.740000000000e+01,1.440000000000e+01,4.685790938305e+00
1.740000000000e+01,1.460000000000e+01,4.646503411892e+00
1.740000000000e+01,1.480000000000e+01,4.608232082898e+00
1.740000000000e+01,1.500000000000e+01,4.570920735266e+00
1.740000000000e+01,1.520000000000e+01,4.534387181017e+00
1.740000000000e+01,1.540000000000e+01,4.498636069975e+00
1.740000000000e+01,1.560000000000e+01,4.463708477873e+00
1.740000000000e+01,1.580000000000e+01,4.429563499063e+00
1.740000000000e+01,1.600000000000e+01,4.396163268222e+00
1.760000000000e+01,3.000000000000e+00,inf
1.760000000000e+01,3.200000000000e+00,inf
1.760000000000e+01,3.400000000000e+00,inf
1.760000000000e+01,3.600000000000e+00,inf
1.760000000000e+01,3.800000000000e+00,inf
1.760000000000e+01,4.000000000000e+00,inf
1.760000000000e+01,4.200000000000e+00,inf
1.760000000000e+01,4.400000000000e+00,inf
1.760000000000e+01,4.600000000000e+00,inf
1.760000000000e+01,4.800000000000e+00,inf
1.760000000000e+01,5.000000000000e+00,inf
1.760000000000e+01,5.200000000000e+00,inf
1.760000000000e+01,5.400000000000e+00,inf
1.760000000000e+01,5.600000000000e+00,inf
1.760000000000e+01,5.800000000000e+00,inf
1.760000000000e+01,6.000000000000e+00,1.313244531155e+01
1.760000000000e+01,6.200000000000e+00,1.207032084885e+01
1.760000000000e+01,6.400000000000e+00,1.120153082223e+01
1.760000000000e+01,6.600000000000e+00,1.048264573676e+01
1.760000000000e+01,6.800000000000e+00,9.879119970585e+00
1.760000000000e+01,7.000000000000e+00,9.367016628921e+00
1.760000000000e+01,7.200000000000e+00,8.928515797931e+00
1.760000000000e+01,7.400000000000e+00,8.548878832467e+00
1.760000000000e+01,7.600000000000e+00,8.216982806954e+00
1.760000000000e+01,7.800000000000e+00,7.925180385891e+00
1.760000000000e+01,8.000000000000e+00,7.666710865219e+00
1.760000000000e+01,8.200000000000e+00,7.435814539536e+00
1.760000000000e+01,8.400000000000e+00,7.227939230908e+00
1.760000000000e+01,8.600000000000e+00,7.040235596804e+00
1.760000000000e+01,8.800000000000e+00,6.869812618679e+00
1.760000000000e+01,9.000000000000e+00,6.714286318446e+00
1.760000000000e+01,9.200000000000e+00,6.571520075962e+00
1.760000000000e+01,9.400000000000e+00,6.439471721451e+00
1.760000000000e+01,9.600000000000e+00,6.317337909648e+00
1.760000000000e+01,9.800000000000e+00,6.203934426051e+00
1.760000000000e+01,1.000000000000e+01,6.098253391176e+00
1.760000000000e+01,1.020000000000e+01,5.999432520284e+00
1.760000000000e+01,1.040000000000e+01,5.906730462925e+00
1.760000000000e+01,1.060000000000e+01,5.819288968042e+00
1.760000000000e+01,1.080000000000e+01,5.736501055002e+00
1.760000000000e+01,1.100000000000e+01,5.658177342733e+00
1.760000000000e+01,1.120000000000e+01,5.583892597527e+00
1.760000000000e+01,1.140000000000e+01,5.513273569091e+00
1.760000000000e+01,1.160000000000e+01,5.445991483556e+00
1.760000000000e+01,1.180000000000e+01,5.381755776021e+00
1.760000000000e+01,1.200000000000e+01,5.320308833634e+00
1.760000000000e+01,1.220000000000e+01,5.261421566738e+00
1.760000000000e+01,1.240000000000e+01,5.204848068820e+00
1.760000000000e+01,1.260000000000e+01,5.150152742011e+00
1.760000000000e+01,1.280000000000e+01,5.097479998213e+00
1.760000000000e+01,1.300000000000e+01,5.046681710120e+00
1.760000000000e+01,1.320000000000e+01,4.997624389152e+00
1.760000000000e+01,1.340000000000e+01,4.950187457520e+00
1.760000000000e+01,1.360000000000e+01,4.904261754511e+00
1.760000000000e+01,1.380000000000e+01,4.859748241287e+00
1.760000000000e+01,1.400000000000e+01,4.816556874518e+00
1.760000000000e+01,1.420000000000e+01,4.774605624072e+00
1.760000000000e+01,1.440000000000e+01,4.733819614039e+00
1.760000000000e+01,1.460000000000e+01,4.694130369642e+00
1.760000000000e+01,1.480000000000e+01,4.655475155346e+00
1.760000000000e+01,1.500000000000e+01,4.617796391731e+00
1.760000000000e+01,1.520000000000e+01,4.580908974674e+00
1.760000000000e+01,1.540000000000e+01,4.544818187163e+00
1.760000000000e+01,1.560000000000e+01,4.509564039934e+00
1.760000000000e+01,1.580000000000e+01,4.475104685902e+00
1.760000000000e+01,1.600000000000e+01,4.441401399321e+00
1.780000000000e+01,3.000000000000e+00,inf
1.780000000000e+01,3.200000000000e+00,inf
1.780000000000e+01,3.400000000000e+00,inf
1.780000000000e+01,3.600000000000e+00,inf
1.780000000000e+01,3.800000000000e+00,inf
1.780000000000e+01,4.000000000000e+00,inf
1.780000000000e+01,4.200000000000e+00,inf
1.780000000000e+01,4.400000000000e+00,inf
1.780000000000e+01,4.600000000000e+00,inf
1.780000000000e+01,4.800000000000e+00,inf
1.780000000000e+01,5.000000000000e+00,inf
1.780000000000e+01,5.200000000000e+00,inf
1.780000000000e+01,5.400000000000e+00,inf
1.780000000000e+01,5.600000000000e+00,inf
1.780000000000e+01,5.800000000000e+00,inf
1.780000000000e+01,6.000000000000e+00,1.341814074485e+01
1.780000000000e+01,6.200000000000e+00,1.231613868118e+01
1.780000000000e+01,6.400000000000e+00,1.141601361670e+01
1.780000000000e+01,6.600000000000e+00,1.067217970504e+01
1.780000000000e+01,6.800000000000e+00,1.004850975143e+01
1.780000000000e+01,7.000000000000e+00,9.519949406017e+00
1.780000000000e+01,7.200000000000e+00,9.067865915954e+00
1.780000000000e+01,7.400000000000e+00,8.676898713672e+00
1.780000000000e+01,7.600000000000e+00,8.335457641216e+00
1.780000000000e+01,7.800000000000e+00,8.035555434091e+00
1.780000000000e+01,8.000000000000e+00,7.770158248672e+00
1.780000000000e+01,8.200000000000e+00,7.533289747586e+00
1.780000000000e+01,8.400000000000e+00,7.320227439452e+00
1.780000000000e+01,8.600000000000e+00,7.127997028353e+00
1.780000000000e+01,8.800000000000e+00,6.953600517116e+00
1.780000000000e+01,9.000000000000e+00,6.794567472225e+00
1.780000000000e+01,9.200000000000e+00,6.648689152504e+00
1.780000000000e+01,9.400000000000e+00,6.513862413089e+00
1.780000000000e+01,9.600000000000e+00,6.389241792305e+00
1.780000000000e+01,9.800000000000e+00,6.273603254536e+00
1.780000000000e+01,1.000000000000e+01,6.165905600062e+00
1.780000000000e+01,1.020000000000e+01,6.065258500814e+00
1.780000000000e+01,1.040000000000e+01,5.970896874319e+00
1.780000000000e+01,1.060000000000e+01,5.881939863349e+00
1.780000000000e+01,1.080000000000e+01,5.797764029302e+00
1.780000000000e+01,1.100000000000e+01,5.718167094700e+00
1.780000000000e+01,1.120000000000e+01,5.642711003720e+00
1.780000000000e+01,1.140000000000e+01,5.571011401317e+00
1.780000000000e+01,1.160000000000e+01,5.502729858578e+00
1.780000000000e+01,1.180000000000e+01,5.437567384928e+00
1.780000000000e+01,1.200000000000e+01,5.375258988905e+00
1.780000000000e+01,1.220000000000e+01,5.315569097737e+00
1.780000000000e+01,1.240000000000e+01,5.258245033607e+00
1.780000000000e+01,1.260000000000e+01,5.202845677924e+00
1.780000000000e+01,1.280000000000e+01,5.149512618725e+00
1.780000000000e+01,1.300000000000e+01,5.098093735262e+00
1.780000000000e+01,1.320000000000e+01,5.048451980256e+00
1.780000000000e+01,1.340000000000e+01,5.000463596948e+00
1.780000000000e+01,1.360000000000e+01,4.954016578319e+00
1.780000000000e+01,1.380000000000e+01,4.909009331494e+00
1.780000000000e+01,1.400000000000e+01,4.865349516572e+00
1.780000000000e+01,1.420000000000e+01,4.822953034267e+00
1.780000000000e+01,1.440000000000e+01,4.781743140868e+00
1.780000000000e+01,1.460000000000e+01,4.741649672518e+00
1.780000000000e+01,1.480000000000e+01,4.702608363584e+00
1.780000000000e+01,1.500000000000e+01,4.664560246282e+00
1.780000000000e+01,1.520000000000e+01,4.627317292519e+00
1.780000000000e+01,1.540000000000e+01,4.590885377362e+00
1.780000000000e+01,1.560000000000e+01,4.555303433792e+00
1.780000000000e+01,1.580000000000e+01,4.520528656295e+00
1.780000000000e+01,1.600000000000e+01,4.486521443211e+00
1.800000000000e+01,3.000000000000e+00,inf
1.800000000000e+01,3.200000000000e+00,inf
1.800000000000e+01,3.400000000000e+00,inf
1.800000000000e+01,3.600000000000e+00,inf
1.800000000000e+01,3.800000000000e+00,inf
1.800000000000e+01,4.000000000000e+00,inf
1.800000000000e+01,4.200000000000e+00,inf
1.800000000000e+01,4.400000000000e+00,inf
1.800000000000e+01,4.600000000000e+00,inf
1.800000000000e+01,4.800000000000e+00,inf
1.800000000000e+01,5.000000000000e+00,inf
1.800000000000e+01,5.200000000000e+00,inf
1.800000000000e+01,5.400000000000e+00,inf
1.800000000000e+01,5.600000000000e+00,inf
1.800000000000e+01,5.800000000000e+00,inf
1.800000000000e+01,6.000000000000e+00,1.371005739439e+01
1.800000000000e+01,6.200000000000e+00,1.256687137131e+01
1.800000000000e+01,6.400000000000e+00,1.163442699030e+01
1.800000000000e+01,6.600000000000e+00,1.086489147652e+01
1.800000000000e+01,6.800000000000e+00,1.022049308068e+01
1.800000000000e+01,7.000000000000e+00,9.675016474771e+00
1.800000000000e+01,7.200000000000e+00,9.208985187576e+00
1.800000000000e+01,7.400000000000e+00,8.806394189526e+00
1.800000000000e+01,7.600000000000e+00,8.455169579464e+00
1.800000000000e+01,7.800000000000e+00,8.146972148909e+00
1.800000000000e+01,8.000000000000e+00,7.874485740501e+00
1.800000000000e+01,8.200000000000e+00,7.631510422273e+00
1.800000000000e+01,8.400000000000e+00,7.413147986800e+00
1.800000000000e+01,8.600000000000e+00,7.216295157809e+00
1.800000000000e+01,8.800000000000e+00,7.037843730231e+00
1.800000000000e+01,9.000000000000e+00,6.875234272066e+00
1.800000000000e+01,9.200000000000e+00,6.726183924844e+00
1.800000000000e+01,9.400000000000e+00,6.588526881276e+00
1.800000000000e+01,9.600000000000e+00,6.461374320800e+00
1.800000000000e+01,9.800000000000e+00,6.343461327522e+00
1.800000000000e+01,1.000000000000e+01,6.233712516067e+00
1.800000000000e+01,1.020000000000e+01,6.131208803395e+00
1.800000000000e+01,1.040000000000e+01,6.035160786236e+00
1.800000000000e+01,1.060000000000e+01,5.944664534700e+00
1.800000000000e+01,1.080000000000e+01,5.859079694232e+00
1.800000000000e+01,1.100000000000e+01,5.778190773989e+00
1.800000000000e+01,1.120000000000e+01,5.701546603743e+00
1.800000000000e+01,1.140000000000e+01,5.628751475336e+00
1.800000000000e+01,1.160000000000e+01,5.559457092795e+00
1.800000000000e+01,1.180000000000e+01,5.493355858060e+00
1.800000000000e+01,1.200000000000e+01,5.430175244480e+00
1.800000000000e+01,1.220000000000e+01,5.369673060754e+00
1.800000000000e+01,1.240000000000e+01,5.311589758774e+00
1.800000000000e+01,1.260000000000e+01,5.255478566744e+00
1.800000000000e+01,1.280000000000e+01,5.201478171676e+00
1.800000000000e+01,1.300000000000e+01,5.149432380529e+00
1.800000000000e+01,1.320000000000e+01,5.099200517882e+00
1.800000000000e+01,1.340000000000e+01,5.050655586649e+00
1.800000000000e+01,1.360000000000e+01,5.003682679125e+00
1.800000000000e+01,1.380000000000e+01,4.958177600055e+00
1.800000000000e+01,1.400000000000e+01,4.914045669881e+00
1.800000000000e+01,1.420000000000e+01,4.871200681638e+00
1.800000000000e+01,1.440000000000e+01,4.829563989300e+00
1.800000000000e+01,1.460000000000e+01,4.789063708914e+00
1.800000000000e+01,1.480000000000e+01,4.749634016822e+00
1.800000000000e+01,1.500000000000e+01,4.711214531666e+00
1.800000000000e+01,1.520000000000e+01,4.673614293177e+00
1.800000000000e+01,1.540000000000e+01,4.636839727418e+00
1.800000000000e+01,1.560000000000e+01,4.600928676758e+00
1.800000000000e+01,1.580000000000e+01,4.565837360138e+00
1.800000000000e+01,1.600000000000e+01,4.531525284380e+00
1.820000000000e+01,3.000000000000e+00,inf
1.820000000000e+01,3.200000000000e+00,inf
1.820000000000e+01,3.400000000000e+00,inf
1.820000000000e+01,3.600000000000e+00,inf
1.820000000000e+01,3.800000000000e+00,inf
1.820000000000e+01,4.000000000000e+00,inf
1.820000000000e+01,4.200000000000e+00,inf
1.820000000000e+01,4.400000000000e+00,inf
1.820000000000e+01,4.600000000000e+00,inf
1.820000000000e+01,4.800000000000e+00,inf
1.820000000000e+01,5.000000000000e+00,inf
1.820000000000e+01,5.200000000000e+00,inf
1.820000000000e+01,5.400000000000e+00,inf
1.820000000000e+01,5.600000000000e+00,inf
1.820000000000e+01,5.800000000000e+00,inf
1.820000000000e+01,6.000000000000e+00,1.400834939074e+01
1.820000000000e+01,6.200000000000e+00,1.282263589245e+01
1.820000000000e+01,6.400000000000e+00,1.185686125782e+01
1.820000000000e+01,6.600000000000e+00,1.106085189360e+01
1.820000000000e+01,6.800000000000e+00,1.039512633608e+01
1.820000000000e+01,7.000000000000e+00,9.832263317430e+00
1.820000000000e+01,7.200000000000e+00,9.351910784637e+00
1.820000000000e+01,7.400000000000e+00,8.937396016033e+00
1.820000000000e+01,7.600000000000e+00,8.576144372550e+00
1.820000000000e+01,7.800000000000e+00,8.259452339010e+00
1.820000000000e+01,8.000000000000e+00,7.979712015135e+00
1.820000000000e+01,8.200000000000e+00,7.730492721781e+00
1.820000000000e+01,8.400000000000e+00,7.506714995109e+00
1.820000000000e+01,8.600000000000e+00,7.305142446386e+00
1.820000000000e+01,8.800000000000e+00,7.122553353287e+00
1.820000000000e+01,9.000000000000e+00,6.956296680973e+00
1.820000000000e+01,9.200000000000e+00,6.804013408851e+00
1.820000000000e+01,9.400000000000e+00,6.663473344705e+00
1.820000000000e+01,9.600000000000e+00,6.533743037668e+00
1.820000000000e+01,9.800000000000e+00,6.413515609719e+00
1.820000000000e+01,1.000000000000e+01,6.301680606429e+00
1.820000000000e+01,1.020000000000e+01,6.197289463813e+00
1.820000000000e+01,1.040000000000e+01,6.099527857546e+00
1.820000000000e+01,1.060000000000e+01,6.007468308341e+00
1.820000000000e+01,1.080000000000e+01,5.920453081615e+00
1.820000000000e+01,1.100000000000e+01,5.838253149722e+00
1.820000000000e+01,1.120000000000e+01,5.760403930742e+00
1.820000000000e+01,1.140000000000e+01,5.686498110956e+00
1.820000000000e+01,1.160000000000e+01,5.616177311933e+00
1.820000000000e+01,1.180000000000e+01,5.549125143528e+00
1.820000000000e+01,1.200000000000e+01,5.485061384996e+00
1.820000000000e+01,1.220000000000e+01,5.423737089166e+00
1.820000000000e+01,1.240000000000e+01,5.364885736630e+00
1.820000000000e+01,1.260000000000e+01,5.308054768980e+00
1.820000000000e+01,1.280000000000e+01,5.253379893891e+00
1.820000000000e+01,1.300000000000e+01,5.200700766213e+00
1.820000000000e+01,1.320000000000e+01,5.149873012124e+00
1.820000000000e+01,1.340000000000e+01,5.100766332156e+00
1.820000000000e+01,1.360000000000e+01,5.053262862950e+00
1.820000000000e+01,1.380000000000e+01,5.007255758024e+00
1.820000000000e+01,1.400000000000e+01,4.962647954636e+00
1.820000000000e+01,1.420000000000e+01,4.919351099253e+00
1.820000000000e+01,1.440000000000e+01,4.877284608693e+00
1.820000000000e+01,1.460000000000e+01,4.836374847615e+00
1.820000000000e+01,1.480000000000e+01,4.796554406163e+00
1.820000000000e+01,1.500000000000e+01,4.757761463991e+00
1.820000000000e+01,1.520000000000e+01,4.719802120056e+00
1.820000000000e+01,1.540000000000e+01,4.682683310352e+00
1.820000000000e+01,1.560000000000e+01,4.646441773670e+00
1.820000000000e+01,1.580000000000e+01,4.611032736163e+00
1.820000000000e+01,1.600000000000e+01,4.576414797420e+00
1.840000000000e+01,3.000000000000e+00,inf
1.840000000000e+01,3.200000000000e+00,inf
1.840000000000e+01,3.400000000000e+00,inf
1.840000000000e+01,3.600000000000e+00,inf
1.840000000000e+01,3.800000000000e+00,inf
1.840000000000e+01,4.000000000000e+00,inf
1.840000000000e+01,4.200000000000e+00,inf
1.840000000000e+01,4.400000000000e+00,inf
1.840000000000e+01,4.600000000000e+00,inf
1.840000000000e+01,4.800000000000e+00,inf
1.840000000000e+01,5.000000000000e+00,inf
1.840000000000e+01,5.200000000000e+00,inf
1.840000000000e+01,5.400000000000e+00,inf
1.840000000000e+01,5.600000000000e+00,inf
1.840000000000e+01,5.800000000000e+00,inf
1.840000000000e+01,6.000000000000e+00,1.431317402738e+01
1.840000000000e+01,6.200000000000e+00,1.308355142818e+01
1.840000000000e+01,6.400000000000e+00,1.208340830540e+01
1.840000000000e+01,6.600000000000e+00,1.126013293057e+01
1.840000000000e+01,6.800000000000e+00,1.057246671829e+01
1.840000000000e+01,7.000000000000e+00,9.991736017590e+00
1.840000000000e+01,7.200000000000e+00,9.496680318842e+00
1.840000000000e+01,7.400000000000e+00,9.069935269817e+00
1.840000000000e+01,7.600000000000e+00,8.698408002765e+00
1.840000000000e+01,7.800000000000e+00,8.373017977265e+00
1.840000000000e+01,8.000000000000e+00,8.085855860136e+00
1.840000000000e+01,8.200000000000e+00,7.830252878468e+00
1.840000000000e+01,8.400000000000e+00,7.600942630790e+00
1.840000000000e+01,8.600000000000e+00,7.394551376559e+00
1.840000000000e+01,8.800000000000e+00,7.207740485134e+00
1.840000000000e+01,9.000000000000e+00,7.037764651968e+00
1.840000000000e+01,9.200000000000e+00,6.882186600080e+00
1.840000000000e+01,9.400000000000e+00,6.738709993905e+00
1.840000000000e+01,9.600000000000e+00,6.606355451406e+00
1.840000000000e+01,9.800000000000e+00,6.483773027485e+00
1.840000000000e+01,1.000000000000e+01,6.369816296960e+00
1.840000000000e+01,1.020000000000e+01,6.263506474344e+00
1.840000000000e+01,1.040000000000e+01,6.164003702315e+00
1.840000000000e+01,1.060000000000e+01,6.070356465075e+00
1.840000000000e+01,1.080000000000e+01,5.981889177694e+00
1.840000000000e+01,1.100000000000e+01,5.898358945706e+00
1.840000000000e+01,1.120000000000e+01,5.819287473147e+00
1.840000000000e+01,1.140000000000e+01,5.744255584116e+00
1.840000000000e+01,1.160000000000e+01,5.672894598906e+00
1.840000000000e+01,1.180000000000e+01,5.604879147843e+00
1.840000000000e+01,1.200000000000e+01,5.539921154834e+00
1.840000000000e+01,1.220000000000e+01,5.477764777532e+00
1.840000000000e+01,1.240000000000e+01,5.418136422177e+00
1.840000000000e+01,1.260000000000e+01,5.360577609405e+00
1.840000000000e+01,1.280000000000e+01,5.305220988058e+00
1.840000000000e+01,1.300000000000e+01,5.251901980091e+00
1.840000000000e+01,1.320000000000e+01,5.200472442186e+00
1.840000000000e+01,1.340000000000e+01,5.150798709743e+00
1.840000000000e+01,1.360000000000e+01,5.102759908172e+00
1.840000000000e+01,1.380000000000e+01,5.056246490412e+00
1.840000000000e+01,1.400000000000e+01,5.011158966569e+00
1.840000000000e+01,1.420000000000e+01,4.967406797278e+00
1.840000000000e+01,1.440000000000e+01,4.924907427027e+00
1.840000000000e+01,1.460000000000e+01,4.883585437522e+00
1.840000000000e+01,1.480000000000e+01,4.843371804292e+00
1.840000000000e+01,1.500000000000e+01,4.804203242368e+00
1.840000000000e+01,1.520000000000e+01,4.765882900955e+00
1.840000000000e+01,1.540000000000e+01,4.728418184932e+00
1.840000000000e+01,1.560000000000e+01,4.691844716431e+00
1.840000000000e+01,1.580000000000e+01,4.656116711446e+00
1.840000000000e+01,1.600000000000e+01,4.621191846508e+00
1.860000000000e+01,3.000000000000e+00,inf
1.860000000000e+01,3.200000000000e+00,inf
1.860000000000e+01,3.400000000000e+00,inf
1.860000000000e+01,3.600000000000e+00,inf
1.860000000000e+01,3.800000000000e+00,inf
1.860000000000e+01,4.000000000000e+00,inf
1.860000000000e+01,4.200000000000e+00,inf
1.860000000000e+01,4.400000000000e+00,inf
1.860000000000e+01,4.600000000000e+00,inf
1.860000000000e+01,4.800000000000e+00,inf
1.860000000000e+01,5.000000000000e+00,inf
1.860000000000e+01,5.200000000000e+00,inf
1.860000000000e+01,5.400000000000e+00,inf
1.860000000000e+01,5.600000000000e+00,inf
1.860000000000e+01,5.800000000000e+00,inf
1.860000000000e+01,6.000000000000e+00,inf
1.860000000000e+01,6.200000000000e+00,1.334973942074e+01
1.860000000000e+01,6.400000000000e+00,1.231416162340e+01
1.860000000000e+01,6.600000000000e+00,1.146280771704e+01
1.860000000000e+01,6.800000000000e+00,1.075257226818e+01
1.860000000000e+01,7.000000000000e+00,1.015348127339e+01
1.860000000000e+01,7.200000000000e+00,9.643331852195e+00
1.860000000000e+01,7.400000000000e+00,9.204043356600e+00
1.860000000000e+01,7.600000000000e+00,8.821986690911e+00
1.860000000000e+01,7.800000000000e+00,8.487691206755e+00
1.860000000000e+01,8.000000000000e+00,8.192936181387e+00
1.860000000000e+01,8.200000000000e+00,7.930807203416e+00
1.860000000000e+01,8.400000000000e+00,7.695845108540e+00
1.860000000000e+01,8.600000000000e+00,7.484534455671e+00
1.860000000000e+01,8.800000000000e+00,7.293416231451e+00
1.860000000000e+01,9.000000000000e+00,7.119648131026e+00
1.860000000000e+01,9.200000000000e+00,6.960712476440e+00
1.860000000000e+01,9.400000000000e+00,6.814244993667e+00
1.860000000000e+01,9.600000000000e+00,6.679219038683e+00
1.860000000000e+01,9.800000000000e+00,6.554240470843e+00
1.860000000000e+01,1.000000000000e+01,6.438125973891e+00
1.860000000000e+01,1.020000000000e+01,6.329865785439e+00
1.860000000000e+01,1.040000000000e+01,6.228593891338e+00
1.860000000000e+01,1.060000000000e+01,6.133334241663e+00
1.860000000000e+01,1.080000000000e+01,6.043392924397e+00
1.860000000000e+01,1.100000000000e+01,5.958512841579e+00
1.860000000000e+01,1.120000000000e+01,5.878201675688e+00
1.860000000000e+01,1.140000000000e+01,5.802028127801e+00
1.860000000000e+01,1.160000000000e+01,5.729612994624e+00
1.860000000000e+01,1.180000000000e+01,5.660621736631e+00
1.860000000000e+01,1.200000000000e+01,5.594758258739e+00
1.860000000000e+01,1.220000000000e+01,5.531759682121e+00
1.860000000000e+01,1.240000000000e+01,5.471345233558e+00
1.860000000000e+01,1.260000000000e+01,5.413050377417e+00
1.860000000000e+01,1.280000000000e+01,5.357004623020e+00
1.860000000000e+01,1.300000000000e+01,5.303039077640e+00
1.860000000000e+01,1.320000000000e+01,5.251001756537e+00
1.860000000000e+01,1.340000000000e+01,5.200755566507e+00
1.860000000000e+01,1.360000000000e+01,5.152176565555e+00
1.860000000000e+01,1.380000000000e+01,5.105152456159e+00
1.860000000000e+01,1.400000000000e+01,5.059581276870e+00
1.860000000000e+01,1.420000000000e+01,5.015370262836e+00
1.860000000000e+01,1.440000000000e+01,4.972434850725e+00
1.860000000000e+01,1.460000000000e+01,4.930697807429e+00
1.860000000000e+01,1.480000000000e+01,4.890088465201e+00
1.860000000000e+01,1.500000000000e+01,4.850542048605e+00
1.860000000000e+01,1.520000000000e+01,4.811858747718e+00
1.860000000000e+01,1.540000000000e+01,4.774046395289e+00
1.860000000000e+01,1.560000000000e+01,4.737139483592e+00
1.860000000000e+01,1.580000000000e+01,4.701091200959e+00
1.860000000000e+01,1.600000000000e+01,4.665858284924e+00
1.880000000000e+01,3.000000000000e+00,inf
1.880000000000e+01,3.200000000000e+00,inf
1.880000000000e+01,3.400000000000e+00,inf
1.880000000000e+01,3.600000000000e+00,inf
1.880000000000e+01,3.800000000000e+00,inf
1.880000000000e+01,4.000000000000e+00,inf
1.880000000000e+01,4.200000000000e+00,inf
1.880000000000e+01,4.400000000000e+00,inf
1.880000000000e+01,4.600000000000e+00,inf
1.880000000000e+01,4.800000000000e+00,inf
1.880000000000e+01,5.000000000000e+00,inf
1.880000000000e+01,5.200000000000e+00,inf
1.880000000000e+01,5.400000000000e+00,inf
1.880000000000e+01,5.600000000000e+00,inf
1.880000000000e+01,5.800000000000e+00,inf
1.880000000000e+01,6.000000000000e+00,inf
1.880000000000e+01,6.200000000000e+00,1.362132362026e+01
1.880000000000e+01,6.400000000000e+00,1.254921633995e+01
1.880000000000e+01,6.600000000000e+00,1.166895056156e+01
1.880000000000e+01,6.800000000000e+00,1.093550188415e+01
1.880000000000e+01,7.000000000000e+00,1.031754641073e+01
1.880000000000e+01,7.200000000000e+00,9.791903907395e+00
1.880000000000e+01,7.400000000000e+00,9.339752019620e+00
1.880000000000e+01,7.600000000000e+00,8.946906903289e+00
1.880000000000e+01,7.800000000000e+00,8.603494346698e+00
1.880000000000e+01,8.000000000000e+00,8.300972008209e+00
1.880000000000e+01,8.200000000000e+00,8.032172090897e+00
1.880000000000e+01,8.400000000000e+00,7.791436695300e+00
1.880000000000e+01,8.600000000000e+00,7.575104219466e+00
1.880000000000e+01,8.800000000000e+00,7.379591707927e+00
1.880000000000e+01,9.000000000000e+00,7.201957059954e+00
1.880000000000e+01,9.200000000000e+00,7.039600000810e+00
1.880000000000e+01,9.400000000000e+00,6.890086485436e+00
1.880000000000e+01,9.600000000000e+00,6.752341246526e+00
1.880000000000e+01,9.800000000000e+00,6.624924795479e+00
1.880000000000e+01,1.000000000000e+01,6.506615985691e+00
1.880000000000e+01,1.020000000000e+01,6.396373307385e+00
1.880000000000e+01,1.040000000000e+01,6.293303953661e+00
1.880000000000e+01,1.060000000000e+01,6.196406832201e+00
1.880000000000e+01,1.080000000000e+01,6.104969220589e+00
1.880000000000e+01,1.100000000000e+01,6.018719473937e+00
1.880000000000e+01,1.120000000000e+01,5.937150940422e+00
1.880000000000e+01,1.140000000000e+01,5.859819932954e+00
1.880000000000e+01,1.160000000000e+01,5.786336498805e+00
1.880000000000e+01,1.180000000000e+01,5.716356735354e+00
1.880000000000e+01,1.200000000000e+01,5.649576362447e+00
1.880000000000e+01,1.220000000000e+01,5.585725321460e+00
1.880000000000e+01,1.240000000000e+01,5.524515552518e+00
1.880000000000e+01,1.260000000000e+01,5.465476327426e+00
1.880000000000e+01,1.280000000000e+01,5.408733934084e+00
1.880000000000e+01,1.300000000000e+01,5.354115082285e+00
1.880000000000e+01,1.320000000000e+01,5.301463873088e+00
1.880000000000e+01,1.340000000000e+01,5.250639720494e+00
1.880000000000e+01,1.360000000000e+01,5.201515558304e+00
1.880000000000e+01,1.380000000000e+01,5.153976288140e+00
1.880000000000e+01,1.400000000000e+01,5.107917432135e+00
1.880000000000e+01,1.420000000000e+01,5.063243959915e+00
1.880000000000e+01,1.440000000000e+01,5.019869264503e+00
1.880000000000e+01,1.460000000000e+01,4.977714265827e+00
1.880000000000e+01,1.480000000000e+01,4.936706623961e+00
1.880000000000e+01,1.500000000000e+01,4.896780046934e+00
1.880000000000e+01,1.520000000000e+01,4.857731755926e+00
1.880000000000e+01,1.540000000000e+01,4.819569970581e+00
1.880000000000e+01,1.560000000000e+01,4.782328039978e+00
1.880000000000e+01,1.580000000000e+01,4.745958107165e+00
1.880000000000e+01,1.600000000000e+01,4.710415954622e+00
1.900000000000e+01,3.000000000000e+00,inf
1.900000000000e+01,3.200000000000e+00,inf
1.900000000000e+01,3.400000000000e+00,inf
1.900000000000e+01,3.600000000000e+00,inf
1.900000000000e+01,3.800000000000e+00,inf
1.900000000000e+01,4.000000000000e+00,inf
1.900000000000e+01,4.200000000000e+00,inf
1.900000000000e+01,4.400000000000e+00,inf
1.900000000000e+01,4.600000000000e+00,inf
1.900000000000e+01,4.800000000000e+00,inf
1.900000000000e+01,5.000000000000e+00,inf
1.900000000000e+01,5.200000000000e+00,inf
1.900000000000e+01,5.400000000000e+00,inf
1.900000000000e+01,5.600000000000e+00,inf
1.900000000000e+01,5.800000000000e+00,inf
1.900000000000e+01,6.000000000000e+00,inf
1.900000000000e+01,6.200000000000e+00,1.389843013504e+01
1.900000000000e+01,6.400000000000e+00,1.278866925493e+01
1.900000000000e+01,6.600000000000e+00,1.187863697555e+01
1.900000000000e+01,6.800000000000e+00,1.112131533962e+01
1.900000000000e+01,7.000000000000e+00,1.048397939647e+01
1.900000000000e+01,7.200000000000e+00,9.942435478191e+00
1.900000000000e+01,7.400000000000e+00,9.477093347990e+00
1.900000000000e+01,7.600000000000e+00,9.073195358616e+00
1.900000000000e+01,7.800000000000e+00,8.720449898304e+00
1.900000000000e+01,8.000000000000e+00,8.409982498399e+00
1.900000000000e+01,8.200000000000e+00,8.134364022784e+00
1.900000000000e+01,8.400000000000e+00,7.887731714147e+00
1.900000000000e+01,8.600000000000e+00,7.666273235565e+00
1.900000000000e+01,8.800000000000e+00,7.466278043389e+00
1.900000000000e+01,9.000000000000e+00,7.284701379222e+00
1.900000000000e+01,9.200000000000e+00,7.118858123615e+00
1.900000000000e+01,9.400000000000e+00,6.966242589653e+00
1.900000000000e+01,9.600000000000e+00,6.825729494460e+00
1.900000000000e+01,9.800000000000e+00,6.695832824704e+00
1.900000000000e+01,1.000000000000e+01,6.575292644872e+00
1.900000000000e+01,1.020000000000e+01,6.463034911953e+00
1.900000000000e+01,1.040000000000e+01,6.358139378085e+00
1.900000000000e+01,1.060000000000e+01,6.259579389496e+00
1.900000000000e+01,1.080000000000e+01,6.166622923326e+00
1.900000000000e+01,1.100000000000e+01,6.078983437478e+00
1.900000000000e+01,1.120000000000e+01,5.996139627758e+00
1.900000000000e+01,1.140000000000e+01,5.917635149400e+00
1.900000000000e+01,1.160000000000e+01,5.843069070807e+00
1.900000000000e+01,1.180000000000e+01,5.772087930040e+00
1.900000000000e+01,1.200000000000e+01,5.704379093332e+00
1.900000000000e+01,1.220000000000e+01,5.639665176891e+00
1.900000000000e+01,1.240000000000e+01,5.577650724888e+00
1.900000000000e+01,1.260000000000e+01,5.517858679271e+00
1.900000000000e+01,1.280000000000e+01,5.460412023364e+00
1.900000000000e+01,1.300000000000e+01,5.405132985671e+00
1.900000000000e+01,1.320000000000e+01,5.351861679401e+00
1.900000000000e+01,1.340000000000e+01,5.300453960836e+00
1.900000000000e+01,1.360000000000e+01,5.250779582159e+00
1.900000000000e+01,1.380000000000e+01,5.202720593197e+00
1.900000000000e+01,1.400000000000e+01,5.156169954352e+00
1.900000000000e+01,1.420000000000e+01,5.111030329305e+00
1.900000000000e+01,1.440000000000e+01,5.067213031262e+00
1.900000000000e+01,1.460000000000e+01,5.024637100760e+00
1.900000000000e+01,1.480000000000e+01,4.983228496527e+00
1.900000000000e+01,1.500000000000e+01,4.942919383780e+00
1.900000000000e+01,1.520000000000e+01,4.903504004629e+00
1.900000000000e+01,1.540000000000e+01,4.864990924685e+00
1.900000000000e+01,1.560000000000e+01,4.827412336357e+00
1.900000000000e+01,1.580000000000e+01,4.790719319655e+00
1.900000000000e+01,1.600000000000e+01,4.754866685836e+00
1.920000000000e+01,3.000000000000e+00,inf
1.920000000000e+01,3.200000000000e+00,inf
1.920000000000e+01,3.400000000000e+00,inf
1.920000000000e+01,3.600000000000e+00,inf
1.920000000000e+01,3.800000000000e+00,inf
1.920000000000e+01,4.000000000000e+00,inf
1.920000000000e+01,4.200000000000e+00,inf
1.920000000000e+01,4.400000000000e+00,inf
1.920000000000e+01,4.600000000000e+00,inf
1.920000000000e+01,4.800000000000e+00,inf
1.920000000000e+01,5.000000000000e+00,inf
1.920000000000e+01,5.200000000000e+00,inf
1.920000000000e+01,5.400000000000e+00,inf
1.920000000000e+01,5.600000000000e+00,inf
1.920000000000e+01,5.800000000000e+00,inf
1.920000000000e+01,6.000000000000e+00,inf
1.920000000000e+01,6.200000000000e+00,1.418118748280e+01
1.920000000000e+01,6.400000000000e+00,1.303261887458e+01
1.920000000000e+01,6.600000000000e+00,1.209194369747e+01
1.920000000000e+01,6.800000000000e+00,1.131007330057e+01
1.920000000000e+01,7.000000000000e+00,1.065282885171e+01
1.920000000000e+01,7.200000000000e+00,1.009496603973e+01
1.920000000000e+01,7.400000000000e+00,9.616099785008e+00
1.920000000000e+01,7.600000000000e+00,9.200879034886e+00
1.920000000000e+01,7.800000000000e+00,8.838580550559e+00
1.920000000000e+01,8.000000000000e+00,8.519986943201e+00
1.920000000000e+01,8.200000000000e+00,8.237399572877e+00
1.920000000000e+01,8.400000000000e+00,7.984744548121e+00
1.920000000000e+01,8.600000000000e+00,7.758054106882e+00
1.920000000000e+01,8.800000000000e+00,7.553486382874e+00
1.920000000000e+01,9.000000000000e+00,7.367891030744e+00
1.920000000000e+01,9.200000000000e+00,7.198495785352e+00
1.920000000000e+01,9.400000000000e+00,7.042721408067e+00
1.920000000000e+01,9.600000000000e+00,6.899391176621e+00
1.920000000000e+01,9.800000000000e+00,6.766971351387e+00
1.920000000000e+01,1.000000000000e+01,6.644162229757e+00
1.920000000000e+01,1.020000000000e+01,6.529856434026e+00
1.920000000000e+01,1.040000000000e+01,6.423105614652e+00
1.920000000000e+01,1.060000000000e+01,6.322857026428e+00
1.920000000000e+01,1.080000000000e+01,6.228358849094e+00
1.920000000000e+01,1.100000000000e+01,6.139309286127e+00
1.920000000000e+01,1.120000000000e+01,6.055172057479e+00
1.920000000000e+01,1.140000000000e+01,5.975477886775e+00
1.920000000000e+01,1.160000000000e+01,5.899814630455e+00
1.920000000000e+01,1.180000000000e+01,5.827819068025e+00
1.920000000000e+01,1.200000000000e+01,5.759170041067e+00
1.920000000000e+01,1.220000000000e+01,5.693582693156e+00
1.920000000000e+01,1.240000000000e+01,5.630754061090e+00
1.920000000000e+01,1.260000000000e+01,5.570200618639e+00
1.920000000000e+01,1.280000000000e+01,5.512041960138e+00
1.920000000000e+01,1.300000000000e+01,5.456095747952e+00
1.920000000000e+01,1.320000000000e+01,5.402198032920e+00
1.920000000000e+01,1.340000000000e+01,5.350201047935e+00
1.920000000000e+01,1.360000000000e+01,5.299971305510e+00
1.920000000000e+01,1.380000000000e+01,5.251387952206e+00
1.920000000000e+01,1.400000000000e+01,5.204341340918e+00
1.920000000000e+01,1.420000000000e+01,5.158731788557e+00
1.920000000000e+01,1.440000000000e+01,5.114468492012e+00
1.920000000000e+01,1.460000000000e+01,5.071468579698e+00
1.920000000000e+01,1.480000000000e+01,5.029656279580e+00
1.920000000000e+01,1.500000000000e+01,4.988962187564e+00
1.920000000000e+01,1.520000000000e+01,4.949177556115e+00
1.920000000000e+01,1.540000000000e+01,4.910311255934e+00
1.920000000000e+01,1.560000000000e+01,4.872394309139e+00
1.920000000000e+01,1.580000000000e+01,4.835376714817e+00
1.920000000000e+01,1.600000000000e+01,4.799212296724e+00
1.940000000000e+01,3.000000000000e+00,inf
1.940000000000e+01,3.200000000000e+00,inf
1.940000000000e+01,3.400000000000e+00,inf
1.940000000000e+01,3.600000000000e+00,inf
1.940000000000e+01,3.800000000000e+00,inf
1.940000000000e+01,4.000000000000e+00,inf
1.940000000000e+01,4.200000000000e+00,inf
1.940000000000e+01,4.400000000000e+00,inf
1.940000000000e+01,4.600000000000e+00,inf
1.940000000000e+01,4.800000000000e+00,inf
1.940000000000e+01,5.000000000000e+00,inf
1.940000000000e+01,5.200000000000e+00,inf
1.940000000000e+01,5.400000000000e+00,inf
1.940000000000e+01,5.600000000000e+00,inf
1.940000000000e+01,5.800000000000e+00,inf
1.940000000000e+01,6.000000000000e+00,inf
1.940000000000e+01,6.200000000000e+00,1.446972664306e+01
1.940000000000e+01,6.400000000000e+00,1.328116544662e+01
1.940000000000e+01,6.600000000000e+00,1.230894871734e+01
1.940000000000e+01,6.800000000000e+00,1.150183734327e+01
1.940000000000e+01,7.000000000000e+00,1.082414406507e+01
1.940000000000e+01,7.200000000000e+00,1.024953555886e+01
1.940000000000e+01,7.400000000000e+00,9.756804136417e+00
1.940000000000e+01,7.600000000000e+00,9.329985176160e+00
1.940000000000e+01,7.800000000000e+00,8.957909185936e+00
1.940000000000e+01,8.000000000000e+00,8.631004772206e+00
1.940000000000e+01,8.200000000000e+00,8.341295411169e+00
1.940000000000e+01,8.400000000000e+00,8.082489643988e+00
1.940000000000e+01,8.600000000000e+00,7.850459474976e+00
1.940000000000e+01,8.800000000000e+00,7.641227890646e+00
1.940000000000e+01,9.000000000000e+00,7.451535960607e+00
1.940000000000e+01,9.200000000000e+00,7.278521919073e+00
1.940000000000e+01,9.400000000000e+00,7.119531025994e+00
1.940000000000e+01,9.600000000000e+00,6.973333663833e+00
1.940000000000e+01,9.800000000000e+00,6.838347139858e+00
1.940000000000e+01,1.000000000000e+01,6.713230986230e+00
1.940000000000e+01,1.020000000000e+01,6.596843673200e+00
1.940000000000e+01,1.040000000000e+01,6.488208076124e+00
1.940000000000e+01,1.060000000000e+01,6.386244817301e+00
1.940000000000e+01,1.080000000000e+01,6.290181775049e+00
1.940000000000e+01,1.100000000000e+01,6.199701534161e+00
1.940000000000e+01,1.120000000000e+01,6.114252509771e+00
1.940000000000e+01,1.140000000000e+01,6.033352215449e+00
1.940000000000e+01,1.160000000000e+01,5.956577058876e+00
1.940000000000e+01,1.180000000000e+01,5.883553858708e+00
1.940000000000e+01,1.200000000000e+01,5.813952758285e+00
1.940000000000e+01,1.220000000000e+01,5.747481278981e+00
1.940000000000e+01,1.240000000000e+01,5.683828836649e+00
1.940000000000e+01,1.260000000000e+01,5.622505297518e+00
1.940000000000e+01,1.280000000000e+01,5.563626781231e+00
1.940000000000e+01,1.300000000000e+01,5.507006298116e+00
1.940000000000e+01,1.320000000000e+01,5.452475761228e+00
1.940000000000e+01,1.340000000000e+01,5.399883713653e+00
1.940000000000e+01,1.360000000000e+01,5.349093369541e+00
1.940000000000e+01,1.380000000000e+01,5.299980920167e+00
1.940000000000e+01,1.400000000000e+01,5.252434064679e+00
1.940000000000e+01,1.420000000000e+01,5.206350731991e+00
1.940000000000e+01,1.440000000000e+01,5.161637965826e+00
1.940000000000e+01,1.460000000000e+01,5.118210949452e+00
1.940000000000e+01,1.480000000000e+01,5.075992150399e+00
1.940000000000e+01,1.500000000000e+01,5.034910568538e+00
1.940000000000e+01,1.520000000000e+01,4.994754455711e+00
1.940000000000e+01,1.540000000000e+01,4.955532946884e+00
1.940000000000e+01,1.560000000000e+01,4.917275880112e+00
1.940000000000e+01,1.580000000000e+01,4.879932155548e+00
1.940000000000e+01,1.600000000000e+01,4.843454593049e+00
1.960000000000e+01,3.000000000000e+00,inf
1.960000000000e+01,3.200000000000e+00,inf
1.960000000000e+01,3.400000000000e+00,inf
1.960000000000e+01,3.600000000000e+00,inf
1.960000000000e+01,3.800000000000e+00,inf
1.960000000000e+01,4.000000000000e+00,inf
1.960000000000e+01,4.200000000000e+00,inf
1.960000000000e+01,4.400000000000e+00,inf
1.960000000000e+01,4.600000000000e+00,inf
1.960000000000e+01,4.800000000000e+00,inf
1.960000000000e+01,5.000000000000e+00,inf
1.960000000000e+01,5.200000000000e+00,inf
1.960000000000e+01,5.400000000000e+00,inf
1.960000000000e+01,5.600000000000e+00,inf
1.960000000000e+01,5.800000000000e+00,inf
1.960000000000e+01,6.000000000000e+00,inf
1.960000000000e+01,6.200000000000e+00,1.476418111059e+01
1.960000000000e+01,6.400000000000e+00,1.353441099614e+01
1.960000000000e+01,6.600000000000e+00,1.252973130158e+01
1.960000000000e+01,6.800000000000e+00,1.169666997216e+01
1.960000000000e+01,7.000000000000e+00,1.099797500604e+01
1.960000000000e+01,7.200000000000e+00,1.040618450446e+01
1.960000000000e+01,7.400000000000e+00,9.899239578634e+00
1.960000000000e+01,7.600000000000e+00,9.460541299307e+00
1.960000000000e+01,7.800000000000e+00,9.078458886052e+00
1.960000000000e+01,8.000000000000e+00,8.743055558186e+00
1.960000000000e+01,8.200000000000e+00,8.446068308054e+00
1.960000000000e+01,8.400000000000e+00,8.180981515943e+00
1.960000000000e+01,8.600000000000e+00,7.943502023350e+00
1.960000000000e+01,8.800000000000e+00,7.729513753154e+00
1.960000000000e+01,9.000000000000e+00,7.535646121754e+00
1.960000000000e+01,9.200000000000e+00,7.358945452820e+00
1.960000000000e+01,9.400000000000e+00,7.196679514553e+00
1.960000000000e+01,9.600000000000e+00,7.047564305646e+00
1.960000000000e+01,9.800000000000e+00,6.909966927786e+00
1.960000000000e+01,1.000000000000e+01,6.782505129455e+00
1.960000000000e+01,1.020000000000e+01,6.664002395370e+00
1.960000000000e+01,1.040000000000e+01,6.553452139435e+00
1.960000000000e+01,1.060000000000e+01,6.449747799175e+00
1.960000000000e+01,1.080000000000e+01,6.352096440234e+00
1.960000000000e+01,1.100000000000e+01,6.260164657335e+00
1.960000000000e+01,1.120000000000e+01,6.173385226241e+00
1.960000000000e+01,1.140000000000e+01,6.091262167457e+00
1.960000000000e+01,1.160000000000e+01,6.013360199345e+00
1.960000000000e+01,1.180000000000e+01,5.939295974301e+00
1.960000000000e+01,1.200000000000e+01,5.868730761262e+00
1.960000000000e+01,1.220000000000e+01,5.801364307680e+00
1.960000000000e+01,1.240000000000e+01,5.736878292729e+00
1.960000000000e+01,1.260000000000e+01,5.674775834655e+00
1.960000000000e+01,1.280000000000e+01,5.615169491407e+00
1.960000000000e+01,1.300000000000e+01,5.557867534309e+00
1.960000000000e+01,1.320000000000e+01,5.502697662321e+00
1.960000000000e+01,1.340000000000e+01,5.449504661536e+00
1.960000000000e+01,1.360000000000e+01,5.398148388399e+00
1.960000000000e+01,1.380000000000e+01,5.348502026327e+00
1.960000000000e+01,1.400000000000e+01,5.300450574001e+00
1.960000000000e+01,1.420000000000e+01,5.253889530713e+00
1.960000000000e+01,1.440000000000e+01,5.208723749820e+00
1.960000000000e+01,1.460000000000e+01,5.164866436115e+00
1.960000000000e+01,1.480000000000e+01,5.122238266765e+00
1.960000000000e+01,1.500000000000e+01,5.080766618654e+00
1.960000000000e+01,1.520000000000e+01,5.040236731614e+00
1.960000000000e+01,1.540000000000e+01,5.000657964114e+00
1.960000000000e+01,1.560000000000e+01,4.962058956217e+00
1.960000000000e+01,1.580000000000e+01,4.924387490992e+00
1.960000000000e+01,1.600000000000e+01,4.887595367890e+00
1.980000000000e+01,3.000000000000e+00,inf
1.980000000000e+01,3.200000000000e+00,inf
1.980000000000e+01,3.400000000000e+00,inf
1.980000000000e+01,3.600000000000e+00,inf
1.980000000000e+01,3.800000000000e+00,inf
1.980000000000e+01,4.000000000000e+00,inf
1.980000000000e+01,4.200000000000e+00,inf
1.980000000000e+01,4.400000000000e+00,inf
1.980000000000e+01,4.600000000000e+00,inf
1.980000000000e+01,4.800000000000e+00,inf
1.980000000000e+01,5.000000000000e+00,inf
1.980000000000e+01,5.200000000000e+00,inf
1.980000000000e+01,5.400000000000e+00,inf
1.980000000000e+01,5.600000000000e+00,inf
1.980000000000e+01,5.800000000000e+00,inf
1.980000000000e+01,6.000000000000e+00,inf
1.980000000000e+01,6.200000000000e+00,1.506468695008e+01
1.980000000000e+01,6.400000000000e+00,1.379245936193e+01
1.980000000000e+01,6.600000000000e+00,1.275437201816e+01
1.980000000000e+01,6.800000000000e+00,1.189463463787e+01
1.980000000000e+01,7.000000000000e+00,1.117437233834e+01
1.980000000000e+01,7.200000000000e+00,1.056495385777e+01
1.980000000000e+01,7.400000000000e+00,1.004343966693e+01
1.980000000000e+01,7.600000000000e+00,9.592575200691e+00
1.980000000000e+01,7.800000000000e+00,9.200252937258e+00
1.980000000000e+01,8.000000000000e+00,8.856159021868e+00
1.980000000000e+01,8.200000000000e+00,8.551735138459e+00
1.980000000000e+01,8.400000000000e+00,8.280234749246e+00
1.980000000000e+01,8.600000000000e+00,8.037194480689e+00
1.980000000000e+01,8.800000000000e+00,7.818355181944e+00
1.980000000000e+01,9.000000000000e+00,7.620231476613e+00
1.980000000000e+01,9.200000000000e+00,7.439775312025e+00
1.980000000000e+01,9.400000000000e+00,7.274174932847e+00
1.980000000000e+01,9.600000000000e+00,7.122090432341e+00
1.980000000000e+01,9.800000000000e+00,6.981837428014e+00
1.980000000000e+01,1.000000000000e+01,6.851990845576e+00
1.980000000000e+01,1.020000000000e+01,6.731338334288e+00
1.980000000000e+01,1.040000000000e+01,6.618843147124e+00
1.980000000000e+01,1.060000000000e+01,6.513370973188e+00
1.980000000000e+01,1.080000000000e+01,6.414107546798e+00
1.980000000000e+01,1.100000000000e+01,6.320703093985e+00
1.980000000000e+01,1.120000000000e+01,6.232574410933e+00
1.980000000000e+01,1.140000000000e+01,6.149211737421e+00
1.980000000000e+01,1.160000000000e+01,6.070167858118e+00
1.980000000000e+01,1.180000000000e+01,5.995049050591e+00
1.980000000000e+01,1.200000000000e+01,5.923507530596e+00
1.980000000000e+01,1.220000000000e+01,5.855235117761e+00
1.980000000000e+01,1.240000000000e+01,5.789905636663e+00
1.980000000000e+01,1.260000000000e+01,5.727015316030e+00
1.980000000000e+01,1.280000000000e+01,5.666673063783e+00
1.980000000000e+01,1.300000000000e+01,5.608682324193e+00
1.980000000000e+01,1.320000000000e+01,5.552866504904e+00
1.980000000000e+01,1.340000000000e+01,5.499066567052e+00
1.980000000000e+01,1.360000000000e+01,5.447138949380e+00
1.980000000000e+01,1.380000000000e+01,5.396953774309e+00
1.980000000000e+01,1.400000000000e+01,5.348393292863e+00
1.980000000000e+01,1.420000000000e+01,5.301350532665e+00
1.980000000000e+01,1.440000000000e+01,5.255728119157e+00
1.980000000000e+01,1.460000000000e+01,5.211437245029e+00
1.980000000000e+01,1.480000000000e+01,5.168396766888e+00
1.980000000000e+01,1.500000000000e+01,5.126532411453e+00
1.980000000000e+01,1.520000000000e+01,5.085626394753e+00
1.980000000000e+01,1.540000000000e+01,5.045688258058e+00
1.980000000000e+01,1.560000000000e+01,5.006745429340e+00
1.980000000000e+01,1.580000000000e+01,4.968744556311e+00
1.980000000000e+01,1.600000000000e+01,4.931636401388e+00
2.000000000000e+01,3.000000000000e+00,inf
2.000000000000e+01,3.200000000000e+00,inf
2.000000000000e+01,3.400000000000e+00,inf
2.000000000000e+01,3.600000000000e+00,inf
2.000000000000e+01,3.800000000000e+00,inf
2.000000000000e+01,4.000000000000e+00,inf
2.000000000000e+01,4.200000000000e+00,inf
2.000000000000e+01,4.400000000000e+00,inf
2.000000000000e+01,4.600000000000e+00,inf
2.000000000000e+01,4.800000000000e+00,inf
2.000000000000e+01,5.000000000000e+00,inf
2.000000000000e+01,5.200000000000e+00,inf
2.000000000000e+01,5.400000000000e+00,inf
2.000000000000e+01,5.600000000000e+00,inf
2.000000000000e+01,5.800000000000e+00,inf
2.000000000000e+01,6.000000000000e+00,inf
2.000000000000e+01,6.200000000000e+00,1.537138285190e+01
2.000000000000e+01,6.400000000000e+00,1.405541623372e+01
2.000000000000e+01,6.600000000000e+00,1.298295276214e+01
2.000000000000e+01,6.800000000000e+00,1.209579575544e+01
2.000000000000e+01,7.000000000000e+00,1.135338743346e+01
2.000000000000e+01,7.200000000000e+00,1.072588512267e+01
2.000000000000e+01,7.400000000000e+00,1.018943834360e+01
2.000000000000e+01,7.600000000000e+00,9.726114962812e+00
2.000000000000e+01,7.800000000000e+00,9.323314836178e+00
2.000000000000e+01,8.000000000000e+00,8.970335036645e+00
2.000000000000e+01,8.200000000000e+00,8.658312885928e+00
2.000000000000e+01,8.400000000000e+00,8.380264003814e+00
2.000000000000e+01,8.600000000000e+00,8.131549624046e+00
2.000000000000e+01,8.800000000000e+00,7.907763416520e+00
2.000000000000e+01,9.000000000000e+00,7.705301999683e+00
2.000000000000e+01,9.200000000000e+00,7.521020421855e+00
2.000000000000e+01,9.400000000000e+00,7.352025330114e+00
2.000000000000e+01,9.600000000000e+00,7.196919356904e+00
2.000000000000e+01,9.800000000000e+00,7.053965330378e+00
2.000000000000e+01,1.000000000000e+01,6.921694293379e+00
2.000000000000e+01,1.020000000000e+01,6.798857193103e+00
2.000000000000e+01,1.040000000000e+01,6.684386408757e+00
2.000000000000e+01,1.060000000000e+01,6.577119305863e+00
2.000000000000e+01,1.080000000000e+01,6.476219761189e+00
2.000000000000e+01,1.100000000000e+01,6.381321246134e+00
2.000000000000e+01,1.120000000000e+01,6.291824231335e+00
2.000000000000e+01,1.140000000000e+01,6.207204883477e+00
2.000000000000e+01,1.160000000000e+01,6.127003805274e+00
2.000000000000e+01,1.180000000000e+01,6.050816687701e+00
2.000000000000e+01,1.200000000000e+01,5.978286511892e+00
2.000000000000e+01,1.220000000000e+01,5.909097013547e+00
2.000000000000e+01,1.240000000000e+01,5.842914042512e+00
2.000000000000e+01,1.260000000000e+01,5.779226795343e+00
2.000000000000e+01,1.280000000000e+01,5.718140440249e+00
2.000000000000e+01,1.300000000000e+01,5.659453505309e+00
2.000000000000e+01,1.320000000000e+01,5.602985028698e+00
2.000000000000e+01,1.340000000000e+01,5.548572077848e+00
2.000000000000e+01,1.360000000000e+01,5.496067613136e+00
2.000000000000e+01,1.380000000000e+01,5.445338642282e+00
2.000000000000e+01,1.400000000000e+01,5.396264620968e+00
2.000000000000e+01,1.420000000000e+01,5.348736062697e+00
2.000000000000e+01,1.440000000000e+01,5.302653327084e+00
2.000000000000e+01,1.460000000000e+01,5.257925560777e+00
2.000000000000e+01,1.480000000000e+01,5.214469769362e+00
2.000000000000e+01,1.500000000000e+01,5.172210001990e+00
2.000000000000e+01,1.520000000000e+01,5.130925438676e+00
2.000000000000e+01,1.540000000000e+01,5.090625762854e+00
2.000000000000e+01,1.560000000000e+01,5.051337176141e+00
2.000000000000e+01,1.580000000000e+01,5.013005172482e+00
2.000000000000e+01,1.600000000000e+01,4.975579460516e+00
